2026-09-07 09:45:46,697 INFO [main] com.shtel.ai.kcts.KctsAiSupportApp [StartupInfoLogger.java : 55] Starting KctsAiSupportApp using Java 17.0.10 on DESKTOP-GL3RGKM with PID 10072 (C:\Users\Administrator\Desktop\kcts\kcts-ai-dev-support\kcts-ai-backend\target\classes started by Administrator in C:\Users\Administrator\Desktop\kcts)
2026-09-07 09:45:46,706 INFO [main] com.shtel.ai.kcts.KctsAiSupportApp [SpringApplication.java : 637] The following 1 profile is active: "dev"
2026-09-07 09:45:46,707 INFO [background-preinit] o.h.validator.internal.util.Version [Version.java : 21] HV000001: Hibernate Validator 6.2.5.Final
2026-09-07 09:45:49,213 INFO [main] o.s.d.r.c.RepositoryConfigurationDelegate [RepositoryConfigurationDelegate.java : 262] Multiple Spring Data modules found, entering strict repository configuration mode
2026-09-07 09:45:49,217 INFO [main] o.s.d.r.c.RepositoryConfigurationDelegate [RepositoryConfigurationDelegate.java : 132] Bootstrapping Spring Data Redis repositories in DEFAULT mode.
2026-09-07 09:45:49,408 INFO [main] o.s.d.r.c.RepositoryConfigurationDelegate [RepositoryConfigurationDelegate.java : 201] Finished Spring Data repository scanning in 167 ms. Found 0 Redis repository interfaces.
2026-09-07 09:45:50,018 INFO [main] c.u.j.c.EnableEncryptablePropertiesBeanFactoryPostProcessor [EnableEncryptablePropertiesBeanFactoryPostProcessor.java : 44] Post-processing PropertySource instances
2026-09-07 09:45:50,019 INFO [main] c.u.j.EncryptablePropertySourceConverter [EncryptablePropertySourceConverter.java : 105] Skipping PropertySource configurationProperties [class org.springframework.boot.context.properties.source.ConfigurationPropertySourcesPropertySource
2026-09-07 09:45:50,020 INFO [main] c.u.j.EncryptablePropertySourceConverter [EncryptablePropertySourceConverter.java : 105] Skipping PropertySource servletConfigInitParams [class org.springframework.core.env.PropertySource$StubPropertySource
2026-09-07 09:45:50,021 INFO [main] c.u.j.EncryptablePropertySourceConverter [EncryptablePropertySourceConverter.java : 105] Skipping PropertySource servletContextInitParams [class org.springframework.core.env.PropertySource$StubPropertySource
2026-09-07 09:45:50,023 INFO [main] c.u.j.EncryptablePropertySourceConverter [EncryptablePropertySourceConverter.java : 110] Converting PropertySource systemProperties [org.springframework.core.env.PropertiesPropertySource] to EncryptableMapPropertySourceWrapper
2026-09-07 09:45:50,023 INFO [main] c.u.j.EncryptablePropertySourceConverter [EncryptablePropertySourceConverter.java : 110] Converting PropertySource systemEnvironment [org.springframework.boot.env.SystemEnvironmentPropertySourceEnvironmentPostProcessor$OriginAwareSystemEnvironmentPropertySource] to EncryptableSystemEnvironmentPropertySourceWrapper
2026-09-07 09:45:50,023 INFO [main] c.u.j.EncryptablePropertySourceConverter [EncryptablePropertySourceConverter.java : 110] Converting PropertySource random [org.springframework.boot.env.RandomValuePropertySource] to EncryptablePropertySourceWrapper
2026-09-07 09:45:50,024 INFO [main] c.u.j.EncryptablePropertySourceConverter [EncryptablePropertySourceConverter.java : 110] Converting PropertySource Config resource 'class path resource [application-dev.yml]' via location 'optional:classpath:/' [org.springframework.boot.env.OriginTrackedMapPropertySource] to EncryptableMapPropertySourceWrapper
2026-09-07 09:45:50,024 INFO [main] c.u.j.EncryptablePropertySourceConverter [EncryptablePropertySourceConverter.java : 110] Converting PropertySource Config resource 'class path resource [config/application.yml]' via location 'optional:classpath:/config/' [org.springframework.boot.env.OriginTrackedMapPropertySource] to EncryptableMapPropertySourceWrapper
2026-09-07 09:45:50,024 INFO [main] c.u.j.EncryptablePropertySourceConverter [EncryptablePropertySourceConverter.java : 110] Converting PropertySource Config resource 'class path resource [application.yml]' via location 'optional:classpath:/' [org.springframework.boot.env.OriginTrackedMapPropertySource] to EncryptableMapPropertySourceWrapper
2026-09-07 09:45:50,491 INFO [main] c.u.j.f.DefaultLazyPropertyFilter [DefaultLazyPropertyFilter.java : 45] Property Filter custom Bean not found with name 'encryptablePropertyFilter'. Initializing Default Property Filter
2026-09-07 09:45:50,508 INFO [main] c.u.j.r.DefaultLazyPropertyResolver [DefaultLazyPropertyResolver.java : 46] Property Resolver custom Bean not found with name 'encryptablePropertyResolver'. Initializing Default Property Resolver
2026-09-07 09:45:50,512 INFO [main] c.u.j.d.DefaultLazyPropertyDetector [DefaultLazyPropertyDetector.java : 44] Property Detector custom Bean not found with name 'encryptablePropertyDetector'. Initializing Default Property Detector
2026-09-07 09:45:50,535 INFO [main] o.s.c.s.PostProcessorRegistrationDelegate$BeanPostProcessorChecker [PostProcessorRegistrationDelegate.java : 376] Bean 'forest-com.dtflys.forest.springboot.properties.ForestConfigurationProperties' of type [com.dtflys.forest.springboot.properties.ForestConfigurationProperties] is not eligible for getting processed by all BeanPostProcessors (for example: not eligible for auto-proxying)
2026-09-07 09:45:50,893 INFO [main] c.d.f.scanner.ClassPathClientScanner [ClassPathClientScanner.java : 153] [Forest] Created Forest Client Bean with name 'kctsAdminRemoteApi' and Proxy of 'com.shtel.ai.kcts.api.KctsAdminRemoteApi' client interface
2026-09-07 09:45:50,893 INFO [main] c.d.f.scanner.ClassPathClientScanner [ClassPathClientScanner.java : 153] [Forest] Created Forest Client Bean with name 'tokenRemoteApi' and Proxy of 'com.shtel.ai.kczf.common.security.api.TokenRemoteApi' client interface
2026-09-07 09:45:50,911 INFO [main] o.s.c.s.PostProcessorRegistrationDelegate$BeanPostProcessorChecker [PostProcessorRegistrationDelegate.java : 376] Bean 'kctsAdminRemoteApi' of type [com.dtflys.forest.beans.ClientFactoryBean] is not eligible for getting processed by all BeanPostProcessors (for example: not eligible for auto-proxying)
2026-09-07 09:45:50,914 INFO [main] o.s.c.s.PostProcessorRegistrationDelegate$BeanPostProcessorChecker [PostProcessorRegistrationDelegate.java : 376] Bean 'tokenRemoteApi' of type [com.dtflys.forest.beans.ClientFactoryBean] is not eligible for getting processed by all BeanPostProcessors (for example: not eligible for auto-proxying)
2026-09-07 09:45:51,685 INFO [main] o.s.b.w.e.tomcat.TomcatWebServer [TomcatWebServer.java : 108] Tomcat initialized with port(s): 19090 (http)
2026-09-07 09:45:51,687 INFO [main] o.a.c.core.AprLifecycleListener [DirectJDKLog.java : 173] Loaded Apache Tomcat Native library [1.2.35] using APR version [1.7.0].
2026-09-07 09:45:51,687 INFO [main] o.a.c.core.AprLifecycleListener [DirectJDKLog.java : 173] APR capabilities: IPv6 [true], sendfile [true], accept filters [false], random [true], UDS [true].
2026-09-07 09:45:51,687 INFO [main] o.a.c.core.AprLifecycleListener [DirectJDKLog.java : 173] APR/OpenSSL configuration: useAprConnector [false], useOpenSSL [true]
2026-09-07 09:45:51,705 INFO [main] o.a.c.core.AprLifecycleListener [DirectJDKLog.java : 173] OpenSSL successfully initialized [OpenSSL 1.1.1q  5 Jul 2022]
2026-09-07 09:45:51,726 INFO [main] o.a.coyote.http11.Http11NioProtocol [DirectJDKLog.java : 173] Initializing ProtocolHandler ["http-nio-19090"]
2026-09-07 09:45:51,727 INFO [main] o.a.catalina.core.StandardService [DirectJDKLog.java : 173] Starting service [Tomcat]
2026-09-07 09:45:51,727 INFO [main] o.a.catalina.core.StandardEngine [DirectJDKLog.java : 173] Starting Servlet engine: [Apache Tomcat/9.0.75]
2026-09-07 09:45:52,257 INFO [main] o.a.c.c.C.[Tomcat].[localhost].[/] [DirectJDKLog.java : 173] Initializing Spring embedded WebApplicationContext
2026-09-07 09:45:52,258 INFO [main] o.s.b.w.s.c.ServletWebServerApplicationContext [ServletWebServerApplicationContext.java : 292] Root WebApplicationContext: initialization completed in 5423 ms
2026-09-07 09:45:54,167 INFO [main] c.s.a.k.c.m.c.MinioAutoConfiguration [MinioAutoConfiguration.java : 27] ---------- Minio文件系统初始化加载 ----------
2026-09-07 09:45:54,946 INFO [main] c.s.a.k.c.m.c.MinioAutoConfiguration [MinioAutoConfiguration.java : 40] ---------- Minio文件系统Bucket已存在 ----------
2026-09-07 09:45:54,946 INFO [main] c.s.a.k.c.m.c.MinioAutoConfiguration [MinioAutoConfiguration.java : 49] ---------- Minio文件系统初始化完成 ----------
2026-09-07 09:45:56,195 INFO [main] c.u.j.encryptor.DefaultLazyEncryptor [DefaultLazyEncryptor.java : 41] Found Custom Encryptor Bean org.jasypt.encryption.pbe.PooledPBEStringEncryptor@7ead0b51 with name: jasyptStringEncryptor
2026-09-07 09:45:59,491 INFO [main] c.b.m.e.s.MybatisPlusApplicationContextAware [MybatisPlusApplicationContextAware.java : 40] Register ApplicationContext instances org.springframework.boot.web.servlet.context.AnnotationConfigServletWebServerApplicationContext@5400db36
2026-09-07 09:46:01,668 INFO [main] o.s.b.a.e.web.EndpointLinksResolver [EndpointLinksResolver.java : 58] Exposing 1 endpoint(s) beneath base path '/actuator'
2026-09-07 09:46:01,853 INFO [main] o.a.coyote.http11.Http11NioProtocol [DirectJDKLog.java : 173] Starting ProtocolHandler ["http-nio-19090"]
2026-09-07 09:46:01,879 INFO [main] o.s.b.w.e.tomcat.TomcatWebServer [TomcatWebServer.java : 220] Tomcat started on port(s): 19090 (http) with context path ''
2026-09-07 09:46:01,881 INFO [main] c.u.j.c.RefreshScopeRefreshedEventListener [RefreshScopeRefreshedEventListener.java : 70] Refreshing cached encryptable property sources on ServletWebServerInitializedEvent
2026-09-07 09:46:01,882 INFO [main] c.u.j.c.CachingDelegateEncryptablePropertySource [CachingDelegateEncryptablePropertySource.java : 92] Property Source systemProperties refreshed
2026-09-07 09:46:01,882 INFO [main] c.u.j.c.CachingDelegateEncryptablePropertySource [CachingDelegateEncryptablePropertySource.java : 92] Property Source systemEnvironment refreshed
2026-09-07 09:46:01,882 INFO [main] c.u.j.c.CachingDelegateEncryptablePropertySource [CachingDelegateEncryptablePropertySource.java : 92] Property Source random refreshed
2026-09-07 09:46:01,882 INFO [main] c.u.j.c.CachingDelegateEncryptablePropertySource [CachingDelegateEncryptablePropertySource.java : 92] Property Source Config resource 'class path resource [application-dev.yml]' via location 'optional:classpath:/' refreshed
2026-09-07 09:46:01,882 INFO [main] c.u.j.c.CachingDelegateEncryptablePropertySource [CachingDelegateEncryptablePropertySource.java : 92] Property Source Config resource 'class path resource [config/application.yml]' via location 'optional:classpath:/config/' refreshed
2026-09-07 09:46:01,882 INFO [main] c.u.j.c.CachingDelegateEncryptablePropertySource [CachingDelegateEncryptablePropertySource.java : 92] Property Source Config resource 'class path resource [application.yml]' via location 'optional:classpath:/' refreshed
2026-09-07 09:46:01,883 INFO [main] c.u.j.EncryptablePropertySourceConverter [EncryptablePropertySourceConverter.java : 105] Skipping PropertySource configurationProperties [class org.springframework.boot.context.properties.source.ConfigurationPropertySourcesPropertySource
2026-09-07 09:46:01,883 INFO [main] c.u.j.EncryptablePropertySourceConverter [EncryptablePropertySourceConverter.java : 105] Skipping PropertySource servletConfigInitParams [class org.springframework.core.env.PropertySource$StubPropertySource
2026-09-07 09:46:01,883 INFO [main] c.u.j.EncryptablePropertySourceConverter [EncryptablePropertySourceConverter.java : 110] Converting PropertySource servletContextInitParams [org.springframework.web.context.support.ServletContextPropertySource] to EncryptableEnumerablePropertySourceWrapper
2026-09-07 09:46:01,884 INFO [main] c.u.j.EncryptablePropertySourceConverter [EncryptablePropertySourceConverter.java : 110] Converting PropertySource Management Server [org.springframework.boot.actuate.autoconfigure.web.server.ManagementContextAutoConfiguration$SameManagementContextConfiguration$1] to EncryptablePropertySourceWrapper
2026-09-07 09:46:01,913 INFO [main] com.shtel.ai.kcts.KctsAiSupportApp [StartupInfoLogger.java : 61] Started KctsAiSupportApp in 15.942 seconds (JVM running for 17.826)
2026-09-07 09:46:02,251 INFO [RMI TCP Connection(2)-172.33.1.108] o.a.c.c.C.[Tomcat].[localhost].[/] [DirectJDKLog.java : 173] Initializing Spring DispatcherServlet 'dispatcherServlet'
2026-09-07 09:46:02,252 INFO [RMI TCP Connection(2)-172.33.1.108] o.s.web.servlet.DispatcherServlet [FrameworkServlet.java : 525] Initializing Servlet 'dispatcherServlet'
2026-09-07 09:46:02,256 INFO [RMI TCP Connection(2)-172.33.1.108] o.s.web.servlet.DispatcherServlet [FrameworkServlet.java : 547] Completed initialization in 4 ms
2026-09-07 09:46:02,287 INFO [RMI TCP Connection(3)-172.33.1.108] com.zaxxer.hikari.HikariDataSource [HikariDataSource.java : 110] HikariPool-1 - Starting...
2026-09-07 09:46:02,672 INFO [scheduling-1] c.s.a.k.m.r.Pop3ReceiverService [Pop3ReceiverService.java : 32] POP3 fetched 1 messages
2026-09-07 09:46:02,703 INFO [scheduling-1] c.s.a.k.m.r.Pop3ReceiverService [Pop3ReceiverService.java : 37] POP3 folder uid: 100.1.dIz23.895k.1787384596.g-kctspt.sh@chinatelecom.cn
2026-09-07 09:46:02,749 INFO [RMI TCP Connection(3)-172.33.1.108] com.zaxxer.hikari.HikariDataSource [HikariDataSource.java : 123] HikariPool-1 - Start completed.
2026-09-07 09:46:03,002 ERROR [scheduling-1] c.s.a.k.m.r.Pop3ReceiverService [Pop3ReceiverService.java : 52] POP3 receive error
org.springframework.jdbc.BadSqlGrammarException: 
### Error querying database.  Cause: com.mysql.jdbc.exceptions.jdbc4.MySQLSyntaxErrorException: Table 'dev_kcts_db.mail_info' doesn't exist
### The error may exist in com/shtel/ai/kcts/mapper/mail/MailInfoDao.java (best guess)
### The error may involve defaultParameterMap
### The error occurred while setting parameters
### SQL: SELECT  id,uid,subject,from_addr,sent_date,received_date,mail_body,mail_type  FROM mail_info      WHERE  (uid = ?)
### Cause: com.mysql.jdbc.exceptions.jdbc4.MySQLSyntaxErrorException: Table 'dev_kcts_db.mail_info' doesn't exist
; bad SQL grammar []; nested exception is com.mysql.jdbc.exceptions.jdbc4.MySQLSyntaxErrorException: Table 'dev_kcts_db.mail_info' doesn't exist
	at org.springframework.jdbc.support.SQLErrorCodeSQLExceptionTranslator.doTranslate(SQLErrorCodeSQLExceptionTranslator.java:239)
	at org.springframework.jdbc.support.AbstractFallbackSQLExceptionTranslator.translate(AbstractFallbackSQLExceptionTranslator.java:70)
	at org.mybatis.spring.MyBatisExceptionTranslator.translateExceptionIfPossible(MyBatisExceptionTranslator.java:92)
	at org.mybatis.spring.SqlSessionTemplate$SqlSessionInterceptor.invoke(SqlSessionTemplate.java:439)
	at jdk.proxy2/jdk.proxy2.$Proxy111.selectList(Unknown Source)
	at org.mybatis.spring.SqlSessionTemplate.selectList(SqlSessionTemplate.java:224)
	at com.baomidou.mybatisplus.core.override.MybatisMapperMethod.executeForMany(MybatisMapperMethod.java:164)
	at com.baomidou.mybatisplus.core.override.MybatisMapperMethod.execute(MybatisMapperMethod.java:77)
	at com.baomidou.mybatisplus.core.override.MybatisMapperProxy$PlainMethodInvoker.invoke(MybatisMapperProxy.java:156)
	at com.baomidou.mybatisplus.core.override.MybatisMapperProxy.invoke(MybatisMapperProxy.java:93)
	at jdk.proxy2/jdk.proxy2.$Proxy159.selectList(Unknown Source)
	at com.baomidou.mybatisplus.core.mapper.BaseMapper.selectOne(BaseMapper.java:332)
	at java.base/java.lang.invoke.MethodHandle.invokeWithArguments(MethodHandle.java:732)
	at com.baomidou.mybatisplus.core.override.MybatisMapperProxy$DefaultMethodInvoker.invoke(MybatisMapperProxy.java:172)
	at com.baomidou.mybatisplus.core.override.MybatisMapperProxy.invoke(MybatisMapperProxy.java:93)
	at jdk.proxy2/jdk.proxy2.$Proxy159.selectOne(Unknown Source)
	at com.baomidou.mybatisplus.core.mapper.BaseMapper.selectOne(BaseMapper.java:321)
	at java.base/java.lang.invoke.MethodHandle.invokeWithArguments(MethodHandle.java:732)
	at com.baomidou.mybatisplus.core.override.MybatisMapperProxy$DefaultMethodInvoker.invoke(MybatisMapperProxy.java:182)
	at com.baomidou.mybatisplus.core.override.MybatisMapperProxy.invoke(MybatisMapperProxy.java:93)
	at jdk.proxy2/jdk.proxy2.$Proxy159.selectOne(Unknown Source)
	at com.shtel.ai.kcts.service.impl.MailServiceImpl.mailExists(MailServiceImpl.java:104)
	at com.shtel.ai.kcts.mail.receiver.Pop3ReceiverService.receive(Pop3ReceiverService.java:38)
	at java.base/jdk.internal.reflect.NativeMethodAccessorImpl.invoke0(Native Method)
	at java.base/jdk.internal.reflect.NativeMethodAccessorImpl.invoke(NativeMethodAccessorImpl.java:77)
	at java.base/jdk.internal.reflect.DelegatingMethodAccessorImpl.invoke(DelegatingMethodAccessorImpl.java:43)
	at java.base/java.lang.reflect.Method.invoke(Method.java:568)
	at org.springframework.scheduling.support.ScheduledMethodRunnable.run(ScheduledMethodRunnable.java:84)
	at org.springframework.scheduling.support.DelegatingErrorHandlingRunnable.run(DelegatingErrorHandlingRunnable.java:54)
	at java.base/java.util.concurrent.Executors$RunnableAdapter.call(Executors.java:539)
	at java.base/java.util.concurrent.FutureTask.runAndReset(FutureTask.java:305)
	at java.base/java.util.concurrent.ScheduledThreadPoolExecutor$ScheduledFutureTask.run(ScheduledThreadPoolExecutor.java:305)
	at java.base/java.util.concurrent.ThreadPoolExecutor.runWorker(ThreadPoolExecutor.java:1136)
	at java.base/java.util.concurrent.ThreadPoolExecutor$Worker.run(ThreadPoolExecutor.java:635)
	at java.base/java.lang.Thread.run(Thread.java:842)
Caused by: com.mysql.jdbc.exceptions.jdbc4.MySQLSyntaxErrorException: Table 'dev_kcts_db.mail_info' doesn't exist
	at java.base/jdk.internal.reflect.NativeConstructorAccessorImpl.newInstance0(Native Method)
	at java.base/jdk.internal.reflect.NativeConstructorAccessorImpl.newInstance(NativeConstructorAccessorImpl.java:77)
	at java.base/jdk.internal.reflect.DelegatingConstructorAccessorImpl.newInstance(DelegatingConstructorAccessorImpl.java:45)
	at java.base/java.lang.reflect.Constructor.newInstanceWithCaller(Constructor.java:499)
	at java.base/java.lang.reflect.Constructor.newInstance(Constructor.java:480)
	at com.mysql.jdbc.Util.handleNewInstance(Util.java:425)
	at com.mysql.jdbc.Util.getInstance(Util.java:408)
	at com.mysql.jdbc.SQLError.createSQLException(SQLError.java:944)
	at com.mysql.jdbc.MysqlIO.checkErrorPacket(MysqlIO.java:3933)
	at com.mysql.jdbc.MysqlIO.checkErrorPacket(MysqlIO.java:3869)
	at com.mysql.jdbc.MysqlIO.sendCommand(MysqlIO.java:2524)
	at com.mysql.jdbc.MysqlIO.sqlQueryDirect(MysqlIO.java:2675)
	at com.mysql.jdbc.ConnectionImpl.execSQL(ConnectionImpl.java:2465)
	at com.mysql.jdbc.PreparedStatement.executeInternal(PreparedStatement.java:1912)
	at com.mysql.jdbc.PreparedStatement.execute(PreparedStatement.java:1251)
	at com.zaxxer.hikari.pool.ProxyPreparedStatement.execute(ProxyPreparedStatement.java:44)
	at com.zaxxer.hikari.pool.HikariProxyPreparedStatement.execute(HikariProxyPreparedStatement.java)
	at java.base/jdk.internal.reflect.NativeMethodAccessorImpl.invoke0(Native Method)
	at java.base/jdk.internal.reflect.NativeMethodAccessorImpl.invoke(NativeMethodAccessorImpl.java:77)
	at java.base/jdk.internal.reflect.DelegatingMethodAccessorImpl.invoke(DelegatingMethodAccessorImpl.java:43)
	at java.base/java.lang.reflect.Method.invoke(Method.java:568)
	at org.apache.ibatis.logging.jdbc.PreparedStatementLogger.invoke(PreparedStatementLogger.java:58)
	at jdk.proxy3/jdk.proxy3.$Proxy183.execute(Unknown Source)
	at org.apache.ibatis.executor.statement.PreparedStatementHandler.query(PreparedStatementHandler.java:65)
	at org.apache.ibatis.executor.statement.RoutingStatementHandler.query(RoutingStatementHandler.java:80)
	at java.base/jdk.internal.reflect.NativeMethodAccessorImpl.invoke0(Native Method)
	at java.base/jdk.internal.reflect.NativeMethodAccessorImpl.invoke(NativeMethodAccessorImpl.java:77)
	at java.base/jdk.internal.reflect.DelegatingMethodAccessorImpl.invoke(DelegatingMethodAccessorImpl.java:43)
	at java.base/java.lang.reflect.Method.invoke(Method.java:568)
	at org.apache.ibatis.plugin.Plugin.invoke(Plugin.java:61)
	at jdk.proxy2/jdk.proxy2.$Proxy181.query(Unknown Source)
	at org.apache.ibatis.executor.SimpleExecutor.doQuery(SimpleExecutor.java:65)
	at org.apache.ibatis.executor.BaseExecutor.queryFromDatabase(BaseExecutor.java:336)
	at org.apache.ibatis.executor.BaseExecutor.query(BaseExecutor.java:158)
	at org.apache.ibatis.executor.CachingExecutor.query(CachingExecutor.java:110)
	at com.baomidou.mybatisplus.extension.plugins.MybatisPlusInterceptor.intercept(MybatisPlusInterceptor.java:81)
	at org.apache.ibatis.plugin.Plugin.invoke(Plugin.java:59)
	at jdk.proxy2/jdk.proxy2.$Proxy180.query(Unknown Source)
	at org.apache.ibatis.session.defaults.DefaultSqlSession.selectList(DefaultSqlSession.java:154)
	at org.apache.ibatis.session.defaults.DefaultSqlSession.selectList(DefaultSqlSession.java:147)
	at org.apache.ibatis.session.defaults.DefaultSqlSession.selectList(DefaultSqlSession.java:142)
	at java.base/jdk.internal.reflect.NativeMethodAccessorImpl.invoke0(Native Method)
	at java.base/jdk.internal.reflect.NativeMethodAccessorImpl.invoke(NativeMethodAccessorImpl.java:77)
	at java.base/jdk.internal.reflect.DelegatingMethodAccessorImpl.invoke(DelegatingMethodAccessorImpl.java:43)
	at java.base/java.lang.reflect.Method.invoke(Method.java:568)
	at org.mybatis.spring.SqlSessionTemplate$SqlSessionInterceptor.invoke(SqlSessionTemplate.java:425)
	... 31 common frames omitted
2026-09-07 09:50:23,416 INFO [SpringApplicationShutdownHook] com.zaxxer.hikari.HikariDataSource [HikariDataSource.java : 350] HikariPool-1 - Shutdown initiated...
2026-09-07 09:50:23,441 INFO [SpringApplicationShutdownHook] com.zaxxer.hikari.HikariDataSource [HikariDataSource.java : 352] HikariPool-1 - Shutdown completed.
2026-09-07 10:22:16,379 INFO [main] com.shtel.ai.kcts.KctsAiSupportApp [StartupInfoLogger.java : 55] Starting KctsAiSupportApp using Java 17.0.10 on DESKTOP-GL3RGKM with PID 10024 (C:\Users\Administrator\Desktop\kcts\kcts-ai-dev-support\kcts-ai-backend\target\classes started by Administrator in C:\Users\Administrator\Desktop\kcts)
2026-09-07 10:22:16,382 INFO [main] com.shtel.ai.kcts.KctsAiSupportApp [SpringApplication.java : 637] The following 1 profile is active: "dev"
2026-09-07 10:22:16,385 INFO [background-preinit] o.h.validator.internal.util.Version [Version.java : 21] HV000001: Hibernate Validator 6.2.5.Final
2026-09-07 10:22:18,994 INFO [main] o.s.d.r.c.RepositoryConfigurationDelegate [RepositoryConfigurationDelegate.java : 262] Multiple Spring Data modules found, entering strict repository configuration mode
2026-09-07 10:22:18,998 INFO [main] o.s.d.r.c.RepositoryConfigurationDelegate [RepositoryConfigurationDelegate.java : 132] Bootstrapping Spring Data Redis repositories in DEFAULT mode.
2026-09-07 10:22:19,143 INFO [main] o.s.d.r.c.RepositoryConfigurationDelegate [RepositoryConfigurationDelegate.java : 201] Finished Spring Data repository scanning in 120 ms. Found 0 Redis repository interfaces.
2026-09-07 10:22:19,549 INFO [main] c.u.j.c.EnableEncryptablePropertiesBeanFactoryPostProcessor [EnableEncryptablePropertiesBeanFactoryPostProcessor.java : 44] Post-processing PropertySource instances
2026-09-07 10:22:19,550 INFO [main] c.u.j.EncryptablePropertySourceConverter [EncryptablePropertySourceConverter.java : 105] Skipping PropertySource configurationProperties [class org.springframework.boot.context.properties.source.ConfigurationPropertySourcesPropertySource
2026-09-07 10:22:19,552 INFO [main] c.u.j.EncryptablePropertySourceConverter [EncryptablePropertySourceConverter.java : 105] Skipping PropertySource servletConfigInitParams [class org.springframework.core.env.PropertySource$StubPropertySource
2026-09-07 10:22:19,552 INFO [main] c.u.j.EncryptablePropertySourceConverter [EncryptablePropertySourceConverter.java : 105] Skipping PropertySource servletContextInitParams [class org.springframework.core.env.PropertySource$StubPropertySource
2026-09-07 10:22:19,554 INFO [main] c.u.j.EncryptablePropertySourceConverter [EncryptablePropertySourceConverter.java : 110] Converting PropertySource systemProperties [org.springframework.core.env.PropertiesPropertySource] to EncryptableMapPropertySourceWrapper
2026-09-07 10:22:19,555 INFO [main] c.u.j.EncryptablePropertySourceConverter [EncryptablePropertySourceConverter.java : 110] Converting PropertySource systemEnvironment [org.springframework.boot.env.SystemEnvironmentPropertySourceEnvironmentPostProcessor$OriginAwareSystemEnvironmentPropertySource] to EncryptableSystemEnvironmentPropertySourceWrapper
2026-09-07 10:22:19,555 INFO [main] c.u.j.EncryptablePropertySourceConverter [EncryptablePropertySourceConverter.java : 110] Converting PropertySource random [org.springframework.boot.env.RandomValuePropertySource] to EncryptablePropertySourceWrapper
2026-09-07 10:22:19,555 INFO [main] c.u.j.EncryptablePropertySourceConverter [EncryptablePropertySourceConverter.java : 110] Converting PropertySource Config resource 'class path resource [application-dev.yml]' via location 'optional:classpath:/' [org.springframework.boot.env.OriginTrackedMapPropertySource] to EncryptableMapPropertySourceWrapper
2026-09-07 10:22:19,555 INFO [main] c.u.j.EncryptablePropertySourceConverter [EncryptablePropertySourceConverter.java : 110] Converting PropertySource Config resource 'class path resource [config/application.yml]' via location 'optional:classpath:/config/' [org.springframework.boot.env.OriginTrackedMapPropertySource] to EncryptableMapPropertySourceWrapper
2026-09-07 10:22:19,556 INFO [main] c.u.j.EncryptablePropertySourceConverter [EncryptablePropertySourceConverter.java : 110] Converting PropertySource Config resource 'class path resource [application.yml]' via location 'optional:classpath:/' [org.springframework.boot.env.OriginTrackedMapPropertySource] to EncryptableMapPropertySourceWrapper
2026-09-07 10:22:19,916 INFO [main] c.u.j.f.DefaultLazyPropertyFilter [DefaultLazyPropertyFilter.java : 45] Property Filter custom Bean not found with name 'encryptablePropertyFilter'. Initializing Default Property Filter
2026-09-07 10:22:19,930 INFO [main] c.u.j.r.DefaultLazyPropertyResolver [DefaultLazyPropertyResolver.java : 46] Property Resolver custom Bean not found with name 'encryptablePropertyResolver'. Initializing Default Property Resolver
2026-09-07 10:22:19,934 INFO [main] c.u.j.d.DefaultLazyPropertyDetector [DefaultLazyPropertyDetector.java : 44] Property Detector custom Bean not found with name 'encryptablePropertyDetector'. Initializing Default Property Detector
2026-09-07 10:22:19,965 INFO [main] o.s.c.s.PostProcessorRegistrationDelegate$BeanPostProcessorChecker [PostProcessorRegistrationDelegate.java : 376] Bean 'forest-com.dtflys.forest.springboot.properties.ForestConfigurationProperties' of type [com.dtflys.forest.springboot.properties.ForestConfigurationProperties] is not eligible for getting processed by all BeanPostProcessors (for example: not eligible for auto-proxying)
2026-09-07 10:22:20,244 INFO [main] c.d.f.scanner.ClassPathClientScanner [ClassPathClientScanner.java : 153] [Forest] Created Forest Client Bean with name 'kctsAdminRemoteApi' and Proxy of 'com.shtel.ai.kcts.api.KctsAdminRemoteApi' client interface
2026-09-07 10:22:20,244 INFO [main] c.d.f.scanner.ClassPathClientScanner [ClassPathClientScanner.java : 153] [Forest] Created Forest Client Bean with name 'tokenRemoteApi' and Proxy of 'com.shtel.ai.kczf.common.security.api.TokenRemoteApi' client interface
2026-09-07 10:22:20,271 INFO [main] o.s.c.s.PostProcessorRegistrationDelegate$BeanPostProcessorChecker [PostProcessorRegistrationDelegate.java : 376] Bean 'kctsAdminRemoteApi' of type [com.dtflys.forest.beans.ClientFactoryBean] is not eligible for getting processed by all BeanPostProcessors (for example: not eligible for auto-proxying)
2026-09-07 10:22:20,274 INFO [main] o.s.c.s.PostProcessorRegistrationDelegate$BeanPostProcessorChecker [PostProcessorRegistrationDelegate.java : 376] Bean 'tokenRemoteApi' of type [com.dtflys.forest.beans.ClientFactoryBean] is not eligible for getting processed by all BeanPostProcessors (for example: not eligible for auto-proxying)
2026-09-07 10:22:20,949 INFO [main] o.s.b.w.e.tomcat.TomcatWebServer [TomcatWebServer.java : 108] Tomcat initialized with port(s): 19090 (http)
2026-09-07 10:22:20,950 INFO [main] o.a.c.core.AprLifecycleListener [DirectJDKLog.java : 173] Loaded Apache Tomcat Native library [1.2.35] using APR version [1.7.0].
2026-09-07 10:22:20,950 INFO [main] o.a.c.core.AprLifecycleListener [DirectJDKLog.java : 173] APR capabilities: IPv6 [true], sendfile [true], accept filters [false], random [true], UDS [true].
2026-09-07 10:22:20,950 INFO [main] o.a.c.core.AprLifecycleListener [DirectJDKLog.java : 173] APR/OpenSSL configuration: useAprConnector [false], useOpenSSL [true]
2026-09-07 10:22:20,968 INFO [main] o.a.c.core.AprLifecycleListener [DirectJDKLog.java : 173] OpenSSL successfully initialized [OpenSSL 1.1.1q  5 Jul 2022]
2026-09-07 10:22:20,988 INFO [main] o.a.coyote.http11.Http11NioProtocol [DirectJDKLog.java : 173] Initializing ProtocolHandler ["http-nio-19090"]
2026-09-07 10:22:20,988 INFO [main] o.a.catalina.core.StandardService [DirectJDKLog.java : 173] Starting service [Tomcat]
2026-09-07 10:22:20,989 INFO [main] o.a.catalina.core.StandardEngine [DirectJDKLog.java : 173] Starting Servlet engine: [Apache Tomcat/9.0.75]
2026-09-07 10:22:21,456 INFO [main] o.a.c.c.C.[Tomcat].[localhost].[/] [DirectJDKLog.java : 173] Initializing Spring embedded WebApplicationContext
2026-09-07 10:22:21,456 INFO [main] o.s.b.w.s.c.ServletWebServerApplicationContext [ServletWebServerApplicationContext.java : 292] Root WebApplicationContext: initialization completed in 5013 ms
2026-09-07 10:22:23,799 INFO [main] c.s.a.k.c.m.c.MinioAutoConfiguration [MinioAutoConfiguration.java : 27] ---------- Minio文件系统初始化加载 ----------
2026-09-07 10:22:24,541 INFO [main] c.s.a.k.c.m.c.MinioAutoConfiguration [MinioAutoConfiguration.java : 40] ---------- Minio文件系统Bucket已存在 ----------
2026-09-07 10:22:24,542 INFO [main] c.s.a.k.c.m.c.MinioAutoConfiguration [MinioAutoConfiguration.java : 49] ---------- Minio文件系统初始化完成 ----------
2026-09-07 10:22:26,293 INFO [main] c.u.j.encryptor.DefaultLazyEncryptor [DefaultLazyEncryptor.java : 41] Found Custom Encryptor Bean org.jasypt.encryption.pbe.PooledPBEStringEncryptor@141eb85b with name: jasyptStringEncryptor
2026-09-07 10:22:31,015 INFO [main] c.b.m.e.s.MybatisPlusApplicationContextAware [MybatisPlusApplicationContextAware.java : 40] Register ApplicationContext instances org.springframework.boot.web.servlet.context.AnnotationConfigServletWebServerApplicationContext@585811a4
2026-09-07 10:22:36,477 INFO [main] o.s.b.a.e.web.EndpointLinksResolver [EndpointLinksResolver.java : 58] Exposing 1 endpoint(s) beneath base path '/actuator'
2026-09-07 10:22:36,648 ERROR [main] o.m.spring.mapper.MapperFactoryBean [MapperFactoryBean.java : 82] Error while adding the mapper 'interface com.shtel.ai.kcts.mapper.AiReportTaskRelMapper' to configuration.
java.lang.TypeNotPresentException: Type com.shtel.ai.kcts.po.AiReportTaskRel not present
	at java.base/sun.reflect.generics.factory.CoreReflectionFactory.makeNamedType(CoreReflectionFactory.java:117)
	at java.base/sun.reflect.generics.visitor.Reifier.visitClassTypeSignature(Reifier.java:125)
	at java.base/sun.reflect.generics.tree.ClassTypeSignature.accept(ClassTypeSignature.java:49)
	at java.base/sun.reflect.generics.visitor.Reifier.reifyTypeArguments(Reifier.java:68)
	at java.base/sun.reflect.generics.visitor.Reifier.visitClassTypeSignature(Reifier.java:138)
	at java.base/sun.reflect.generics.tree.ClassTypeSignature.accept(ClassTypeSignature.java:49)
	at java.base/sun.reflect.generics.repository.ClassRepository.computeSuperInterfaces(ClassRepository.java:117)
	at java.base/sun.reflect.generics.repository.ClassRepository.getSuperInterfaces(ClassRepository.java:95)
	at java.base/java.lang.Class.getGenericInterfaces(Class.java:1211)
	at org.springframework.core.ResolvableType.getInterfaces(ResolvableType.java:501)
	at org.springframework.core.ResolvableType.as(ResolvableType.java:449)
	at org.springframework.core.GenericTypeResolver.resolveTypeArguments(GenericTypeResolver.java:139)
	at com.baomidou.mybatisplus.core.toolkit.reflect.SpringReflectionHelper.resolveTypeArguments(SpringReflectionHelper.java:30)
	at com.baomidou.mybatisplus.core.toolkit.reflect.GenericTypeUtils.resolveTypeArguments(GenericTypeUtils.java:51)
	at com.baomidou.mybatisplus.core.toolkit.ReflectionKit.getSuperClassGenericType(ReflectionKit.java:102)
	at com.baomidou.mybatisplus.core.injector.AbstractSqlInjector.inspectInject(AbstractSqlInjector.java:45)
	at com.baomidou.mybatisplus.core.MybatisMapperAnnotationBuilder.parserInjector(MybatisMapperAnnotationBuilder.java:126)
	at com.baomidou.mybatisplus.core.MybatisMapperAnnotationBuilder.parse(MybatisMapperAnnotationBuilder.java:116)
	at com.baomidou.mybatisplus.core.MybatisMapperRegistry.addMapper(MybatisMapperRegistry.java:90)
	at com.baomidou.mybatisplus.core.MybatisConfiguration.addMapper(MybatisConfiguration.java:129)
	at org.mybatis.spring.mapper.MapperFactoryBean.checkDaoConfig(MapperFactoryBean.java:80)
	at org.springframework.dao.support.DaoSupport.afterPropertiesSet(DaoSupport.java:44)
	at org.springframework.beans.factory.support.AbstractAutowireCapableBeanFactory.invokeInitMethods(AbstractAutowireCapableBeanFactory.java:1863)
	at org.springframework.beans.factory.support.AbstractAutowireCapableBeanFactory.initializeBean(AbstractAutowireCapableBeanFactory.java:1800)
	at org.springframework.beans.factory.support.AbstractAutowireCapableBeanFactory.doCreateBean(AbstractAutowireCapableBeanFactory.java:620)
	at org.springframework.beans.factory.support.AbstractAutowireCapableBeanFactory.createBean(AbstractAutowireCapableBeanFactory.java:542)
	at org.springframework.beans.factory.support.AbstractBeanFactory.lambda$doGetBean$0(AbstractBeanFactory.java:335)
	at org.springframework.beans.factory.support.DefaultSingletonBeanRegistry.getSingleton(DefaultSingletonBeanRegistry.java:234)
	at org.springframework.beans.factory.support.AbstractBeanFactory.doGetBean(AbstractBeanFactory.java:333)
	at org.springframework.beans.factory.support.AbstractBeanFactory.getBean(AbstractBeanFactory.java:208)
	at org.springframework.beans.factory.support.DefaultListableBeanFactory.preInstantiateSingletons(DefaultListableBeanFactory.java:936)
	at org.springframework.context.support.AbstractApplicationContext.finishBeanFactoryInitialization(AbstractApplicationContext.java:920)
	at org.springframework.context.support.AbstractApplicationContext.refresh(AbstractApplicationContext.java:583)
	at org.springframework.boot.web.servlet.context.ServletWebServerApplicationContext.refresh(ServletWebServerApplicationContext.java:147)
	at org.springframework.boot.SpringApplication.refresh(SpringApplication.java:731)
	at org.springframework.boot.SpringApplication.refreshContext(SpringApplication.java:408)
	at org.springframework.boot.SpringApplication.run(SpringApplication.java:307)
	at org.springframework.boot.SpringApplication.run(SpringApplication.java:1303)
	at org.springframework.boot.SpringApplication.run(SpringApplication.java:1292)
	at com.shtel.ai.kcts.KctsAiSupportApp.main(KctsAiSupportApp.java:18)
Caused by: java.lang.ClassNotFoundException: com.shtel.ai.kcts.po.AiReportTaskRel
	at java.base/jdk.internal.loader.BuiltinClassLoader.loadClass(BuiltinClassLoader.java:641)
	at java.base/jdk.internal.loader.ClassLoaders$AppClassLoader.loadClass(ClassLoaders.java:188)
	at java.base/java.lang.ClassLoader.loadClass(ClassLoader.java:520)
	at java.base/java.lang.Class.forName0(Native Method)
	at java.base/java.lang.Class.forName(Class.java:467)
	at java.base/sun.reflect.generics.factory.CoreReflectionFactory.makeNamedType(CoreReflectionFactory.java:114)
	... 39 common frames omitted
2026-09-07 10:22:36,649 WARN [main] o.s.b.w.s.c.AnnotationConfigServletWebServerApplicationContext [AbstractApplicationContext.java : 591] Exception encountered during context initialization - cancelling refresh attempt: org.springframework.beans.factory.BeanCreationException: Error creating bean with name 'aiReportTaskRelMapper' defined in file [C:\Users\Administrator\Desktop\kcts\kcts-ai-dev-support\kcts-ai-backend\target\classes\com\shtel\ai\kcts\mapper\AiReportTaskRelMapper.class]: Invocation of init method failed; nested exception is java.lang.IllegalArgumentException: java.lang.TypeNotPresentException: Type com.shtel.ai.kcts.po.AiReportTaskRel not present
2026-09-07 10:22:36,710 INFO [main] o.a.catalina.core.StandardService [DirectJDKLog.java : 173] Stopping service [Tomcat]
2026-09-07 10:22:36,741 INFO [main] o.s.b.a.l.ConditionEvaluationReportLoggingListener [ConditionEvaluationReportLoggingListener.java : 136] 

Error starting ApplicationContext. To display the conditions report re-run your application with 'debug' enabled.
2026-09-07 10:22:36,783 ERROR [main] o.s.boot.SpringApplication [SpringApplication.java : 821] Application run failed
org.springframework.beans.factory.BeanCreationException: Error creating bean with name 'aiReportTaskRelMapper' defined in file [C:\Users\Administrator\Desktop\kcts\kcts-ai-dev-support\kcts-ai-backend\target\classes\com\shtel\ai\kcts\mapper\AiReportTaskRelMapper.class]: Invocation of init method failed; nested exception is java.lang.IllegalArgumentException: java.lang.TypeNotPresentException: Type com.shtel.ai.kcts.po.AiReportTaskRel not present
	at org.springframework.beans.factory.support.AbstractAutowireCapableBeanFactory.initializeBean(AbstractAutowireCapableBeanFactory.java:1804)
	at org.springframework.beans.factory.support.AbstractAutowireCapableBeanFactory.doCreateBean(AbstractAutowireCapableBeanFactory.java:620)
	at org.springframework.beans.factory.support.AbstractAutowireCapableBeanFactory.createBean(AbstractAutowireCapableBeanFactory.java:542)
	at org.springframework.beans.factory.support.AbstractBeanFactory.lambda$doGetBean$0(AbstractBeanFactory.java:335)
	at org.springframework.beans.factory.support.DefaultSingletonBeanRegistry.getSingleton(DefaultSingletonBeanRegistry.java:234)
	at org.springframework.beans.factory.support.AbstractBeanFactory.doGetBean(AbstractBeanFactory.java:333)
	at org.springframework.beans.factory.support.AbstractBeanFactory.getBean(AbstractBeanFactory.java:208)
	at org.springframework.beans.factory.support.DefaultListableBeanFactory.preInstantiateSingletons(DefaultListableBeanFactory.java:936)
	at org.springframework.context.support.AbstractApplicationContext.finishBeanFactoryInitialization(AbstractApplicationContext.java:920)
	at org.springframework.context.support.AbstractApplicationContext.refresh(AbstractApplicationContext.java:583)
	at org.springframework.boot.web.servlet.context.ServletWebServerApplicationContext.refresh(ServletWebServerApplicationContext.java:147)
	at org.springframework.boot.SpringApplication.refresh(SpringApplication.java:731)
	at org.springframework.boot.SpringApplication.refreshContext(SpringApplication.java:408)
	at org.springframework.boot.SpringApplication.run(SpringApplication.java:307)
	at org.springframework.boot.SpringApplication.run(SpringApplication.java:1303)
	at org.springframework.boot.SpringApplication.run(SpringApplication.java:1292)
	at com.shtel.ai.kcts.KctsAiSupportApp.main(KctsAiSupportApp.java:18)
Caused by: java.lang.IllegalArgumentException: java.lang.TypeNotPresentException: Type com.shtel.ai.kcts.po.AiReportTaskRel not present
	at org.mybatis.spring.mapper.MapperFactoryBean.checkDaoConfig(MapperFactoryBean.java:83)
	at org.springframework.dao.support.DaoSupport.afterPropertiesSet(DaoSupport.java:44)
	at org.springframework.beans.factory.support.AbstractAutowireCapableBeanFactory.invokeInitMethods(AbstractAutowireCapableBeanFactory.java:1863)
	at org.springframework.beans.factory.support.AbstractAutowireCapableBeanFactory.initializeBean(AbstractAutowireCapableBeanFactory.java:1800)
	... 16 common frames omitted
Caused by: java.lang.TypeNotPresentException: Type com.shtel.ai.kcts.po.AiReportTaskRel not present
	at java.base/sun.reflect.generics.factory.CoreReflectionFactory.makeNamedType(CoreReflectionFactory.java:117)
	at java.base/sun.reflect.generics.visitor.Reifier.visitClassTypeSignature(Reifier.java:125)
	at java.base/sun.reflect.generics.tree.ClassTypeSignature.accept(ClassTypeSignature.java:49)
	at java.base/sun.reflect.generics.visitor.Reifier.reifyTypeArguments(Reifier.java:68)
	at java.base/sun.reflect.generics.visitor.Reifier.visitClassTypeSignature(Reifier.java:138)
	at java.base/sun.reflect.generics.tree.ClassTypeSignature.accept(ClassTypeSignature.java:49)
	at java.base/sun.reflect.generics.repository.ClassRepository.computeSuperInterfaces(ClassRepository.java:117)
	at java.base/sun.reflect.generics.repository.ClassRepository.getSuperInterfaces(ClassRepository.java:95)
	at java.base/java.lang.Class.getGenericInterfaces(Class.java:1211)
	at org.springframework.core.ResolvableType.getInterfaces(ResolvableType.java:501)
	at org.springframework.core.ResolvableType.as(ResolvableType.java:449)
	at org.springframework.core.GenericTypeResolver.resolveTypeArguments(GenericTypeResolver.java:139)
	at com.baomidou.mybatisplus.core.toolkit.reflect.SpringReflectionHelper.resolveTypeArguments(SpringReflectionHelper.java:30)
	at com.baomidou.mybatisplus.core.toolkit.reflect.GenericTypeUtils.resolveTypeArguments(GenericTypeUtils.java:51)
	at com.baomidou.mybatisplus.core.toolkit.ReflectionKit.getSuperClassGenericType(ReflectionKit.java:102)
	at com.baomidou.mybatisplus.core.injector.AbstractSqlInjector.inspectInject(AbstractSqlInjector.java:45)
	at com.baomidou.mybatisplus.core.MybatisMapperAnnotationBuilder.parserInjector(MybatisMapperAnnotationBuilder.java:126)
	at com.baomidou.mybatisplus.core.MybatisMapperAnnotationBuilder.parse(MybatisMapperAnnotationBuilder.java:116)
	at com.baomidou.mybatisplus.core.MybatisMapperRegistry.addMapper(MybatisMapperRegistry.java:90)
	at com.baomidou.mybatisplus.core.MybatisConfiguration.addMapper(MybatisConfiguration.java:129)
	at org.mybatis.spring.mapper.MapperFactoryBean.checkDaoConfig(MapperFactoryBean.java:80)
	... 19 common frames omitted
Caused by: java.lang.ClassNotFoundException: com.shtel.ai.kcts.po.AiReportTaskRel
	at java.base/jdk.internal.loader.BuiltinClassLoader.loadClass(BuiltinClassLoader.java:641)
	at java.base/jdk.internal.loader.ClassLoaders$AppClassLoader.loadClass(ClassLoaders.java:188)
	at java.base/java.lang.ClassLoader.loadClass(ClassLoader.java:520)
	at java.base/java.lang.Class.forName0(Native Method)
	at java.base/java.lang.Class.forName(Class.java:467)
	at java.base/sun.reflect.generics.factory.CoreReflectionFactory.makeNamedType(CoreReflectionFactory.java:114)
	... 39 common frames omitted
2026-09-07 10:24:09,787 INFO [background-preinit] o.h.validator.internal.util.Version [Version.java : 21] HV000001: Hibernate Validator 6.2.5.Final
2026-09-07 10:24:09,785 INFO [main] com.shtel.ai.kcts.KctsAiSupportApp [StartupInfoLogger.java : 55] Starting KctsAiSupportApp using Java 17.0.10 on DESKTOP-GL3RGKM with PID 19288 (C:\Users\Administrator\Desktop\kcts\kcts-ai-dev-support\kcts-ai-backend\target\classes started by Administrator in C:\Users\Administrator\Desktop\kcts)
2026-09-07 10:24:09,788 INFO [main] com.shtel.ai.kcts.KctsAiSupportApp [SpringApplication.java : 637] The following 1 profile is active: "dev"
2026-09-07 10:24:11,336 INFO [main] o.s.d.r.c.RepositoryConfigurationDelegate [RepositoryConfigurationDelegate.java : 262] Multiple Spring Data modules found, entering strict repository configuration mode
2026-09-07 10:24:11,339 INFO [main] o.s.d.r.c.RepositoryConfigurationDelegate [RepositoryConfigurationDelegate.java : 132] Bootstrapping Spring Data Redis repositories in DEFAULT mode.
2026-09-07 10:24:11,463 INFO [main] o.s.d.r.c.RepositoryConfigurationDelegate [RepositoryConfigurationDelegate.java : 201] Finished Spring Data repository scanning in 108 ms. Found 0 Redis repository interfaces.
2026-09-07 10:24:11,754 INFO [main] c.u.j.c.EnableEncryptablePropertiesBeanFactoryPostProcessor [EnableEncryptablePropertiesBeanFactoryPostProcessor.java : 44] Post-processing PropertySource instances
2026-09-07 10:24:11,755 INFO [main] c.u.j.EncryptablePropertySourceConverter [EncryptablePropertySourceConverter.java : 105] Skipping PropertySource configurationProperties [class org.springframework.boot.context.properties.source.ConfigurationPropertySourcesPropertySource
2026-09-07 10:24:11,756 INFO [main] c.u.j.EncryptablePropertySourceConverter [EncryptablePropertySourceConverter.java : 105] Skipping PropertySource servletConfigInitParams [class org.springframework.core.env.PropertySource$StubPropertySource
2026-09-07 10:24:11,756 INFO [main] c.u.j.EncryptablePropertySourceConverter [EncryptablePropertySourceConverter.java : 105] Skipping PropertySource servletContextInitParams [class org.springframework.core.env.PropertySource$StubPropertySource
2026-09-07 10:24:11,757 INFO [main] c.u.j.EncryptablePropertySourceConverter [EncryptablePropertySourceConverter.java : 110] Converting PropertySource systemProperties [org.springframework.core.env.PropertiesPropertySource] to EncryptableMapPropertySourceWrapper
2026-09-07 10:24:11,758 INFO [main] c.u.j.EncryptablePropertySourceConverter [EncryptablePropertySourceConverter.java : 110] Converting PropertySource systemEnvironment [org.springframework.boot.env.SystemEnvironmentPropertySourceEnvironmentPostProcessor$OriginAwareSystemEnvironmentPropertySource] to EncryptableSystemEnvironmentPropertySourceWrapper
2026-09-07 10:24:11,758 INFO [main] c.u.j.EncryptablePropertySourceConverter [EncryptablePropertySourceConverter.java : 110] Converting PropertySource random [org.springframework.boot.env.RandomValuePropertySource] to EncryptablePropertySourceWrapper
2026-09-07 10:24:11,758 INFO [main] c.u.j.EncryptablePropertySourceConverter [EncryptablePropertySourceConverter.java : 110] Converting PropertySource Config resource 'class path resource [application-dev.yml]' via location 'optional:classpath:/' [org.springframework.boot.env.OriginTrackedMapPropertySource] to EncryptableMapPropertySourceWrapper
2026-09-07 10:24:11,758 INFO [main] c.u.j.EncryptablePropertySourceConverter [EncryptablePropertySourceConverter.java : 110] Converting PropertySource Config resource 'class path resource [config/application.yml]' via location 'optional:classpath:/config/' [org.springframework.boot.env.OriginTrackedMapPropertySource] to EncryptableMapPropertySourceWrapper
2026-09-07 10:24:11,758 INFO [main] c.u.j.EncryptablePropertySourceConverter [EncryptablePropertySourceConverter.java : 110] Converting PropertySource Config resource 'class path resource [application.yml]' via location 'optional:classpath:/' [org.springframework.boot.env.OriginTrackedMapPropertySource] to EncryptableMapPropertySourceWrapper
2026-09-07 10:24:11,982 INFO [main] c.u.j.f.DefaultLazyPropertyFilter [DefaultLazyPropertyFilter.java : 45] Property Filter custom Bean not found with name 'encryptablePropertyFilter'. Initializing Default Property Filter
2026-09-07 10:24:11,995 INFO [main] c.u.j.r.DefaultLazyPropertyResolver [DefaultLazyPropertyResolver.java : 46] Property Resolver custom Bean not found with name 'encryptablePropertyResolver'. Initializing Default Property Resolver
2026-09-07 10:24:11,999 INFO [main] c.u.j.d.DefaultLazyPropertyDetector [DefaultLazyPropertyDetector.java : 44] Property Detector custom Bean not found with name 'encryptablePropertyDetector'. Initializing Default Property Detector
2026-09-07 10:24:12,013 INFO [main] o.s.c.s.PostProcessorRegistrationDelegate$BeanPostProcessorChecker [PostProcessorRegistrationDelegate.java : 376] Bean 'forest-com.dtflys.forest.springboot.properties.ForestConfigurationProperties' of type [com.dtflys.forest.springboot.properties.ForestConfigurationProperties] is not eligible for getting processed by all BeanPostProcessors (for example: not eligible for auto-proxying)
2026-09-07 10:24:12,268 INFO [main] c.d.f.scanner.ClassPathClientScanner [ClassPathClientScanner.java : 153] [Forest] Created Forest Client Bean with name 'kctsAdminRemoteApi' and Proxy of 'com.shtel.ai.kcts.api.KctsAdminRemoteApi' client interface
2026-09-07 10:24:12,269 INFO [main] c.d.f.scanner.ClassPathClientScanner [ClassPathClientScanner.java : 153] [Forest] Created Forest Client Bean with name 'tokenRemoteApi' and Proxy of 'com.shtel.ai.kczf.common.security.api.TokenRemoteApi' client interface
2026-09-07 10:24:12,280 INFO [main] o.s.c.s.PostProcessorRegistrationDelegate$BeanPostProcessorChecker [PostProcessorRegistrationDelegate.java : 376] Bean 'kctsAdminRemoteApi' of type [com.dtflys.forest.beans.ClientFactoryBean] is not eligible for getting processed by all BeanPostProcessors (for example: not eligible for auto-proxying)
2026-09-07 10:24:12,282 INFO [main] o.s.c.s.PostProcessorRegistrationDelegate$BeanPostProcessorChecker [PostProcessorRegistrationDelegate.java : 376] Bean 'tokenRemoteApi' of type [com.dtflys.forest.beans.ClientFactoryBean] is not eligible for getting processed by all BeanPostProcessors (for example: not eligible for auto-proxying)
2026-09-07 10:24:12,691 INFO [main] o.s.b.w.e.tomcat.TomcatWebServer [TomcatWebServer.java : 108] Tomcat initialized with port(s): 19090 (http)
2026-09-07 10:24:12,692 INFO [main] o.a.c.core.AprLifecycleListener [DirectJDKLog.java : 173] Loaded Apache Tomcat Native library [1.2.35] using APR version [1.7.0].
2026-09-07 10:24:12,692 INFO [main] o.a.c.core.AprLifecycleListener [DirectJDKLog.java : 173] APR capabilities: IPv6 [true], sendfile [true], accept filters [false], random [true], UDS [true].
2026-09-07 10:24:12,692 INFO [main] o.a.c.core.AprLifecycleListener [DirectJDKLog.java : 173] APR/OpenSSL configuration: useAprConnector [false], useOpenSSL [true]
2026-09-07 10:24:12,695 INFO [main] o.a.c.core.AprLifecycleListener [DirectJDKLog.java : 173] OpenSSL successfully initialized [OpenSSL 1.1.1q  5 Jul 2022]
2026-09-07 10:24:12,708 INFO [main] o.a.coyote.http11.Http11NioProtocol [DirectJDKLog.java : 173] Initializing ProtocolHandler ["http-nio-19090"]
2026-09-07 10:24:12,708 INFO [main] o.a.catalina.core.StandardService [DirectJDKLog.java : 173] Starting service [Tomcat]
2026-09-07 10:24:12,708 INFO [main] o.a.catalina.core.StandardEngine [DirectJDKLog.java : 173] Starting Servlet engine: [Apache Tomcat/9.0.75]
2026-09-07 10:24:13,021 INFO [main] o.a.c.c.C.[Tomcat].[localhost].[/] [DirectJDKLog.java : 173] Initializing Spring embedded WebApplicationContext
2026-09-07 10:24:13,022 INFO [main] o.s.b.w.s.c.ServletWebServerApplicationContext [ServletWebServerApplicationContext.java : 292] Root WebApplicationContext: initialization completed in 3179 ms
2026-09-07 10:24:14,388 INFO [main] c.s.a.k.c.m.c.MinioAutoConfiguration [MinioAutoConfiguration.java : 27] ---------- Minio文件系统初始化加载 ----------
2026-09-07 10:24:14,823 INFO [main] c.s.a.k.c.m.c.MinioAutoConfiguration [MinioAutoConfiguration.java : 40] ---------- Minio文件系统Bucket已存在 ----------
2026-09-07 10:24:14,824 INFO [main] c.s.a.k.c.m.c.MinioAutoConfiguration [MinioAutoConfiguration.java : 49] ---------- Minio文件系统初始化完成 ----------
2026-09-07 10:24:15,689 INFO [main] c.u.j.encryptor.DefaultLazyEncryptor [DefaultLazyEncryptor.java : 41] Found Custom Encryptor Bean org.jasypt.encryption.pbe.PooledPBEStringEncryptor@2f7d8a7c with name: jasyptStringEncryptor
2026-09-07 10:24:17,974 INFO [main] c.b.m.e.s.MybatisPlusApplicationContextAware [MybatisPlusApplicationContextAware.java : 40] Register ApplicationContext instances org.springframework.boot.web.servlet.context.AnnotationConfigServletWebServerApplicationContext@5ca17ab0
2026-09-07 10:24:19,116 INFO [main] o.s.b.a.e.web.EndpointLinksResolver [EndpointLinksResolver.java : 58] Exposing 1 endpoint(s) beneath base path '/actuator'
2026-09-07 10:24:19,248 INFO [main] o.a.coyote.http11.Http11NioProtocol [DirectJDKLog.java : 173] Starting ProtocolHandler ["http-nio-19090"]
2026-09-07 10:24:19,264 INFO [main] o.s.b.w.e.tomcat.TomcatWebServer [TomcatWebServer.java : 220] Tomcat started on port(s): 19090 (http) with context path ''
2026-09-07 10:24:19,265 INFO [main] c.u.j.c.RefreshScopeRefreshedEventListener [RefreshScopeRefreshedEventListener.java : 70] Refreshing cached encryptable property sources on ServletWebServerInitializedEvent
2026-09-07 10:24:19,265 INFO [main] c.u.j.c.CachingDelegateEncryptablePropertySource [CachingDelegateEncryptablePropertySource.java : 92] Property Source systemProperties refreshed
2026-09-07 10:24:19,265 INFO [main] c.u.j.c.CachingDelegateEncryptablePropertySource [CachingDelegateEncryptablePropertySource.java : 92] Property Source systemEnvironment refreshed
2026-09-07 10:24:19,265 INFO [main] c.u.j.c.CachingDelegateEncryptablePropertySource [CachingDelegateEncryptablePropertySource.java : 92] Property Source random refreshed
2026-09-07 10:24:19,265 INFO [main] c.u.j.c.CachingDelegateEncryptablePropertySource [CachingDelegateEncryptablePropertySource.java : 92] Property Source Config resource 'class path resource [application-dev.yml]' via location 'optional:classpath:/' refreshed
2026-09-07 10:24:19,266 INFO [main] c.u.j.c.CachingDelegateEncryptablePropertySource [CachingDelegateEncryptablePropertySource.java : 92] Property Source Config resource 'class path resource [config/application.yml]' via location 'optional:classpath:/config/' refreshed
2026-09-07 10:24:19,266 INFO [main] c.u.j.c.CachingDelegateEncryptablePropertySource [CachingDelegateEncryptablePropertySource.java : 92] Property Source Config resource 'class path resource [application.yml]' via location 'optional:classpath:/' refreshed
2026-09-07 10:24:19,266 INFO [main] c.u.j.EncryptablePropertySourceConverter [EncryptablePropertySourceConverter.java : 105] Skipping PropertySource configurationProperties [class org.springframework.boot.context.properties.source.ConfigurationPropertySourcesPropertySource
2026-09-07 10:24:19,266 INFO [main] c.u.j.EncryptablePropertySourceConverter [EncryptablePropertySourceConverter.java : 105] Skipping PropertySource servletConfigInitParams [class org.springframework.core.env.PropertySource$StubPropertySource
2026-09-07 10:24:19,266 INFO [main] c.u.j.EncryptablePropertySourceConverter [EncryptablePropertySourceConverter.java : 110] Converting PropertySource servletContextInitParams [org.springframework.web.context.support.ServletContextPropertySource] to EncryptableEnumerablePropertySourceWrapper
2026-09-07 10:24:19,266 INFO [main] c.u.j.EncryptablePropertySourceConverter [EncryptablePropertySourceConverter.java : 110] Converting PropertySource Management Server [org.springframework.boot.actuate.autoconfigure.web.server.ManagementContextAutoConfiguration$SameManagementContextConfiguration$1] to EncryptablePropertySourceWrapper
2026-09-07 10:24:19,282 INFO [main] com.shtel.ai.kcts.KctsAiSupportApp [StartupInfoLogger.java : 61] Started KctsAiSupportApp in 9.907 seconds (JVM running for 11.34)
2026-09-07 10:24:19,437 INFO [RMI TCP Connection(2)-172.33.1.108] o.a.c.c.C.[Tomcat].[localhost].[/] [DirectJDKLog.java : 173] Initializing Spring DispatcherServlet 'dispatcherServlet'
2026-09-07 10:24:19,437 INFO [RMI TCP Connection(2)-172.33.1.108] o.s.web.servlet.DispatcherServlet [FrameworkServlet.java : 525] Initializing Servlet 'dispatcherServlet'
2026-09-07 10:24:19,440 INFO [RMI TCP Connection(2)-172.33.1.108] o.s.web.servlet.DispatcherServlet [FrameworkServlet.java : 547] Completed initialization in 3 ms
2026-09-07 10:24:19,537 INFO [RMI TCP Connection(3)-172.33.1.108] com.zaxxer.hikari.HikariDataSource [HikariDataSource.java : 110] HikariPool-1 - Starting...
2026-09-07 10:24:20,938 INFO [RMI TCP Connection(3)-172.33.1.108] com.zaxxer.hikari.HikariDataSource [HikariDataSource.java : 123] HikariPool-1 - Start completed.
2026-09-07 10:24:21,705 INFO [scheduling-1] c.s.a.k.m.r.Pop3ReceiverService [Pop3ReceiverService.java : 32] POP3 fetched 1 messages
2026-09-07 10:24:21,749 INFO [scheduling-1] c.s.a.k.m.r.Pop3ReceiverService [Pop3ReceiverService.java : 37] POP3 folder uid: 100.1.dIz23.895k.1787384596.g-kctspt.sh@chinatelecom.cn
2026-09-07 10:24:22,579 ERROR [scheduling-1] c.s.a.k.m.r.Pop3ReceiverService [Pop3ReceiverService.java : 52] POP3 receive error
org.springframework.jdbc.BadSqlGrammarException: 
### Error querying database.  Cause: com.mysql.jdbc.exceptions.jdbc4.MySQLSyntaxErrorException: Table 'dev_kcts_db.mail_info' doesn't exist
### The error may exist in com/shtel/ai/kcts/mapper/mail/MailInfoDao.java (best guess)
### The error may involve defaultParameterMap
### The error occurred while setting parameters
### SQL: SELECT  id,uid,subject,from_addr,sent_date,received_date,mail_body,mail_type  FROM mail_info      WHERE  (uid = ?)
### Cause: com.mysql.jdbc.exceptions.jdbc4.MySQLSyntaxErrorException: Table 'dev_kcts_db.mail_info' doesn't exist
; bad SQL grammar []; nested exception is com.mysql.jdbc.exceptions.jdbc4.MySQLSyntaxErrorException: Table 'dev_kcts_db.mail_info' doesn't exist
	at org.springframework.jdbc.support.SQLErrorCodeSQLExceptionTranslator.doTranslate(SQLErrorCodeSQLExceptionTranslator.java:239)
	at org.springframework.jdbc.support.AbstractFallbackSQLExceptionTranslator.translate(AbstractFallbackSQLExceptionTranslator.java:70)
	at org.mybatis.spring.MyBatisExceptionTranslator.translateExceptionIfPossible(MyBatisExceptionTranslator.java:92)
	at org.mybatis.spring.SqlSessionTemplate$SqlSessionInterceptor.invoke(SqlSessionTemplate.java:439)
	at jdk.proxy2/jdk.proxy2.$Proxy111.selectList(Unknown Source)
	at org.mybatis.spring.SqlSessionTemplate.selectList(SqlSessionTemplate.java:224)
	at com.baomidou.mybatisplus.core.override.MybatisMapperMethod.executeForMany(MybatisMapperMethod.java:164)
	at com.baomidou.mybatisplus.core.override.MybatisMapperMethod.execute(MybatisMapperMethod.java:77)
	at com.baomidou.mybatisplus.core.override.MybatisMapperProxy$PlainMethodInvoker.invoke(MybatisMapperProxy.java:156)
	at com.baomidou.mybatisplus.core.override.MybatisMapperProxy.invoke(MybatisMapperProxy.java:93)
	at jdk.proxy2/jdk.proxy2.$Proxy159.selectList(Unknown Source)
	at com.baomidou.mybatisplus.core.mapper.BaseMapper.selectOne(BaseMapper.java:332)
	at java.base/java.lang.invoke.MethodHandle.invokeWithArguments(MethodHandle.java:732)
	at com.baomidou.mybatisplus.core.override.MybatisMapperProxy$DefaultMethodInvoker.invoke(MybatisMapperProxy.java:172)
	at com.baomidou.mybatisplus.core.override.MybatisMapperProxy.invoke(MybatisMapperProxy.java:93)
	at jdk.proxy2/jdk.proxy2.$Proxy159.selectOne(Unknown Source)
	at com.baomidou.mybatisplus.core.mapper.BaseMapper.selectOne(BaseMapper.java:321)
	at java.base/java.lang.invoke.MethodHandle.invokeWithArguments(MethodHandle.java:732)
	at com.baomidou.mybatisplus.core.override.MybatisMapperProxy$DefaultMethodInvoker.invoke(MybatisMapperProxy.java:182)
	at com.baomidou.mybatisplus.core.override.MybatisMapperProxy.invoke(MybatisMapperProxy.java:93)
	at jdk.proxy2/jdk.proxy2.$Proxy159.selectOne(Unknown Source)
	at com.shtel.ai.kcts.service.impl.MailServiceImpl.mailExists(MailServiceImpl.java:104)
	at com.shtel.ai.kcts.mail.receiver.Pop3ReceiverService.receive(Pop3ReceiverService.java:38)
	at java.base/jdk.internal.reflect.NativeMethodAccessorImpl.invoke0(Native Method)
	at java.base/jdk.internal.reflect.NativeMethodAccessorImpl.invoke(NativeMethodAccessorImpl.java:77)
	at java.base/jdk.internal.reflect.DelegatingMethodAccessorImpl.invoke(DelegatingMethodAccessorImpl.java:43)
	at java.base/java.lang.reflect.Method.invoke(Method.java:568)
	at org.springframework.scheduling.support.ScheduledMethodRunnable.run(ScheduledMethodRunnable.java:84)
	at org.springframework.scheduling.support.DelegatingErrorHandlingRunnable.run(DelegatingErrorHandlingRunnable.java:54)
	at java.base/java.util.concurrent.Executors$RunnableAdapter.call(Executors.java:539)
	at java.base/java.util.concurrent.FutureTask.runAndReset(FutureTask.java:305)
	at java.base/java.util.concurrent.ScheduledThreadPoolExecutor$ScheduledFutureTask.run(ScheduledThreadPoolExecutor.java:305)
	at java.base/java.util.concurrent.ThreadPoolExecutor.runWorker(ThreadPoolExecutor.java:1136)
	at java.base/java.util.concurrent.ThreadPoolExecutor$Worker.run(ThreadPoolExecutor.java:635)
	at java.base/java.lang.Thread.run(Thread.java:842)
Caused by: com.mysql.jdbc.exceptions.jdbc4.MySQLSyntaxErrorException: Table 'dev_kcts_db.mail_info' doesn't exist
	at java.base/jdk.internal.reflect.NativeConstructorAccessorImpl.newInstance0(Native Method)
	at java.base/jdk.internal.reflect.NativeConstructorAccessorImpl.newInstance(NativeConstructorAccessorImpl.java:77)
	at java.base/jdk.internal.reflect.DelegatingConstructorAccessorImpl.newInstance(DelegatingConstructorAccessorImpl.java:45)
	at java.base/java.lang.reflect.Constructor.newInstanceWithCaller(Constructor.java:499)
	at java.base/java.lang.reflect.Constructor.newInstance(Constructor.java:480)
	at com.mysql.jdbc.Util.handleNewInstance(Util.java:425)
	at com.mysql.jdbc.Util.getInstance(Util.java:408)
	at com.mysql.jdbc.SQLError.createSQLException(SQLError.java:944)
	at com.mysql.jdbc.MysqlIO.checkErrorPacket(MysqlIO.java:3933)
	at com.mysql.jdbc.MysqlIO.checkErrorPacket(MysqlIO.java:3869)
	at com.mysql.jdbc.MysqlIO.sendCommand(MysqlIO.java:2524)
	at com.mysql.jdbc.MysqlIO.sqlQueryDirect(MysqlIO.java:2675)
	at com.mysql.jdbc.ConnectionImpl.execSQL(ConnectionImpl.java:2465)
	at com.mysql.jdbc.PreparedStatement.executeInternal(PreparedStatement.java:1912)
	at com.mysql.jdbc.PreparedStatement.execute(PreparedStatement.java:1251)
	at com.zaxxer.hikari.pool.ProxyPreparedStatement.execute(ProxyPreparedStatement.java:44)
	at com.zaxxer.hikari.pool.HikariProxyPreparedStatement.execute(HikariProxyPreparedStatement.java)
	at java.base/jdk.internal.reflect.NativeMethodAccessorImpl.invoke0(Native Method)
	at java.base/jdk.internal.reflect.NativeMethodAccessorImpl.invoke(NativeMethodAccessorImpl.java:77)
	at java.base/jdk.internal.reflect.DelegatingMethodAccessorImpl.invoke(DelegatingMethodAccessorImpl.java:43)
	at java.base/java.lang.reflect.Method.invoke(Method.java:568)
	at org.apache.ibatis.logging.jdbc.PreparedStatementLogger.invoke(PreparedStatementLogger.java:58)
	at jdk.proxy3/jdk.proxy3.$Proxy185.execute(Unknown Source)
	at org.apache.ibatis.executor.statement.PreparedStatementHandler.query(PreparedStatementHandler.java:65)
	at org.apache.ibatis.executor.statement.RoutingStatementHandler.query(RoutingStatementHandler.java:80)
	at java.base/jdk.internal.reflect.NativeMethodAccessorImpl.invoke0(Native Method)
	at java.base/jdk.internal.reflect.NativeMethodAccessorImpl.invoke(NativeMethodAccessorImpl.java:77)
	at java.base/jdk.internal.reflect.DelegatingMethodAccessorImpl.invoke(DelegatingMethodAccessorImpl.java:43)
	at java.base/java.lang.reflect.Method.invoke(Method.java:568)
	at org.apache.ibatis.plugin.Plugin.invoke(Plugin.java:61)
	at jdk.proxy2/jdk.proxy2.$Proxy184.query(Unknown Source)
	at org.apache.ibatis.executor.SimpleExecutor.doQuery(SimpleExecutor.java:65)
	at org.apache.ibatis.executor.BaseExecutor.queryFromDatabase(BaseExecutor.java:336)
	at org.apache.ibatis.executor.BaseExecutor.query(BaseExecutor.java:158)
	at org.apache.ibatis.executor.CachingExecutor.query(CachingExecutor.java:110)
	at com.baomidou.mybatisplus.extension.plugins.MybatisPlusInterceptor.intercept(MybatisPlusInterceptor.java:81)
	at org.apache.ibatis.plugin.Plugin.invoke(Plugin.java:59)
	at jdk.proxy2/jdk.proxy2.$Proxy182.query(Unknown Source)
	at org.apache.ibatis.session.defaults.DefaultSqlSession.selectList(DefaultSqlSession.java:154)
	at org.apache.ibatis.session.defaults.DefaultSqlSession.selectList(DefaultSqlSession.java:147)
	at org.apache.ibatis.session.defaults.DefaultSqlSession.selectList(DefaultSqlSession.java:142)
	at java.base/jdk.internal.reflect.NativeMethodAccessorImpl.invoke0(Native Method)
	at java.base/jdk.internal.reflect.NativeMethodAccessorImpl.invoke(NativeMethodAccessorImpl.java:77)
	at java.base/jdk.internal.reflect.DelegatingMethodAccessorImpl.invoke(DelegatingMethodAccessorImpl.java:43)
	at java.base/java.lang.reflect.Method.invoke(Method.java:568)
	at org.mybatis.spring.SqlSessionTemplate$SqlSessionInterceptor.invoke(SqlSessionTemplate.java:425)
	... 31 common frames omitted
2026-09-07 10:39:23,130 INFO [scheduling-1] c.s.a.k.m.r.Pop3ReceiverService [Pop3ReceiverService.java : 32] POP3 fetched 1 messages
2026-09-07 10:39:23,165 INFO [scheduling-1] c.s.a.k.m.r.Pop3ReceiverService [Pop3ReceiverService.java : 37] POP3 folder uid: 100.1.dIz23.895k.1787384596.g-kctspt.sh@chinatelecom.cn
2026-09-07 10:39:23,167 ERROR [scheduling-1] c.s.a.k.m.r.Pop3ReceiverService [Pop3ReceiverService.java : 52] POP3 receive error
org.springframework.jdbc.BadSqlGrammarException: 
### Error querying database.  Cause: com.mysql.jdbc.exceptions.jdbc4.MySQLSyntaxErrorException: Table 'dev_kcts_db.mail_info' doesn't exist
### The error may exist in com/shtel/ai/kcts/mapper/mail/MailInfoDao.java (best guess)
### The error may involve defaultParameterMap
### The error occurred while setting parameters
### SQL: SELECT  id,uid,subject,from_addr,sent_date,received_date,mail_body,mail_type  FROM mail_info      WHERE  (uid = ?)
### Cause: com.mysql.jdbc.exceptions.jdbc4.MySQLSyntaxErrorException: Table 'dev_kcts_db.mail_info' doesn't exist
; bad SQL grammar []; nested exception is com.mysql.jdbc.exceptions.jdbc4.MySQLSyntaxErrorException: Table 'dev_kcts_db.mail_info' doesn't exist
	at org.springframework.jdbc.support.SQLErrorCodeSQLExceptionTranslator.doTranslate(SQLErrorCodeSQLExceptionTranslator.java:239)
	at org.springframework.jdbc.support.AbstractFallbackSQLExceptionTranslator.translate(AbstractFallbackSQLExceptionTranslator.java:70)
	at org.mybatis.spring.MyBatisExceptionTranslator.translateExceptionIfPossible(MyBatisExceptionTranslator.java:92)
	at org.mybatis.spring.SqlSessionTemplate$SqlSessionInterceptor.invoke(SqlSessionTemplate.java:439)
	at jdk.proxy2/jdk.proxy2.$Proxy111.selectList(Unknown Source)
	at org.mybatis.spring.SqlSessionTemplate.selectList(SqlSessionTemplate.java:224)
	at com.baomidou.mybatisplus.core.override.MybatisMapperMethod.executeForMany(MybatisMapperMethod.java:164)
	at com.baomidou.mybatisplus.core.override.MybatisMapperMethod.execute(MybatisMapperMethod.java:77)
	at com.baomidou.mybatisplus.core.override.MybatisMapperProxy$PlainMethodInvoker.invoke(MybatisMapperProxy.java:156)
	at com.baomidou.mybatisplus.core.override.MybatisMapperProxy.invoke(MybatisMapperProxy.java:93)
	at jdk.proxy2/jdk.proxy2.$Proxy159.selectList(Unknown Source)
	at com.baomidou.mybatisplus.core.mapper.BaseMapper.selectOne(BaseMapper.java:332)
	at java.base/java.lang.invoke.MethodHandle.invokeWithArguments(MethodHandle.java:732)
	at com.baomidou.mybatisplus.core.override.MybatisMapperProxy$DefaultMethodInvoker.invoke(MybatisMapperProxy.java:172)
	at com.baomidou.mybatisplus.core.override.MybatisMapperProxy.invoke(MybatisMapperProxy.java:93)
	at jdk.proxy2/jdk.proxy2.$Proxy159.selectOne(Unknown Source)
	at com.baomidou.mybatisplus.core.mapper.BaseMapper.selectOne(BaseMapper.java:321)
	at java.base/java.lang.invoke.MethodHandle.invokeWithArguments(MethodHandle.java:732)
	at com.baomidou.mybatisplus.core.override.MybatisMapperProxy$DefaultMethodInvoker.invoke(MybatisMapperProxy.java:182)
	at com.baomidou.mybatisplus.core.override.MybatisMapperProxy.invoke(MybatisMapperProxy.java:93)
	at jdk.proxy2/jdk.proxy2.$Proxy159.selectOne(Unknown Source)
	at com.shtel.ai.kcts.service.impl.MailServiceImpl.mailExists(MailServiceImpl.java:104)
	at com.shtel.ai.kcts.mail.receiver.Pop3ReceiverService.receive(Pop3ReceiverService.java:38)
	at java.base/jdk.internal.reflect.NativeMethodAccessorImpl.invoke0(Native Method)
	at java.base/jdk.internal.reflect.NativeMethodAccessorImpl.invoke(NativeMethodAccessorImpl.java:77)
	at java.base/jdk.internal.reflect.DelegatingMethodAccessorImpl.invoke(DelegatingMethodAccessorImpl.java:43)
	at java.base/java.lang.reflect.Method.invoke(Method.java:568)
	at org.springframework.scheduling.support.ScheduledMethodRunnable.run(ScheduledMethodRunnable.java:84)
	at org.springframework.scheduling.support.DelegatingErrorHandlingRunnable.run(DelegatingErrorHandlingRunnable.java:54)
	at java.base/java.util.concurrent.Executors$RunnableAdapter.call(Executors.java:539)
	at java.base/java.util.concurrent.FutureTask.runAndReset(FutureTask.java:305)
	at java.base/java.util.concurrent.ScheduledThreadPoolExecutor$ScheduledFutureTask.run(ScheduledThreadPoolExecutor.java:305)
	at java.base/java.util.concurrent.ThreadPoolExecutor.runWorker(ThreadPoolExecutor.java:1136)
	at java.base/java.util.concurrent.ThreadPoolExecutor$Worker.run(ThreadPoolExecutor.java:635)
	at java.base/java.lang.Thread.run(Thread.java:842)
Caused by: com.mysql.jdbc.exceptions.jdbc4.MySQLSyntaxErrorException: Table 'dev_kcts_db.mail_info' doesn't exist
	at java.base/jdk.internal.reflect.NativeConstructorAccessorImpl.newInstance0(Native Method)
	at java.base/jdk.internal.reflect.NativeConstructorAccessorImpl.newInstance(NativeConstructorAccessorImpl.java:77)
	at java.base/jdk.internal.reflect.DelegatingConstructorAccessorImpl.newInstance(DelegatingConstructorAccessorImpl.java:45)
	at java.base/java.lang.reflect.Constructor.newInstanceWithCaller(Constructor.java:499)
	at java.base/java.lang.reflect.Constructor.newInstance(Constructor.java:480)
	at com.mysql.jdbc.Util.handleNewInstance(Util.java:425)
	at com.mysql.jdbc.Util.getInstance(Util.java:408)
	at com.mysql.jdbc.SQLError.createSQLException(SQLError.java:944)
	at com.mysql.jdbc.MysqlIO.checkErrorPacket(MysqlIO.java:3933)
	at com.mysql.jdbc.MysqlIO.checkErrorPacket(MysqlIO.java:3869)
	at com.mysql.jdbc.MysqlIO.sendCommand(MysqlIO.java:2524)
	at com.mysql.jdbc.MysqlIO.sqlQueryDirect(MysqlIO.java:2675)
	at com.mysql.jdbc.ConnectionImpl.execSQL(ConnectionImpl.java:2465)
	at com.mysql.jdbc.PreparedStatement.executeInternal(PreparedStatement.java:1912)
	at com.mysql.jdbc.PreparedStatement.execute(PreparedStatement.java:1251)
	at com.zaxxer.hikari.pool.ProxyPreparedStatement.execute(ProxyPreparedStatement.java:44)
	at com.zaxxer.hikari.pool.HikariProxyPreparedStatement.execute(HikariProxyPreparedStatement.java)
	at jdk.internal.reflect.GeneratedMethodAccessor69.invoke(Unknown Source)
	at java.base/jdk.internal.reflect.DelegatingMethodAccessorImpl.invoke(DelegatingMethodAccessorImpl.java:43)
	at java.base/java.lang.reflect.Method.invoke(Method.java:568)
	at org.apache.ibatis.logging.jdbc.PreparedStatementLogger.invoke(PreparedStatementLogger.java:58)
	at jdk.proxy3/jdk.proxy3.$Proxy185.execute(Unknown Source)
	at org.apache.ibatis.executor.statement.PreparedStatementHandler.query(PreparedStatementHandler.java:65)
	at org.apache.ibatis.executor.statement.RoutingStatementHandler.query(RoutingStatementHandler.java:80)
	at jdk.internal.reflect.GeneratedMethodAccessor68.invoke(Unknown Source)
	at java.base/jdk.internal.reflect.DelegatingMethodAccessorImpl.invoke(DelegatingMethodAccessorImpl.java:43)
	at java.base/java.lang.reflect.Method.invoke(Method.java:568)
	at org.apache.ibatis.plugin.Plugin.invoke(Plugin.java:61)
	at jdk.proxy2/jdk.proxy2.$Proxy184.query(Unknown Source)
	at org.apache.ibatis.executor.SimpleExecutor.doQuery(SimpleExecutor.java:65)
	at org.apache.ibatis.executor.BaseExecutor.queryFromDatabase(BaseExecutor.java:336)
	at org.apache.ibatis.executor.BaseExecutor.query(BaseExecutor.java:158)
	at org.apache.ibatis.executor.CachingExecutor.query(CachingExecutor.java:110)
	at com.baomidou.mybatisplus.extension.plugins.MybatisPlusInterceptor.intercept(MybatisPlusInterceptor.java:81)
	at org.apache.ibatis.plugin.Plugin.invoke(Plugin.java:59)
	at jdk.proxy2/jdk.proxy2.$Proxy182.query(Unknown Source)
	at org.apache.ibatis.session.defaults.DefaultSqlSession.selectList(DefaultSqlSession.java:154)
	at org.apache.ibatis.session.defaults.DefaultSqlSession.selectList(DefaultSqlSession.java:147)
	at org.apache.ibatis.session.defaults.DefaultSqlSession.selectList(DefaultSqlSession.java:142)
	at jdk.internal.reflect.GeneratedMethodAccessor59.invoke(Unknown Source)
	at java.base/jdk.internal.reflect.DelegatingMethodAccessorImpl.invoke(DelegatingMethodAccessorImpl.java:43)
	at java.base/java.lang.reflect.Method.invoke(Method.java:568)
	at org.mybatis.spring.SqlSessionTemplate$SqlSessionInterceptor.invoke(SqlSessionTemplate.java:425)
	... 31 common frames omitted
2026-09-07 10:54:28,218 ERROR [scheduling-1] c.s.a.k.m.r.Pop3ReceiverService [Pop3ReceiverService.java : 52] POP3 receive error
jakarta.mail.MessagingException: Connect failed
	at com.sun.mail.pop3.POP3Store.protocolConnect(POP3Store.java:197)
	at jakarta.mail.Service.connect(Service.java:342)
	at com.shtel.ai.kcts.mail.receiver.Pop3SessionManager.connect(Pop3SessionManager.java:29)
	at com.shtel.ai.kcts.mail.receiver.Pop3ReceiverService.receive(Pop3ReceiverService.java:29)
	at java.base/jdk.internal.reflect.NativeMethodAccessorImpl.invoke0(Native Method)
	at java.base/jdk.internal.reflect.NativeMethodAccessorImpl.invoke(NativeMethodAccessorImpl.java:77)
	at java.base/jdk.internal.reflect.DelegatingMethodAccessorImpl.invoke(DelegatingMethodAccessorImpl.java:43)
	at java.base/java.lang.reflect.Method.invoke(Method.java:568)
	at org.springframework.scheduling.support.ScheduledMethodRunnable.run(ScheduledMethodRunnable.java:84)
	at org.springframework.scheduling.support.DelegatingErrorHandlingRunnable.run(DelegatingErrorHandlingRunnable.java:54)
	at java.base/java.util.concurrent.Executors$RunnableAdapter.call(Executors.java:539)
	at java.base/java.util.concurrent.FutureTask.runAndReset(FutureTask.java:305)
	at java.base/java.util.concurrent.ScheduledThreadPoolExecutor$ScheduledFutureTask.run(ScheduledThreadPoolExecutor.java:305)
	at java.base/java.util.concurrent.ThreadPoolExecutor.runWorker(ThreadPoolExecutor.java:1136)
	at java.base/java.util.concurrent.ThreadPoolExecutor$Worker.run(ThreadPoolExecutor.java:635)
	at java.base/java.lang.Thread.run(Thread.java:842)
Caused by: java.net.SocketException: Connection reset
	at java.base/sun.nio.ch.NioSocketImpl.implRead(NioSocketImpl.java:328)
	at java.base/sun.nio.ch.NioSocketImpl.read(NioSocketImpl.java:355)
	at java.base/sun.nio.ch.NioSocketImpl$1.read(NioSocketImpl.java:808)
	at java.base/java.net.Socket$SocketInputStream.read(Socket.java:966)
	at java.base/sun.security.ssl.SSLSocketInputRecord.read(SSLSocketInputRecord.java:484)
	at java.base/sun.security.ssl.SSLSocketInputRecord.readHeader(SSLSocketInputRecord.java:478)
	at java.base/sun.security.ssl.SSLSocketInputRecord.decode(SSLSocketInputRecord.java:160)
	at java.base/sun.security.ssl.SSLTransport.decode(SSLTransport.java:111)
	at java.base/sun.security.ssl.SSLSocketImpl.decode(SSLSocketImpl.java:1506)
	at java.base/sun.security.ssl.SSLSocketImpl.readHandshakeRecord(SSLSocketImpl.java:1421)
	at java.base/sun.security.ssl.SSLSocketImpl.startHandshake(SSLSocketImpl.java:455)
	at java.base/sun.security.ssl.SSLSocketImpl.startHandshake(SSLSocketImpl.java:426)
	at com.sun.mail.util.SocketFetcher.configureSSLSocket(SocketFetcher.java:602)
	at com.sun.mail.util.SocketFetcher.createSocket(SocketFetcher.java:376)
	at com.sun.mail.util.SocketFetcher.getSocket(SocketFetcher.java:214)
	at com.sun.mail.pop3.Protocol.<init>(Protocol.java:102)
	at com.sun.mail.pop3.POP3Store.getPort(POP3Store.java:249)
	at com.sun.mail.pop3.POP3Store.protocolConnect(POP3Store.java:191)
	... 15 common frames omitted
	Suppressed: java.lang.NullPointerException: Cannot invoke "java.net.Socket.close()" because "socket" is null
		at com.sun.mail.pop3.Protocol.cleanupAndThrow(Protocol.java:147)
		at com.sun.mail.pop3.Protocol.<init>(Protocol.java:106)
		... 17 common frames omitted
2026-09-07 11:09:33,247 ERROR [scheduling-1] c.s.a.k.m.r.Pop3ReceiverService [Pop3ReceiverService.java : 52] POP3 receive error
jakarta.mail.MessagingException: Connect failed
	at com.sun.mail.pop3.POP3Store.protocolConnect(POP3Store.java:197)
	at jakarta.mail.Service.connect(Service.java:342)
	at com.shtel.ai.kcts.mail.receiver.Pop3SessionManager.connect(Pop3SessionManager.java:29)
	at com.shtel.ai.kcts.mail.receiver.Pop3ReceiverService.receive(Pop3ReceiverService.java:29)
	at java.base/jdk.internal.reflect.NativeMethodAccessorImpl.invoke0(Native Method)
	at java.base/jdk.internal.reflect.NativeMethodAccessorImpl.invoke(NativeMethodAccessorImpl.java:77)
	at java.base/jdk.internal.reflect.DelegatingMethodAccessorImpl.invoke(DelegatingMethodAccessorImpl.java:43)
	at java.base/java.lang.reflect.Method.invoke(Method.java:568)
	at org.springframework.scheduling.support.ScheduledMethodRunnable.run(ScheduledMethodRunnable.java:84)
	at org.springframework.scheduling.support.DelegatingErrorHandlingRunnable.run(DelegatingErrorHandlingRunnable.java:54)
	at java.base/java.util.concurrent.Executors$RunnableAdapter.call(Executors.java:539)
	at java.base/java.util.concurrent.FutureTask.runAndReset(FutureTask.java:305)
	at java.base/java.util.concurrent.ScheduledThreadPoolExecutor$ScheduledFutureTask.run(ScheduledThreadPoolExecutor.java:305)
	at java.base/java.util.concurrent.ThreadPoolExecutor.runWorker(ThreadPoolExecutor.java:1136)
	at java.base/java.util.concurrent.ThreadPoolExecutor$Worker.run(ThreadPoolExecutor.java:635)
	at java.base/java.lang.Thread.run(Thread.java:842)
Caused by: java.net.SocketException: Connection reset
	at java.base/sun.nio.ch.NioSocketImpl.implRead(NioSocketImpl.java:328)
	at java.base/sun.nio.ch.NioSocketImpl.read(NioSocketImpl.java:355)
	at java.base/sun.nio.ch.NioSocketImpl$1.read(NioSocketImpl.java:808)
	at java.base/java.net.Socket$SocketInputStream.read(Socket.java:966)
	at java.base/sun.security.ssl.SSLSocketInputRecord.read(SSLSocketInputRecord.java:484)
	at java.base/sun.security.ssl.SSLSocketInputRecord.readHeader(SSLSocketInputRecord.java:478)
	at java.base/sun.security.ssl.SSLSocketInputRecord.decode(SSLSocketInputRecord.java:160)
	at java.base/sun.security.ssl.SSLTransport.decode(SSLTransport.java:111)
	at java.base/sun.security.ssl.SSLSocketImpl.decode(SSLSocketImpl.java:1506)
	at java.base/sun.security.ssl.SSLSocketImpl.readHandshakeRecord(SSLSocketImpl.java:1421)
	at java.base/sun.security.ssl.SSLSocketImpl.startHandshake(SSLSocketImpl.java:455)
	at java.base/sun.security.ssl.SSLSocketImpl.startHandshake(SSLSocketImpl.java:426)
	at com.sun.mail.util.SocketFetcher.configureSSLSocket(SocketFetcher.java:602)
	at com.sun.mail.util.SocketFetcher.createSocket(SocketFetcher.java:376)
	at com.sun.mail.util.SocketFetcher.getSocket(SocketFetcher.java:214)
	at com.sun.mail.pop3.Protocol.<init>(Protocol.java:102)
	at com.sun.mail.pop3.POP3Store.getPort(POP3Store.java:249)
	at com.sun.mail.pop3.POP3Store.protocolConnect(POP3Store.java:191)
	... 15 common frames omitted
	Suppressed: java.lang.NullPointerException: Cannot invoke "java.net.Socket.close()" because "socket" is null
		at com.sun.mail.pop3.Protocol.cleanupAndThrow(Protocol.java:147)
		at com.sun.mail.pop3.Protocol.<init>(Protocol.java:106)
		... 17 common frames omitted
2026-09-07 11:24:33,738 INFO [scheduling-1] c.s.a.k.m.r.Pop3ReceiverService [Pop3ReceiverService.java : 32] POP3 fetched 1 messages
2026-09-07 11:24:33,770 INFO [scheduling-1] c.s.a.k.m.r.Pop3ReceiverService [Pop3ReceiverService.java : 37] POP3 folder uid: 100.1.dIz23.895k.1787384596.g-kctspt.sh@chinatelecom.cn
2026-09-07 11:24:33,780 ERROR [scheduling-1] c.s.a.k.m.r.Pop3ReceiverService [Pop3ReceiverService.java : 52] POP3 receive error
org.springframework.jdbc.BadSqlGrammarException: 
### Error querying database.  Cause: com.mysql.jdbc.exceptions.jdbc4.MySQLSyntaxErrorException: Table 'dev_kcts_db.mail_info' doesn't exist
### The error may exist in com/shtel/ai/kcts/mapper/mail/MailInfoDao.java (best guess)
### The error may involve defaultParameterMap
### The error occurred while setting parameters
### SQL: SELECT  id,uid,subject,from_addr,sent_date,received_date,mail_body,mail_type  FROM mail_info      WHERE  (uid = ?)
### Cause: com.mysql.jdbc.exceptions.jdbc4.MySQLSyntaxErrorException: Table 'dev_kcts_db.mail_info' doesn't exist
; bad SQL grammar []; nested exception is com.mysql.jdbc.exceptions.jdbc4.MySQLSyntaxErrorException: Table 'dev_kcts_db.mail_info' doesn't exist
	at org.springframework.jdbc.support.SQLErrorCodeSQLExceptionTranslator.doTranslate(SQLErrorCodeSQLExceptionTranslator.java:239)
	at org.springframework.jdbc.support.AbstractFallbackSQLExceptionTranslator.translate(AbstractFallbackSQLExceptionTranslator.java:70)
	at org.mybatis.spring.MyBatisExceptionTranslator.translateExceptionIfPossible(MyBatisExceptionTranslator.java:92)
	at org.mybatis.spring.SqlSessionTemplate$SqlSessionInterceptor.invoke(SqlSessionTemplate.java:439)
	at jdk.proxy2/jdk.proxy2.$Proxy111.selectList(Unknown Source)
	at org.mybatis.spring.SqlSessionTemplate.selectList(SqlSessionTemplate.java:224)
	at com.baomidou.mybatisplus.core.override.MybatisMapperMethod.executeForMany(MybatisMapperMethod.java:164)
	at com.baomidou.mybatisplus.core.override.MybatisMapperMethod.execute(MybatisMapperMethod.java:77)
	at com.baomidou.mybatisplus.core.override.MybatisMapperProxy$PlainMethodInvoker.invoke(MybatisMapperProxy.java:156)
	at com.baomidou.mybatisplus.core.override.MybatisMapperProxy.invoke(MybatisMapperProxy.java:93)
	at jdk.proxy2/jdk.proxy2.$Proxy159.selectList(Unknown Source)
	at com.baomidou.mybatisplus.core.mapper.BaseMapper.selectOne(BaseMapper.java:332)
	at java.base/java.lang.invoke.MethodHandle.invokeWithArguments(MethodHandle.java:732)
	at com.baomidou.mybatisplus.core.override.MybatisMapperProxy$DefaultMethodInvoker.invoke(MybatisMapperProxy.java:172)
	at com.baomidou.mybatisplus.core.override.MybatisMapperProxy.invoke(MybatisMapperProxy.java:93)
	at jdk.proxy2/jdk.proxy2.$Proxy159.selectOne(Unknown Source)
	at com.baomidou.mybatisplus.core.mapper.BaseMapper.selectOne(BaseMapper.java:321)
	at java.base/java.lang.invoke.MethodHandle.invokeWithArguments(MethodHandle.java:732)
	at com.baomidou.mybatisplus.core.override.MybatisMapperProxy$DefaultMethodInvoker.invoke(MybatisMapperProxy.java:182)
	at com.baomidou.mybatisplus.core.override.MybatisMapperProxy.invoke(MybatisMapperProxy.java:93)
	at jdk.proxy2/jdk.proxy2.$Proxy159.selectOne(Unknown Source)
	at com.shtel.ai.kcts.service.impl.MailServiceImpl.mailExists(MailServiceImpl.java:104)
	at com.shtel.ai.kcts.mail.receiver.Pop3ReceiverService.receive(Pop3ReceiverService.java:38)
	at java.base/jdk.internal.reflect.NativeMethodAccessorImpl.invoke0(Native Method)
	at java.base/jdk.internal.reflect.NativeMethodAccessorImpl.invoke(NativeMethodAccessorImpl.java:77)
	at java.base/jdk.internal.reflect.DelegatingMethodAccessorImpl.invoke(DelegatingMethodAccessorImpl.java:43)
	at java.base/java.lang.reflect.Method.invoke(Method.java:568)
	at org.springframework.scheduling.support.ScheduledMethodRunnable.run(ScheduledMethodRunnable.java:84)
	at org.springframework.scheduling.support.DelegatingErrorHandlingRunnable.run(DelegatingErrorHandlingRunnable.java:54)
	at java.base/java.util.concurrent.Executors$RunnableAdapter.call(Executors.java:539)
	at java.base/java.util.concurrent.FutureTask.runAndReset(FutureTask.java:305)
	at java.base/java.util.concurrent.ScheduledThreadPoolExecutor$ScheduledFutureTask.run(ScheduledThreadPoolExecutor.java:305)
	at java.base/java.util.concurrent.ThreadPoolExecutor.runWorker(ThreadPoolExecutor.java:1136)
	at java.base/java.util.concurrent.ThreadPoolExecutor$Worker.run(ThreadPoolExecutor.java:635)
	at java.base/java.lang.Thread.run(Thread.java:842)
Caused by: com.mysql.jdbc.exceptions.jdbc4.MySQLSyntaxErrorException: Table 'dev_kcts_db.mail_info' doesn't exist
	at java.base/jdk.internal.reflect.NativeConstructorAccessorImpl.newInstance0(Native Method)
	at java.base/jdk.internal.reflect.NativeConstructorAccessorImpl.newInstance(NativeConstructorAccessorImpl.java:77)
	at java.base/jdk.internal.reflect.DelegatingConstructorAccessorImpl.newInstance(DelegatingConstructorAccessorImpl.java:45)
	at java.base/java.lang.reflect.Constructor.newInstanceWithCaller(Constructor.java:499)
	at java.base/java.lang.reflect.Constructor.newInstance(Constructor.java:480)
	at com.mysql.jdbc.Util.handleNewInstance(Util.java:425)
	at com.mysql.jdbc.Util.getInstance(Util.java:408)
	at com.mysql.jdbc.SQLError.createSQLException(SQLError.java:944)
	at com.mysql.jdbc.MysqlIO.checkErrorPacket(MysqlIO.java:3933)
	at com.mysql.jdbc.MysqlIO.checkErrorPacket(MysqlIO.java:3869)
	at com.mysql.jdbc.MysqlIO.sendCommand(MysqlIO.java:2524)
	at com.mysql.jdbc.MysqlIO.sqlQueryDirect(MysqlIO.java:2675)
	at com.mysql.jdbc.ConnectionImpl.execSQL(ConnectionImpl.java:2465)
	at com.mysql.jdbc.PreparedStatement.executeInternal(PreparedStatement.java:1912)
	at com.mysql.jdbc.PreparedStatement.execute(PreparedStatement.java:1251)
	at com.zaxxer.hikari.pool.ProxyPreparedStatement.execute(ProxyPreparedStatement.java:44)
	at com.zaxxer.hikari.pool.HikariProxyPreparedStatement.execute(HikariProxyPreparedStatement.java)
	at jdk.internal.reflect.GeneratedMethodAccessor69.invoke(Unknown Source)
	at java.base/jdk.internal.reflect.DelegatingMethodAccessorImpl.invoke(DelegatingMethodAccessorImpl.java:43)
	at java.base/java.lang.reflect.Method.invoke(Method.java:568)
	at org.apache.ibatis.logging.jdbc.PreparedStatementLogger.invoke(PreparedStatementLogger.java:58)
	at jdk.proxy3/jdk.proxy3.$Proxy185.execute(Unknown Source)
	at org.apache.ibatis.executor.statement.PreparedStatementHandler.query(PreparedStatementHandler.java:65)
	at org.apache.ibatis.executor.statement.RoutingStatementHandler.query(RoutingStatementHandler.java:80)
	at jdk.internal.reflect.GeneratedMethodAccessor68.invoke(Unknown Source)
	at java.base/jdk.internal.reflect.DelegatingMethodAccessorImpl.invoke(DelegatingMethodAccessorImpl.java:43)
	at java.base/java.lang.reflect.Method.invoke(Method.java:568)
	at org.apache.ibatis.plugin.Plugin.invoke(Plugin.java:61)
	at jdk.proxy2/jdk.proxy2.$Proxy184.query(Unknown Source)
	at org.apache.ibatis.executor.SimpleExecutor.doQuery(SimpleExecutor.java:65)
	at org.apache.ibatis.executor.BaseExecutor.queryFromDatabase(BaseExecutor.java:336)
	at org.apache.ibatis.executor.BaseExecutor.query(BaseExecutor.java:158)
	at org.apache.ibatis.executor.CachingExecutor.query(CachingExecutor.java:110)
	at com.baomidou.mybatisplus.extension.plugins.MybatisPlusInterceptor.intercept(MybatisPlusInterceptor.java:81)
	at org.apache.ibatis.plugin.Plugin.invoke(Plugin.java:59)
	at jdk.proxy2/jdk.proxy2.$Proxy182.query(Unknown Source)
	at org.apache.ibatis.session.defaults.DefaultSqlSession.selectList(DefaultSqlSession.java:154)
	at org.apache.ibatis.session.defaults.DefaultSqlSession.selectList(DefaultSqlSession.java:147)
	at org.apache.ibatis.session.defaults.DefaultSqlSession.selectList(DefaultSqlSession.java:142)
	at jdk.internal.reflect.GeneratedMethodAccessor59.invoke(Unknown Source)
	at java.base/jdk.internal.reflect.DelegatingMethodAccessorImpl.invoke(DelegatingMethodAccessorImpl.java:43)
	at java.base/java.lang.reflect.Method.invoke(Method.java:568)
	at org.mybatis.spring.SqlSessionTemplate$SqlSessionInterceptor.invoke(SqlSessionTemplate.java:425)
	... 31 common frames omitted
2026-09-07 11:30:05,021 INFO [SpringApplicationShutdownHook] com.zaxxer.hikari.HikariDataSource [HikariDataSource.java : 350] HikariPool-1 - Shutdown initiated...
2026-09-07 11:30:05,036 INFO [SpringApplicationShutdownHook] com.zaxxer.hikari.HikariDataSource [HikariDataSource.java : 352] HikariPool-1 - Shutdown completed.
2026-09-07 13:55:16,446 INFO [main] com.shtel.ai.kcts.KctsAiSupportApp [StartupInfoLogger.java : 55] Starting KctsAiSupportApp using Java 17.0.10 on DESKTOP-GL3RGKM with PID 3408 (C:\Users\Administrator\Desktop\kcts\kcts-ai-dev-support\kcts-ai-backend\target\classes started by Administrator in C:\Users\Administrator\Desktop\kcts)
2026-09-07 13:55:16,451 INFO [main] com.shtel.ai.kcts.KctsAiSupportApp [SpringApplication.java : 637] The following 1 profile is active: "dev"
2026-09-07 13:55:16,452 INFO [background-preinit] o.h.validator.internal.util.Version [Version.java : 21] HV000001: Hibernate Validator 6.2.5.Final
2026-09-07 13:55:18,942 INFO [main] o.s.d.r.c.RepositoryConfigurationDelegate [RepositoryConfigurationDelegate.java : 262] Multiple Spring Data modules found, entering strict repository configuration mode
2026-09-07 13:55:18,946 INFO [main] o.s.d.r.c.RepositoryConfigurationDelegate [RepositoryConfigurationDelegate.java : 132] Bootstrapping Spring Data Redis repositories in DEFAULT mode.
2026-09-07 13:55:19,123 INFO [main] o.s.d.r.c.RepositoryConfigurationDelegate [RepositoryConfigurationDelegate.java : 201] Finished Spring Data repository scanning in 146 ms. Found 0 Redis repository interfaces.
2026-09-07 13:55:19,545 INFO [main] c.u.j.c.EnableEncryptablePropertiesBeanFactoryPostProcessor [EnableEncryptablePropertiesBeanFactoryPostProcessor.java : 44] Post-processing PropertySource instances
2026-09-07 13:55:19,546 INFO [main] c.u.j.EncryptablePropertySourceConverter [EncryptablePropertySourceConverter.java : 105] Skipping PropertySource configurationProperties [class org.springframework.boot.context.properties.source.ConfigurationPropertySourcesPropertySource
2026-09-07 13:55:19,548 INFO [main] c.u.j.EncryptablePropertySourceConverter [EncryptablePropertySourceConverter.java : 105] Skipping PropertySource servletConfigInitParams [class org.springframework.core.env.PropertySource$StubPropertySource
2026-09-07 13:55:19,548 INFO [main] c.u.j.EncryptablePropertySourceConverter [EncryptablePropertySourceConverter.java : 105] Skipping PropertySource servletContextInitParams [class org.springframework.core.env.PropertySource$StubPropertySource
2026-09-07 13:55:19,550 INFO [main] c.u.j.EncryptablePropertySourceConverter [EncryptablePropertySourceConverter.java : 110] Converting PropertySource systemProperties [org.springframework.core.env.PropertiesPropertySource] to EncryptableMapPropertySourceWrapper
2026-09-07 13:55:19,550 INFO [main] c.u.j.EncryptablePropertySourceConverter [EncryptablePropertySourceConverter.java : 110] Converting PropertySource systemEnvironment [org.springframework.boot.env.SystemEnvironmentPropertySourceEnvironmentPostProcessor$OriginAwareSystemEnvironmentPropertySource] to EncryptableSystemEnvironmentPropertySourceWrapper
2026-09-07 13:55:19,550 INFO [main] c.u.j.EncryptablePropertySourceConverter [EncryptablePropertySourceConverter.java : 110] Converting PropertySource random [org.springframework.boot.env.RandomValuePropertySource] to EncryptablePropertySourceWrapper
2026-09-07 13:55:19,550 INFO [main] c.u.j.EncryptablePropertySourceConverter [EncryptablePropertySourceConverter.java : 110] Converting PropertySource Config resource 'class path resource [application-dev.yml]' via location 'optional:classpath:/' [org.springframework.boot.env.OriginTrackedMapPropertySource] to EncryptableMapPropertySourceWrapper
2026-09-07 13:55:19,550 INFO [main] c.u.j.EncryptablePropertySourceConverter [EncryptablePropertySourceConverter.java : 110] Converting PropertySource Config resource 'class path resource [config/application.yml]' via location 'optional:classpath:/config/' [org.springframework.boot.env.OriginTrackedMapPropertySource] to EncryptableMapPropertySourceWrapper
2026-09-07 13:55:19,551 INFO [main] c.u.j.EncryptablePropertySourceConverter [EncryptablePropertySourceConverter.java : 110] Converting PropertySource Config resource 'class path resource [application.yml]' via location 'optional:classpath:/' [org.springframework.boot.env.OriginTrackedMapPropertySource] to EncryptableMapPropertySourceWrapper
2026-09-07 13:55:19,824 INFO [main] c.u.j.f.DefaultLazyPropertyFilter [DefaultLazyPropertyFilter.java : 45] Property Filter custom Bean not found with name 'encryptablePropertyFilter'. Initializing Default Property Filter
2026-09-07 13:55:19,842 INFO [main] c.u.j.r.DefaultLazyPropertyResolver [DefaultLazyPropertyResolver.java : 46] Property Resolver custom Bean not found with name 'encryptablePropertyResolver'. Initializing Default Property Resolver
2026-09-07 13:55:19,846 INFO [main] c.u.j.d.DefaultLazyPropertyDetector [DefaultLazyPropertyDetector.java : 44] Property Detector custom Bean not found with name 'encryptablePropertyDetector'. Initializing Default Property Detector
2026-09-07 13:55:19,862 INFO [main] o.s.c.s.PostProcessorRegistrationDelegate$BeanPostProcessorChecker [PostProcessorRegistrationDelegate.java : 376] Bean 'forest-com.dtflys.forest.springboot.properties.ForestConfigurationProperties' of type [com.dtflys.forest.springboot.properties.ForestConfigurationProperties] is not eligible for getting processed by all BeanPostProcessors (for example: not eligible for auto-proxying)
2026-09-07 13:55:20,135 INFO [main] c.d.f.scanner.ClassPathClientScanner [ClassPathClientScanner.java : 153] [Forest] Created Forest Client Bean with name 'kctsAdminRemoteApi' and Proxy of 'com.shtel.ai.kcts.api.KctsAdminRemoteApi' client interface
2026-09-07 13:55:20,135 INFO [main] c.d.f.scanner.ClassPathClientScanner [ClassPathClientScanner.java : 153] [Forest] Created Forest Client Bean with name 'tokenRemoteApi' and Proxy of 'com.shtel.ai.kczf.common.security.api.TokenRemoteApi' client interface
2026-09-07 13:55:20,147 INFO [main] o.s.c.s.PostProcessorRegistrationDelegate$BeanPostProcessorChecker [PostProcessorRegistrationDelegate.java : 376] Bean 'kctsAdminRemoteApi' of type [com.dtflys.forest.beans.ClientFactoryBean] is not eligible for getting processed by all BeanPostProcessors (for example: not eligible for auto-proxying)
2026-09-07 13:55:20,149 INFO [main] o.s.c.s.PostProcessorRegistrationDelegate$BeanPostProcessorChecker [PostProcessorRegistrationDelegate.java : 376] Bean 'tokenRemoteApi' of type [com.dtflys.forest.beans.ClientFactoryBean] is not eligible for getting processed by all BeanPostProcessors (for example: not eligible for auto-proxying)
2026-09-07 13:55:20,699 INFO [main] o.s.b.w.e.tomcat.TomcatWebServer [TomcatWebServer.java : 108] Tomcat initialized with port(s): 19090 (http)
2026-09-07 13:55:20,699 INFO [main] o.a.c.core.AprLifecycleListener [DirectJDKLog.java : 173] Loaded Apache Tomcat Native library [1.2.35] using APR version [1.7.0].
2026-09-07 13:55:20,700 INFO [main] o.a.c.core.AprLifecycleListener [DirectJDKLog.java : 173] APR capabilities: IPv6 [true], sendfile [true], accept filters [false], random [true], UDS [true].
2026-09-07 13:55:20,700 INFO [main] o.a.c.core.AprLifecycleListener [DirectJDKLog.java : 173] APR/OpenSSL configuration: useAprConnector [false], useOpenSSL [true]
2026-09-07 13:55:20,715 INFO [main] o.a.c.core.AprLifecycleListener [DirectJDKLog.java : 173] OpenSSL successfully initialized [OpenSSL 1.1.1q  5 Jul 2022]
2026-09-07 13:55:20,729 INFO [main] o.a.coyote.http11.Http11NioProtocol [DirectJDKLog.java : 173] Initializing ProtocolHandler ["http-nio-19090"]
2026-09-07 13:55:20,729 INFO [main] o.a.catalina.core.StandardService [DirectJDKLog.java : 173] Starting service [Tomcat]
2026-09-07 13:55:20,730 INFO [main] o.a.catalina.core.StandardEngine [DirectJDKLog.java : 173] Starting Servlet engine: [Apache Tomcat/9.0.75]
2026-09-07 13:55:21,310 INFO [main] o.a.c.c.C.[Tomcat].[localhost].[/] [DirectJDKLog.java : 173] Initializing Spring embedded WebApplicationContext
2026-09-07 13:55:21,310 INFO [main] o.s.b.w.s.c.ServletWebServerApplicationContext [ServletWebServerApplicationContext.java : 292] Root WebApplicationContext: initialization completed in 4775 ms
2026-09-07 13:55:22,879 INFO [main] c.s.a.k.c.m.c.MinioAutoConfiguration [MinioAutoConfiguration.java : 27] ---------- Minio文件系统初始化加载 ----------
2026-09-07 13:55:23,422 INFO [main] c.s.a.k.c.m.c.MinioAutoConfiguration [MinioAutoConfiguration.java : 40] ---------- Minio文件系统Bucket已存在 ----------
2026-09-07 13:55:23,423 INFO [main] c.s.a.k.c.m.c.MinioAutoConfiguration [MinioAutoConfiguration.java : 49] ---------- Minio文件系统初始化完成 ----------
2026-09-07 13:55:24,416 INFO [main] c.u.j.encryptor.DefaultLazyEncryptor [DefaultLazyEncryptor.java : 41] Found Custom Encryptor Bean org.jasypt.encryption.pbe.PooledPBEStringEncryptor@ab2e887 with name: jasyptStringEncryptor
2026-09-07 13:55:27,242 INFO [main] c.b.m.e.s.MybatisPlusApplicationContextAware [MybatisPlusApplicationContextAware.java : 40] Register ApplicationContext instances org.springframework.boot.web.servlet.context.AnnotationConfigServletWebServerApplicationContext@7fe083b1
2026-09-07 13:55:28,762 INFO [main] o.s.b.a.e.web.EndpointLinksResolver [EndpointLinksResolver.java : 58] Exposing 1 endpoint(s) beneath base path '/actuator'
2026-09-07 13:55:28,922 INFO [main] o.a.coyote.http11.Http11NioProtocol [DirectJDKLog.java : 173] Starting ProtocolHandler ["http-nio-19090"]
2026-09-07 13:55:28,943 INFO [main] o.s.b.w.e.tomcat.TomcatWebServer [TomcatWebServer.java : 220] Tomcat started on port(s): 19090 (http) with context path ''
2026-09-07 13:55:28,944 INFO [main] c.u.j.c.RefreshScopeRefreshedEventListener [RefreshScopeRefreshedEventListener.java : 70] Refreshing cached encryptable property sources on ServletWebServerInitializedEvent
2026-09-07 13:55:28,945 INFO [main] c.u.j.c.CachingDelegateEncryptablePropertySource [CachingDelegateEncryptablePropertySource.java : 92] Property Source systemProperties refreshed
2026-09-07 13:55:28,945 INFO [main] c.u.j.c.CachingDelegateEncryptablePropertySource [CachingDelegateEncryptablePropertySource.java : 92] Property Source systemEnvironment refreshed
2026-09-07 13:55:28,945 INFO [main] c.u.j.c.CachingDelegateEncryptablePropertySource [CachingDelegateEncryptablePropertySource.java : 92] Property Source random refreshed
2026-09-07 13:55:28,945 INFO [main] c.u.j.c.CachingDelegateEncryptablePropertySource [CachingDelegateEncryptablePropertySource.java : 92] Property Source Config resource 'class path resource [application-dev.yml]' via location 'optional:classpath:/' refreshed
2026-09-07 13:55:28,945 INFO [main] c.u.j.c.CachingDelegateEncryptablePropertySource [CachingDelegateEncryptablePropertySource.java : 92] Property Source Config resource 'class path resource [config/application.yml]' via location 'optional:classpath:/config/' refreshed
2026-09-07 13:55:28,945 INFO [main] c.u.j.c.CachingDelegateEncryptablePropertySource [CachingDelegateEncryptablePropertySource.java : 92] Property Source Config resource 'class path resource [application.yml]' via location 'optional:classpath:/' refreshed
2026-09-07 13:55:28,945 INFO [main] c.u.j.EncryptablePropertySourceConverter [EncryptablePropertySourceConverter.java : 105] Skipping PropertySource configurationProperties [class org.springframework.boot.context.properties.source.ConfigurationPropertySourcesPropertySource
2026-09-07 13:55:28,945 INFO [main] c.u.j.EncryptablePropertySourceConverter [EncryptablePropertySourceConverter.java : 105] Skipping PropertySource servletConfigInitParams [class org.springframework.core.env.PropertySource$StubPropertySource
2026-09-07 13:55:28,946 INFO [main] c.u.j.EncryptablePropertySourceConverter [EncryptablePropertySourceConverter.java : 110] Converting PropertySource servletContextInitParams [org.springframework.web.context.support.ServletContextPropertySource] to EncryptableEnumerablePropertySourceWrapper
2026-09-07 13:55:28,946 INFO [main] c.u.j.EncryptablePropertySourceConverter [EncryptablePropertySourceConverter.java : 110] Converting PropertySource Management Server [org.springframework.boot.actuate.autoconfigure.web.server.ManagementContextAutoConfiguration$SameManagementContextConfiguration$1] to EncryptablePropertySourceWrapper
2026-09-07 13:55:28,963 INFO [main] com.shtel.ai.kcts.KctsAiSupportApp [StartupInfoLogger.java : 61] Started KctsAiSupportApp in 13.378 seconds (JVM running for 15.282)
2026-09-07 13:55:29,113 INFO [RMI TCP Connection(2)-172.33.1.108] o.a.c.c.C.[Tomcat].[localhost].[/] [DirectJDKLog.java : 173] Initializing Spring DispatcherServlet 'dispatcherServlet'
2026-09-07 13:55:29,114 INFO [RMI TCP Connection(2)-172.33.1.108] o.s.web.servlet.DispatcherServlet [FrameworkServlet.java : 525] Initializing Servlet 'dispatcherServlet'
2026-09-07 13:55:29,117 INFO [RMI TCP Connection(2)-172.33.1.108] o.s.web.servlet.DispatcherServlet [FrameworkServlet.java : 547] Completed initialization in 3 ms
2026-09-07 13:55:29,153 INFO [RMI TCP Connection(1)-172.33.1.108] com.zaxxer.hikari.HikariDataSource [HikariDataSource.java : 110] HikariPool-1 - Starting...
2026-09-07 13:55:29,857 INFO [RMI TCP Connection(1)-172.33.1.108] com.zaxxer.hikari.HikariDataSource [HikariDataSource.java : 123] HikariPool-1 - Start completed.
2026-09-07 13:55:32,532 INFO [scheduling-1] c.s.a.k.m.r.Pop3ReceiverService [Pop3ReceiverService.java : 32] POP3 fetched 1 messages
2026-09-07 13:55:32,561 INFO [scheduling-1] c.s.a.k.m.r.Pop3ReceiverService [Pop3ReceiverService.java : 37] POP3 folder uid: 100.1.dIz23.895k.1787384596.g-kctspt.sh@chinatelecom.cn
2026-09-07 13:55:32,660 ERROR [scheduling-1] c.s.a.k.m.r.Pop3ReceiverService [Pop3ReceiverService.java : 52] POP3 receive error
org.springframework.jdbc.BadSqlGrammarException: 
### Error querying database.  Cause: com.mysql.jdbc.exceptions.jdbc4.MySQLSyntaxErrorException: Table 'dev_kcts_db.mail_info' doesn't exist
### The error may exist in com/shtel/ai/kcts/mapper/mail/MailInfoDao.java (best guess)
### The error may involve defaultParameterMap
### The error occurred while setting parameters
### SQL: SELECT  id,uid,subject,from_addr,sent_date,received_date,mail_body,mail_type  FROM mail_info      WHERE  (uid = ?)
### Cause: com.mysql.jdbc.exceptions.jdbc4.MySQLSyntaxErrorException: Table 'dev_kcts_db.mail_info' doesn't exist
; bad SQL grammar []; nested exception is com.mysql.jdbc.exceptions.jdbc4.MySQLSyntaxErrorException: Table 'dev_kcts_db.mail_info' doesn't exist
	at org.springframework.jdbc.support.SQLErrorCodeSQLExceptionTranslator.doTranslate(SQLErrorCodeSQLExceptionTranslator.java:239)
	at org.springframework.jdbc.support.AbstractFallbackSQLExceptionTranslator.translate(AbstractFallbackSQLExceptionTranslator.java:70)
	at org.mybatis.spring.MyBatisExceptionTranslator.translateExceptionIfPossible(MyBatisExceptionTranslator.java:92)
	at org.mybatis.spring.SqlSessionTemplate$SqlSessionInterceptor.invoke(SqlSessionTemplate.java:439)
	at jdk.proxy2/jdk.proxy2.$Proxy111.selectList(Unknown Source)
	at org.mybatis.spring.SqlSessionTemplate.selectList(SqlSessionTemplate.java:224)
	at com.baomidou.mybatisplus.core.override.MybatisMapperMethod.executeForMany(MybatisMapperMethod.java:164)
	at com.baomidou.mybatisplus.core.override.MybatisMapperMethod.execute(MybatisMapperMethod.java:77)
	at com.baomidou.mybatisplus.core.override.MybatisMapperProxy$PlainMethodInvoker.invoke(MybatisMapperProxy.java:156)
	at com.baomidou.mybatisplus.core.override.MybatisMapperProxy.invoke(MybatisMapperProxy.java:93)
	at jdk.proxy2/jdk.proxy2.$Proxy159.selectList(Unknown Source)
	at com.baomidou.mybatisplus.core.mapper.BaseMapper.selectOne(BaseMapper.java:332)
	at java.base/java.lang.invoke.MethodHandle.invokeWithArguments(MethodHandle.java:732)
	at com.baomidou.mybatisplus.core.override.MybatisMapperProxy$DefaultMethodInvoker.invoke(MybatisMapperProxy.java:172)
	at com.baomidou.mybatisplus.core.override.MybatisMapperProxy.invoke(MybatisMapperProxy.java:93)
	at jdk.proxy2/jdk.proxy2.$Proxy159.selectOne(Unknown Source)
	at com.baomidou.mybatisplus.core.mapper.BaseMapper.selectOne(BaseMapper.java:321)
	at java.base/java.lang.invoke.MethodHandle.invokeWithArguments(MethodHandle.java:732)
	at com.baomidou.mybatisplus.core.override.MybatisMapperProxy$DefaultMethodInvoker.invoke(MybatisMapperProxy.java:182)
	at com.baomidou.mybatisplus.core.override.MybatisMapperProxy.invoke(MybatisMapperProxy.java:93)
	at jdk.proxy2/jdk.proxy2.$Proxy159.selectOne(Unknown Source)
	at com.shtel.ai.kcts.service.impl.MailServiceImpl.mailExists(MailServiceImpl.java:104)
	at com.shtel.ai.kcts.mail.receiver.Pop3ReceiverService.receive(Pop3ReceiverService.java:38)
	at java.base/jdk.internal.reflect.NativeMethodAccessorImpl.invoke0(Native Method)
	at java.base/jdk.internal.reflect.NativeMethodAccessorImpl.invoke(NativeMethodAccessorImpl.java:77)
	at java.base/jdk.internal.reflect.DelegatingMethodAccessorImpl.invoke(DelegatingMethodAccessorImpl.java:43)
	at java.base/java.lang.reflect.Method.invoke(Method.java:568)
	at org.springframework.scheduling.support.ScheduledMethodRunnable.run(ScheduledMethodRunnable.java:84)
	at org.springframework.scheduling.support.DelegatingErrorHandlingRunnable.run(DelegatingErrorHandlingRunnable.java:54)
	at java.base/java.util.concurrent.Executors$RunnableAdapter.call(Executors.java:539)
	at java.base/java.util.concurrent.FutureTask.runAndReset(FutureTask.java:305)
	at java.base/java.util.concurrent.ScheduledThreadPoolExecutor$ScheduledFutureTask.run(ScheduledThreadPoolExecutor.java:305)
	at java.base/java.util.concurrent.ThreadPoolExecutor.runWorker(ThreadPoolExecutor.java:1136)
	at java.base/java.util.concurrent.ThreadPoolExecutor$Worker.run(ThreadPoolExecutor.java:635)
	at java.base/java.lang.Thread.run(Thread.java:842)
Caused by: com.mysql.jdbc.exceptions.jdbc4.MySQLSyntaxErrorException: Table 'dev_kcts_db.mail_info' doesn't exist
	at java.base/jdk.internal.reflect.NativeConstructorAccessorImpl.newInstance0(Native Method)
	at java.base/jdk.internal.reflect.NativeConstructorAccessorImpl.newInstance(NativeConstructorAccessorImpl.java:77)
	at java.base/jdk.internal.reflect.DelegatingConstructorAccessorImpl.newInstance(DelegatingConstructorAccessorImpl.java:45)
	at java.base/java.lang.reflect.Constructor.newInstanceWithCaller(Constructor.java:499)
	at java.base/java.lang.reflect.Constructor.newInstance(Constructor.java:480)
	at com.mysql.jdbc.Util.handleNewInstance(Util.java:425)
	at com.mysql.jdbc.Util.getInstance(Util.java:408)
	at com.mysql.jdbc.SQLError.createSQLException(SQLError.java:944)
	at com.mysql.jdbc.MysqlIO.checkErrorPacket(MysqlIO.java:3933)
	at com.mysql.jdbc.MysqlIO.checkErrorPacket(MysqlIO.java:3869)
	at com.mysql.jdbc.MysqlIO.sendCommand(MysqlIO.java:2524)
	at com.mysql.jdbc.MysqlIO.sqlQueryDirect(MysqlIO.java:2675)
	at com.mysql.jdbc.ConnectionImpl.execSQL(ConnectionImpl.java:2465)
	at com.mysql.jdbc.PreparedStatement.executeInternal(PreparedStatement.java:1912)
	at com.mysql.jdbc.PreparedStatement.execute(PreparedStatement.java:1251)
	at com.zaxxer.hikari.pool.ProxyPreparedStatement.execute(ProxyPreparedStatement.java:44)
	at com.zaxxer.hikari.pool.HikariProxyPreparedStatement.execute(HikariProxyPreparedStatement.java)
	at java.base/jdk.internal.reflect.NativeMethodAccessorImpl.invoke0(Native Method)
	at java.base/jdk.internal.reflect.NativeMethodAccessorImpl.invoke(NativeMethodAccessorImpl.java:77)
	at java.base/jdk.internal.reflect.DelegatingMethodAccessorImpl.invoke(DelegatingMethodAccessorImpl.java:43)
	at java.base/java.lang.reflect.Method.invoke(Method.java:568)
	at org.apache.ibatis.logging.jdbc.PreparedStatementLogger.invoke(PreparedStatementLogger.java:58)
	at jdk.proxy3/jdk.proxy3.$Proxy184.execute(Unknown Source)
	at org.apache.ibatis.executor.statement.PreparedStatementHandler.query(PreparedStatementHandler.java:65)
	at org.apache.ibatis.executor.statement.RoutingStatementHandler.query(RoutingStatementHandler.java:80)
	at java.base/jdk.internal.reflect.NativeMethodAccessorImpl.invoke0(Native Method)
	at java.base/jdk.internal.reflect.NativeMethodAccessorImpl.invoke(NativeMethodAccessorImpl.java:77)
	at java.base/jdk.internal.reflect.DelegatingMethodAccessorImpl.invoke(DelegatingMethodAccessorImpl.java:43)
	at java.base/java.lang.reflect.Method.invoke(Method.java:568)
	at org.apache.ibatis.plugin.Plugin.invoke(Plugin.java:61)
	at jdk.proxy2/jdk.proxy2.$Proxy183.query(Unknown Source)
	at org.apache.ibatis.executor.SimpleExecutor.doQuery(SimpleExecutor.java:65)
	at org.apache.ibatis.executor.BaseExecutor.queryFromDatabase(BaseExecutor.java:336)
	at org.apache.ibatis.executor.BaseExecutor.query(BaseExecutor.java:158)
	at org.apache.ibatis.executor.CachingExecutor.query(CachingExecutor.java:110)
	at com.baomidou.mybatisplus.extension.plugins.MybatisPlusInterceptor.intercept(MybatisPlusInterceptor.java:81)
	at org.apache.ibatis.plugin.Plugin.invoke(Plugin.java:59)
	at jdk.proxy2/jdk.proxy2.$Proxy182.query(Unknown Source)
	at org.apache.ibatis.session.defaults.DefaultSqlSession.selectList(DefaultSqlSession.java:154)
	at org.apache.ibatis.session.defaults.DefaultSqlSession.selectList(DefaultSqlSession.java:147)
	at org.apache.ibatis.session.defaults.DefaultSqlSession.selectList(DefaultSqlSession.java:142)
	at java.base/jdk.internal.reflect.NativeMethodAccessorImpl.invoke0(Native Method)
	at java.base/jdk.internal.reflect.NativeMethodAccessorImpl.invoke(NativeMethodAccessorImpl.java:77)
	at java.base/jdk.internal.reflect.DelegatingMethodAccessorImpl.invoke(DelegatingMethodAccessorImpl.java:43)
	at java.base/java.lang.reflect.Method.invoke(Method.java:568)
	at org.mybatis.spring.SqlSessionTemplate$SqlSessionInterceptor.invoke(SqlSessionTemplate.java:425)
	... 31 common frames omitted
2026-09-07 14:10:33,173 INFO [scheduling-1] c.s.a.k.m.r.Pop3ReceiverService [Pop3ReceiverService.java : 32] POP3 fetched 1 messages
2026-09-07 14:10:33,207 INFO [scheduling-1] c.s.a.k.m.r.Pop3ReceiverService [Pop3ReceiverService.java : 37] POP3 folder uid: 100.1.dIz23.895k.1787384596.g-kctspt.sh@chinatelecom.cn
2026-09-07 14:10:33,211 ERROR [scheduling-1] c.s.a.k.m.r.Pop3ReceiverService [Pop3ReceiverService.java : 52] POP3 receive error
org.springframework.jdbc.BadSqlGrammarException: 
### Error querying database.  Cause: com.mysql.jdbc.exceptions.jdbc4.MySQLSyntaxErrorException: Table 'dev_kcts_db.mail_info' doesn't exist
### The error may exist in com/shtel/ai/kcts/mapper/mail/MailInfoDao.java (best guess)
### The error may involve defaultParameterMap
### The error occurred while setting parameters
### SQL: SELECT  id,uid,subject,from_addr,sent_date,received_date,mail_body,mail_type  FROM mail_info      WHERE  (uid = ?)
### Cause: com.mysql.jdbc.exceptions.jdbc4.MySQLSyntaxErrorException: Table 'dev_kcts_db.mail_info' doesn't exist
; bad SQL grammar []; nested exception is com.mysql.jdbc.exceptions.jdbc4.MySQLSyntaxErrorException: Table 'dev_kcts_db.mail_info' doesn't exist
	at org.springframework.jdbc.support.SQLErrorCodeSQLExceptionTranslator.doTranslate(SQLErrorCodeSQLExceptionTranslator.java:239)
	at org.springframework.jdbc.support.AbstractFallbackSQLExceptionTranslator.translate(AbstractFallbackSQLExceptionTranslator.java:70)
	at org.mybatis.spring.MyBatisExceptionTranslator.translateExceptionIfPossible(MyBatisExceptionTranslator.java:92)
	at org.mybatis.spring.SqlSessionTemplate$SqlSessionInterceptor.invoke(SqlSessionTemplate.java:439)
	at jdk.proxy2/jdk.proxy2.$Proxy111.selectList(Unknown Source)
	at org.mybatis.spring.SqlSessionTemplate.selectList(SqlSessionTemplate.java:224)
	at com.baomidou.mybatisplus.core.override.MybatisMapperMethod.executeForMany(MybatisMapperMethod.java:164)
	at com.baomidou.mybatisplus.core.override.MybatisMapperMethod.execute(MybatisMapperMethod.java:77)
	at com.baomidou.mybatisplus.core.override.MybatisMapperProxy$PlainMethodInvoker.invoke(MybatisMapperProxy.java:156)
	at com.baomidou.mybatisplus.core.override.MybatisMapperProxy.invoke(MybatisMapperProxy.java:93)
	at jdk.proxy2/jdk.proxy2.$Proxy159.selectList(Unknown Source)
	at com.baomidou.mybatisplus.core.mapper.BaseMapper.selectOne(BaseMapper.java:332)
	at java.base/java.lang.invoke.MethodHandle.invokeWithArguments(MethodHandle.java:732)
	at com.baomidou.mybatisplus.core.override.MybatisMapperProxy$DefaultMethodInvoker.invoke(MybatisMapperProxy.java:172)
	at com.baomidou.mybatisplus.core.override.MybatisMapperProxy.invoke(MybatisMapperProxy.java:93)
	at jdk.proxy2/jdk.proxy2.$Proxy159.selectOne(Unknown Source)
	at com.baomidou.mybatisplus.core.mapper.BaseMapper.selectOne(BaseMapper.java:321)
	at java.base/java.lang.invoke.MethodHandle.invokeWithArguments(MethodHandle.java:732)
	at com.baomidou.mybatisplus.core.override.MybatisMapperProxy$DefaultMethodInvoker.invoke(MybatisMapperProxy.java:182)
	at com.baomidou.mybatisplus.core.override.MybatisMapperProxy.invoke(MybatisMapperProxy.java:93)
	at jdk.proxy2/jdk.proxy2.$Proxy159.selectOne(Unknown Source)
	at com.shtel.ai.kcts.service.impl.MailServiceImpl.mailExists(MailServiceImpl.java:104)
	at com.shtel.ai.kcts.mail.receiver.Pop3ReceiverService.receive(Pop3ReceiverService.java:38)
	at java.base/jdk.internal.reflect.NativeMethodAccessorImpl.invoke0(Native Method)
	at java.base/jdk.internal.reflect.NativeMethodAccessorImpl.invoke(NativeMethodAccessorImpl.java:77)
	at java.base/jdk.internal.reflect.DelegatingMethodAccessorImpl.invoke(DelegatingMethodAccessorImpl.java:43)
	at java.base/java.lang.reflect.Method.invoke(Method.java:568)
	at org.springframework.scheduling.support.ScheduledMethodRunnable.run(ScheduledMethodRunnable.java:84)
	at org.springframework.scheduling.support.DelegatingErrorHandlingRunnable.run(DelegatingErrorHandlingRunnable.java:54)
	at java.base/java.util.concurrent.Executors$RunnableAdapter.call(Executors.java:539)
	at java.base/java.util.concurrent.FutureTask.runAndReset(FutureTask.java:305)
	at java.base/java.util.concurrent.ScheduledThreadPoolExecutor$ScheduledFutureTask.run(ScheduledThreadPoolExecutor.java:305)
	at java.base/java.util.concurrent.ThreadPoolExecutor.runWorker(ThreadPoolExecutor.java:1136)
	at java.base/java.util.concurrent.ThreadPoolExecutor$Worker.run(ThreadPoolExecutor.java:635)
	at java.base/java.lang.Thread.run(Thread.java:842)
Caused by: com.mysql.jdbc.exceptions.jdbc4.MySQLSyntaxErrorException: Table 'dev_kcts_db.mail_info' doesn't exist
	at java.base/jdk.internal.reflect.NativeConstructorAccessorImpl.newInstance0(Native Method)
	at java.base/jdk.internal.reflect.NativeConstructorAccessorImpl.newInstance(NativeConstructorAccessorImpl.java:77)
	at java.base/jdk.internal.reflect.DelegatingConstructorAccessorImpl.newInstance(DelegatingConstructorAccessorImpl.java:45)
	at java.base/java.lang.reflect.Constructor.newInstanceWithCaller(Constructor.java:499)
	at java.base/java.lang.reflect.Constructor.newInstance(Constructor.java:480)
	at com.mysql.jdbc.Util.handleNewInstance(Util.java:425)
	at com.mysql.jdbc.Util.getInstance(Util.java:408)
	at com.mysql.jdbc.SQLError.createSQLException(SQLError.java:944)
	at com.mysql.jdbc.MysqlIO.checkErrorPacket(MysqlIO.java:3933)
	at com.mysql.jdbc.MysqlIO.checkErrorPacket(MysqlIO.java:3869)
	at com.mysql.jdbc.MysqlIO.sendCommand(MysqlIO.java:2524)
	at com.mysql.jdbc.MysqlIO.sqlQueryDirect(MysqlIO.java:2675)
	at com.mysql.jdbc.ConnectionImpl.execSQL(ConnectionImpl.java:2465)
	at com.mysql.jdbc.PreparedStatement.executeInternal(PreparedStatement.java:1912)
	at com.mysql.jdbc.PreparedStatement.execute(PreparedStatement.java:1251)
	at com.zaxxer.hikari.pool.ProxyPreparedStatement.execute(ProxyPreparedStatement.java:44)
	at com.zaxxer.hikari.pool.HikariProxyPreparedStatement.execute(HikariProxyPreparedStatement.java)
	at jdk.internal.reflect.GeneratedMethodAccessor70.invoke(Unknown Source)
	at java.base/jdk.internal.reflect.DelegatingMethodAccessorImpl.invoke(DelegatingMethodAccessorImpl.java:43)
	at java.base/java.lang.reflect.Method.invoke(Method.java:568)
	at org.apache.ibatis.logging.jdbc.PreparedStatementLogger.invoke(PreparedStatementLogger.java:58)
	at jdk.proxy3/jdk.proxy3.$Proxy184.execute(Unknown Source)
	at org.apache.ibatis.executor.statement.PreparedStatementHandler.query(PreparedStatementHandler.java:65)
	at org.apache.ibatis.executor.statement.RoutingStatementHandler.query(RoutingStatementHandler.java:80)
	at jdk.internal.reflect.GeneratedMethodAccessor69.invoke(Unknown Source)
	at java.base/jdk.internal.reflect.DelegatingMethodAccessorImpl.invoke(DelegatingMethodAccessorImpl.java:43)
	at java.base/java.lang.reflect.Method.invoke(Method.java:568)
	at org.apache.ibatis.plugin.Plugin.invoke(Plugin.java:61)
	at jdk.proxy2/jdk.proxy2.$Proxy183.query(Unknown Source)
	at org.apache.ibatis.executor.SimpleExecutor.doQuery(SimpleExecutor.java:65)
	at org.apache.ibatis.executor.BaseExecutor.queryFromDatabase(BaseExecutor.java:336)
	at org.apache.ibatis.executor.BaseExecutor.query(BaseExecutor.java:158)
	at org.apache.ibatis.executor.CachingExecutor.query(CachingExecutor.java:110)
	at com.baomidou.mybatisplus.extension.plugins.MybatisPlusInterceptor.intercept(MybatisPlusInterceptor.java:81)
	at org.apache.ibatis.plugin.Plugin.invoke(Plugin.java:59)
	at jdk.proxy2/jdk.proxy2.$Proxy182.query(Unknown Source)
	at org.apache.ibatis.session.defaults.DefaultSqlSession.selectList(DefaultSqlSession.java:154)
	at org.apache.ibatis.session.defaults.DefaultSqlSession.selectList(DefaultSqlSession.java:147)
	at org.apache.ibatis.session.defaults.DefaultSqlSession.selectList(DefaultSqlSession.java:142)
	at jdk.internal.reflect.GeneratedMethodAccessor59.invoke(Unknown Source)
	at java.base/jdk.internal.reflect.DelegatingMethodAccessorImpl.invoke(DelegatingMethodAccessorImpl.java:43)
	at java.base/java.lang.reflect.Method.invoke(Method.java:568)
	at org.mybatis.spring.SqlSessionTemplate$SqlSessionInterceptor.invoke(SqlSessionTemplate.java:425)
	... 31 common frames omitted
