09:21:27.279 [restartedMain] INFO  c.r.RuoYiApplication - [logStarting,53] - Starting RuoYiApplication using Java 17.0.10 with PID 71464 (C:\Users\Administrator\Desktop\kcts\kcts\ruoyi-admin\target\classes started by Administrator in C:\Users\Administrator\Desktop\kcts)
09:21:27.285 [restartedMain] INFO  c.r.RuoYiApplication - [logStartupProfileInfo,658] - The following 1 profile is active: "local"
09:21:33.156 [restartedMain] INFO  o.a.c.c.AprLifecycleListener - [log,173] - An older version [1.2.35] of the Apache Tomcat Native library is installed, while Tomcat recommends a minimum version of [2.0.5]
09:21:33.156 [restartedMain] INFO  o.a.c.c.AprLifecycleListener - [log,173] - Loaded Apache Tomcat Native library [1.2.35] using APR version [1.7.0].
09:21:33.158 [restartedMain] INFO  o.a.c.c.AprLifecycleListener - [log,173] - OpenSSL successfully initialized [OpenSSL 1.1.1q  5 Jul 2022]
09:21:33.181 [restartedMain] INFO  o.a.c.c.StandardService - [log,173] - Starting service [Tomcat]
09:21:33.181 [restartedMain] INFO  o.a.c.c.StandardEngine - [log,173] - Starting Servlet engine: [Apache Tomcat/10.1.33]
09:21:33.342 [restartedMain] INFO  o.a.c.c.C.[.[.[/] - [log,173] - Initializing Spring embedded WebApplicationContext
09:21:36.120 [restartedMain] INFO  c.a.d.p.DruidDataSource - [init,985] - {dataSource-1} inited
09:21:42.951 [restartedMain] INFO  o.a.s.r.ResourceFinder - [discoverResources,49] - No process definitions were found for auto-deployment in the location `classpath*:**/processes/`
09:21:44.655 [restartedMain] INFO  o.a.s.r.ResourceFinder - [discoverResources,49] - No process extensions were found for auto-deployment in the location 'classpath*:**/processes/'
09:21:44.942 [restartedMain] INFO  o.a.e.i.c.ProcessEngineConfigurationImpl - [initConfigurators,1570] - Found 1 Process Engine Configurators in total:
09:21:44.943 [restartedMain] INFO  o.a.e.i.c.ProcessEngineConfigurationImpl - [initConfigurators,1572] - class org.activiti.spring.process.conf.ProcessExtensionsConfiguratorAutoConfiguration (priority:10000)
09:21:44.944 [restartedMain] INFO  o.a.e.i.c.ProcessEngineConfigurationImpl - [configuratorsBeforeInit,1582] - Executing beforeInit() of class org.activiti.spring.process.conf.ProcessExtensionsConfiguratorAutoConfiguration (priority:10000)
09:21:45.864 [restartedMain] INFO  o.a.e.i.c.ProcessEngineConfigurationImpl - [configuratorsAfterInit,1589] - Executing configure() of class org.activiti.spring.process.conf.ProcessExtensionsConfiguratorAutoConfiguration (priority:10000)
09:21:45.915 [restartedMain] INFO  o.a.e.i.ProcessEngineImpl - [<init>,78] - ProcessEngine default created
09:21:45.919 [restartedMain] INFO  o.a.e.i.a.DefaultAsyncJobExecutor - [start,173] - Starting up the default async job executor [org.activiti.spring.SpringAsyncExecutor].
09:21:45.920 [Thread-4] INFO  o.a.e.i.a.AcquireAsyncJobsDueRunnable - [run,49] - {} starting to acquire async jobs due
09:21:45.920 [Thread-5] INFO  o.a.e.i.a.AcquireTimerJobsRunnable - [run,53] - {} starting to acquire async jobs due
09:21:45.920 [Thread-6] INFO  o.a.e.i.a.ResetExpiredJobsRunnable - [run,55] - {} starting to reset expired jobs
09:21:46.078 [restartedMain] INFO  o.a.e.i.c.DeployCmd - [executeDeploy,103] - Launching new deployment with version: 1
09:21:48.897 [restartedMain] INFO  o.q.i.StdSchedulerFactory - [instantiate,1220] - Using default implementation for ThreadExecutor
09:21:48.918 [restartedMain] INFO  o.q.c.SchedulerSignalerImpl - [<init>,61] - Initialized Scheduler Signaller of type: class org.quartz.core.SchedulerSignalerImpl
09:21:48.918 [restartedMain] INFO  o.q.c.QuartzScheduler - [<init>,229] - Quartz Scheduler v.2.3.2 created.
09:21:48.926 [restartedMain] INFO  o.q.c.QuartzScheduler - [initialize,294] - Scheduler meta-data: Quartz Scheduler (v2.3.2) 'RuoyiScheduler' with instanceId 'DESKTOP-GL3RGKM1788484908900'
  Scheduler class: 'org.quartz.core.QuartzScheduler' - running locally.
  NOT STARTED.
  Currently in standby mode.
  Number of jobs executed: 0
  Using thread pool 'org.quartz.simpl.SimpleThreadPool' - with 20 threads.
  Using job-store 'org.springframework.scheduling.quartz.LocalDataSourceJobStore' - which supports persistence. and is clustered.

09:21:48.927 [restartedMain] INFO  o.q.i.StdSchedulerFactory - [instantiate,1374] - Quartz scheduler 'RuoyiScheduler' initialized from an externally provided properties instance.
09:21:48.927 [restartedMain] INFO  o.q.i.StdSchedulerFactory - [instantiate,1378] - Quartz scheduler version: 2.3.2
09:21:48.930 [restartedMain] INFO  o.q.c.QuartzScheduler - [setJobFactory,2293] - JobFactory set to: org.springframework.scheduling.quartz.AdaptableJobFactory@d1c8ae
09:21:50.264 [restartedMain] INFO  o.a.c.w.s.f.ReflectionServiceFactoryBean - [buildServiceFromClass,436] - Creating Service {http://impl.webservice.system.ruoyi.com/}OADeptServiceImplService from class com.ruoyi.system.webservice.impl.OADeptServiceImpl
09:21:51.155 [restartedMain] INFO  o.a.c.e.ServerImpl - [initDestination,95] - Setting the server's publish address to be /syncdep
09:21:51.196 [restartedMain] INFO  o.a.c.w.s.f.ReflectionServiceFactoryBean - [buildServiceFromClass,436] - Creating Service {http://impl.webservice.system.ruoyi.com/}OAUserServiceImplService from class com.ruoyi.system.webservice.impl.OAUserServiceImpl
09:21:51.298 [restartedMain] INFO  o.a.c.e.ServerImpl - [initDestination,95] - Setting the server's publish address to be /syncuser
09:21:51.308 [restartedMain] INFO  o.a.c.w.s.f.ReflectionServiceFactoryBean - [buildServiceFromClass,436] - Creating Service {http://ideal.sh.cn.tc}ICreateInfoServiceService from class com.ruoyi.system.webservice.createinfo.ICreateInfoService
09:21:56.670 [restartedMain] INFO  o.a.s.AbstractActivitiSmartLifeCycle - [start,81] - Starting...
09:21:56.987 [restartedMain] INFO  o.a.s.AbstractActivitiSmartLifeCycle - [start,86] - Started.
09:21:56.987 [restartedMain] INFO  o.a.s.AbstractActivitiSmartLifeCycle - [start,81] - Starting...
09:21:57.026 [restartedMain] INFO  o.a.s.AbstractActivitiSmartLifeCycle - [start,86] - Started.
09:21:57.026 [restartedMain] INFO  o.a.s.AbstractActivitiSmartLifeCycle - [start,81] - Starting...
09:21:57.720 [Quartz Scheduler [RuoyiScheduler]] INFO  o.q.c.QuartzScheduler - [start,547] - Scheduler RuoyiScheduler_$_DESKTOP-GL3RGKM1788484908900 started.
09:21:58.855 [restartedMain] INFO  o.a.s.AbstractActivitiSmartLifeCycle - [start,86] - Started.
09:21:58.855 [restartedMain] INFO  o.a.s.AbstractActivitiSmartLifeCycle - [start,81] - Starting...
09:22:03.614 [restartedMain] INFO  o.a.s.AbstractActivitiSmartLifeCycle - [start,86] - Started.
09:22:03.646 [restartedMain] INFO  c.r.RuoYiApplication - [logStarted,59] - Started RuoYiApplication in 36.931 seconds (process running for 38.952)
09:22:04.013 [restartedMain] INFO  c.r.w.k.SaslClient - [consume,109] - login user: admin
09:22:04.048 [RMI TCP Connection(5)-172.33.1.108] INFO  o.a.c.c.C.[.[.[/] - [log,173] - Initializing Spring DispatcherServlet 'dispatcherServlet'
09:22:04.156 [restartedMain] INFO  o.a.k.c.c.ConsumerConfig - [logAll,347] - ConsumerConfig values: 
	allow.auto.create.topics = true
	auto.commit.interval.ms = 5000
	auto.offset.reset = earliest
	bootstrap.servers = [10.145.219.3:8423, 10.145.219.4:8423, 10.145.219.5:8423]
	check.crcs = true
	client.dns.lookup = default
	client.id = 
	client.rack = 
	connections.max.idle.ms = 540000
	default.api.timeout.ms = 60000
	enable.auto.commit = false
	exclude.internal.topics = true
	fetch.max.bytes = 52428800
	fetch.max.wait.ms = 500
	fetch.min.bytes = 1
	group.id = DE_C_HRMS_STIEP
	group.instance.id = null
	heartbeat.interval.ms = 3000
	interceptor.classes = []
	internal.leave.group.on.close = true
	isolation.level = read_uncommitted
	key.deserializer = class org.apache.kafka.common.serialization.StringDeserializer
	max.partition.fetch.bytes = 1048576
	max.poll.interval.ms = 300000
	max.poll.records = 30
	metadata.max.age.ms = 300000
	metric.reporters = []
	metrics.num.samples = 2
	metrics.recording.level = INFO
	metrics.sample.window.ms = 30000
	partition.assignment.strategy = [class org.apache.kafka.clients.consumer.RangeAssignor]
	receive.buffer.bytes = 65536
	reconnect.backoff.max.ms = 1000
	reconnect.backoff.ms = 50
	request.timeout.ms = 30000
	retry.backoff.ms = 100
	sasl.client.callback.handler.class = null
	sasl.jaas.config = [hidden]
	sasl.kerberos.kinit.cmd = /usr/bin/kinit
	sasl.kerberos.min.time.before.relogin = 60000
	sasl.kerberos.service.name = null
	sasl.kerberos.ticket.renew.jitter = 0.05
	sasl.kerberos.ticket.renew.window.factor = 0.8
	sasl.login.callback.handler.class = null
	sasl.login.class = null
	sasl.login.refresh.buffer.seconds = 300
	sasl.login.refresh.min.period.seconds = 60
	sasl.login.refresh.window.factor = 0.8
	sasl.login.refresh.window.jitter = 0.05
	sasl.mechanism = SCRAM-SHA-512
	security.protocol = SASL_PLAINTEXT
	send.buffer.bytes = 131072
	session.timeout.ms = 10000
	ssl.cipher.suites = null
	ssl.enabled.protocols = [TLSv1.2, TLSv1.1, TLSv1]
	ssl.endpoint.identification.algorithm = https
	ssl.key.password = null
	ssl.keymanager.algorithm = SunX509
	ssl.keystore.location = null
	ssl.keystore.password = null
	ssl.keystore.type = JKS
	ssl.protocol = TLS
	ssl.provider = null
	ssl.secure.random.implementation = null
	ssl.trustmanager.algorithm = PKIX
	ssl.truststore.location = null
	ssl.truststore.password = null
	ssl.truststore.type = JKS
	value.deserializer = class org.apache.kafka.common.serialization.StringDeserializer

09:22:04.336 [restartedMain] INFO  o.a.k.c.s.a.AbstractLogin - [login,61] - Successfully logged in.
09:22:04.542 [restartedMain] INFO  o.a.k.c.u.AppInfoParser - [<init>,117] - Kafka version: 2.3.0
09:22:04.542 [restartedMain] INFO  o.a.k.c.u.AppInfoParser - [<init>,118] - Kafka commitId: fc1aaa116b661c8a
09:22:04.542 [restartedMain] INFO  o.a.k.c.u.AppInfoParser - [<init>,119] - Kafka startTimeMs: 1788484924537
09:22:04.546 [restartedMain] INFO  o.a.k.c.c.KafkaConsumer - [subscribe,964] - [Consumer clientId=consumer-1, groupId=DE_C_HRMS_STIEP] Subscribed to topic(s): DE_HRMS_STIEP
09:22:04.547 [restartedMain] INFO  c.r.w.k.SaslClient - [consume,127] - start consumer kafka
09:28:39.304 [http-nio-9587-exec-1] INFO  c.r.f.w.s.TokenService - [getToken,237] - user: null, backend Token: null
09:28:39.304 [http-nio-9587-exec-2] INFO  c.r.f.w.s.TokenService - [getToken,237] - user: null, backend Token: null
09:28:47.064 [http-nio-9587-exec-4] INFO  c.r.f.w.s.TokenService - [getToken,237] - user: null, backend Token: null
09:28:47.264 [schedule-pool-2] INFO  sys-user - [run,58] - [127.0.0.1]内网IP[madaosen][Success][登录成功]
09:28:47.407 [http-nio-9587-exec-6] INFO  c.r.f.w.s.TokenService - [getToken,237] - user: madaosen, backend Token: Bearer eyJhbGciOiJIUzUxMiJ9.eyJsb2dpbl91c2VyX2tleSI6ImYxYmJiNjVhLTZlYzQtNDg4Ni1hY2M3LTdkZjdmYTkxZjA0YyJ9.2XbJLwaH0AcO9GmF4c9rYdGM1vOnRkWV0_M_G_RTfJNR28k4zwPCUDBXbnn5BPFglD0zNgiJDQM-I3kzB8s8Fg
09:28:47.541 [http-nio-9587-exec-10] INFO  c.r.f.w.s.TokenService - [getToken,237] - user: madaosen, backend Token: Bearer eyJhbGciOiJIUzUxMiJ9.eyJsb2dpbl91c2VyX2tleSI6ImYxYmJiNjVhLTZlYzQtNDg4Ni1hY2M3LTdkZjdmYTkxZjA0YyJ9.2XbJLwaH0AcO9GmF4c9rYdGM1vOnRkWV0_M_G_RTfJNR28k4zwPCUDBXbnn5BPFglD0zNgiJDQM-I3kzB8s8Fg
09:28:47.544 [http-nio-9587-exec-9] INFO  c.r.f.w.s.TokenService - [getToken,237] - user: madaosen, backend Token: Bearer eyJhbGciOiJIUzUxMiJ9.eyJsb2dpbl91c2VyX2tleSI6ImYxYmJiNjVhLTZlYzQtNDg4Ni1hY2M3LTdkZjdmYTkxZjA0YyJ9.2XbJLwaH0AcO9GmF4c9rYdGM1vOnRkWV0_M_G_RTfJNR28k4zwPCUDBXbnn5BPFglD0zNgiJDQM-I3kzB8s8Fg
09:28:47.551 [http-nio-9587-exec-5] INFO  c.r.f.w.s.TokenService - [getToken,237] - user: madaosen, backend Token: Bearer eyJhbGciOiJIUzUxMiJ9.eyJsb2dpbl91c2VyX2tleSI6ImYxYmJiNjVhLTZlYzQtNDg4Ni1hY2M3LTdkZjdmYTkxZjA0YyJ9.2XbJLwaH0AcO9GmF4c9rYdGM1vOnRkWV0_M_G_RTfJNR28k4zwPCUDBXbnn5BPFglD0zNgiJDQM-I3kzB8s8Fg
09:28:47.557 [http-nio-9587-exec-4] INFO  c.r.f.w.s.TokenService - [getToken,237] - user: madaosen, backend Token: Bearer eyJhbGciOiJIUzUxMiJ9.eyJsb2dpbl91c2VyX2tleSI6ImYxYmJiNjVhLTZlYzQtNDg4Ni1hY2M3LTdkZjdmYTkxZjA0YyJ9.2XbJLwaH0AcO9GmF4c9rYdGM1vOnRkWV0_M_G_RTfJNR28k4zwPCUDBXbnn5BPFglD0zNgiJDQM-I3kzB8s8Fg
09:28:47.557 [http-nio-9587-exec-7] INFO  c.r.f.w.s.TokenService - [getToken,237] - user: madaosen, backend Token: Bearer eyJhbGciOiJIUzUxMiJ9.eyJsb2dpbl91c2VyX2tleSI6ImYxYmJiNjVhLTZlYzQtNDg4Ni1hY2M3LTdkZjdmYTkxZjA0YyJ9.2XbJLwaH0AcO9GmF4c9rYdGM1vOnRkWV0_M_G_RTfJNR28k4zwPCUDBXbnn5BPFglD0zNgiJDQM-I3kzB8s8Fg
09:28:47.563 [http-nio-9587-exec-6] INFO  c.r.f.w.s.TokenService - [getToken,237] - user: madaosen, backend Token: Bearer eyJhbGciOiJIUzUxMiJ9.eyJsb2dpbl91c2VyX2tleSI6ImYxYmJiNjVhLTZlYzQtNDg4Ni1hY2M3LTdkZjdmYTkxZjA0YyJ9.2XbJLwaH0AcO9GmF4c9rYdGM1vOnRkWV0_M_G_RTfJNR28k4zwPCUDBXbnn5BPFglD0zNgiJDQM-I3kzB8s8Fg
09:28:47.623 [http-nio-9587-exec-3] INFO  c.r.f.w.s.TokenService - [getToken,237] - user: madaosen, backend Token: Bearer eyJhbGciOiJIUzUxMiJ9.eyJsb2dpbl91c2VyX2tleSI6ImYxYmJiNjVhLTZlYzQtNDg4Ni1hY2M3LTdkZjdmYTkxZjA0YyJ9.2XbJLwaH0AcO9GmF4c9rYdGM1vOnRkWV0_M_G_RTfJNR28k4zwPCUDBXbnn5BPFglD0zNgiJDQM-I3kzB8s8Fg
09:28:47.665 [http-nio-9587-exec-8] INFO  c.r.f.w.s.TokenService - [getToken,237] - user: madaosen, backend Token: Bearer eyJhbGciOiJIUzUxMiJ9.eyJsb2dpbl91c2VyX2tleSI6ImYxYmJiNjVhLTZlYzQtNDg4Ni1hY2M3LTdkZjdmYTkxZjA0YyJ9.2XbJLwaH0AcO9GmF4c9rYdGM1vOnRkWV0_M_G_RTfJNR28k4zwPCUDBXbnn5BPFglD0zNgiJDQM-I3kzB8s8Fg
09:28:47.689 [http-nio-9587-exec-1] INFO  c.r.f.w.s.TokenService - [getToken,237] - user: madaosen, backend Token: Bearer eyJhbGciOiJIUzUxMiJ9.eyJsb2dpbl91c2VyX2tleSI6ImYxYmJiNjVhLTZlYzQtNDg4Ni1hY2M3LTdkZjdmYTkxZjA0YyJ9.2XbJLwaH0AcO9GmF4c9rYdGM1vOnRkWV0_M_G_RTfJNR28k4zwPCUDBXbnn5BPFglD0zNgiJDQM-I3kzB8s8Fg
09:28:47.803 [http-nio-9587-exec-2] INFO  c.r.f.w.s.TokenService - [getToken,237] - user: madaosen, backend Token: Bearer eyJhbGciOiJIUzUxMiJ9.eyJsb2dpbl91c2VyX2tleSI6ImYxYmJiNjVhLTZlYzQtNDg4Ni1hY2M3LTdkZjdmYTkxZjA0YyJ9.2XbJLwaH0AcO9GmF4c9rYdGM1vOnRkWV0_M_G_RTfJNR28k4zwPCUDBXbnn5BPFglD0zNgiJDQM-I3kzB8s8Fg
09:28:47.804 [http-nio-9587-exec-10] INFO  c.r.f.w.s.TokenService - [getToken,237] - user: madaosen, backend Token: Bearer eyJhbGciOiJIUzUxMiJ9.eyJsb2dpbl91c2VyX2tleSI6ImYxYmJiNjVhLTZlYzQtNDg4Ni1hY2M3LTdkZjdmYTkxZjA0YyJ9.2XbJLwaH0AcO9GmF4c9rYdGM1vOnRkWV0_M_G_RTfJNR28k4zwPCUDBXbnn5BPFglD0zNgiJDQM-I3kzB8s8Fg
09:28:47.843 [http-nio-9587-exec-9] INFO  c.r.f.w.s.TokenService - [getToken,237] - user: madaosen, backend Token: Bearer eyJhbGciOiJIUzUxMiJ9.eyJsb2dpbl91c2VyX2tleSI6ImYxYmJiNjVhLTZlYzQtNDg4Ni1hY2M3LTdkZjdmYTkxZjA0YyJ9.2XbJLwaH0AcO9GmF4c9rYdGM1vOnRkWV0_M_G_RTfJNR28k4zwPCUDBXbnn5BPFglD0zNgiJDQM-I3kzB8s8Fg
09:28:47.843 [http-nio-9587-exec-8] INFO  c.r.f.w.s.TokenService - [getToken,237] - user: madaosen, backend Token: Bearer eyJhbGciOiJIUzUxMiJ9.eyJsb2dpbl91c2VyX2tleSI6ImYxYmJiNjVhLTZlYzQtNDg4Ni1hY2M3LTdkZjdmYTkxZjA0YyJ9.2XbJLwaH0AcO9GmF4c9rYdGM1vOnRkWV0_M_G_RTfJNR28k4zwPCUDBXbnn5BPFglD0zNgiJDQM-I3kzB8s8Fg
09:28:47.868 [http-nio-9587-exec-7] INFO  c.r.f.w.s.TokenService - [getToken,237] - user: madaosen, backend Token: Bearer eyJhbGciOiJIUzUxMiJ9.eyJsb2dpbl91c2VyX2tleSI6ImYxYmJiNjVhLTZlYzQtNDg4Ni1hY2M3LTdkZjdmYTkxZjA0YyJ9.2XbJLwaH0AcO9GmF4c9rYdGM1vOnRkWV0_M_G_RTfJNR28k4zwPCUDBXbnn5BPFglD0zNgiJDQM-I3kzB8s8Fg
09:28:47.886 [http-nio-9587-exec-6] INFO  c.r.f.w.s.TokenService - [getToken,237] - user: madaosen, backend Token: Bearer eyJhbGciOiJIUzUxMiJ9.eyJsb2dpbl91c2VyX2tleSI6ImYxYmJiNjVhLTZlYzQtNDg4Ni1hY2M3LTdkZjdmYTkxZjA0YyJ9.2XbJLwaH0AcO9GmF4c9rYdGM1vOnRkWV0_M_G_RTfJNR28k4zwPCUDBXbnn5BPFglD0zNgiJDQM-I3kzB8s8Fg
09:28:47.897 [http-nio-9587-exec-5] INFO  c.r.f.w.s.TokenService - [getToken,237] - user: madaosen, backend Token: Bearer eyJhbGciOiJIUzUxMiJ9.eyJsb2dpbl91c2VyX2tleSI6ImYxYmJiNjVhLTZlYzQtNDg4Ni1hY2M3LTdkZjdmYTkxZjA0YyJ9.2XbJLwaH0AcO9GmF4c9rYdGM1vOnRkWV0_M_G_RTfJNR28k4zwPCUDBXbnn5BPFglD0zNgiJDQM-I3kzB8s8Fg
09:28:47.942 [http-nio-9587-exec-3] INFO  c.r.f.w.s.TokenService - [getToken,237] - user: madaosen, backend Token: Bearer eyJhbGciOiJIUzUxMiJ9.eyJsb2dpbl91c2VyX2tleSI6ImYxYmJiNjVhLTZlYzQtNDg4Ni1hY2M3LTdkZjdmYTkxZjA0YyJ9.2XbJLwaH0AcO9GmF4c9rYdGM1vOnRkWV0_M_G_RTfJNR28k4zwPCUDBXbnn5BPFglD0zNgiJDQM-I3kzB8s8Fg
09:28:48.030 [http-nio-9587-exec-8] INFO  c.r.f.w.s.TokenService - [getToken,237] - user: madaosen, backend Token: Bearer eyJhbGciOiJIUzUxMiJ9.eyJsb2dpbl91c2VyX2tleSI6ImYxYmJiNjVhLTZlYzQtNDg4Ni1hY2M3LTdkZjdmYTkxZjA0YyJ9.2XbJLwaH0AcO9GmF4c9rYdGM1vOnRkWV0_M_G_RTfJNR28k4zwPCUDBXbnn5BPFglD0zNgiJDQM-I3kzB8s8Fg
09:28:48.030 [http-nio-9587-exec-6] INFO  c.r.f.w.s.TokenService - [getToken,237] - user: madaosen, backend Token: Bearer eyJhbGciOiJIUzUxMiJ9.eyJsb2dpbl91c2VyX2tleSI6ImYxYmJiNjVhLTZlYzQtNDg4Ni1hY2M3LTdkZjdmYTkxZjA0YyJ9.2XbJLwaH0AcO9GmF4c9rYdGM1vOnRkWV0_M_G_RTfJNR28k4zwPCUDBXbnn5BPFglD0zNgiJDQM-I3kzB8s8Fg
09:28:48.037 [http-nio-9587-exec-5] INFO  c.r.f.w.s.TokenService - [getToken,237] - user: madaosen, backend Token: Bearer eyJhbGciOiJIUzUxMiJ9.eyJsb2dpbl91c2VyX2tleSI6ImYxYmJiNjVhLTZlYzQtNDg4Ni1hY2M3LTdkZjdmYTkxZjA0YyJ9.2XbJLwaH0AcO9GmF4c9rYdGM1vOnRkWV0_M_G_RTfJNR28k4zwPCUDBXbnn5BPFglD0zNgiJDQM-I3kzB8s8Fg
09:28:48.126 [http-nio-9587-exec-9] INFO  c.r.f.w.s.TokenService - [getToken,237] - user: madaosen, backend Token: Bearer eyJhbGciOiJIUzUxMiJ9.eyJsb2dpbl91c2VyX2tleSI6ImYxYmJiNjVhLTZlYzQtNDg4Ni1hY2M3LTdkZjdmYTkxZjA0YyJ9.2XbJLwaH0AcO9GmF4c9rYdGM1vOnRkWV0_M_G_RTfJNR28k4zwPCUDBXbnn5BPFglD0zNgiJDQM-I3kzB8s8Fg
09:34:28.782 [http-nio-9587-exec-3] INFO  c.r.f.w.s.TokenService - [getToken,237] - user: madaosen, backend Token: Bearer eyJhbGciOiJIUzUxMiJ9.eyJsb2dpbl91c2VyX2tleSI6ImYxYmJiNjVhLTZlYzQtNDg4Ni1hY2M3LTdkZjdmYTkxZjA0YyJ9.2XbJLwaH0AcO9GmF4c9rYdGM1vOnRkWV0_M_G_RTfJNR28k4zwPCUDBXbnn5BPFglD0zNgiJDQM-I3kzB8s8Fg
09:34:29.744 [http-nio-9587-exec-3] INFO  c.r.f.w.s.TokenService - [getToken,237] - user: madaosen, backend Token: Bearer eyJhbGciOiJIUzUxMiJ9.eyJsb2dpbl91c2VyX2tleSI6ImYxYmJiNjVhLTZlYzQtNDg4Ni1hY2M3LTdkZjdmYTkxZjA0YyJ9.2XbJLwaH0AcO9GmF4c9rYdGM1vOnRkWV0_M_G_RTfJNR28k4zwPCUDBXbnn5BPFglD0zNgiJDQM-I3kzB8s8Fg
09:34:29.747 [http-nio-9587-exec-10] INFO  c.r.f.w.s.TokenService - [getToken,237] - user: madaosen, backend Token: Bearer eyJhbGciOiJIUzUxMiJ9.eyJsb2dpbl91c2VyX2tleSI6ImYxYmJiNjVhLTZlYzQtNDg4Ni1hY2M3LTdkZjdmYTkxZjA0YyJ9.2XbJLwaH0AcO9GmF4c9rYdGM1vOnRkWV0_M_G_RTfJNR28k4zwPCUDBXbnn5BPFglD0zNgiJDQM-I3kzB8s8Fg
09:34:29.755 [http-nio-9587-exec-6] INFO  c.r.f.w.s.TokenService - [getToken,237] - user: madaosen, backend Token: Bearer eyJhbGciOiJIUzUxMiJ9.eyJsb2dpbl91c2VyX2tleSI6ImYxYmJiNjVhLTZlYzQtNDg4Ni1hY2M3LTdkZjdmYTkxZjA0YyJ9.2XbJLwaH0AcO9GmF4c9rYdGM1vOnRkWV0_M_G_RTfJNR28k4zwPCUDBXbnn5BPFglD0zNgiJDQM-I3kzB8s8Fg
09:34:29.759 [http-nio-9587-exec-9] INFO  c.r.f.w.s.TokenService - [getToken,237] - user: madaosen, backend Token: Bearer eyJhbGciOiJIUzUxMiJ9.eyJsb2dpbl91c2VyX2tleSI6ImYxYmJiNjVhLTZlYzQtNDg4Ni1hY2M3LTdkZjdmYTkxZjA0YyJ9.2XbJLwaH0AcO9GmF4c9rYdGM1vOnRkWV0_M_G_RTfJNR28k4zwPCUDBXbnn5BPFglD0zNgiJDQM-I3kzB8s8Fg
09:34:29.759 [http-nio-9587-exec-8] INFO  c.r.f.w.s.TokenService - [getToken,237] - user: madaosen, backend Token: Bearer eyJhbGciOiJIUzUxMiJ9.eyJsb2dpbl91c2VyX2tleSI6ImYxYmJiNjVhLTZlYzQtNDg4Ni1hY2M3LTdkZjdmYTkxZjA0YyJ9.2XbJLwaH0AcO9GmF4c9rYdGM1vOnRkWV0_M_G_RTfJNR28k4zwPCUDBXbnn5BPFglD0zNgiJDQM-I3kzB8s8Fg
09:34:29.762 [http-nio-9587-exec-1] INFO  c.r.f.w.s.TokenService - [getToken,237] - user: madaosen, backend Token: Bearer eyJhbGciOiJIUzUxMiJ9.eyJsb2dpbl91c2VyX2tleSI6ImYxYmJiNjVhLTZlYzQtNDg4Ni1hY2M3LTdkZjdmYTkxZjA0YyJ9.2XbJLwaH0AcO9GmF4c9rYdGM1vOnRkWV0_M_G_RTfJNR28k4zwPCUDBXbnn5BPFglD0zNgiJDQM-I3kzB8s8Fg
09:34:29.783 [http-nio-9587-exec-7] INFO  c.r.f.w.s.TokenService - [getToken,237] - user: madaosen, backend Token: Bearer eyJhbGciOiJIUzUxMiJ9.eyJsb2dpbl91c2VyX2tleSI6ImYxYmJiNjVhLTZlYzQtNDg4Ni1hY2M3LTdkZjdmYTkxZjA0YyJ9.2XbJLwaH0AcO9GmF4c9rYdGM1vOnRkWV0_M_G_RTfJNR28k4zwPCUDBXbnn5BPFglD0zNgiJDQM-I3kzB8s8Fg
09:34:29.787 [http-nio-9587-exec-1] INFO  c.r.f.w.s.TokenService - [getToken,237] - user: madaosen, backend Token: Bearer eyJhbGciOiJIUzUxMiJ9.eyJsb2dpbl91c2VyX2tleSI6ImYxYmJiNjVhLTZlYzQtNDg4Ni1hY2M3LTdkZjdmYTkxZjA0YyJ9.2XbJLwaH0AcO9GmF4c9rYdGM1vOnRkWV0_M_G_RTfJNR28k4zwPCUDBXbnn5BPFglD0zNgiJDQM-I3kzB8s8Fg
09:34:29.811 [http-nio-9587-exec-5] INFO  c.r.f.w.s.TokenService - [getToken,237] - user: madaosen, backend Token: Bearer eyJhbGciOiJIUzUxMiJ9.eyJsb2dpbl91c2VyX2tleSI6ImYxYmJiNjVhLTZlYzQtNDg4Ni1hY2M3LTdkZjdmYTkxZjA0YyJ9.2XbJLwaH0AcO9GmF4c9rYdGM1vOnRkWV0_M_G_RTfJNR28k4zwPCUDBXbnn5BPFglD0zNgiJDQM-I3kzB8s8Fg
09:34:29.828 [http-nio-9587-exec-4] INFO  c.r.f.w.s.TokenService - [getToken,237] - user: madaosen, backend Token: Bearer eyJhbGciOiJIUzUxMiJ9.eyJsb2dpbl91c2VyX2tleSI6ImYxYmJiNjVhLTZlYzQtNDg4Ni1hY2M3LTdkZjdmYTkxZjA0YyJ9.2XbJLwaH0AcO9GmF4c9rYdGM1vOnRkWV0_M_G_RTfJNR28k4zwPCUDBXbnn5BPFglD0zNgiJDQM-I3kzB8s8Fg
09:34:29.864 [http-nio-9587-exec-9] INFO  c.r.f.w.s.TokenService - [getToken,237] - user: madaosen, backend Token: Bearer eyJhbGciOiJIUzUxMiJ9.eyJsb2dpbl91c2VyX2tleSI6ImYxYmJiNjVhLTZlYzQtNDg4Ni1hY2M3LTdkZjdmYTkxZjA0YyJ9.2XbJLwaH0AcO9GmF4c9rYdGM1vOnRkWV0_M_G_RTfJNR28k4zwPCUDBXbnn5BPFglD0zNgiJDQM-I3kzB8s8Fg
09:34:29.930 [http-nio-9587-exec-2] INFO  c.r.f.w.s.TokenService - [getToken,237] - user: madaosen, backend Token: Bearer eyJhbGciOiJIUzUxMiJ9.eyJsb2dpbl91c2VyX2tleSI6ImYxYmJiNjVhLTZlYzQtNDg4Ni1hY2M3LTdkZjdmYTkxZjA0YyJ9.2XbJLwaH0AcO9GmF4c9rYdGM1vOnRkWV0_M_G_RTfJNR28k4zwPCUDBXbnn5BPFglD0zNgiJDQM-I3kzB8s8Fg
09:34:29.971 [http-nio-9587-exec-1] INFO  c.r.f.w.s.TokenService - [getToken,237] - user: madaosen, backend Token: Bearer eyJhbGciOiJIUzUxMiJ9.eyJsb2dpbl91c2VyX2tleSI6ImYxYmJiNjVhLTZlYzQtNDg4Ni1hY2M3LTdkZjdmYTkxZjA0YyJ9.2XbJLwaH0AcO9GmF4c9rYdGM1vOnRkWV0_M_G_RTfJNR28k4zwPCUDBXbnn5BPFglD0zNgiJDQM-I3kzB8s8Fg
09:34:29.985 [http-nio-9587-exec-7] INFO  c.r.f.w.s.TokenService - [getToken,237] - user: madaosen, backend Token: Bearer eyJhbGciOiJIUzUxMiJ9.eyJsb2dpbl91c2VyX2tleSI6ImYxYmJiNjVhLTZlYzQtNDg4Ni1hY2M3LTdkZjdmYTkxZjA0YyJ9.2XbJLwaH0AcO9GmF4c9rYdGM1vOnRkWV0_M_G_RTfJNR28k4zwPCUDBXbnn5BPFglD0zNgiJDQM-I3kzB8s8Fg
09:34:29.986 [http-nio-9587-exec-5] INFO  c.r.f.w.s.TokenService - [getToken,237] - user: madaosen, backend Token: Bearer eyJhbGciOiJIUzUxMiJ9.eyJsb2dpbl91c2VyX2tleSI6ImYxYmJiNjVhLTZlYzQtNDg4Ni1hY2M3LTdkZjdmYTkxZjA0YyJ9.2XbJLwaH0AcO9GmF4c9rYdGM1vOnRkWV0_M_G_RTfJNR28k4zwPCUDBXbnn5BPFglD0zNgiJDQM-I3kzB8s8Fg
09:34:29.994 [http-nio-9587-exec-10] INFO  c.r.f.w.s.TokenService - [getToken,237] - user: madaosen, backend Token: Bearer eyJhbGciOiJIUzUxMiJ9.eyJsb2dpbl91c2VyX2tleSI6ImYxYmJiNjVhLTZlYzQtNDg4Ni1hY2M3LTdkZjdmYTkxZjA0YyJ9.2XbJLwaH0AcO9GmF4c9rYdGM1vOnRkWV0_M_G_RTfJNR28k4zwPCUDBXbnn5BPFglD0zNgiJDQM-I3kzB8s8Fg
09:34:30.013 [http-nio-9587-exec-6] INFO  c.r.f.w.s.TokenService - [getToken,237] - user: madaosen, backend Token: Bearer eyJhbGciOiJIUzUxMiJ9.eyJsb2dpbl91c2VyX2tleSI6ImYxYmJiNjVhLTZlYzQtNDg4Ni1hY2M3LTdkZjdmYTkxZjA0YyJ9.2XbJLwaH0AcO9GmF4c9rYdGM1vOnRkWV0_M_G_RTfJNR28k4zwPCUDBXbnn5BPFglD0zNgiJDQM-I3kzB8s8Fg
09:34:30.014 [http-nio-9587-exec-9] INFO  c.r.f.w.s.TokenService - [getToken,237] - user: madaosen, backend Token: Bearer eyJhbGciOiJIUzUxMiJ9.eyJsb2dpbl91c2VyX2tleSI6ImYxYmJiNjVhLTZlYzQtNDg4Ni1hY2M3LTdkZjdmYTkxZjA0YyJ9.2XbJLwaH0AcO9GmF4c9rYdGM1vOnRkWV0_M_G_RTfJNR28k4zwPCUDBXbnn5BPFglD0zNgiJDQM-I3kzB8s8Fg
09:34:30.025 [http-nio-9587-exec-2] INFO  c.r.f.w.s.TokenService - [getToken,237] - user: madaosen, backend Token: Bearer eyJhbGciOiJIUzUxMiJ9.eyJsb2dpbl91c2VyX2tleSI6ImYxYmJiNjVhLTZlYzQtNDg4Ni1hY2M3LTdkZjdmYTkxZjA0YyJ9.2XbJLwaH0AcO9GmF4c9rYdGM1vOnRkWV0_M_G_RTfJNR28k4zwPCUDBXbnn5BPFglD0zNgiJDQM-I3kzB8s8Fg
09:34:30.201 [http-nio-9587-exec-10] INFO  c.r.f.w.s.TokenService - [getToken,237] - user: madaosen, backend Token: Bearer eyJhbGciOiJIUzUxMiJ9.eyJsb2dpbl91c2VyX2tleSI6ImYxYmJiNjVhLTZlYzQtNDg4Ni1hY2M3LTdkZjdmYTkxZjA0YyJ9.2XbJLwaH0AcO9GmF4c9rYdGM1vOnRkWV0_M_G_RTfJNR28k4zwPCUDBXbnn5BPFglD0zNgiJDQM-I3kzB8s8Fg
09:34:30.288 [http-nio-9587-exec-6] INFO  c.r.f.w.s.TokenService - [getToken,237] - user: madaosen, backend Token: Bearer eyJhbGciOiJIUzUxMiJ9.eyJsb2dpbl91c2VyX2tleSI6ImYxYmJiNjVhLTZlYzQtNDg4Ni1hY2M3LTdkZjdmYTkxZjA0YyJ9.2XbJLwaH0AcO9GmF4c9rYdGM1vOnRkWV0_M_G_RTfJNR28k4zwPCUDBXbnn5BPFglD0zNgiJDQM-I3kzB8s8Fg
09:34:30.339 [http-nio-9587-exec-7] INFO  c.r.f.w.s.TokenService - [getToken,237] - user: madaosen, backend Token: Bearer eyJhbGciOiJIUzUxMiJ9.eyJsb2dpbl91c2VyX2tleSI6ImYxYmJiNjVhLTZlYzQtNDg4Ni1hY2M3LTdkZjdmYTkxZjA0YyJ9.2XbJLwaH0AcO9GmF4c9rYdGM1vOnRkWV0_M_G_RTfJNR28k4zwPCUDBXbnn5BPFglD0zNgiJDQM-I3kzB8s8Fg
09:34:30.339 [http-nio-9587-exec-4] INFO  c.r.f.w.s.TokenService - [getToken,237] - user: madaosen, backend Token: Bearer eyJhbGciOiJIUzUxMiJ9.eyJsb2dpbl91c2VyX2tleSI6ImYxYmJiNjVhLTZlYzQtNDg4Ni1hY2M3LTdkZjdmYTkxZjA0YyJ9.2XbJLwaH0AcO9GmF4c9rYdGM1vOnRkWV0_M_G_RTfJNR28k4zwPCUDBXbnn5BPFglD0zNgiJDQM-I3kzB8s8Fg
09:34:30.372 [http-nio-9587-exec-1] INFO  c.r.f.w.s.TokenService - [getToken,237] - user: madaosen, backend Token: Bearer eyJhbGciOiJIUzUxMiJ9.eyJsb2dpbl91c2VyX2tleSI6ImYxYmJiNjVhLTZlYzQtNDg4Ni1hY2M3LTdkZjdmYTkxZjA0YyJ9.2XbJLwaH0AcO9GmF4c9rYdGM1vOnRkWV0_M_G_RTfJNR28k4zwPCUDBXbnn5BPFglD0zNgiJDQM-I3kzB8s8Fg
09:34:30.412 [http-nio-9587-exec-7] INFO  c.r.f.w.s.TokenService - [getToken,237] - user: madaosen, backend Token: Bearer eyJhbGciOiJIUzUxMiJ9.eyJsb2dpbl91c2VyX2tleSI6ImYxYmJiNjVhLTZlYzQtNDg4Ni1hY2M3LTdkZjdmYTkxZjA0YyJ9.2XbJLwaH0AcO9GmF4c9rYdGM1vOnRkWV0_M_G_RTfJNR28k4zwPCUDBXbnn5BPFglD0zNgiJDQM-I3kzB8s8Fg
09:34:30.412 [http-nio-9587-exec-9] INFO  c.r.f.w.s.TokenService - [getToken,237] - user: madaosen, backend Token: Bearer eyJhbGciOiJIUzUxMiJ9.eyJsb2dpbl91c2VyX2tleSI6ImYxYmJiNjVhLTZlYzQtNDg4Ni1hY2M3LTdkZjdmYTkxZjA0YyJ9.2XbJLwaH0AcO9GmF4c9rYdGM1vOnRkWV0_M_G_RTfJNR28k4zwPCUDBXbnn5BPFglD0zNgiJDQM-I3kzB8s8Fg
09:34:30.415 [http-nio-9587-exec-4] INFO  c.r.f.w.s.TokenService - [getToken,237] - user: madaosen, backend Token: Bearer eyJhbGciOiJIUzUxMiJ9.eyJsb2dpbl91c2VyX2tleSI6ImYxYmJiNjVhLTZlYzQtNDg4Ni1hY2M3LTdkZjdmYTkxZjA0YyJ9.2XbJLwaH0AcO9GmF4c9rYdGM1vOnRkWV0_M_G_RTfJNR28k4zwPCUDBXbnn5BPFglD0zNgiJDQM-I3kzB8s8Fg
09:34:30.415 [http-nio-9587-exec-6] INFO  c.r.f.w.s.TokenService - [getToken,237] - user: madaosen, backend Token: Bearer eyJhbGciOiJIUzUxMiJ9.eyJsb2dpbl91c2VyX2tleSI6ImYxYmJiNjVhLTZlYzQtNDg4Ni1hY2M3LTdkZjdmYTkxZjA0YyJ9.2XbJLwaH0AcO9GmF4c9rYdGM1vOnRkWV0_M_G_RTfJNR28k4zwPCUDBXbnn5BPFglD0zNgiJDQM-I3kzB8s8Fg
09:34:30.416 [http-nio-9587-exec-1] INFO  c.r.f.w.s.TokenService - [getToken,237] - user: madaosen, backend Token: Bearer eyJhbGciOiJIUzUxMiJ9.eyJsb2dpbl91c2VyX2tleSI6ImYxYmJiNjVhLTZlYzQtNDg4Ni1hY2M3LTdkZjdmYTkxZjA0YyJ9.2XbJLwaH0AcO9GmF4c9rYdGM1vOnRkWV0_M_G_RTfJNR28k4zwPCUDBXbnn5BPFglD0zNgiJDQM-I3kzB8s8Fg
09:34:30.431 [http-nio-9587-exec-8] INFO  c.r.f.w.s.TokenService - [getToken,237] - user: madaosen, backend Token: Bearer eyJhbGciOiJIUzUxMiJ9.eyJsb2dpbl91c2VyX2tleSI6ImYxYmJiNjVhLTZlYzQtNDg4Ni1hY2M3LTdkZjdmYTkxZjA0YyJ9.2XbJLwaH0AcO9GmF4c9rYdGM1vOnRkWV0_M_G_RTfJNR28k4zwPCUDBXbnn5BPFglD0zNgiJDQM-I3kzB8s8Fg
09:34:30.509 [http-nio-9587-exec-7] INFO  c.r.f.w.s.TokenService - [getToken,237] - user: madaosen, backend Token: Bearer eyJhbGciOiJIUzUxMiJ9.eyJsb2dpbl91c2VyX2tleSI6ImYxYmJiNjVhLTZlYzQtNDg4Ni1hY2M3LTdkZjdmYTkxZjA0YyJ9.2XbJLwaH0AcO9GmF4c9rYdGM1vOnRkWV0_M_G_RTfJNR28k4zwPCUDBXbnn5BPFglD0zNgiJDQM-I3kzB8s8Fg
09:34:30.512 [http-nio-9587-exec-2] INFO  c.r.f.w.s.TokenService - [getToken,237] - user: madaosen, backend Token: Bearer eyJhbGciOiJIUzUxMiJ9.eyJsb2dpbl91c2VyX2tleSI6ImYxYmJiNjVhLTZlYzQtNDg4Ni1hY2M3LTdkZjdmYTkxZjA0YyJ9.2XbJLwaH0AcO9GmF4c9rYdGM1vOnRkWV0_M_G_RTfJNR28k4zwPCUDBXbnn5BPFglD0zNgiJDQM-I3kzB8s8Fg
09:34:30.514 [http-nio-9587-exec-5] INFO  c.r.f.w.s.TokenService - [getToken,237] - user: madaosen, backend Token: Bearer eyJhbGciOiJIUzUxMiJ9.eyJsb2dpbl91c2VyX2tleSI6ImYxYmJiNjVhLTZlYzQtNDg4Ni1hY2M3LTdkZjdmYTkxZjA0YyJ9.2XbJLwaH0AcO9GmF4c9rYdGM1vOnRkWV0_M_G_RTfJNR28k4zwPCUDBXbnn5BPFglD0zNgiJDQM-I3kzB8s8Fg
09:34:30.516 [http-nio-9587-exec-4] INFO  c.r.f.w.s.TokenService - [getToken,237] - user: madaosen, backend Token: Bearer eyJhbGciOiJIUzUxMiJ9.eyJsb2dpbl91c2VyX2tleSI6ImYxYmJiNjVhLTZlYzQtNDg4Ni1hY2M3LTdkZjdmYTkxZjA0YyJ9.2XbJLwaH0AcO9GmF4c9rYdGM1vOnRkWV0_M_G_RTfJNR28k4zwPCUDBXbnn5BPFglD0zNgiJDQM-I3kzB8s8Fg
09:34:35.367 [http-nio-9587-exec-8] INFO  c.r.f.w.s.TokenService - [getToken,237] - user: madaosen, backend Token: Bearer eyJhbGciOiJIUzUxMiJ9.eyJsb2dpbl91c2VyX2tleSI6ImYxYmJiNjVhLTZlYzQtNDg4Ni1hY2M3LTdkZjdmYTkxZjA0YyJ9.2XbJLwaH0AcO9GmF4c9rYdGM1vOnRkWV0_M_G_RTfJNR28k4zwPCUDBXbnn5BPFglD0zNgiJDQM-I3kzB8s8Fg
09:34:41.267 [http-nio-9587-exec-5] INFO  c.r.f.w.s.TokenService - [getToken,237] - user: madaosen, backend Token: Bearer eyJhbGciOiJIUzUxMiJ9.eyJsb2dpbl91c2VyX2tleSI6ImYxYmJiNjVhLTZlYzQtNDg4Ni1hY2M3LTdkZjdmYTkxZjA0YyJ9.2XbJLwaH0AcO9GmF4c9rYdGM1vOnRkWV0_M_G_RTfJNR28k4zwPCUDBXbnn5BPFglD0zNgiJDQM-I3kzB8s8Fg
09:34:41.267 [http-nio-9587-exec-2] INFO  c.r.f.w.s.TokenService - [getToken,237] - user: madaosen, backend Token: Bearer eyJhbGciOiJIUzUxMiJ9.eyJsb2dpbl91c2VyX2tleSI6ImYxYmJiNjVhLTZlYzQtNDg4Ni1hY2M3LTdkZjdmYTkxZjA0YyJ9.2XbJLwaH0AcO9GmF4c9rYdGM1vOnRkWV0_M_G_RTfJNR28k4zwPCUDBXbnn5BPFglD0zNgiJDQM-I3kzB8s8Fg
09:34:41.267 [http-nio-9587-exec-4] INFO  c.r.f.w.s.TokenService - [getToken,237] - user: madaosen, backend Token: Bearer eyJhbGciOiJIUzUxMiJ9.eyJsb2dpbl91c2VyX2tleSI6ImYxYmJiNjVhLTZlYzQtNDg4Ni1hY2M3LTdkZjdmYTkxZjA0YyJ9.2XbJLwaH0AcO9GmF4c9rYdGM1vOnRkWV0_M_G_RTfJNR28k4zwPCUDBXbnn5BPFglD0zNgiJDQM-I3kzB8s8Fg
09:34:41.269 [http-nio-9587-exec-7] INFO  c.r.f.w.s.TokenService - [getToken,237] - user: madaosen, backend Token: Bearer eyJhbGciOiJIUzUxMiJ9.eyJsb2dpbl91c2VyX2tleSI6ImYxYmJiNjVhLTZlYzQtNDg4Ni1hY2M3LTdkZjdmYTkxZjA0YyJ9.2XbJLwaH0AcO9GmF4c9rYdGM1vOnRkWV0_M_G_RTfJNR28k4zwPCUDBXbnn5BPFglD0zNgiJDQM-I3kzB8s8Fg
09:34:41.295 [http-nio-9587-exec-8] INFO  c.r.f.w.s.TokenService - [getToken,237] - user: madaosen, backend Token: Bearer eyJhbGciOiJIUzUxMiJ9.eyJsb2dpbl91c2VyX2tleSI6ImYxYmJiNjVhLTZlYzQtNDg4Ni1hY2M3LTdkZjdmYTkxZjA0YyJ9.2XbJLwaH0AcO9GmF4c9rYdGM1vOnRkWV0_M_G_RTfJNR28k4zwPCUDBXbnn5BPFglD0zNgiJDQM-I3kzB8s8Fg
09:34:41.305 [http-nio-9587-exec-9] INFO  c.r.f.w.s.TokenService - [getToken,237] - user: madaosen, backend Token: Bearer eyJhbGciOiJIUzUxMiJ9.eyJsb2dpbl91c2VyX2tleSI6ImYxYmJiNjVhLTZlYzQtNDg4Ni1hY2M3LTdkZjdmYTkxZjA0YyJ9.2XbJLwaH0AcO9GmF4c9rYdGM1vOnRkWV0_M_G_RTfJNR28k4zwPCUDBXbnn5BPFglD0zNgiJDQM-I3kzB8s8Fg
09:34:41.347 [http-nio-9587-exec-1] INFO  c.r.f.w.s.TokenService - [getToken,237] - user: madaosen, backend Token: Bearer eyJhbGciOiJIUzUxMiJ9.eyJsb2dpbl91c2VyX2tleSI6ImYxYmJiNjVhLTZlYzQtNDg4Ni1hY2M3LTdkZjdmYTkxZjA0YyJ9.2XbJLwaH0AcO9GmF4c9rYdGM1vOnRkWV0_M_G_RTfJNR28k4zwPCUDBXbnn5BPFglD0zNgiJDQM-I3kzB8s8Fg
09:34:45.135 [http-nio-9587-exec-5] INFO  c.r.f.w.s.TokenService - [getToken,237] - user: madaosen, backend Token: Bearer eyJhbGciOiJIUzUxMiJ9.eyJsb2dpbl91c2VyX2tleSI6ImYxYmJiNjVhLTZlYzQtNDg4Ni1hY2M3LTdkZjdmYTkxZjA0YyJ9.2XbJLwaH0AcO9GmF4c9rYdGM1vOnRkWV0_M_G_RTfJNR28k4zwPCUDBXbnn5BPFglD0zNgiJDQM-I3kzB8s8Fg
09:34:45.292 [http-nio-9587-exec-4] INFO  c.r.f.w.s.TokenService - [getToken,237] - user: madaosen, backend Token: Bearer eyJhbGciOiJIUzUxMiJ9.eyJsb2dpbl91c2VyX2tleSI6ImYxYmJiNjVhLTZlYzQtNDg4Ni1hY2M3LTdkZjdmYTkxZjA0YyJ9.2XbJLwaH0AcO9GmF4c9rYdGM1vOnRkWV0_M_G_RTfJNR28k4zwPCUDBXbnn5BPFglD0zNgiJDQM-I3kzB8s8Fg
09:34:45.294 [http-nio-9587-exec-9] INFO  c.r.f.w.s.TokenService - [getToken,237] - user: madaosen, backend Token: Bearer eyJhbGciOiJIUzUxMiJ9.eyJsb2dpbl91c2VyX2tleSI6ImYxYmJiNjVhLTZlYzQtNDg4Ni1hY2M3LTdkZjdmYTkxZjA0YyJ9.2XbJLwaH0AcO9GmF4c9rYdGM1vOnRkWV0_M_G_RTfJNR28k4zwPCUDBXbnn5BPFglD0zNgiJDQM-I3kzB8s8Fg
09:34:45.294 [http-nio-9587-exec-8] INFO  c.r.f.w.s.TokenService - [getToken,237] - user: madaosen, backend Token: Bearer eyJhbGciOiJIUzUxMiJ9.eyJsb2dpbl91c2VyX2tleSI6ImYxYmJiNjVhLTZlYzQtNDg4Ni1hY2M3LTdkZjdmYTkxZjA0YyJ9.2XbJLwaH0AcO9GmF4c9rYdGM1vOnRkWV0_M_G_RTfJNR28k4zwPCUDBXbnn5BPFglD0zNgiJDQM-I3kzB8s8Fg
09:34:45.308 [http-nio-9587-exec-1] INFO  c.r.f.w.s.TokenService - [getToken,237] - user: madaosen, backend Token: Bearer eyJhbGciOiJIUzUxMiJ9.eyJsb2dpbl91c2VyX2tleSI6ImYxYmJiNjVhLTZlYzQtNDg4Ni1hY2M3LTdkZjdmYTkxZjA0YyJ9.2XbJLwaH0AcO9GmF4c9rYdGM1vOnRkWV0_M_G_RTfJNR28k4zwPCUDBXbnn5BPFglD0zNgiJDQM-I3kzB8s8Fg
09:34:45.482 [http-nio-9587-exec-1] INFO  c.r.w.s.i.DigitalEmployeeAgentServiceImpl - [prepareChat,617] - [DEBUG] 数字员工实际发送prompt employeeCode=kcts-todo-employee conversationId=kcts-demo-1788485327434-c7b64288 prompt=@待办数字员工

以下 JSON 中 currentUser 由科创智方服务端生成；clientReferences 仅是界面引用线索，涉及读取或写入业务数据时必须再次调用科创智方受控接口校验。附件 fileId 也必须按当前用户和 conversationId 校验后才能读取。
{"conversationId":"kcts-demo-1788485327434-c7b64288","attachments":[],"currentUser":{"userName":"madaosen","roleIds":["operational_improvement_planner_role","pf_unit_dept_leader_role","annual_project_approval_fill_role","fill_role","rd_unit_director_role","unit_verify_role","chief_engineer_leader_role","ai_audit_rule","product_innovation_accept_role","chief_engineer_director_role","workflow_user_update_role","email","rd_unit_leader_role","professional_leader_role","pf_project_manager_role","verify_role","software_cost_manager_role","allocation_role","prospective_study_planner_role","project_read_all_role","science_technology_fill_role","pf_director_role","self_develop_planner_role","hgbz","science_technology_read_role","chief_engineer_manager_role","product_innovation_planner_role","other_accept_role"],"roleId":"fill_role","displayName":"madaosen","userId":"460"},"clientReferences":{"businessReferences":[{"id":"todo:2095438531643203584:1c53167b-a777-11f1-9c7b-da3bbfe162e3","kind":"todo","name":"审核项目信息","projectId":"2095438531643203584","projectName":"待办测试00001","status":"审核项目信息","taskId":"1c53167b-a777-11f1-9c7b-da3bbfe162e3","taskKey":"VerifyProjectInfo"}]},"todoContext":{"schemaVersion":"1.0","status":"ready","task":{"taskId":"1c53167b-a777-11f1-9c7b-da3bbfe162e3","taskKey":"VerifyProjectInfo","taskName":"审核项目信息","projectId":"2095438531643203584","projectName":"待办测试00001","roleLabel":"单位审核人","actionType":"approval","canReject":true},"confirmation":{"required":true,"submitBy":"browser_session","submitToolAllowed":false,"label":"确认办理"},"project":{"id":"2095438531643203584","name":"待办测试00001","projectCategory":"product_innovation","projectCategoryName":"产品创新","projectProfessionalField":"1","projectProfessionalFieldName":"前瞻研究","isPlanProject":"2028655192933638144","isSelfDeveloped":0,"isBaseCutting":0,"requirementUnit":"SHGSRHCXYFJD","requirementUnitName":"上海公司融合创新研发基地","undertakeUnit":"SHGSRHCXYFJD","undertakeUnitName":"上海公司融合创新研发基地","operationUnit":"SHGSRHCXYFJD","planStartDate":"2024-11-01","planEndDate":"2027-06-19"},"formSchema":[{"controlId":"FormProperty_1abkjkg","controlType":"radio","label":"审批意见","value":"","displayValue":"","required":true,"modelMaySuggest":true,"humanConfirmationRequired":true,"options":[{"value":"0","label":"同意"},{"value":"1","label":"不同意"}]},{"controlId":"FormProperty_1oj7ava","controlType":"textarea","label":"处理意见","value":"","displayValue":"","required":false,"modelMaySuggest":true,"humanConfirmationRequired":true,"options":[]}],"reviewSignals":{"coreFieldsComplete":true,"missingCoreFields":[],"requirementContentPresent":true,"problemStatementPresent":true,"explicitBlockingIssues":[],"decisionPreference":"approve_unless_explicit_blocker"},"responseContract":{"type":"kcts.todo_form_patch","patchKey":"formPatch","knownControlIds":["FormProperty_1abkjkg","FormProperty_1oj7ava"],"rules":["只能建议 formSchema 中存在的 controlId","select 和 radio 只能使用 options 中的 value","没有充分依据的字段必须留空并加入 missingFields","不得调用工具或接口提交审批，最终提交必须由浏览器当前登录用户确认"]}}}

本轮是科创智方待办辅助，todoContext 是服务端权威上下文。仅使用其中 project、formSchema 和节点 signals；不调用工具，不伪造控件或人员，不替用户提交。审批意见 radio 只用 decisionSuggestion 表达，不列入 formPatch 或 missingFields。处理意见限60个汉字；其他当前结论下的必填项无法确定时才列入 missingFields，此时 status=needs_input 且不建议 approve。只返回符合 responseContract 的一个 kcts.todo_form_patch JSON 对象，不要 Markdown 或额外说明。
09:34:46.512 [http-nio-9587-exec-5] INFO  c.r.f.w.s.TokenService - [getToken,237] - user: madaosen, backend Token: Bearer eyJhbGciOiJIUzUxMiJ9.eyJsb2dpbl91c2VyX2tleSI6ImYxYmJiNjVhLTZlYzQtNDg4Ni1hY2M3LTdkZjdmYTkxZjA0YyJ9.2XbJLwaH0AcO9GmF4c9rYdGM1vOnRkWV0_M_G_RTfJNR28k4zwPCUDBXbnn5BPFglD0zNgiJDQM-I3kzB8s8Fg
09:34:47.714 [http-nio-9587-exec-6] INFO  c.r.f.w.s.TokenService - [getToken,237] - user: madaosen, backend Token: Bearer eyJhbGciOiJIUzUxMiJ9.eyJsb2dpbl91c2VyX2tleSI6ImYxYmJiNjVhLTZlYzQtNDg4Ni1hY2M3LTdkZjdmYTkxZjA0YyJ9.2XbJLwaH0AcO9GmF4c9rYdGM1vOnRkWV0_M_G_RTfJNR28k4zwPCUDBXbnn5BPFglD0zNgiJDQM-I3kzB8s8Fg
09:34:48.912 [http-nio-9587-exec-4] INFO  c.r.f.w.s.TokenService - [getToken,237] - user: madaosen, backend Token: Bearer eyJhbGciOiJIUzUxMiJ9.eyJsb2dpbl91c2VyX2tleSI6ImYxYmJiNjVhLTZlYzQtNDg4Ni1hY2M3LTdkZjdmYTkxZjA0YyJ9.2XbJLwaH0AcO9GmF4c9rYdGM1vOnRkWV0_M_G_RTfJNR28k4zwPCUDBXbnn5BPFglD0zNgiJDQM-I3kzB8s8Fg
09:34:50.111 [http-nio-9587-exec-8] INFO  c.r.f.w.s.TokenService - [getToken,237] - user: madaosen, backend Token: Bearer eyJhbGciOiJIUzUxMiJ9.eyJsb2dpbl91c2VyX2tleSI6ImYxYmJiNjVhLTZlYzQtNDg4Ni1hY2M3LTdkZjdmYTkxZjA0YyJ9.2XbJLwaH0AcO9GmF4c9rYdGM1vOnRkWV0_M_G_RTfJNR28k4zwPCUDBXbnn5BPFglD0zNgiJDQM-I3kzB8s8Fg
09:34:51.310 [http-nio-9587-exec-7] INFO  c.r.f.w.s.TokenService - [getToken,237] - user: madaosen, backend Token: Bearer eyJhbGciOiJIUzUxMiJ9.eyJsb2dpbl91c2VyX2tleSI6ImYxYmJiNjVhLTZlYzQtNDg4Ni1hY2M3LTdkZjdmYTkxZjA0YyJ9.2XbJLwaH0AcO9GmF4c9rYdGM1vOnRkWV0_M_G_RTfJNR28k4zwPCUDBXbnn5BPFglD0zNgiJDQM-I3kzB8s8Fg
09:35:01.596 [http-nio-9587-exec-10] INFO  c.r.f.w.s.TokenService - [getToken,237] - user: madaosen, backend Token: Bearer eyJhbGciOiJIUzUxMiJ9.eyJsb2dpbl91c2VyX2tleSI6ImYxYmJiNjVhLTZlYzQtNDg4Ni1hY2M3LTdkZjdmYTkxZjA0YyJ9.2XbJLwaH0AcO9GmF4c9rYdGM1vOnRkWV0_M_G_RTfJNR28k4zwPCUDBXbnn5BPFglD0zNgiJDQM-I3kzB8s8Fg
09:35:02.724 [http-nio-9587-exec-1] INFO  c.r.f.w.s.TokenService - [getToken,237] - user: madaosen, backend Token: Bearer eyJhbGciOiJIUzUxMiJ9.eyJsb2dpbl91c2VyX2tleSI6ImYxYmJiNjVhLTZlYzQtNDg4Ni1hY2M3LTdkZjdmYTkxZjA0YyJ9.2XbJLwaH0AcO9GmF4c9rYdGM1vOnRkWV0_M_G_RTfJNR28k4zwPCUDBXbnn5BPFglD0zNgiJDQM-I3kzB8s8Fg
09:35:02.809 [http-nio-9587-exec-5] INFO  c.r.f.w.s.TokenService - [getToken,237] - user: madaosen, backend Token: Bearer eyJhbGciOiJIUzUxMiJ9.eyJsb2dpbl91c2VyX2tleSI6ImYxYmJiNjVhLTZlYzQtNDg4Ni1hY2M3LTdkZjdmYTkxZjA0YyJ9.2XbJLwaH0AcO9GmF4c9rYdGM1vOnRkWV0_M_G_RTfJNR28k4zwPCUDBXbnn5BPFglD0zNgiJDQM-I3kzB8s8Fg
09:35:02.888 [http-nio-9587-exec-2] INFO  c.r.f.w.s.TokenService - [getToken,237] - user: madaosen, backend Token: Bearer eyJhbGciOiJIUzUxMiJ9.eyJsb2dpbl91c2VyX2tleSI6ImYxYmJiNjVhLTZlYzQtNDg4Ni1hY2M3LTdkZjdmYTkxZjA0YyJ9.2XbJLwaH0AcO9GmF4c9rYdGM1vOnRkWV0_M_G_RTfJNR28k4zwPCUDBXbnn5BPFglD0zNgiJDQM-I3kzB8s8Fg
09:35:02.935 [http-nio-9587-exec-3] INFO  c.r.f.w.s.TokenService - [getToken,237] - user: madaosen, backend Token: Bearer eyJhbGciOiJIUzUxMiJ9.eyJsb2dpbl91c2VyX2tleSI6ImYxYmJiNjVhLTZlYzQtNDg4Ni1hY2M3LTdkZjdmYTkxZjA0YyJ9.2XbJLwaH0AcO9GmF4c9rYdGM1vOnRkWV0_M_G_RTfJNR28k4zwPCUDBXbnn5BPFglD0zNgiJDQM-I3kzB8s8Fg
09:35:02.949 [http-nio-9587-exec-9] INFO  c.r.f.w.s.TokenService - [getToken,237] - user: madaosen, backend Token: Bearer eyJhbGciOiJIUzUxMiJ9.eyJsb2dpbl91c2VyX2tleSI6ImYxYmJiNjVhLTZlYzQtNDg4Ni1hY2M3LTdkZjdmYTkxZjA0YyJ9.2XbJLwaH0AcO9GmF4c9rYdGM1vOnRkWV0_M_G_RTfJNR28k4zwPCUDBXbnn5BPFglD0zNgiJDQM-I3kzB8s8Fg
09:35:03.042 [http-nio-9587-exec-6] INFO  c.r.f.w.s.TokenService - [getToken,237] - user: madaosen, backend Token: Bearer eyJhbGciOiJIUzUxMiJ9.eyJsb2dpbl91c2VyX2tleSI6ImYxYmJiNjVhLTZlYzQtNDg4Ni1hY2M3LTdkZjdmYTkxZjA0YyJ9.2XbJLwaH0AcO9GmF4c9rYdGM1vOnRkWV0_M_G_RTfJNR28k4zwPCUDBXbnn5BPFglD0zNgiJDQM-I3kzB8s8Fg
09:35:03.052 [http-nio-9587-exec-1] INFO  c.r.f.w.s.TokenService - [getToken,237] - user: madaosen, backend Token: Bearer eyJhbGciOiJIUzUxMiJ9.eyJsb2dpbl91c2VyX2tleSI6ImYxYmJiNjVhLTZlYzQtNDg4Ni1hY2M3LTdkZjdmYTkxZjA0YyJ9.2XbJLwaH0AcO9GmF4c9rYdGM1vOnRkWV0_M_G_RTfJNR28k4zwPCUDBXbnn5BPFglD0zNgiJDQM-I3kzB8s8Fg
09:35:03.063 [http-nio-9587-exec-5] INFO  c.r.f.w.s.TokenService - [getToken,237] - user: madaosen, backend Token: Bearer eyJhbGciOiJIUzUxMiJ9.eyJsb2dpbl91c2VyX2tleSI6ImYxYmJiNjVhLTZlYzQtNDg4Ni1hY2M3LTdkZjdmYTkxZjA0YyJ9.2XbJLwaH0AcO9GmF4c9rYdGM1vOnRkWV0_M_G_RTfJNR28k4zwPCUDBXbnn5BPFglD0zNgiJDQM-I3kzB8s8Fg
09:35:03.070 [http-nio-9587-exec-2] INFO  c.r.f.w.s.TokenService - [getToken,237] - user: madaosen, backend Token: Bearer eyJhbGciOiJIUzUxMiJ9.eyJsb2dpbl91c2VyX2tleSI6ImYxYmJiNjVhLTZlYzQtNDg4Ni1hY2M3LTdkZjdmYTkxZjA0YyJ9.2XbJLwaH0AcO9GmF4c9rYdGM1vOnRkWV0_M_G_RTfJNR28k4zwPCUDBXbnn5BPFglD0zNgiJDQM-I3kzB8s8Fg
09:35:03.085 [http-nio-9587-exec-3] INFO  c.r.f.w.s.TokenService - [getToken,237] - user: madaosen, backend Token: Bearer eyJhbGciOiJIUzUxMiJ9.eyJsb2dpbl91c2VyX2tleSI6ImYxYmJiNjVhLTZlYzQtNDg4Ni1hY2M3LTdkZjdmYTkxZjA0YyJ9.2XbJLwaH0AcO9GmF4c9rYdGM1vOnRkWV0_M_G_RTfJNR28k4zwPCUDBXbnn5BPFglD0zNgiJDQM-I3kzB8s8Fg
09:35:03.128 [http-nio-9587-exec-9] INFO  c.r.f.w.s.TokenService - [getToken,237] - user: madaosen, backend Token: Bearer eyJhbGciOiJIUzUxMiJ9.eyJsb2dpbl91c2VyX2tleSI6ImYxYmJiNjVhLTZlYzQtNDg4Ni1hY2M3LTdkZjdmYTkxZjA0YyJ9.2XbJLwaH0AcO9GmF4c9rYdGM1vOnRkWV0_M_G_RTfJNR28k4zwPCUDBXbnn5BPFglD0zNgiJDQM-I3kzB8s8Fg
09:35:03.212 [http-nio-9587-exec-6] INFO  c.r.f.w.s.TokenService - [getToken,237] - user: madaosen, backend Token: Bearer eyJhbGciOiJIUzUxMiJ9.eyJsb2dpbl91c2VyX2tleSI6ImYxYmJiNjVhLTZlYzQtNDg4Ni1hY2M3LTdkZjdmYTkxZjA0YyJ9.2XbJLwaH0AcO9GmF4c9rYdGM1vOnRkWV0_M_G_RTfJNR28k4zwPCUDBXbnn5BPFglD0zNgiJDQM-I3kzB8s8Fg
09:35:03.290 [http-nio-9587-exec-1] INFO  c.r.f.w.s.TokenService - [getToken,237] - user: madaosen, backend Token: Bearer eyJhbGciOiJIUzUxMiJ9.eyJsb2dpbl91c2VyX2tleSI6ImYxYmJiNjVhLTZlYzQtNDg4Ni1hY2M3LTdkZjdmYTkxZjA0YyJ9.2XbJLwaH0AcO9GmF4c9rYdGM1vOnRkWV0_M_G_RTfJNR28k4zwPCUDBXbnn5BPFglD0zNgiJDQM-I3kzB8s8Fg
09:35:03.332 [http-nio-9587-exec-5] INFO  c.r.f.w.s.TokenService - [getToken,237] - user: madaosen, backend Token: Bearer eyJhbGciOiJIUzUxMiJ9.eyJsb2dpbl91c2VyX2tleSI6ImYxYmJiNjVhLTZlYzQtNDg4Ni1hY2M3LTdkZjdmYTkxZjA0YyJ9.2XbJLwaH0AcO9GmF4c9rYdGM1vOnRkWV0_M_G_RTfJNR28k4zwPCUDBXbnn5BPFglD0zNgiJDQM-I3kzB8s8Fg
09:35:03.344 [http-nio-9587-exec-2] INFO  c.r.f.w.s.TokenService - [getToken,237] - user: madaosen, backend Token: Bearer eyJhbGciOiJIUzUxMiJ9.eyJsb2dpbl91c2VyX2tleSI6ImYxYmJiNjVhLTZlYzQtNDg4Ni1hY2M3LTdkZjdmYTkxZjA0YyJ9.2XbJLwaH0AcO9GmF4c9rYdGM1vOnRkWV0_M_G_RTfJNR28k4zwPCUDBXbnn5BPFglD0zNgiJDQM-I3kzB8s8Fg
09:35:03.434 [http-nio-9587-exec-3] INFO  c.r.f.w.s.TokenService - [getToken,237] - user: madaosen, backend Token: Bearer eyJhbGciOiJIUzUxMiJ9.eyJsb2dpbl91c2VyX2tleSI6ImYxYmJiNjVhLTZlYzQtNDg4Ni1hY2M3LTdkZjdmYTkxZjA0YyJ9.2XbJLwaH0AcO9GmF4c9rYdGM1vOnRkWV0_M_G_RTfJNR28k4zwPCUDBXbnn5BPFglD0zNgiJDQM-I3kzB8s8Fg
09:35:03.446 [http-nio-9587-exec-9] INFO  c.r.f.w.s.TokenService - [getToken,237] - user: madaosen, backend Token: Bearer eyJhbGciOiJIUzUxMiJ9.eyJsb2dpbl91c2VyX2tleSI6ImYxYmJiNjVhLTZlYzQtNDg4Ni1hY2M3LTdkZjdmYTkxZjA0YyJ9.2XbJLwaH0AcO9GmF4c9rYdGM1vOnRkWV0_M_G_RTfJNR28k4zwPCUDBXbnn5BPFglD0zNgiJDQM-I3kzB8s8Fg
09:35:03.459 [http-nio-9587-exec-6] INFO  c.r.f.w.s.TokenService - [getToken,237] - user: madaosen, backend Token: Bearer eyJhbGciOiJIUzUxMiJ9.eyJsb2dpbl91c2VyX2tleSI6ImYxYmJiNjVhLTZlYzQtNDg4Ni1hY2M3LTdkZjdmYTkxZjA0YyJ9.2XbJLwaH0AcO9GmF4c9rYdGM1vOnRkWV0_M_G_RTfJNR28k4zwPCUDBXbnn5BPFglD0zNgiJDQM-I3kzB8s8Fg
09:35:03.470 [http-nio-9587-exec-1] INFO  c.r.f.w.s.TokenService - [getToken,237] - user: madaosen, backend Token: Bearer eyJhbGciOiJIUzUxMiJ9.eyJsb2dpbl91c2VyX2tleSI6ImYxYmJiNjVhLTZlYzQtNDg4Ni1hY2M3LTdkZjdmYTkxZjA0YyJ9.2XbJLwaH0AcO9GmF4c9rYdGM1vOnRkWV0_M_G_RTfJNR28k4zwPCUDBXbnn5BPFglD0zNgiJDQM-I3kzB8s8Fg
09:35:03.484 [http-nio-9587-exec-5] INFO  c.r.f.w.s.TokenService - [getToken,237] - user: madaosen, backend Token: Bearer eyJhbGciOiJIUzUxMiJ9.eyJsb2dpbl91c2VyX2tleSI6ImYxYmJiNjVhLTZlYzQtNDg4Ni1hY2M3LTdkZjdmYTkxZjA0YyJ9.2XbJLwaH0AcO9GmF4c9rYdGM1vOnRkWV0_M_G_RTfJNR28k4zwPCUDBXbnn5BPFglD0zNgiJDQM-I3kzB8s8Fg
09:35:03.921 [http-nio-9587-exec-2] INFO  c.r.f.w.s.TokenService - [getToken,237] - user: madaosen, backend Token: Bearer eyJhbGciOiJIUzUxMiJ9.eyJsb2dpbl91c2VyX2tleSI6ImYxYmJiNjVhLTZlYzQtNDg4Ni1hY2M3LTdkZjdmYTkxZjA0YyJ9.2XbJLwaH0AcO9GmF4c9rYdGM1vOnRkWV0_M_G_RTfJNR28k4zwPCUDBXbnn5BPFglD0zNgiJDQM-I3kzB8s8Fg
09:35:05.120 [http-nio-9587-exec-3] INFO  c.r.f.w.s.TokenService - [getToken,237] - user: madaosen, backend Token: Bearer eyJhbGciOiJIUzUxMiJ9.eyJsb2dpbl91c2VyX2tleSI6ImYxYmJiNjVhLTZlYzQtNDg4Ni1hY2M3LTdkZjdmYTkxZjA0YyJ9.2XbJLwaH0AcO9GmF4c9rYdGM1vOnRkWV0_M_G_RTfJNR28k4zwPCUDBXbnn5BPFglD0zNgiJDQM-I3kzB8s8Fg
09:35:06.318 [http-nio-9587-exec-9] INFO  c.r.f.w.s.TokenService - [getToken,237] - user: madaosen, backend Token: Bearer eyJhbGciOiJIUzUxMiJ9.eyJsb2dpbl91c2VyX2tleSI6ImYxYmJiNjVhLTZlYzQtNDg4Ni1hY2M3LTdkZjdmYTkxZjA0YyJ9.2XbJLwaH0AcO9GmF4c9rYdGM1vOnRkWV0_M_G_RTfJNR28k4zwPCUDBXbnn5BPFglD0zNgiJDQM-I3kzB8s8Fg
09:35:15.613 [http-nio-9587-exec-1] INFO  c.r.f.w.s.TokenService - [getToken,237] - user: madaosen, backend Token: Bearer eyJhbGciOiJIUzUxMiJ9.eyJsb2dpbl91c2VyX2tleSI6ImYxYmJiNjVhLTZlYzQtNDg4Ni1hY2M3LTdkZjdmYTkxZjA0YyJ9.2XbJLwaH0AcO9GmF4c9rYdGM1vOnRkWV0_M_G_RTfJNR28k4zwPCUDBXbnn5BPFglD0zNgiJDQM-I3kzB8s8Fg
09:35:16.605 [http-nio-9587-exec-4] INFO  c.r.f.w.s.TokenService - [getToken,237] - user: madaosen, backend Token: Bearer eyJhbGciOiJIUzUxMiJ9.eyJsb2dpbl91c2VyX2tleSI6ImYxYmJiNjVhLTZlYzQtNDg4Ni1hY2M3LTdkZjdmYTkxZjA0YyJ9.2XbJLwaH0AcO9GmF4c9rYdGM1vOnRkWV0_M_G_RTfJNR28k4zwPCUDBXbnn5BPFglD0zNgiJDQM-I3kzB8s8Fg
09:35:18.493 [http-nio-9587-exec-8] INFO  c.r.f.w.s.TokenService - [getToken,237] - user: madaosen, backend Token: Bearer eyJhbGciOiJIUzUxMiJ9.eyJsb2dpbl91c2VyX2tleSI6ImYxYmJiNjVhLTZlYzQtNDg4Ni1hY2M3LTdkZjdmYTkxZjA0YyJ9.2XbJLwaH0AcO9GmF4c9rYdGM1vOnRkWV0_M_G_RTfJNR28k4zwPCUDBXbnn5BPFglD0zNgiJDQM-I3kzB8s8Fg
09:35:18.966 [http-nio-9587-exec-2] INFO  c.r.f.w.s.TokenService - [getToken,237] - user: madaosen, backend Token: Bearer eyJhbGciOiJIUzUxMiJ9.eyJsb2dpbl91c2VyX2tleSI6ImYxYmJiNjVhLTZlYzQtNDg4Ni1hY2M3LTdkZjdmYTkxZjA0YyJ9.2XbJLwaH0AcO9GmF4c9rYdGM1vOnRkWV0_M_G_RTfJNR28k4zwPCUDBXbnn5BPFglD0zNgiJDQM-I3kzB8s8Fg
09:35:20.128 [http-nio-9587-exec-7] INFO  c.r.f.w.s.TokenService - [getToken,237] - user: madaosen, backend Token: Bearer eyJhbGciOiJIUzUxMiJ9.eyJsb2dpbl91c2VyX2tleSI6ImYxYmJiNjVhLTZlYzQtNDg4Ni1hY2M3LTdkZjdmYTkxZjA0YyJ9.2XbJLwaH0AcO9GmF4c9rYdGM1vOnRkWV0_M_G_RTfJNR28k4zwPCUDBXbnn5BPFglD0zNgiJDQM-I3kzB8s8Fg
09:35:20.194 [http-nio-9587-exec-6] INFO  c.r.f.w.s.TokenService - [getToken,237] - user: madaosen, backend Token: Bearer eyJhbGciOiJIUzUxMiJ9.eyJsb2dpbl91c2VyX2tleSI6ImYxYmJiNjVhLTZlYzQtNDg4Ni1hY2M3LTdkZjdmYTkxZjA0YyJ9.2XbJLwaH0AcO9GmF4c9rYdGM1vOnRkWV0_M_G_RTfJNR28k4zwPCUDBXbnn5BPFglD0zNgiJDQM-I3kzB8s8Fg
09:35:21.327 [http-nio-9587-exec-10] INFO  c.r.f.w.s.TokenService - [getToken,237] - user: madaosen, backend Token: Bearer eyJhbGciOiJIUzUxMiJ9.eyJsb2dpbl91c2VyX2tleSI6ImYxYmJiNjVhLTZlYzQtNDg4Ni1hY2M3LTdkZjdmYTkxZjA0YyJ9.2XbJLwaH0AcO9GmF4c9rYdGM1vOnRkWV0_M_G_RTfJNR28k4zwPCUDBXbnn5BPFglD0zNgiJDQM-I3kzB8s8Fg
09:35:21.392 [http-nio-9587-exec-5] INFO  c.r.f.w.s.TokenService - [getToken,237] - user: madaosen, backend Token: Bearer eyJhbGciOiJIUzUxMiJ9.eyJsb2dpbl91c2VyX2tleSI6ImYxYmJiNjVhLTZlYzQtNDg4Ni1hY2M3LTdkZjdmYTkxZjA0YyJ9.2XbJLwaH0AcO9GmF4c9rYdGM1vOnRkWV0_M_G_RTfJNR28k4zwPCUDBXbnn5BPFglD0zNgiJDQM-I3kzB8s8Fg
09:35:28.516 [http-nio-9587-exec-3] INFO  c.r.f.w.s.TokenService - [getToken,237] - user: madaosen, backend Token: Bearer eyJhbGciOiJIUzUxMiJ9.eyJsb2dpbl91c2VyX2tleSI6ImYxYmJiNjVhLTZlYzQtNDg4Ni1hY2M3LTdkZjdmYTkxZjA0YyJ9.2XbJLwaH0AcO9GmF4c9rYdGM1vOnRkWV0_M_G_RTfJNR28k4zwPCUDBXbnn5BPFglD0zNgiJDQM-I3kzB8s8Fg
09:35:29.712 [http-nio-9587-exec-7] INFO  c.r.f.w.s.TokenService - [getToken,237] - user: madaosen, backend Token: Bearer eyJhbGciOiJIUzUxMiJ9.eyJsb2dpbl91c2VyX2tleSI6ImYxYmJiNjVhLTZlYzQtNDg4Ni1hY2M3LTdkZjdmYTkxZjA0YyJ9.2XbJLwaH0AcO9GmF4c9rYdGM1vOnRkWV0_M_G_RTfJNR28k4zwPCUDBXbnn5BPFglD0zNgiJDQM-I3kzB8s8Fg
09:35:30.911 [http-nio-9587-exec-9] INFO  c.r.f.w.s.TokenService - [getToken,237] - user: madaosen, backend Token: Bearer eyJhbGciOiJIUzUxMiJ9.eyJsb2dpbl91c2VyX2tleSI6ImYxYmJiNjVhLTZlYzQtNDg4Ni1hY2M3LTdkZjdmYTkxZjA0YyJ9.2XbJLwaH0AcO9GmF4c9rYdGM1vOnRkWV0_M_G_RTfJNR28k4zwPCUDBXbnn5BPFglD0zNgiJDQM-I3kzB8s8Fg
09:35:32.120 [http-nio-9587-exec-10] INFO  c.r.f.w.s.TokenService - [getToken,237] - user: madaosen, backend Token: Bearer eyJhbGciOiJIUzUxMiJ9.eyJsb2dpbl91c2VyX2tleSI6ImYxYmJiNjVhLTZlYzQtNDg4Ni1hY2M3LTdkZjdmYTkxZjA0YyJ9.2XbJLwaH0AcO9GmF4c9rYdGM1vOnRkWV0_M_G_RTfJNR28k4zwPCUDBXbnn5BPFglD0zNgiJDQM-I3kzB8s8Fg
09:35:33.317 [http-nio-9587-exec-1] INFO  c.r.f.w.s.TokenService - [getToken,237] - user: madaosen, backend Token: Bearer eyJhbGciOiJIUzUxMiJ9.eyJsb2dpbl91c2VyX2tleSI6ImYxYmJiNjVhLTZlYzQtNDg4Ni1hY2M3LTdkZjdmYTkxZjA0YyJ9.2XbJLwaH0AcO9GmF4c9rYdGM1vOnRkWV0_M_G_RTfJNR28k4zwPCUDBXbnn5BPFglD0zNgiJDQM-I3kzB8s8Fg
09:35:34.517 [http-nio-9587-exec-4] INFO  c.r.f.w.s.TokenService - [getToken,237] - user: madaosen, backend Token: Bearer eyJhbGciOiJIUzUxMiJ9.eyJsb2dpbl91c2VyX2tleSI6ImYxYmJiNjVhLTZlYzQtNDg4Ni1hY2M3LTdkZjdmYTkxZjA0YyJ9.2XbJLwaH0AcO9GmF4c9rYdGM1vOnRkWV0_M_G_RTfJNR28k4zwPCUDBXbnn5BPFglD0zNgiJDQM-I3kzB8s8Fg
09:35:36.574 [http-nio-9587-exec-8] INFO  c.r.f.w.s.TokenService - [getToken,237] - user: madaosen, backend Token: Bearer eyJhbGciOiJIUzUxMiJ9.eyJsb2dpbl91c2VyX2tleSI6ImYxYmJiNjVhLTZlYzQtNDg4Ni1hY2M3LTdkZjdmYTkxZjA0YyJ9.2XbJLwaH0AcO9GmF4c9rYdGM1vOnRkWV0_M_G_RTfJNR28k4zwPCUDBXbnn5BPFglD0zNgiJDQM-I3kzB8s8Fg
09:35:37.586 [http-nio-9587-exec-2] INFO  c.r.f.w.s.TokenService - [getToken,237] - user: madaosen, backend Token: Bearer eyJhbGciOiJIUzUxMiJ9.eyJsb2dpbl91c2VyX2tleSI6ImYxYmJiNjVhLTZlYzQtNDg4Ni1hY2M3LTdkZjdmYTkxZjA0YyJ9.2XbJLwaH0AcO9GmF4c9rYdGM1vOnRkWV0_M_G_RTfJNR28k4zwPCUDBXbnn5BPFglD0zNgiJDQM-I3kzB8s8Fg
09:35:38.588 [http-nio-9587-exec-6] INFO  c.r.f.w.s.TokenService - [getToken,237] - user: madaosen, backend Token: Bearer eyJhbGciOiJIUzUxMiJ9.eyJsb2dpbl91c2VyX2tleSI6ImYxYmJiNjVhLTZlYzQtNDg4Ni1hY2M3LTdkZjdmYTkxZjA0YyJ9.2XbJLwaH0AcO9GmF4c9rYdGM1vOnRkWV0_M_G_RTfJNR28k4zwPCUDBXbnn5BPFglD0zNgiJDQM-I3kzB8s8Fg
09:35:39.597 [http-nio-9587-exec-5] INFO  c.r.f.w.s.TokenService - [getToken,237] - user: madaosen, backend Token: Bearer eyJhbGciOiJIUzUxMiJ9.eyJsb2dpbl91c2VyX2tleSI6ImYxYmJiNjVhLTZlYzQtNDg4Ni1hY2M3LTdkZjdmYTkxZjA0YyJ9.2XbJLwaH0AcO9GmF4c9rYdGM1vOnRkWV0_M_G_RTfJNR28k4zwPCUDBXbnn5BPFglD0zNgiJDQM-I3kzB8s8Fg
09:35:39.608 [http-nio-9587-exec-5] INFO  c.r.f.w.s.TokenService - [getToken,237] - user: madaosen, backend Token: Bearer eyJhbGciOiJIUzUxMiJ9.eyJsb2dpbl91c2VyX2tleSI6ImYxYmJiNjVhLTZlYzQtNDg4Ni1hY2M3LTdkZjdmYTkxZjA0YyJ9.2XbJLwaH0AcO9GmF4c9rYdGM1vOnRkWV0_M_G_RTfJNR28k4zwPCUDBXbnn5BPFglD0zNgiJDQM-I3kzB8s8Fg
09:35:39.619 [http-nio-9587-exec-5] INFO  c.r.f.w.s.TokenService - [getToken,237] - user: madaosen, backend Token: Bearer eyJhbGciOiJIUzUxMiJ9.eyJsb2dpbl91c2VyX2tleSI6ImYxYmJiNjVhLTZlYzQtNDg4Ni1hY2M3LTdkZjdmYTkxZjA0YyJ9.2XbJLwaH0AcO9GmF4c9rYdGM1vOnRkWV0_M_G_RTfJNR28k4zwPCUDBXbnn5BPFglD0zNgiJDQM-I3kzB8s8Fg
09:35:39.630 [http-nio-9587-exec-5] INFO  c.r.f.w.s.TokenService - [getToken,237] - user: madaosen, backend Token: Bearer eyJhbGciOiJIUzUxMiJ9.eyJsb2dpbl91c2VyX2tleSI6ImYxYmJiNjVhLTZlYzQtNDg4Ni1hY2M3LTdkZjdmYTkxZjA0YyJ9.2XbJLwaH0AcO9GmF4c9rYdGM1vOnRkWV0_M_G_RTfJNR28k4zwPCUDBXbnn5BPFglD0zNgiJDQM-I3kzB8s8Fg
09:35:39.643 [http-nio-9587-exec-5] INFO  c.r.f.w.s.TokenService - [getToken,237] - user: madaosen, backend Token: Bearer eyJhbGciOiJIUzUxMiJ9.eyJsb2dpbl91c2VyX2tleSI6ImYxYmJiNjVhLTZlYzQtNDg4Ni1hY2M3LTdkZjdmYTkxZjA0YyJ9.2XbJLwaH0AcO9GmF4c9rYdGM1vOnRkWV0_M_G_RTfJNR28k4zwPCUDBXbnn5BPFglD0zNgiJDQM-I3kzB8s8Fg
09:35:39.649 [http-nio-9587-exec-5] INFO  c.r.f.w.s.TokenService - [getToken,237] - user: madaosen, backend Token: Bearer eyJhbGciOiJIUzUxMiJ9.eyJsb2dpbl91c2VyX2tleSI6ImYxYmJiNjVhLTZlYzQtNDg4Ni1hY2M3LTdkZjdmYTkxZjA0YyJ9.2XbJLwaH0AcO9GmF4c9rYdGM1vOnRkWV0_M_G_RTfJNR28k4zwPCUDBXbnn5BPFglD0zNgiJDQM-I3kzB8s8Fg
09:35:39.674 [http-nio-9587-exec-5] INFO  c.r.f.w.s.TokenService - [getToken,237] - user: madaosen, backend Token: Bearer eyJhbGciOiJIUzUxMiJ9.eyJsb2dpbl91c2VyX2tleSI6ImYxYmJiNjVhLTZlYzQtNDg4Ni1hY2M3LTdkZjdmYTkxZjA0YyJ9.2XbJLwaH0AcO9GmF4c9rYdGM1vOnRkWV0_M_G_RTfJNR28k4zwPCUDBXbnn5BPFglD0zNgiJDQM-I3kzB8s8Fg
09:35:39.686 [http-nio-9587-exec-5] INFO  c.r.f.w.s.TokenService - [getToken,237] - user: madaosen, backend Token: Bearer eyJhbGciOiJIUzUxMiJ9.eyJsb2dpbl91c2VyX2tleSI6ImYxYmJiNjVhLTZlYzQtNDg4Ni1hY2M3LTdkZjdmYTkxZjA0YyJ9.2XbJLwaH0AcO9GmF4c9rYdGM1vOnRkWV0_M_G_RTfJNR28k4zwPCUDBXbnn5BPFglD0zNgiJDQM-I3kzB8s8Fg
09:35:39.698 [http-nio-9587-exec-5] INFO  c.r.f.w.s.TokenService - [getToken,237] - user: madaosen, backend Token: Bearer eyJhbGciOiJIUzUxMiJ9.eyJsb2dpbl91c2VyX2tleSI6ImYxYmJiNjVhLTZlYzQtNDg4Ni1hY2M3LTdkZjdmYTkxZjA0YyJ9.2XbJLwaH0AcO9GmF4c9rYdGM1vOnRkWV0_M_G_RTfJNR28k4zwPCUDBXbnn5BPFglD0zNgiJDQM-I3kzB8s8Fg
09:35:39.711 [http-nio-9587-exec-5] INFO  c.r.f.w.s.TokenService - [getToken,237] - user: madaosen, backend Token: Bearer eyJhbGciOiJIUzUxMiJ9.eyJsb2dpbl91c2VyX2tleSI6ImYxYmJiNjVhLTZlYzQtNDg4Ni1hY2M3LTdkZjdmYTkxZjA0YyJ9.2XbJLwaH0AcO9GmF4c9rYdGM1vOnRkWV0_M_G_RTfJNR28k4zwPCUDBXbnn5BPFglD0zNgiJDQM-I3kzB8s8Fg
09:35:39.723 [http-nio-9587-exec-5] INFO  c.r.f.w.s.TokenService - [getToken,237] - user: madaosen, backend Token: Bearer eyJhbGciOiJIUzUxMiJ9.eyJsb2dpbl91c2VyX2tleSI6ImYxYmJiNjVhLTZlYzQtNDg4Ni1hY2M3LTdkZjdmYTkxZjA0YyJ9.2XbJLwaH0AcO9GmF4c9rYdGM1vOnRkWV0_M_G_RTfJNR28k4zwPCUDBXbnn5BPFglD0zNgiJDQM-I3kzB8s8Fg
09:35:39.735 [http-nio-9587-exec-5] INFO  c.r.f.w.s.TokenService - [getToken,237] - user: madaosen, backend Token: Bearer eyJhbGciOiJIUzUxMiJ9.eyJsb2dpbl91c2VyX2tleSI6ImYxYmJiNjVhLTZlYzQtNDg4Ni1hY2M3LTdkZjdmYTkxZjA0YyJ9.2XbJLwaH0AcO9GmF4c9rYdGM1vOnRkWV0_M_G_RTfJNR28k4zwPCUDBXbnn5BPFglD0zNgiJDQM-I3kzB8s8Fg
09:35:39.779 [http-nio-9587-exec-5] INFO  c.r.f.w.s.TokenService - [getToken,237] - user: madaosen, backend Token: Bearer eyJhbGciOiJIUzUxMiJ9.eyJsb2dpbl91c2VyX2tleSI6ImYxYmJiNjVhLTZlYzQtNDg4Ni1hY2M3LTdkZjdmYTkxZjA0YyJ9.2XbJLwaH0AcO9GmF4c9rYdGM1vOnRkWV0_M_G_RTfJNR28k4zwPCUDBXbnn5BPFglD0zNgiJDQM-I3kzB8s8Fg
10:00:00.001 [schedule-pool-1] INFO  c.r.w.s.ProjectStopTask - [checkProjectSubmitExpire,19] - ==========>ProjectStopTask.checkProjectSubmitExpire  start ---------- 
10:00:00.001 [schedule-pool-5] INFO  c.r.w.s.ScienceTechnologyReportTask - [syncScienceTechnologyReportRdInvestment,19] - ==========>ScienceTechnologyReportTask.syncScienceTechnologyReportRdInvestment  start ---------- 
10:00:00.001 [schedule-pool-4] INFO  c.r.w.s.ProjectAlarmTask - [checkProjectHandleExpire,18] - ==========>projectAlarmTask.checkProjectHandleExpire  start ---------- 
10:00:00.001 [schedule-pool-3] INFO  c.r.w.s.ProjectAlarmTask - [checkProjectHandleExpireSendMail,26] - ==========>projectAlarmTask.checkProjectHandleExpireSendMail  start ---------- 
10:00:00.006 [schedule-pool-5] INFO  c.r.w.s.ScienceTechnologyReportTask - [syncScienceTechnologyReportRdInvestment,21] - ==========>ScienceTechnologyReportTask.syncScienceTechnologyReportRdInvestment  end ---------- 
10:00:00.029 [schedule-pool-3] INFO  c.r.w.s.i.ProjectAlarmServiceImpl - [checkProjectHandleExpireSendMail,134] - ==========>项目处理超时发送邮件定时任务；执行成功
10:00:00.029 [schedule-pool-1] INFO  c.r.w.s.i.ProjectInfoServiceImpl - [checkProjectSubmitExpire,4976] - ==========>项目中止检查定时任务；项目中止成功
10:00:00.030 [schedule-pool-3] INFO  c.r.w.s.ProjectAlarmTask - [checkProjectHandleExpireSendMail,28] - ==========>checkProjectHandleExpire.checkProjectHandleExpireSendMail  end ---------- 
10:00:00.030 [schedule-pool-1] INFO  c.r.w.s.ProjectStopTask - [checkProjectSubmitExpire,21] - ==========>ProjectStopTask.checkProjectSubmitExpire  end ---------- 
10:00:00.040 [schedule-pool-4] INFO  c.r.w.s.i.ProjectAlarmServiceImpl - [checkProjectHandleExpire,268] - ==========>项目告警检查定时任务；项目告警成功
10:00:00.041 [schedule-pool-4] INFO  c.r.w.s.ProjectAlarmTask - [checkProjectHandleExpire,20] - ==========>checkProjectHandleExpire.checkProjectHandleExpire  end ---------- 
10:05:37.839 [http-nio-9587-exec-9] INFO  c.r.f.w.s.TokenService - [getToken,237] - user: madaosen, backend Token: Bearer eyJhbGciOiJIUzUxMiJ9.eyJsb2dpbl91c2VyX2tleSI6ImYxYmJiNjVhLTZlYzQtNDg4Ni1hY2M3LTdkZjdmYTkxZjA0YyJ9.2XbJLwaH0AcO9GmF4c9rYdGM1vOnRkWV0_M_G_RTfJNR28k4zwPCUDBXbnn5BPFglD0zNgiJDQM-I3kzB8s8Fg
10:05:37.878 [http-nio-9587-exec-1] INFO  c.r.f.w.s.TokenService - [getToken,237] - user: madaosen, backend Token: Bearer eyJhbGciOiJIUzUxMiJ9.eyJsb2dpbl91c2VyX2tleSI6ImYxYmJiNjVhLTZlYzQtNDg4Ni1hY2M3LTdkZjdmYTkxZjA0YyJ9.2XbJLwaH0AcO9GmF4c9rYdGM1vOnRkWV0_M_G_RTfJNR28k4zwPCUDBXbnn5BPFglD0zNgiJDQM-I3kzB8s8Fg
10:05:37.896 [http-nio-9587-exec-4] INFO  c.r.f.w.s.TokenService - [getToken,237] - user: madaosen, backend Token: Bearer eyJhbGciOiJIUzUxMiJ9.eyJsb2dpbl91c2VyX2tleSI6ImYxYmJiNjVhLTZlYzQtNDg4Ni1hY2M3LTdkZjdmYTkxZjA0YyJ9.2XbJLwaH0AcO9GmF4c9rYdGM1vOnRkWV0_M_G_RTfJNR28k4zwPCUDBXbnn5BPFglD0zNgiJDQM-I3kzB8s8Fg
10:05:39.040 [http-nio-9587-exec-8] INFO  c.r.f.w.s.TokenService - [getToken,237] - user: madaosen, backend Token: Bearer eyJhbGciOiJIUzUxMiJ9.eyJsb2dpbl91c2VyX2tleSI6ImYxYmJiNjVhLTZlYzQtNDg4Ni1hY2M3LTdkZjdmYTkxZjA0YyJ9.2XbJLwaH0AcO9GmF4c9rYdGM1vOnRkWV0_M_G_RTfJNR28k4zwPCUDBXbnn5BPFglD0zNgiJDQM-I3kzB8s8Fg
10:05:39.045 [http-nio-9587-exec-3] INFO  c.r.f.w.s.TokenService - [getToken,237] - user: madaosen, backend Token: Bearer eyJhbGciOiJIUzUxMiJ9.eyJsb2dpbl91c2VyX2tleSI6ImYxYmJiNjVhLTZlYzQtNDg4Ni1hY2M3LTdkZjdmYTkxZjA0YyJ9.2XbJLwaH0AcO9GmF4c9rYdGM1vOnRkWV0_M_G_RTfJNR28k4zwPCUDBXbnn5BPFglD0zNgiJDQM-I3kzB8s8Fg
10:05:39.047 [http-nio-9587-exec-10] INFO  c.r.f.w.s.TokenService - [getToken,237] - user: madaosen, backend Token: Bearer eyJhbGciOiJIUzUxMiJ9.eyJsb2dpbl91c2VyX2tleSI6ImYxYmJiNjVhLTZlYzQtNDg4Ni1hY2M3LTdkZjdmYTkxZjA0YyJ9.2XbJLwaH0AcO9GmF4c9rYdGM1vOnRkWV0_M_G_RTfJNR28k4zwPCUDBXbnn5BPFglD0zNgiJDQM-I3kzB8s8Fg
10:05:39.070 [http-nio-9587-exec-7] INFO  c.r.f.w.s.TokenService - [getToken,237] - user: madaosen, backend Token: Bearer eyJhbGciOiJIUzUxMiJ9.eyJsb2dpbl91c2VyX2tleSI6ImYxYmJiNjVhLTZlYzQtNDg4Ni1hY2M3LTdkZjdmYTkxZjA0YyJ9.2XbJLwaH0AcO9GmF4c9rYdGM1vOnRkWV0_M_G_RTfJNR28k4zwPCUDBXbnn5BPFglD0zNgiJDQM-I3kzB8s8Fg
10:05:39.142 [http-nio-9587-exec-1] INFO  c.r.f.w.s.TokenService - [getToken,237] - user: madaosen, backend Token: Bearer eyJhbGciOiJIUzUxMiJ9.eyJsb2dpbl91c2VyX2tleSI6ImYxYmJiNjVhLTZlYzQtNDg4Ni1hY2M3LTdkZjdmYTkxZjA0YyJ9.2XbJLwaH0AcO9GmF4c9rYdGM1vOnRkWV0_M_G_RTfJNR28k4zwPCUDBXbnn5BPFglD0zNgiJDQM-I3kzB8s8Fg
10:05:39.171 [http-nio-9587-exec-6] INFO  c.r.f.w.s.TokenService - [getToken,237] - user: madaosen, backend Token: Bearer eyJhbGciOiJIUzUxMiJ9.eyJsb2dpbl91c2VyX2tleSI6ImYxYmJiNjVhLTZlYzQtNDg4Ni1hY2M3LTdkZjdmYTkxZjA0YyJ9.2XbJLwaH0AcO9GmF4c9rYdGM1vOnRkWV0_M_G_RTfJNR28k4zwPCUDBXbnn5BPFglD0zNgiJDQM-I3kzB8s8Fg
10:05:39.282 [http-nio-9587-exec-2] INFO  c.r.f.w.s.TokenService - [getToken,237] - user: madaosen, backend Token: Bearer eyJhbGciOiJIUzUxMiJ9.eyJsb2dpbl91c2VyX2tleSI6ImYxYmJiNjVhLTZlYzQtNDg4Ni1hY2M3LTdkZjdmYTkxZjA0YyJ9.2XbJLwaH0AcO9GmF4c9rYdGM1vOnRkWV0_M_G_RTfJNR28k4zwPCUDBXbnn5BPFglD0zNgiJDQM-I3kzB8s8Fg
10:05:45.883 [http-nio-9587-exec-7] INFO  c.r.f.w.s.TokenService - [getToken,237] - user: madaosen, backend Token: Bearer eyJhbGciOiJIUzUxMiJ9.eyJsb2dpbl91c2VyX2tleSI6ImYxYmJiNjVhLTZlYzQtNDg4Ni1hY2M3LTdkZjdmYTkxZjA0YyJ9.2XbJLwaH0AcO9GmF4c9rYdGM1vOnRkWV0_M_G_RTfJNR28k4zwPCUDBXbnn5BPFglD0zNgiJDQM-I3kzB8s8Fg
10:05:46.262 [http-nio-9587-exec-4] INFO  c.r.f.w.s.TokenService - [getToken,237] - user: madaosen, backend Token: Bearer eyJhbGciOiJIUzUxMiJ9.eyJsb2dpbl91c2VyX2tleSI6ImYxYmJiNjVhLTZlYzQtNDg4Ni1hY2M3LTdkZjdmYTkxZjA0YyJ9.2XbJLwaH0AcO9GmF4c9rYdGM1vOnRkWV0_M_G_RTfJNR28k4zwPCUDBXbnn5BPFglD0zNgiJDQM-I3kzB8s8Fg
10:05:46.266 [http-nio-9587-exec-1] INFO  c.r.f.w.s.TokenService - [getToken,237] - user: madaosen, backend Token: Bearer eyJhbGciOiJIUzUxMiJ9.eyJsb2dpbl91c2VyX2tleSI6ImYxYmJiNjVhLTZlYzQtNDg4Ni1hY2M3LTdkZjdmYTkxZjA0YyJ9.2XbJLwaH0AcO9GmF4c9rYdGM1vOnRkWV0_M_G_RTfJNR28k4zwPCUDBXbnn5BPFglD0zNgiJDQM-I3kzB8s8Fg
10:05:46.267 [http-nio-9587-exec-6] INFO  c.r.f.w.s.TokenService - [getToken,237] - user: madaosen, backend Token: Bearer eyJhbGciOiJIUzUxMiJ9.eyJsb2dpbl91c2VyX2tleSI6ImYxYmJiNjVhLTZlYzQtNDg4Ni1hY2M3LTdkZjdmYTkxZjA0YyJ9.2XbJLwaH0AcO9GmF4c9rYdGM1vOnRkWV0_M_G_RTfJNR28k4zwPCUDBXbnn5BPFglD0zNgiJDQM-I3kzB8s8Fg
10:05:46.295 [http-nio-9587-exec-2] INFO  c.r.f.w.s.TokenService - [getToken,237] - user: madaosen, backend Token: Bearer eyJhbGciOiJIUzUxMiJ9.eyJsb2dpbl91c2VyX2tleSI6ImYxYmJiNjVhLTZlYzQtNDg4Ni1hY2M3LTdkZjdmYTkxZjA0YyJ9.2XbJLwaH0AcO9GmF4c9rYdGM1vOnRkWV0_M_G_RTfJNR28k4zwPCUDBXbnn5BPFglD0zNgiJDQM-I3kzB8s8Fg
10:05:46.663 [http-nio-9587-exec-2] INFO  c.r.w.s.i.DigitalEmployeeAgentServiceImpl - [prepareChat,617] - [DEBUG] 数字员工实际发送prompt employeeCode=kcts-todo-employee conversationId=kcts-demo-1788485327434-c7b64288 prompt=@待办数字员工

以下 JSON 中 currentUser 由科创智方服务端生成；clientReferences 仅是界面引用线索，涉及读取或写入业务数据时必须再次调用科创智方受控接口校验。附件 fileId 也必须按当前用户和 conversationId 校验后才能读取。
{"conversationId":"kcts-demo-1788485327434-c7b64288","attachments":[],"currentUser":{"userName":"madaosen","roleIds":["operational_improvement_planner_role","pf_unit_dept_leader_role","annual_project_approval_fill_role","fill_role","rd_unit_director_role","unit_verify_role","chief_engineer_leader_role","ai_audit_rule","product_innovation_accept_role","chief_engineer_director_role","workflow_user_update_role","email","rd_unit_leader_role","professional_leader_role","pf_project_manager_role","verify_role","software_cost_manager_role","allocation_role","prospective_study_planner_role","project_read_all_role","science_technology_fill_role","pf_director_role","self_develop_planner_role","hgbz","science_technology_read_role","chief_engineer_manager_role","product_innovation_planner_role","other_accept_role"],"roleId":"fill_role","displayName":"madaosen","userId":"460"},"clientReferences":{"businessReferences":[{"id":"todo:2095438531643203584:1c53167b-a777-11f1-9c7b-da3bbfe162e3","kind":"todo","name":"审核项目信息","projectId":"2095438531643203584","projectName":"待办测试00001","status":"审核项目信息","taskId":"1c53167b-a777-11f1-9c7b-da3bbfe162e3","taskKey":"VerifyProjectInfo"}]},"todoContext":{"schemaVersion":"1.0","status":"ready","task":{"taskId":"1c53167b-a777-11f1-9c7b-da3bbfe162e3","taskKey":"VerifyProjectInfo","taskName":"审核项目信息","projectId":"2095438531643203584","projectName":"待办测试00001","roleLabel":"单位审核人","actionType":"approval","canReject":true},"confirmation":{"required":true,"submitBy":"browser_session","submitToolAllowed":false,"label":"确认办理"},"project":{"id":"2095438531643203584","name":"待办测试00001","projectCategory":"product_innovation","projectCategoryName":"产品创新","projectProfessionalField":"1","projectProfessionalFieldName":"前瞻研究","isPlanProject":"2028655192933638144","isSelfDeveloped":0,"isBaseCutting":0,"requirementUnit":"SHGSRHCXYFJD","requirementUnitName":"上海公司融合创新研发基地","undertakeUnit":"SHGSRHCXYFJD","undertakeUnitName":"上海公司融合创新研发基地","operationUnit":"SHGSRHCXYFJD","planStartDate":"2024-11-01","planEndDate":"2027-06-19"},"formSchema":[{"controlId":"FormProperty_1abkjkg","controlType":"radio","label":"审批意见","value":"","displayValue":"","required":true,"modelMaySuggest":true,"humanConfirmationRequired":true,"options":[{"value":"0","label":"同意"},{"value":"1","label":"不同意"}]},{"controlId":"FormProperty_1oj7ava","controlType":"textarea","label":"处理意见","value":"","displayValue":"","required":false,"modelMaySuggest":true,"humanConfirmationRequired":true,"options":[]}],"reviewSignals":{"coreFieldsComplete":true,"missingCoreFields":[],"requirementContentPresent":true,"problemStatementPresent":true,"explicitBlockingIssues":[],"decisionPreference":"approve_unless_explicit_blocker"},"responseContract":{"type":"kcts.todo_form_patch","patchKey":"formPatch","knownControlIds":["FormProperty_1abkjkg","FormProperty_1oj7ava"],"rules":["只能建议 formSchema 中存在的 controlId","select 和 radio 只能使用 options 中的 value","没有充分依据的字段必须留空并加入 missingFields","不得调用工具或接口提交审批，最终提交必须由浏览器当前登录用户确认"]}}}

本轮是科创智方待办辅助，todoContext 是服务端权威上下文。仅使用其中 project、formSchema 和节点 signals；不调用工具，不伪造控件或人员，不替用户提交。审批意见 radio 只用 decisionSuggestion 表达，不列入 formPatch 或 missingFields。处理意见限60个汉字；其他当前结论下的必填项无法确定时才列入 missingFields，此时 status=needs_input 且不建议 approve。只返回符合 responseContract 的一个 kcts.todo_form_patch JSON 对象，不要 Markdown 或额外说明。
10:05:47.496 [http-nio-9587-exec-7] INFO  c.r.f.w.s.TokenService - [getToken,237] - user: madaosen, backend Token: Bearer eyJhbGciOiJIUzUxMiJ9.eyJsb2dpbl91c2VyX2tleSI6ImYxYmJiNjVhLTZlYzQtNDg4Ni1hY2M3LTdkZjdmYTkxZjA0YyJ9.2XbJLwaH0AcO9GmF4c9rYdGM1vOnRkWV0_M_G_RTfJNR28k4zwPCUDBXbnn5BPFglD0zNgiJDQM-I3kzB8s8Fg
10:05:48.700 [http-nio-9587-exec-8] INFO  c.r.f.w.s.TokenService - [getToken,237] - user: madaosen, backend Token: Bearer eyJhbGciOiJIUzUxMiJ9.eyJsb2dpbl91c2VyX2tleSI6ImYxYmJiNjVhLTZlYzQtNDg4Ni1hY2M3LTdkZjdmYTkxZjA0YyJ9.2XbJLwaH0AcO9GmF4c9rYdGM1vOnRkWV0_M_G_RTfJNR28k4zwPCUDBXbnn5BPFglD0zNgiJDQM-I3kzB8s8Fg
10:05:49.900 [http-nio-9587-exec-4] INFO  c.r.f.w.s.TokenService - [getToken,237] - user: madaosen, backend Token: Bearer eyJhbGciOiJIUzUxMiJ9.eyJsb2dpbl91c2VyX2tleSI6ImYxYmJiNjVhLTZlYzQtNDg4Ni1hY2M3LTdkZjdmYTkxZjA0YyJ9.2XbJLwaH0AcO9GmF4c9rYdGM1vOnRkWV0_M_G_RTfJNR28k4zwPCUDBXbnn5BPFglD0zNgiJDQM-I3kzB8s8Fg
10:05:51.094 [http-nio-9587-exec-6] INFO  c.r.f.w.s.TokenService - [getToken,237] - user: madaosen, backend Token: Bearer eyJhbGciOiJIUzUxMiJ9.eyJsb2dpbl91c2VyX2tleSI6ImYxYmJiNjVhLTZlYzQtNDg4Ni1hY2M3LTdkZjdmYTkxZjA0YyJ9.2XbJLwaH0AcO9GmF4c9rYdGM1vOnRkWV0_M_G_RTfJNR28k4zwPCUDBXbnn5BPFglD0zNgiJDQM-I3kzB8s8Fg
10:05:52.295 [http-nio-9587-exec-2] INFO  c.r.f.w.s.TokenService - [getToken,237] - user: madaosen, backend Token: Bearer eyJhbGciOiJIUzUxMiJ9.eyJsb2dpbl91c2VyX2tleSI6ImYxYmJiNjVhLTZlYzQtNDg4Ni1hY2M3LTdkZjdmYTkxZjA0YyJ9.2XbJLwaH0AcO9GmF4c9rYdGM1vOnRkWV0_M_G_RTfJNR28k4zwPCUDBXbnn5BPFglD0zNgiJDQM-I3kzB8s8Fg
10:05:53.496 [http-nio-9587-exec-7] INFO  c.r.f.w.s.TokenService - [getToken,237] - user: madaosen, backend Token: Bearer eyJhbGciOiJIUzUxMiJ9.eyJsb2dpbl91c2VyX2tleSI6ImYxYmJiNjVhLTZlYzQtNDg4Ni1hY2M3LTdkZjdmYTkxZjA0YyJ9.2XbJLwaH0AcO9GmF4c9rYdGM1vOnRkWV0_M_G_RTfJNR28k4zwPCUDBXbnn5BPFglD0zNgiJDQM-I3kzB8s8Fg
10:05:54.699 [http-nio-9587-exec-8] INFO  c.r.f.w.s.TokenService - [getToken,237] - user: madaosen, backend Token: Bearer eyJhbGciOiJIUzUxMiJ9.eyJsb2dpbl91c2VyX2tleSI6ImYxYmJiNjVhLTZlYzQtNDg4Ni1hY2M3LTdkZjdmYTkxZjA0YyJ9.2XbJLwaH0AcO9GmF4c9rYdGM1vOnRkWV0_M_G_RTfJNR28k4zwPCUDBXbnn5BPFglD0zNgiJDQM-I3kzB8s8Fg
10:05:55.899 [http-nio-9587-exec-4] INFO  c.r.f.w.s.TokenService - [getToken,237] - user: madaosen, backend Token: Bearer eyJhbGciOiJIUzUxMiJ9.eyJsb2dpbl91c2VyX2tleSI6ImYxYmJiNjVhLTZlYzQtNDg4Ni1hY2M3LTdkZjdmYTkxZjA0YyJ9.2XbJLwaH0AcO9GmF4c9rYdGM1vOnRkWV0_M_G_RTfJNR28k4zwPCUDBXbnn5BPFglD0zNgiJDQM-I3kzB8s8Fg
10:05:57.095 [http-nio-9587-exec-6] INFO  c.r.f.w.s.TokenService - [getToken,237] - user: madaosen, backend Token: Bearer eyJhbGciOiJIUzUxMiJ9.eyJsb2dpbl91c2VyX2tleSI6ImYxYmJiNjVhLTZlYzQtNDg4Ni1hY2M3LTdkZjdmYTkxZjA0YyJ9.2XbJLwaH0AcO9GmF4c9rYdGM1vOnRkWV0_M_G_RTfJNR28k4zwPCUDBXbnn5BPFglD0zNgiJDQM-I3kzB8s8Fg
10:05:58.167 [http-nio-9587-exec-3] INFO  c.r.f.w.s.TokenService - [getToken,237] - user: madaosen, backend Token: Bearer eyJhbGciOiJIUzUxMiJ9.eyJsb2dpbl91c2VyX2tleSI6ImYxYmJiNjVhLTZlYzQtNDg4Ni1hY2M3LTdkZjdmYTkxZjA0YyJ9.2XbJLwaH0AcO9GmF4c9rYdGM1vOnRkWV0_M_G_RTfJNR28k4zwPCUDBXbnn5BPFglD0zNgiJDQM-I3kzB8s8Fg
10:05:58.208 [http-nio-9587-exec-10] INFO  c.r.f.w.s.TokenService - [getToken,237] - user: madaosen, backend Token: Bearer eyJhbGciOiJIUzUxMiJ9.eyJsb2dpbl91c2VyX2tleSI6ImYxYmJiNjVhLTZlYzQtNDg4Ni1hY2M3LTdkZjdmYTkxZjA0YyJ9.2XbJLwaH0AcO9GmF4c9rYdGM1vOnRkWV0_M_G_RTfJNR28k4zwPCUDBXbnn5BPFglD0zNgiJDQM-I3kzB8s8Fg
10:05:58.297 [http-nio-9587-exec-9] INFO  c.r.f.w.s.TokenService - [getToken,237] - user: madaosen, backend Token: Bearer eyJhbGciOiJIUzUxMiJ9.eyJsb2dpbl91c2VyX2tleSI6ImYxYmJiNjVhLTZlYzQtNDg4Ni1hY2M3LTdkZjdmYTkxZjA0YyJ9.2XbJLwaH0AcO9GmF4c9rYdGM1vOnRkWV0_M_G_RTfJNR28k4zwPCUDBXbnn5BPFglD0zNgiJDQM-I3kzB8s8Fg
10:05:58.543 [http-nio-9587-exec-1] INFO  c.r.f.w.s.TokenService - [getToken,237] - user: madaosen, backend Token: Bearer eyJhbGciOiJIUzUxMiJ9.eyJsb2dpbl91c2VyX2tleSI6ImYxYmJiNjVhLTZlYzQtNDg4Ni1hY2M3LTdkZjdmYTkxZjA0YyJ9.2XbJLwaH0AcO9GmF4c9rYdGM1vOnRkWV0_M_G_RTfJNR28k4zwPCUDBXbnn5BPFglD0zNgiJDQM-I3kzB8s8Fg
10:05:59.364 [http-nio-9587-exec-5] INFO  c.r.f.w.s.TokenService - [getToken,237] - user: madaosen, backend Token: Bearer eyJhbGciOiJIUzUxMiJ9.eyJsb2dpbl91c2VyX2tleSI6ImYxYmJiNjVhLTZlYzQtNDg4Ni1hY2M3LTdkZjdmYTkxZjA0YyJ9.2XbJLwaH0AcO9GmF4c9rYdGM1vOnRkWV0_M_G_RTfJNR28k4zwPCUDBXbnn5BPFglD0zNgiJDQM-I3kzB8s8Fg
10:05:59.378 [http-nio-9587-exec-3] INFO  c.r.f.w.s.TokenService - [getToken,237] - user: madaosen, backend Token: Bearer eyJhbGciOiJIUzUxMiJ9.eyJsb2dpbl91c2VyX2tleSI6ImYxYmJiNjVhLTZlYzQtNDg4Ni1hY2M3LTdkZjdmYTkxZjA0YyJ9.2XbJLwaH0AcO9GmF4c9rYdGM1vOnRkWV0_M_G_RTfJNR28k4zwPCUDBXbnn5BPFglD0zNgiJDQM-I3kzB8s8Fg
10:06:00.541 [http-nio-9587-exec-8] INFO  c.r.f.w.s.TokenService - [getToken,237] - user: madaosen, backend Token: Bearer eyJhbGciOiJIUzUxMiJ9.eyJsb2dpbl91c2VyX2tleSI6ImYxYmJiNjVhLTZlYzQtNDg4Ni1hY2M3LTdkZjdmYTkxZjA0YyJ9.2XbJLwaH0AcO9GmF4c9rYdGM1vOnRkWV0_M_G_RTfJNR28k4zwPCUDBXbnn5BPFglD0zNgiJDQM-I3kzB8s8Fg
10:06:00.541 [http-nio-9587-exec-9] INFO  c.r.f.w.s.TokenService - [getToken,237] - user: madaosen, backend Token: Bearer eyJhbGciOiJIUzUxMiJ9.eyJsb2dpbl91c2VyX2tleSI6ImYxYmJiNjVhLTZlYzQtNDg4Ni1hY2M3LTdkZjdmYTkxZjA0YyJ9.2XbJLwaH0AcO9GmF4c9rYdGM1vOnRkWV0_M_G_RTfJNR28k4zwPCUDBXbnn5BPFglD0zNgiJDQM-I3kzB8s8Fg
10:06:00.544 [http-nio-9587-exec-10] INFO  c.r.f.w.s.TokenService - [getToken,237] - user: madaosen, backend Token: Bearer eyJhbGciOiJIUzUxMiJ9.eyJsb2dpbl91c2VyX2tleSI6ImYxYmJiNjVhLTZlYzQtNDg4Ni1hY2M3LTdkZjdmYTkxZjA0YyJ9.2XbJLwaH0AcO9GmF4c9rYdGM1vOnRkWV0_M_G_RTfJNR28k4zwPCUDBXbnn5BPFglD0zNgiJDQM-I3kzB8s8Fg
10:06:00.545 [http-nio-9587-exec-5] INFO  c.r.f.w.s.TokenService - [getToken,237] - user: madaosen, backend Token: Bearer eyJhbGciOiJIUzUxMiJ9.eyJsb2dpbl91c2VyX2tleSI6ImYxYmJiNjVhLTZlYzQtNDg4Ni1hY2M3LTdkZjdmYTkxZjA0YyJ9.2XbJLwaH0AcO9GmF4c9rYdGM1vOnRkWV0_M_G_RTfJNR28k4zwPCUDBXbnn5BPFglD0zNgiJDQM-I3kzB8s8Fg
10:06:00.556 [http-nio-9587-exec-3] INFO  c.r.f.w.s.TokenService - [getToken,237] - user: madaosen, backend Token: Bearer eyJhbGciOiJIUzUxMiJ9.eyJsb2dpbl91c2VyX2tleSI6ImYxYmJiNjVhLTZlYzQtNDg4Ni1hY2M3LTdkZjdmYTkxZjA0YyJ9.2XbJLwaH0AcO9GmF4c9rYdGM1vOnRkWV0_M_G_RTfJNR28k4zwPCUDBXbnn5BPFglD0zNgiJDQM-I3kzB8s8Fg
10:06:00.556 [http-nio-9587-exec-4] INFO  c.r.f.w.s.TokenService - [getToken,237] - user: madaosen, backend Token: Bearer eyJhbGciOiJIUzUxMiJ9.eyJsb2dpbl91c2VyX2tleSI6ImYxYmJiNjVhLTZlYzQtNDg4Ni1hY2M3LTdkZjdmYTkxZjA0YyJ9.2XbJLwaH0AcO9GmF4c9rYdGM1vOnRkWV0_M_G_RTfJNR28k4zwPCUDBXbnn5BPFglD0zNgiJDQM-I3kzB8s8Fg
10:06:00.559 [http-nio-9587-exec-1] INFO  c.r.f.w.s.TokenService - [getToken,237] - user: madaosen, backend Token: Bearer eyJhbGciOiJIUzUxMiJ9.eyJsb2dpbl91c2VyX2tleSI6ImYxYmJiNjVhLTZlYzQtNDg4Ni1hY2M3LTdkZjdmYTkxZjA0YyJ9.2XbJLwaH0AcO9GmF4c9rYdGM1vOnRkWV0_M_G_RTfJNR28k4zwPCUDBXbnn5BPFglD0zNgiJDQM-I3kzB8s8Fg
10:06:00.564 [http-nio-9587-exec-6] INFO  c.r.f.w.s.TokenService - [getToken,237] - user: madaosen, backend Token: Bearer eyJhbGciOiJIUzUxMiJ9.eyJsb2dpbl91c2VyX2tleSI6ImYxYmJiNjVhLTZlYzQtNDg4Ni1hY2M3LTdkZjdmYTkxZjA0YyJ9.2XbJLwaH0AcO9GmF4c9rYdGM1vOnRkWV0_M_G_RTfJNR28k4zwPCUDBXbnn5BPFglD0zNgiJDQM-I3kzB8s8Fg
10:06:00.575 [http-nio-9587-exec-2] INFO  c.r.f.w.s.TokenService - [getToken,237] - user: madaosen, backend Token: Bearer eyJhbGciOiJIUzUxMiJ9.eyJsb2dpbl91c2VyX2tleSI6ImYxYmJiNjVhLTZlYzQtNDg4Ni1hY2M3LTdkZjdmYTkxZjA0YyJ9.2XbJLwaH0AcO9GmF4c9rYdGM1vOnRkWV0_M_G_RTfJNR28k4zwPCUDBXbnn5BPFglD0zNgiJDQM-I3kzB8s8Fg
10:06:00.594 [http-nio-9587-exec-3] INFO  c.r.f.w.s.TokenService - [getToken,237] - user: madaosen, backend Token: Bearer eyJhbGciOiJIUzUxMiJ9.eyJsb2dpbl91c2VyX2tleSI6ImYxYmJiNjVhLTZlYzQtNDg4Ni1hY2M3LTdkZjdmYTkxZjA0YyJ9.2XbJLwaH0AcO9GmF4c9rYdGM1vOnRkWV0_M_G_RTfJNR28k4zwPCUDBXbnn5BPFglD0zNgiJDQM-I3kzB8s8Fg
10:06:00.595 [http-nio-9587-exec-6] INFO  c.r.f.w.s.TokenService - [getToken,237] - user: madaosen, backend Token: Bearer eyJhbGciOiJIUzUxMiJ9.eyJsb2dpbl91c2VyX2tleSI6ImYxYmJiNjVhLTZlYzQtNDg4Ni1hY2M3LTdkZjdmYTkxZjA0YyJ9.2XbJLwaH0AcO9GmF4c9rYdGM1vOnRkWV0_M_G_RTfJNR28k4zwPCUDBXbnn5BPFglD0zNgiJDQM-I3kzB8s8Fg
10:06:00.610 [http-nio-9587-exec-2] INFO  c.r.f.w.s.TokenService - [getToken,237] - user: madaosen, backend Token: Bearer eyJhbGciOiJIUzUxMiJ9.eyJsb2dpbl91c2VyX2tleSI6ImYxYmJiNjVhLTZlYzQtNDg4Ni1hY2M3LTdkZjdmYTkxZjA0YyJ9.2XbJLwaH0AcO9GmF4c9rYdGM1vOnRkWV0_M_G_RTfJNR28k4zwPCUDBXbnn5BPFglD0zNgiJDQM-I3kzB8s8Fg
10:06:00.620 [http-nio-9587-exec-7] INFO  c.r.f.w.s.TokenService - [getToken,237] - user: madaosen, backend Token: Bearer eyJhbGciOiJIUzUxMiJ9.eyJsb2dpbl91c2VyX2tleSI6ImYxYmJiNjVhLTZlYzQtNDg4Ni1hY2M3LTdkZjdmYTkxZjA0YyJ9.2XbJLwaH0AcO9GmF4c9rYdGM1vOnRkWV0_M_G_RTfJNR28k4zwPCUDBXbnn5BPFglD0zNgiJDQM-I3kzB8s8Fg
10:06:00.643 [http-nio-9587-exec-8] INFO  c.r.f.w.s.TokenService - [getToken,237] - user: madaosen, backend Token: Bearer eyJhbGciOiJIUzUxMiJ9.eyJsb2dpbl91c2VyX2tleSI6ImYxYmJiNjVhLTZlYzQtNDg4Ni1hY2M3LTdkZjdmYTkxZjA0YyJ9.2XbJLwaH0AcO9GmF4c9rYdGM1vOnRkWV0_M_G_RTfJNR28k4zwPCUDBXbnn5BPFglD0zNgiJDQM-I3kzB8s8Fg
10:06:00.657 [http-nio-9587-exec-10] INFO  c.r.f.w.s.TokenService - [getToken,237] - user: madaosen, backend Token: Bearer eyJhbGciOiJIUzUxMiJ9.eyJsb2dpbl91c2VyX2tleSI6ImYxYmJiNjVhLTZlYzQtNDg4Ni1hY2M3LTdkZjdmYTkxZjA0YyJ9.2XbJLwaH0AcO9GmF4c9rYdGM1vOnRkWV0_M_G_RTfJNR28k4zwPCUDBXbnn5BPFglD0zNgiJDQM-I3kzB8s8Fg
10:06:00.666 [http-nio-9587-exec-3] INFO  c.r.f.w.s.TokenService - [getToken,237] - user: madaosen, backend Token: Bearer eyJhbGciOiJIUzUxMiJ9.eyJsb2dpbl91c2VyX2tleSI6ImYxYmJiNjVhLTZlYzQtNDg4Ni1hY2M3LTdkZjdmYTkxZjA0YyJ9.2XbJLwaH0AcO9GmF4c9rYdGM1vOnRkWV0_M_G_RTfJNR28k4zwPCUDBXbnn5BPFglD0zNgiJDQM-I3kzB8s8Fg
10:06:00.675 [http-nio-9587-exec-1] INFO  c.r.f.w.s.TokenService - [getToken,237] - user: madaosen, backend Token: Bearer eyJhbGciOiJIUzUxMiJ9.eyJsb2dpbl91c2VyX2tleSI6ImYxYmJiNjVhLTZlYzQtNDg4Ni1hY2M3LTdkZjdmYTkxZjA0YyJ9.2XbJLwaH0AcO9GmF4c9rYdGM1vOnRkWV0_M_G_RTfJNR28k4zwPCUDBXbnn5BPFglD0zNgiJDQM-I3kzB8s8Fg
10:06:00.676 [http-nio-9587-exec-9] INFO  c.r.f.w.s.TokenService - [getToken,237] - user: madaosen, backend Token: Bearer eyJhbGciOiJIUzUxMiJ9.eyJsb2dpbl91c2VyX2tleSI6ImYxYmJiNjVhLTZlYzQtNDg4Ni1hY2M3LTdkZjdmYTkxZjA0YyJ9.2XbJLwaH0AcO9GmF4c9rYdGM1vOnRkWV0_M_G_RTfJNR28k4zwPCUDBXbnn5BPFglD0zNgiJDQM-I3kzB8s8Fg
10:06:00.683 [http-nio-9587-exec-8] INFO  c.r.f.w.s.TokenService - [getToken,237] - user: madaosen, backend Token: Bearer eyJhbGciOiJIUzUxMiJ9.eyJsb2dpbl91c2VyX2tleSI6ImYxYmJiNjVhLTZlYzQtNDg4Ni1hY2M3LTdkZjdmYTkxZjA0YyJ9.2XbJLwaH0AcO9GmF4c9rYdGM1vOnRkWV0_M_G_RTfJNR28k4zwPCUDBXbnn5BPFglD0zNgiJDQM-I3kzB8s8Fg
10:06:00.797 [http-nio-9587-exec-7] INFO  c.r.f.w.s.TokenService - [getToken,237] - user: madaosen, backend Token: Bearer eyJhbGciOiJIUzUxMiJ9.eyJsb2dpbl91c2VyX2tleSI6ImYxYmJiNjVhLTZlYzQtNDg4Ni1hY2M3LTdkZjdmYTkxZjA0YyJ9.2XbJLwaH0AcO9GmF4c9rYdGM1vOnRkWV0_M_G_RTfJNR28k4zwPCUDBXbnn5BPFglD0zNgiJDQM-I3kzB8s8Fg
10:06:00.875 [http-nio-9587-exec-9] INFO  c.r.f.w.s.TokenService - [getToken,237] - user: madaosen, backend Token: Bearer eyJhbGciOiJIUzUxMiJ9.eyJsb2dpbl91c2VyX2tleSI6ImYxYmJiNjVhLTZlYzQtNDg4Ni1hY2M3LTdkZjdmYTkxZjA0YyJ9.2XbJLwaH0AcO9GmF4c9rYdGM1vOnRkWV0_M_G_RTfJNR28k4zwPCUDBXbnn5BPFglD0zNgiJDQM-I3kzB8s8Fg
10:06:00.931 [http-nio-9587-exec-2] INFO  c.r.f.w.s.TokenService - [getToken,237] - user: madaosen, backend Token: Bearer eyJhbGciOiJIUzUxMiJ9.eyJsb2dpbl91c2VyX2tleSI6ImYxYmJiNjVhLTZlYzQtNDg4Ni1hY2M3LTdkZjdmYTkxZjA0YyJ9.2XbJLwaH0AcO9GmF4c9rYdGM1vOnRkWV0_M_G_RTfJNR28k4zwPCUDBXbnn5BPFglD0zNgiJDQM-I3kzB8s8Fg
10:06:00.931 [http-nio-9587-exec-6] INFO  c.r.f.w.s.TokenService - [getToken,237] - user: madaosen, backend Token: Bearer eyJhbGciOiJIUzUxMiJ9.eyJsb2dpbl91c2VyX2tleSI6ImYxYmJiNjVhLTZlYzQtNDg4Ni1hY2M3LTdkZjdmYTkxZjA0YyJ9.2XbJLwaH0AcO9GmF4c9rYdGM1vOnRkWV0_M_G_RTfJNR28k4zwPCUDBXbnn5BPFglD0zNgiJDQM-I3kzB8s8Fg
10:06:00.964 [http-nio-9587-exec-5] INFO  c.r.f.w.s.TokenService - [getToken,237] - user: madaosen, backend Token: Bearer eyJhbGciOiJIUzUxMiJ9.eyJsb2dpbl91c2VyX2tleSI6ImYxYmJiNjVhLTZlYzQtNDg4Ni1hY2M3LTdkZjdmYTkxZjA0YyJ9.2XbJLwaH0AcO9GmF4c9rYdGM1vOnRkWV0_M_G_RTfJNR28k4zwPCUDBXbnn5BPFglD0zNgiJDQM-I3kzB8s8Fg
10:06:00.990 [http-nio-9587-exec-6] INFO  c.r.f.w.s.TokenService - [getToken,237] - user: madaosen, backend Token: Bearer eyJhbGciOiJIUzUxMiJ9.eyJsb2dpbl91c2VyX2tleSI6ImYxYmJiNjVhLTZlYzQtNDg4Ni1hY2M3LTdkZjdmYTkxZjA0YyJ9.2XbJLwaH0AcO9GmF4c9rYdGM1vOnRkWV0_M_G_RTfJNR28k4zwPCUDBXbnn5BPFglD0zNgiJDQM-I3kzB8s8Fg
10:06:00.990 [http-nio-9587-exec-1] INFO  c.r.f.w.s.TokenService - [getToken,237] - user: madaosen, backend Token: Bearer eyJhbGciOiJIUzUxMiJ9.eyJsb2dpbl91c2VyX2tleSI6ImYxYmJiNjVhLTZlYzQtNDg4Ni1hY2M3LTdkZjdmYTkxZjA0YyJ9.2XbJLwaH0AcO9GmF4c9rYdGM1vOnRkWV0_M_G_RTfJNR28k4zwPCUDBXbnn5BPFglD0zNgiJDQM-I3kzB8s8Fg
10:06:00.990 [http-nio-9587-exec-8] INFO  c.r.f.w.s.TokenService - [getToken,237] - user: madaosen, backend Token: Bearer eyJhbGciOiJIUzUxMiJ9.eyJsb2dpbl91c2VyX2tleSI6ImYxYmJiNjVhLTZlYzQtNDg4Ni1hY2M3LTdkZjdmYTkxZjA0YyJ9.2XbJLwaH0AcO9GmF4c9rYdGM1vOnRkWV0_M_G_RTfJNR28k4zwPCUDBXbnn5BPFglD0zNgiJDQM-I3kzB8s8Fg
10:06:01.049 [http-nio-9587-exec-5] INFO  c.r.f.w.s.TokenService - [getToken,237] - user: madaosen, backend Token: Bearer eyJhbGciOiJIUzUxMiJ9.eyJsb2dpbl91c2VyX2tleSI6ImYxYmJiNjVhLTZlYzQtNDg4Ni1hY2M3LTdkZjdmYTkxZjA0YyJ9.2XbJLwaH0AcO9GmF4c9rYdGM1vOnRkWV0_M_G_RTfJNR28k4zwPCUDBXbnn5BPFglD0zNgiJDQM-I3kzB8s8Fg
10:06:01.049 [http-nio-9587-exec-10] INFO  c.r.f.w.s.TokenService - [getToken,237] - user: madaosen, backend Token: Bearer eyJhbGciOiJIUzUxMiJ9.eyJsb2dpbl91c2VyX2tleSI6ImYxYmJiNjVhLTZlYzQtNDg4Ni1hY2M3LTdkZjdmYTkxZjA0YyJ9.2XbJLwaH0AcO9GmF4c9rYdGM1vOnRkWV0_M_G_RTfJNR28k4zwPCUDBXbnn5BPFglD0zNgiJDQM-I3kzB8s8Fg
10:06:01.070 [http-nio-9587-exec-7] INFO  c.r.f.w.s.TokenService - [getToken,237] - user: madaosen, backend Token: Bearer eyJhbGciOiJIUzUxMiJ9.eyJsb2dpbl91c2VyX2tleSI6ImYxYmJiNjVhLTZlYzQtNDg4Ni1hY2M3LTdkZjdmYTkxZjA0YyJ9.2XbJLwaH0AcO9GmF4c9rYdGM1vOnRkWV0_M_G_RTfJNR28k4zwPCUDBXbnn5BPFglD0zNgiJDQM-I3kzB8s8Fg
10:06:01.085 [http-nio-9587-exec-8] INFO  c.r.f.w.s.TokenService - [getToken,237] - user: madaosen, backend Token: Bearer eyJhbGciOiJIUzUxMiJ9.eyJsb2dpbl91c2VyX2tleSI6ImYxYmJiNjVhLTZlYzQtNDg4Ni1hY2M3LTdkZjdmYTkxZjA0YyJ9.2XbJLwaH0AcO9GmF4c9rYdGM1vOnRkWV0_M_G_RTfJNR28k4zwPCUDBXbnn5BPFglD0zNgiJDQM-I3kzB8s8Fg
10:06:01.085 [http-nio-9587-exec-9] INFO  c.r.f.w.s.TokenService - [getToken,237] - user: madaosen, backend Token: Bearer eyJhbGciOiJIUzUxMiJ9.eyJsb2dpbl91c2VyX2tleSI6ImYxYmJiNjVhLTZlYzQtNDg4Ni1hY2M3LTdkZjdmYTkxZjA0YyJ9.2XbJLwaH0AcO9GmF4c9rYdGM1vOnRkWV0_M_G_RTfJNR28k4zwPCUDBXbnn5BPFglD0zNgiJDQM-I3kzB8s8Fg
10:06:01.086 [http-nio-9587-exec-4] INFO  c.r.f.w.s.TokenService - [getToken,237] - user: madaosen, backend Token: Bearer eyJhbGciOiJIUzUxMiJ9.eyJsb2dpbl91c2VyX2tleSI6ImYxYmJiNjVhLTZlYzQtNDg4Ni1hY2M3LTdkZjdmYTkxZjA0YyJ9.2XbJLwaH0AcO9GmF4c9rYdGM1vOnRkWV0_M_G_RTfJNR28k4zwPCUDBXbnn5BPFglD0zNgiJDQM-I3kzB8s8Fg
10:06:01.143 [http-nio-9587-exec-10] INFO  c.r.f.w.s.TokenService - [getToken,237] - user: madaosen, backend Token: Bearer eyJhbGciOiJIUzUxMiJ9.eyJsb2dpbl91c2VyX2tleSI6ImYxYmJiNjVhLTZlYzQtNDg4Ni1hY2M3LTdkZjdmYTkxZjA0YyJ9.2XbJLwaH0AcO9GmF4c9rYdGM1vOnRkWV0_M_G_RTfJNR28k4zwPCUDBXbnn5BPFglD0zNgiJDQM-I3kzB8s8Fg
10:21:16.677 [Thread-9] INFO  o.q.c.QuartzScheduler - [standby,585] - Scheduler RuoyiScheduler_$_DESKTOP-GL3RGKM1788484908900 paused.
10:21:16.678 [Thread-9] INFO  o.a.s.AbstractActivitiSmartLifeCycle - [stop,95] - Stopping...
10:21:16.679 [Thread-9] INFO  o.a.s.AbstractActivitiSmartLifeCycle - [stop,99] - Stopped.
10:21:16.679 [Thread-9] INFO  o.a.s.AbstractActivitiSmartLifeCycle - [stop,95] - Stopping...
10:21:16.679 [Thread-9] INFO  o.a.s.AbstractActivitiSmartLifeCycle - [stop,99] - Stopped.
10:21:16.679 [Thread-9] INFO  o.a.s.AbstractActivitiSmartLifeCycle - [stop,95] - Stopping...
10:21:16.679 [Thread-9] INFO  o.a.s.AbstractActivitiSmartLifeCycle - [stop,99] - Stopped.
10:21:16.679 [Thread-9] INFO  o.a.s.AbstractActivitiSmartLifeCycle - [stop,95] - Stopping...
10:21:16.679 [Thread-9] INFO  o.a.s.AbstractActivitiSmartLifeCycle - [stop,99] - Stopped.
10:21:17.423 [Thread-9] INFO  o.q.c.QuartzScheduler - [shutdown,666] - Scheduler RuoyiScheduler_$_DESKTOP-GL3RGKM1788484908900 shutting down.
10:21:17.425 [Thread-9] INFO  o.q.c.QuartzScheduler - [standby,585] - Scheduler RuoyiScheduler_$_DESKTOP-GL3RGKM1788484908900 paused.
10:21:17.426 [Thread-9] INFO  o.q.c.QuartzScheduler - [shutdown,740] - Scheduler RuoyiScheduler_$_DESKTOP-GL3RGKM1788484908900 shutdown complete.
10:21:17.428 [Thread-9] INFO  sys-user - [shutdownAsyncManager,31] - ====关闭后台任务任务线程池====
10:21:17.447 [Thread-9] INFO  o.a.e.i.a.DefaultAsyncJobExecutor - [shutdown,212] - Shutting down the default async job executor [org.activiti.spring.SpringAsyncExecutor].
10:21:17.447 [activiti-acquire-async-jobs] INFO  o.a.e.i.a.AcquireAsyncJobsDueRunnable - [run,119] - {} stopped async job due acquisition
10:21:17.447 [activiti-reset-expired-jobs] INFO  o.a.e.i.a.ResetExpiredJobsRunnable - [run,103] - {} stopped resetting expired jobs
10:21:17.447 [activiti-acquire-timer-jobs] INFO  o.a.e.i.a.AcquireTimerJobsRunnable - [run,119] - {} stopped async job due acquisition
10:21:17.471 [Thread-9] INFO  c.a.d.p.DruidDataSource - [close,2032] - {dataSource-1} closing ...
10:21:17.480 [Thread-9] INFO  c.a.d.p.DruidDataSource - [close,2104] - {dataSource-1} closed
10:21:18.368 [restartedMain] INFO  c.r.RuoYiApplication - [logStarting,53] - Starting RuoYiApplication using Java 17.0.10 with PID 71464 (C:\Users\Administrator\Desktop\kcts\kcts\ruoyi-admin\target\classes started by Administrator in C:\Users\Administrator\Desktop\kcts)
10:21:18.368 [restartedMain] INFO  c.r.RuoYiApplication - [logStartupProfileInfo,658] - The following 1 profile is active: "local"
10:21:26.491 [restartedMain] INFO  c.r.RuoYiApplication - [logStarting,53] - Starting RuoYiApplication using Java 17.0.10 with PID 71464 (C:\Users\Administrator\Desktop\kcts\kcts\ruoyi-admin\target\classes started by Administrator in C:\Users\Administrator\Desktop\kcts)
10:21:26.492 [restartedMain] INFO  c.r.RuoYiApplication - [logStartupProfileInfo,658] - The following 1 profile is active: "local"
10:21:32.322 [restartedMain] INFO  o.a.c.c.AprLifecycleListener - [log,173] - An older version [1.2.35] of the Apache Tomcat Native library is installed, while Tomcat recommends a minimum version of [2.0.5]
10:21:32.323 [restartedMain] INFO  o.a.c.c.AprLifecycleListener - [log,173] - Loaded Apache Tomcat Native library [1.2.35] using APR version [1.7.0].
10:21:32.324 [restartedMain] INFO  o.a.c.c.AprLifecycleListener - [log,173] - OpenSSL successfully initialized [OpenSSL 1.1.1q  5 Jul 2022]
10:21:32.325 [restartedMain] INFO  o.a.c.c.StandardService - [log,173] - Starting service [Tomcat]
10:21:32.325 [restartedMain] INFO  o.a.c.c.StandardEngine - [log,173] - Starting Servlet engine: [Apache Tomcat/10.1.33]
10:21:32.499 [restartedMain] INFO  o.a.c.c.C.[.[.[/] - [log,173] - Initializing Spring embedded WebApplicationContext
10:21:35.068 [restartedMain] INFO  c.a.d.p.DruidDataSource - [init,985] - {dataSource-2} inited
10:21:47.398 [restartedMain] INFO  o.a.s.r.ResourceFinder - [discoverResources,49] - No process definitions were found for auto-deployment in the location `classpath*:**/processes/`
10:21:49.637 [restartedMain] INFO  o.a.s.r.ResourceFinder - [discoverResources,49] - No process extensions were found for auto-deployment in the location 'classpath*:**/processes/'
10:21:49.940 [restartedMain] INFO  o.a.e.i.c.ProcessEngineConfigurationImpl - [initConfigurators,1570] - Found 1 Process Engine Configurators in total:
10:21:49.940 [restartedMain] INFO  o.a.e.i.c.ProcessEngineConfigurationImpl - [initConfigurators,1572] - class org.activiti.spring.process.conf.ProcessExtensionsConfiguratorAutoConfiguration (priority:10000)
10:21:49.940 [restartedMain] INFO  o.a.e.i.c.ProcessEngineConfigurationImpl - [configuratorsBeforeInit,1582] - Executing beforeInit() of class org.activiti.spring.process.conf.ProcessExtensionsConfiguratorAutoConfiguration (priority:10000)
10:21:50.535 [restartedMain] INFO  o.a.e.i.c.ProcessEngineConfigurationImpl - [configuratorsAfterInit,1589] - Executing configure() of class org.activiti.spring.process.conf.ProcessExtensionsConfiguratorAutoConfiguration (priority:10000)
10:21:50.556 [restartedMain] INFO  o.a.e.i.ProcessEngineImpl - [<init>,78] - ProcessEngine default created
10:21:50.557 [restartedMain] INFO  o.a.e.i.a.DefaultAsyncJobExecutor - [start,173] - Starting up the default async job executor [org.activiti.spring.SpringAsyncExecutor].
10:21:50.557 [Thread-19] INFO  o.a.e.i.a.AcquireAsyncJobsDueRunnable - [run,49] - {} starting to acquire async jobs due
10:21:50.557 [Thread-20] INFO  o.a.e.i.a.AcquireTimerJobsRunnable - [run,53] - {} starting to acquire async jobs due
10:21:50.557 [Thread-21] INFO  o.a.e.i.a.ResetExpiredJobsRunnable - [run,55] - {} starting to reset expired jobs
10:21:50.630 [restartedMain] INFO  o.a.e.i.c.DeployCmd - [executeDeploy,103] - Launching new deployment with version: 1
10:21:53.818 [restartedMain] INFO  o.q.i.StdSchedulerFactory - [instantiate,1220] - Using default implementation for ThreadExecutor
10:21:53.828 [restartedMain] INFO  o.q.c.SchedulerSignalerImpl - [<init>,61] - Initialized Scheduler Signaller of type: class org.quartz.core.SchedulerSignalerImpl
10:21:53.828 [restartedMain] INFO  o.q.c.QuartzScheduler - [<init>,229] - Quartz Scheduler v.2.3.2 created.
10:21:53.829 [restartedMain] INFO  o.q.c.QuartzScheduler - [initialize,294] - Scheduler meta-data: Quartz Scheduler (v2.3.2) 'RuoyiScheduler' with instanceId 'DESKTOP-GL3RGKM1788488513825'
  Scheduler class: 'org.quartz.core.QuartzScheduler' - running locally.
  NOT STARTED.
  Currently in standby mode.
  Number of jobs executed: 0
  Using thread pool 'org.quartz.simpl.SimpleThreadPool' - with 20 threads.
  Using job-store 'org.springframework.scheduling.quartz.LocalDataSourceJobStore' - which supports persistence. and is clustered.

10:21:53.829 [restartedMain] INFO  o.q.i.StdSchedulerFactory - [instantiate,1374] - Quartz scheduler 'RuoyiScheduler' initialized from an externally provided properties instance.
10:21:53.829 [restartedMain] INFO  o.q.i.StdSchedulerFactory - [instantiate,1378] - Quartz scheduler version: 2.3.2
10:21:53.829 [restartedMain] INFO  o.q.c.QuartzScheduler - [setJobFactory,2293] - JobFactory set to: org.springframework.scheduling.quartz.AdaptableJobFactory@4073c365
10:21:59.682 [restartedMain] INFO  o.a.c.w.s.f.ReflectionServiceFactoryBean - [buildServiceFromClass,436] - Creating Service {http://impl.webservice.system.ruoyi.com/}OADeptServiceImplService from class com.ruoyi.system.webservice.impl.OADeptServiceImpl
10:22:00.162 [restartedMain] INFO  o.a.c.e.ServerImpl - [initDestination,95] - Setting the server's publish address to be /syncdep
10:22:00.198 [restartedMain] INFO  o.a.c.w.s.f.ReflectionServiceFactoryBean - [buildServiceFromClass,436] - Creating Service {http://impl.webservice.system.ruoyi.com/}OAUserServiceImplService from class com.ruoyi.system.webservice.impl.OAUserServiceImpl
10:22:00.355 [restartedMain] INFO  o.a.c.e.ServerImpl - [initDestination,95] - Setting the server's publish address to be /syncuser
10:22:00.360 [restartedMain] INFO  o.a.c.w.s.f.ReflectionServiceFactoryBean - [buildServiceFromClass,436] - Creating Service {http://ideal.sh.cn.tc}ICreateInfoServiceService from class com.ruoyi.system.webservice.createinfo.ICreateInfoService
10:22:04.191 [restartedMain] INFO  o.a.s.AbstractActivitiSmartLifeCycle - [start,81] - Starting...
10:22:04.308 [restartedMain] INFO  o.a.s.AbstractActivitiSmartLifeCycle - [start,86] - Started.
10:22:04.308 [restartedMain] INFO  o.a.s.AbstractActivitiSmartLifeCycle - [start,81] - Starting...
10:22:04.345 [restartedMain] INFO  o.a.s.AbstractActivitiSmartLifeCycle - [start,86] - Started.
10:22:04.346 [restartedMain] INFO  o.a.s.AbstractActivitiSmartLifeCycle - [start,81] - Starting...
10:22:05.222 [Quartz Scheduler [RuoyiScheduler]] INFO  o.q.c.QuartzScheduler - [start,547] - Scheduler RuoyiScheduler_$_DESKTOP-GL3RGKM1788488513825 started.
10:22:06.701 [restartedMain] INFO  o.a.s.AbstractActivitiSmartLifeCycle - [start,86] - Started.
10:22:06.702 [restartedMain] INFO  o.a.s.AbstractActivitiSmartLifeCycle - [start,81] - Starting...
10:22:17.283 [restartedMain] INFO  o.a.s.AbstractActivitiSmartLifeCycle - [start,86] - Started.
10:22:17.307 [restartedMain] INFO  c.r.RuoYiApplication - [logStarted,59] - Started RuoYiApplication in 51.136 seconds (process running for 3652.613)
10:22:17.308 [Thread-14] INFO  o.q.c.QuartzScheduler - [standby,585] - Scheduler RuoyiScheduler_$_DESKTOP-GL3RGKM1788488513825 paused.
10:22:17.309 [Thread-14] INFO  o.a.s.AbstractActivitiSmartLifeCycle - [stop,95] - Stopping...
10:22:17.309 [Thread-14] INFO  o.a.s.AbstractActivitiSmartLifeCycle - [stop,99] - Stopped.
10:22:17.309 [Thread-14] INFO  o.a.s.AbstractActivitiSmartLifeCycle - [stop,95] - Stopping...
10:22:17.309 [Thread-14] INFO  o.a.s.AbstractActivitiSmartLifeCycle - [stop,99] - Stopped.
10:22:17.309 [Thread-14] INFO  o.a.s.AbstractActivitiSmartLifeCycle - [stop,95] - Stopping...
10:22:17.309 [Thread-14] INFO  o.a.s.AbstractActivitiSmartLifeCycle - [stop,99] - Stopped.
10:22:17.309 [Thread-14] INFO  o.a.s.AbstractActivitiSmartLifeCycle - [stop,95] - Stopping...
10:22:17.309 [Thread-14] INFO  o.a.s.AbstractActivitiSmartLifeCycle - [stop,99] - Stopped.
10:22:17.735 [restartedMain] INFO  c.r.w.k.SaslClient - [consume,109] - login user: admin
10:22:17.746 [restartedMain] INFO  o.a.k.c.c.ConsumerConfig - [logAll,347] - ConsumerConfig values: 
	allow.auto.create.topics = true
	auto.commit.interval.ms = 5000
	auto.offset.reset = earliest
	bootstrap.servers = [10.145.219.3:8423, 10.145.219.4:8423, 10.145.219.5:8423]
	check.crcs = true
	client.dns.lookup = default
	client.id = 
	client.rack = 
	connections.max.idle.ms = 540000
	default.api.timeout.ms = 60000
	enable.auto.commit = false
	exclude.internal.topics = true
	fetch.max.bytes = 52428800
	fetch.max.wait.ms = 500
	fetch.min.bytes = 1
	group.id = DE_C_HRMS_STIEP
	group.instance.id = null
	heartbeat.interval.ms = 3000
	interceptor.classes = []
	internal.leave.group.on.close = true
	isolation.level = read_uncommitted
	key.deserializer = class org.apache.kafka.common.serialization.StringDeserializer
	max.partition.fetch.bytes = 1048576
	max.poll.interval.ms = 300000
	max.poll.records = 30
	metadata.max.age.ms = 300000
	metric.reporters = []
	metrics.num.samples = 2
	metrics.recording.level = INFO
	metrics.sample.window.ms = 30000
	partition.assignment.strategy = [class org.apache.kafka.clients.consumer.RangeAssignor]
	receive.buffer.bytes = 65536
	reconnect.backoff.max.ms = 1000
	reconnect.backoff.ms = 50
	request.timeout.ms = 30000
	retry.backoff.ms = 100
	sasl.client.callback.handler.class = null
	sasl.jaas.config = [hidden]
	sasl.kerberos.kinit.cmd = /usr/bin/kinit
	sasl.kerberos.min.time.before.relogin = 60000
	sasl.kerberos.service.name = null
	sasl.kerberos.ticket.renew.jitter = 0.05
	sasl.kerberos.ticket.renew.window.factor = 0.8
	sasl.login.callback.handler.class = null
	sasl.login.class = null
	sasl.login.refresh.buffer.seconds = 300
	sasl.login.refresh.min.period.seconds = 60
	sasl.login.refresh.window.factor = 0.8
	sasl.login.refresh.window.jitter = 0.05
	sasl.mechanism = SCRAM-SHA-512
	security.protocol = SASL_PLAINTEXT
	send.buffer.bytes = 131072
	session.timeout.ms = 10000
	ssl.cipher.suites = null
	ssl.enabled.protocols = [TLSv1.2, TLSv1.1, TLSv1]
	ssl.endpoint.identification.algorithm = https
	ssl.key.password = null
	ssl.keymanager.algorithm = SunX509
	ssl.keystore.location = null
	ssl.keystore.password = null
	ssl.keystore.type = JKS
	ssl.protocol = TLS
	ssl.provider = null
	ssl.secure.random.implementation = null
	ssl.trustmanager.algorithm = PKIX
	ssl.truststore.location = null
	ssl.truststore.password = null
	ssl.truststore.type = JKS
	value.deserializer = class org.apache.kafka.common.serialization.StringDeserializer

10:22:17.751 [restartedMain] INFO  o.a.k.c.u.AppInfoParser - [<init>,117] - Kafka version: 2.3.0
10:22:17.752 [restartedMain] INFO  o.a.k.c.u.AppInfoParser - [<init>,118] - Kafka commitId: fc1aaa116b661c8a
10:22:17.752 [restartedMain] INFO  o.a.k.c.u.AppInfoParser - [<init>,119] - Kafka startTimeMs: 1788488537751
10:22:17.753 [restartedMain] INFO  o.a.k.c.c.KafkaConsumer - [subscribe,964] - [Consumer clientId=consumer-2, groupId=DE_C_HRMS_STIEP] Subscribed to topic(s): DE_HRMS_STIEP
10:22:17.753 [restartedMain] INFO  c.r.w.k.SaslClient - [consume,127] - start consumer kafka
10:22:18.003 [Thread-14] INFO  o.q.c.QuartzScheduler - [shutdown,666] - Scheduler RuoyiScheduler_$_DESKTOP-GL3RGKM1788488513825 shutting down.
10:22:18.003 [Thread-14] INFO  o.q.c.QuartzScheduler - [standby,585] - Scheduler RuoyiScheduler_$_DESKTOP-GL3RGKM1788488513825 paused.
10:22:18.003 [Thread-14] INFO  o.q.c.QuartzScheduler - [shutdown,740] - Scheduler RuoyiScheduler_$_DESKTOP-GL3RGKM1788488513825 shutdown complete.
10:22:18.003 [Thread-14] INFO  sys-user - [shutdownAsyncManager,31] - ====关闭后台任务任务线程池====
10:22:18.010 [Thread-14] INFO  o.a.e.i.a.DefaultAsyncJobExecutor - [shutdown,212] - Shutting down the default async job executor [org.activiti.spring.SpringAsyncExecutor].
10:22:18.010 [activiti-acquire-async-jobs] INFO  o.a.e.i.a.AcquireAsyncJobsDueRunnable - [run,119] - {} stopped async job due acquisition
10:22:18.010 [activiti-acquire-timer-jobs] INFO  o.a.e.i.a.AcquireTimerJobsRunnable - [run,119] - {} stopped async job due acquisition
10:22:18.010 [activiti-reset-expired-jobs] INFO  o.a.e.i.a.ResetExpiredJobsRunnable - [run,103] - {} stopped resetting expired jobs
10:22:18.016 [Thread-14] INFO  c.a.d.p.DruidDataSource - [close,2032] - {dataSource-2} closing ...
10:22:18.017 [Thread-14] INFO  c.a.d.p.DruidDataSource - [close,2104] - {dataSource-2} closed
10:22:18.449 [restartedMain] INFO  c.r.RuoYiApplication - [logStarting,53] - Starting RuoYiApplication using Java 17.0.10 with PID 71464 (C:\Users\Administrator\Desktop\kcts\kcts\ruoyi-admin\target\classes started by Administrator in C:\Users\Administrator\Desktop\kcts)
10:22:18.449 [restartedMain] INFO  c.r.RuoYiApplication - [logStartupProfileInfo,658] - The following 1 profile is active: "local"
10:22:22.092 [restartedMain] INFO  o.a.c.c.AprLifecycleListener - [log,173] - An older version [1.2.35] of the Apache Tomcat Native library is installed, while Tomcat recommends a minimum version of [2.0.5]
10:22:22.092 [restartedMain] INFO  o.a.c.c.AprLifecycleListener - [log,173] - Loaded Apache Tomcat Native library [1.2.35] using APR version [1.7.0].
10:22:22.092 [restartedMain] INFO  o.a.c.c.AprLifecycleListener - [log,173] - OpenSSL successfully initialized [OpenSSL 1.1.1q  5 Jul 2022]
10:22:22.092 [restartedMain] INFO  o.a.c.c.StandardService - [log,173] - Starting service [Tomcat]
10:22:22.092 [restartedMain] INFO  o.a.c.c.StandardEngine - [log,173] - Starting Servlet engine: [Apache Tomcat/10.1.33]
10:22:22.226 [restartedMain] INFO  o.a.c.c.C.[.[.[/] - [log,173] - Initializing Spring embedded WebApplicationContext
10:22:24.283 [restartedMain] INFO  o.a.c.c.StandardService - [log,173] - Stopping service [Tomcat]
10:22:25.418 [restartedMain] INFO  c.a.d.p.DruidDataSource - [close,2032] - {dataSource-0} closing ...
10:22:43.584 [restartedMain] INFO  c.r.RuoYiApplication - [logStarting,53] - Starting RuoYiApplication using Java 17.0.10 with PID 71464 (C:\Users\Administrator\Desktop\kcts\kcts\ruoyi-admin\target\classes started by Administrator in C:\Users\Administrator\Desktop\kcts)
10:22:43.585 [restartedMain] INFO  c.r.RuoYiApplication - [logStartupProfileInfo,658] - The following 1 profile is active: "local"
10:22:47.516 [restartedMain] INFO  o.a.c.c.AprLifecycleListener - [log,173] - An older version [1.2.35] of the Apache Tomcat Native library is installed, while Tomcat recommends a minimum version of [2.0.5]
10:22:47.516 [restartedMain] INFO  o.a.c.c.AprLifecycleListener - [log,173] - Loaded Apache Tomcat Native library [1.2.35] using APR version [1.7.0].
10:22:47.516 [restartedMain] INFO  o.a.c.c.AprLifecycleListener - [log,173] - OpenSSL successfully initialized [OpenSSL 1.1.1q  5 Jul 2022]
10:22:47.517 [restartedMain] INFO  o.a.c.c.StandardService - [log,173] - Starting service [Tomcat]
10:22:47.517 [restartedMain] INFO  o.a.c.c.StandardEngine - [log,173] - Starting Servlet engine: [Apache Tomcat/10.1.33]
10:22:47.627 [restartedMain] INFO  o.a.c.c.C.[.[.[/] - [log,173] - Initializing Spring embedded WebApplicationContext
10:22:49.475 [restartedMain] INFO  c.a.d.p.DruidDataSource - [init,985] - {dataSource-3} inited
10:22:58.821 [restartedMain] INFO  o.a.s.r.ResourceFinder - [discoverResources,49] - No process definitions were found for auto-deployment in the location `classpath*:**/processes/`
10:23:01.484 [restartedMain] INFO  o.a.s.r.ResourceFinder - [discoverResources,49] - No process extensions were found for auto-deployment in the location 'classpath*:**/processes/'
10:23:01.707 [restartedMain] INFO  o.a.e.i.c.ProcessEngineConfigurationImpl - [initConfigurators,1570] - Found 1 Process Engine Configurators in total:
10:23:01.707 [restartedMain] INFO  o.a.e.i.c.ProcessEngineConfigurationImpl - [initConfigurators,1572] - class org.activiti.spring.process.conf.ProcessExtensionsConfiguratorAutoConfiguration (priority:10000)
10:23:01.708 [restartedMain] INFO  o.a.e.i.c.ProcessEngineConfigurationImpl - [configuratorsBeforeInit,1582] - Executing beforeInit() of class org.activiti.spring.process.conf.ProcessExtensionsConfiguratorAutoConfiguration (priority:10000)
10:23:02.214 [restartedMain] INFO  o.a.e.i.c.ProcessEngineConfigurationImpl - [configuratorsAfterInit,1589] - Executing configure() of class org.activiti.spring.process.conf.ProcessExtensionsConfiguratorAutoConfiguration (priority:10000)
10:23:02.227 [restartedMain] INFO  o.a.e.i.ProcessEngineImpl - [<init>,78] - ProcessEngine default created
10:23:02.228 [restartedMain] INFO  o.a.e.i.a.DefaultAsyncJobExecutor - [start,173] - Starting up the default async job executor [org.activiti.spring.SpringAsyncExecutor].
10:23:02.228 [Thread-33] INFO  o.a.e.i.a.AcquireAsyncJobsDueRunnable - [run,49] - {} starting to acquire async jobs due
10:23:02.228 [Thread-34] INFO  o.a.e.i.a.AcquireTimerJobsRunnable - [run,53] - {} starting to acquire async jobs due
10:23:02.229 [Thread-35] INFO  o.a.e.i.a.ResetExpiredJobsRunnable - [run,55] - {} starting to reset expired jobs
10:23:02.324 [restartedMain] INFO  o.a.e.i.c.DeployCmd - [executeDeploy,103] - Launching new deployment with version: 1
10:23:05.236 [restartedMain] INFO  o.q.i.StdSchedulerFactory - [instantiate,1220] - Using default implementation for ThreadExecutor
10:23:05.238 [restartedMain] INFO  o.q.c.SchedulerSignalerImpl - [<init>,61] - Initialized Scheduler Signaller of type: class org.quartz.core.SchedulerSignalerImpl
10:23:05.238 [restartedMain] INFO  o.q.c.QuartzScheduler - [<init>,229] - Quartz Scheduler v.2.3.2 created.
10:23:05.238 [restartedMain] INFO  o.q.c.QuartzScheduler - [initialize,294] - Scheduler meta-data: Quartz Scheduler (v2.3.2) 'RuoyiScheduler' with instanceId 'DESKTOP-GL3RGKM1788488585237'
  Scheduler class: 'org.quartz.core.QuartzScheduler' - running locally.
  NOT STARTED.
  Currently in standby mode.
  Number of jobs executed: 0
  Using thread pool 'org.quartz.simpl.SimpleThreadPool' - with 20 threads.
  Using job-store 'org.springframework.scheduling.quartz.LocalDataSourceJobStore' - which supports persistence. and is clustered.

10:23:05.238 [restartedMain] INFO  o.q.i.StdSchedulerFactory - [instantiate,1374] - Quartz scheduler 'RuoyiScheduler' initialized from an externally provided properties instance.
10:23:05.238 [restartedMain] INFO  o.q.i.StdSchedulerFactory - [instantiate,1378] - Quartz scheduler version: 2.3.2
10:23:05.238 [restartedMain] INFO  o.q.c.QuartzScheduler - [setJobFactory,2293] - JobFactory set to: org.springframework.scheduling.quartz.AdaptableJobFactory@137a000f
10:23:06.204 [restartedMain] INFO  o.a.c.w.s.f.ReflectionServiceFactoryBean - [buildServiceFromClass,436] - Creating Service {http://impl.webservice.system.ruoyi.com/}OADeptServiceImplService from class com.ruoyi.system.webservice.impl.OADeptServiceImpl
10:23:06.411 [restartedMain] INFO  o.a.c.e.ServerImpl - [initDestination,95] - Setting the server's publish address to be /syncdep
10:23:06.444 [restartedMain] INFO  o.a.c.w.s.f.ReflectionServiceFactoryBean - [buildServiceFromClass,436] - Creating Service {http://impl.webservice.system.ruoyi.com/}OAUserServiceImplService from class com.ruoyi.system.webservice.impl.OAUserServiceImpl
10:23:06.565 [restartedMain] INFO  o.a.c.e.ServerImpl - [initDestination,95] - Setting the server's publish address to be /syncuser
10:23:06.570 [restartedMain] INFO  o.a.c.w.s.f.ReflectionServiceFactoryBean - [buildServiceFromClass,436] - Creating Service {http://ideal.sh.cn.tc}ICreateInfoServiceService from class com.ruoyi.system.webservice.createinfo.ICreateInfoService
10:23:10.793 [restartedMain] INFO  o.a.s.AbstractActivitiSmartLifeCycle - [start,81] - Starting...
10:23:10.869 [restartedMain] INFO  o.a.s.AbstractActivitiSmartLifeCycle - [start,86] - Started.
10:23:10.870 [restartedMain] INFO  o.a.s.AbstractActivitiSmartLifeCycle - [start,81] - Starting...
10:23:10.899 [restartedMain] INFO  o.a.s.AbstractActivitiSmartLifeCycle - [start,86] - Started.
10:23:10.899 [restartedMain] INFO  o.a.s.AbstractActivitiSmartLifeCycle - [start,81] - Starting...
10:23:11.827 [Quartz Scheduler [RuoyiScheduler]] INFO  o.q.c.QuartzScheduler - [start,547] - Scheduler RuoyiScheduler_$_DESKTOP-GL3RGKM1788488585237 started.
10:23:13.044 [restartedMain] INFO  o.a.s.AbstractActivitiSmartLifeCycle - [start,86] - Started.
10:23:13.044 [restartedMain] INFO  o.a.s.AbstractActivitiSmartLifeCycle - [start,81] - Starting...
10:23:22.245 [restartedMain] INFO  o.a.s.AbstractActivitiSmartLifeCycle - [start,86] - Started.
10:23:22.261 [restartedMain] INFO  c.r.RuoYiApplication - [logStarted,59] - Started RuoYiApplication in 38.952 seconds (process running for 3717.567)
10:23:22.590 [restartedMain] INFO  c.r.w.k.SaslClient - [consume,109] - login user: admin
10:23:22.599 [restartedMain] INFO  o.a.k.c.c.ConsumerConfig - [logAll,347] - ConsumerConfig values: 
	allow.auto.create.topics = true
	auto.commit.interval.ms = 5000
	auto.offset.reset = earliest
	bootstrap.servers = [10.145.219.3:8423, 10.145.219.4:8423, 10.145.219.5:8423]
	check.crcs = true
	client.dns.lookup = default
	client.id = 
	client.rack = 
	connections.max.idle.ms = 540000
	default.api.timeout.ms = 60000
	enable.auto.commit = false
	exclude.internal.topics = true
	fetch.max.bytes = 52428800
	fetch.max.wait.ms = 500
	fetch.min.bytes = 1
	group.id = DE_C_HRMS_STIEP
	group.instance.id = null
	heartbeat.interval.ms = 3000
	interceptor.classes = []
	internal.leave.group.on.close = true
	isolation.level = read_uncommitted
	key.deserializer = class org.apache.kafka.common.serialization.StringDeserializer
	max.partition.fetch.bytes = 1048576
	max.poll.interval.ms = 300000
	max.poll.records = 30
	metadata.max.age.ms = 300000
	metric.reporters = []
	metrics.num.samples = 2
	metrics.recording.level = INFO
	metrics.sample.window.ms = 30000
	partition.assignment.strategy = [class org.apache.kafka.clients.consumer.RangeAssignor]
	receive.buffer.bytes = 65536
	reconnect.backoff.max.ms = 1000
	reconnect.backoff.ms = 50
	request.timeout.ms = 30000
	retry.backoff.ms = 100
	sasl.client.callback.handler.class = null
	sasl.jaas.config = [hidden]
	sasl.kerberos.kinit.cmd = /usr/bin/kinit
	sasl.kerberos.min.time.before.relogin = 60000
	sasl.kerberos.service.name = null
	sasl.kerberos.ticket.renew.jitter = 0.05
	sasl.kerberos.ticket.renew.window.factor = 0.8
	sasl.login.callback.handler.class = null
	sasl.login.class = null
	sasl.login.refresh.buffer.seconds = 300
	sasl.login.refresh.min.period.seconds = 60
	sasl.login.refresh.window.factor = 0.8
	sasl.login.refresh.window.jitter = 0.05
	sasl.mechanism = SCRAM-SHA-512
	security.protocol = SASL_PLAINTEXT
	send.buffer.bytes = 131072
	session.timeout.ms = 10000
	ssl.cipher.suites = null
	ssl.enabled.protocols = [TLSv1.2, TLSv1.1, TLSv1]
	ssl.endpoint.identification.algorithm = https
	ssl.key.password = null
	ssl.keymanager.algorithm = SunX509
	ssl.keystore.location = null
	ssl.keystore.password = null
	ssl.keystore.type = JKS
	ssl.protocol = TLS
	ssl.provider = null
	ssl.secure.random.implementation = null
	ssl.trustmanager.algorithm = PKIX
	ssl.truststore.location = null
	ssl.truststore.password = null
	ssl.truststore.type = JKS
	value.deserializer = class org.apache.kafka.common.serialization.StringDeserializer

10:23:22.604 [restartedMain] INFO  o.a.k.c.u.AppInfoParser - [<init>,117] - Kafka version: 2.3.0
10:23:22.604 [restartedMain] INFO  o.a.k.c.u.AppInfoParser - [<init>,118] - Kafka commitId: fc1aaa116b661c8a
10:23:22.604 [restartedMain] INFO  o.a.k.c.u.AppInfoParser - [<init>,119] - Kafka startTimeMs: 1788488602604
10:23:22.605 [restartedMain] INFO  o.a.k.c.c.KafkaConsumer - [subscribe,964] - [Consumer clientId=consumer-3, groupId=DE_C_HRMS_STIEP] Subscribed to topic(s): DE_HRMS_STIEP
10:23:22.605 [restartedMain] INFO  c.r.w.k.SaslClient - [consume,127] - start consumer kafka
10:24:32.729 [Thread-27] INFO  o.q.c.QuartzScheduler - [standby,585] - Scheduler RuoyiScheduler_$_DESKTOP-GL3RGKM1788488585237 paused.
10:24:32.729 [Thread-27] INFO  o.a.s.AbstractActivitiSmartLifeCycle - [stop,95] - Stopping...
10:24:32.730 [Thread-27] INFO  o.a.s.AbstractActivitiSmartLifeCycle - [stop,99] - Stopped.
10:24:32.730 [Thread-27] INFO  o.a.s.AbstractActivitiSmartLifeCycle - [stop,95] - Stopping...
10:24:32.730 [Thread-27] INFO  o.a.s.AbstractActivitiSmartLifeCycle - [stop,99] - Stopped.
10:24:32.730 [Thread-27] INFO  o.a.s.AbstractActivitiSmartLifeCycle - [stop,95] - Stopping...
10:24:32.730 [Thread-27] INFO  o.a.s.AbstractActivitiSmartLifeCycle - [stop,99] - Stopped.
10:24:32.730 [Thread-27] INFO  o.a.s.AbstractActivitiSmartLifeCycle - [stop,95] - Stopping...
10:24:32.730 [Thread-27] INFO  o.a.s.AbstractActivitiSmartLifeCycle - [stop,99] - Stopped.
10:24:33.374 [Thread-27] INFO  o.q.c.QuartzScheduler - [shutdown,666] - Scheduler RuoyiScheduler_$_DESKTOP-GL3RGKM1788488585237 shutting down.
10:24:33.374 [Thread-27] INFO  o.q.c.QuartzScheduler - [standby,585] - Scheduler RuoyiScheduler_$_DESKTOP-GL3RGKM1788488585237 paused.
10:24:33.375 [Thread-27] INFO  o.q.c.QuartzScheduler - [shutdown,740] - Scheduler RuoyiScheduler_$_DESKTOP-GL3RGKM1788488585237 shutdown complete.
10:24:33.375 [Thread-27] INFO  sys-user - [shutdownAsyncManager,31] - ====关闭后台任务任务线程池====
10:24:33.385 [Thread-27] INFO  o.a.e.i.a.DefaultAsyncJobExecutor - [shutdown,212] - Shutting down the default async job executor [org.activiti.spring.SpringAsyncExecutor].
10:24:33.385 [activiti-reset-expired-jobs] INFO  o.a.e.i.a.ResetExpiredJobsRunnable - [run,103] - {} stopped resetting expired jobs
10:24:33.385 [activiti-acquire-async-jobs] INFO  o.a.e.i.a.AcquireAsyncJobsDueRunnable - [run,119] - {} stopped async job due acquisition
10:24:33.385 [activiti-acquire-timer-jobs] INFO  o.a.e.i.a.AcquireTimerJobsRunnable - [run,119] - {} stopped async job due acquisition
10:24:33.393 [Thread-27] INFO  c.a.d.p.DruidDataSource - [close,2032] - {dataSource-3} closing ...
10:24:33.394 [Thread-27] INFO  c.a.d.p.DruidDataSource - [close,2104] - {dataSource-3} closed
10:24:33.973 [restartedMain] INFO  c.r.RuoYiApplication - [logStarting,53] - Starting RuoYiApplication using Java 17.0.10 with PID 71464 (C:\Users\Administrator\Desktop\kcts\kcts\ruoyi-admin\target\classes started by Administrator in C:\Users\Administrator\Desktop\kcts)
10:24:33.973 [restartedMain] INFO  c.r.RuoYiApplication - [logStartupProfileInfo,658] - The following 1 profile is active: "local"
10:24:42.583 [restartedMain] INFO  c.r.RuoYiApplication - [logStarting,53] - Starting RuoYiApplication using Java 17.0.10 with PID 71464 (C:\Users\Administrator\Desktop\kcts\kcts\ruoyi-admin\target\classes started by Administrator in C:\Users\Administrator\Desktop\kcts)
10:24:42.584 [restartedMain] INFO  c.r.RuoYiApplication - [logStartupProfileInfo,658] - The following 1 profile is active: "local"
10:24:50.271 [restartedMain] INFO  o.a.c.c.AprLifecycleListener - [log,173] - An older version [1.2.35] of the Apache Tomcat Native library is installed, while Tomcat recommends a minimum version of [2.0.5]
10:24:50.271 [restartedMain] INFO  o.a.c.c.AprLifecycleListener - [log,173] - Loaded Apache Tomcat Native library [1.2.35] using APR version [1.7.0].
10:24:50.272 [restartedMain] INFO  o.a.c.c.AprLifecycleListener - [log,173] - OpenSSL successfully initialized [OpenSSL 1.1.1q  5 Jul 2022]
10:24:50.273 [restartedMain] INFO  o.a.c.c.StandardService - [log,173] - Starting service [Tomcat]
10:24:50.273 [restartedMain] INFO  o.a.c.c.StandardEngine - [log,173] - Starting Servlet engine: [Apache Tomcat/10.1.33]
10:24:50.493 [restartedMain] INFO  o.a.c.c.C.[.[.[/] - [log,173] - Initializing Spring embedded WebApplicationContext
10:24:52.158 [restartedMain] INFO  o.a.c.c.StandardService - [log,173] - Stopping service [Tomcat]
10:24:52.334 [restartedMain] INFO  c.a.d.p.DruidDataSource - [close,2032] - {dataSource-0} closing ...
10:24:59.887 [restartedMain] INFO  c.r.RuoYiApplication - [logStarting,53] - Starting RuoYiApplication using Java 17.0.10 with PID 71464 (C:\Users\Administrator\Desktop\kcts\kcts\ruoyi-admin\target\classes started by Administrator in C:\Users\Administrator\Desktop\kcts)
10:24:59.888 [restartedMain] INFO  c.r.RuoYiApplication - [logStartupProfileInfo,658] - The following 1 profile is active: "local"
10:25:05.182 [restartedMain] INFO  o.a.c.c.AprLifecycleListener - [log,173] - An older version [1.2.35] of the Apache Tomcat Native library is installed, while Tomcat recommends a minimum version of [2.0.5]
10:25:05.182 [restartedMain] INFO  o.a.c.c.AprLifecycleListener - [log,173] - Loaded Apache Tomcat Native library [1.2.35] using APR version [1.7.0].
10:25:05.183 [restartedMain] INFO  o.a.c.c.AprLifecycleListener - [log,173] - OpenSSL successfully initialized [OpenSSL 1.1.1q  5 Jul 2022]
10:25:05.183 [restartedMain] INFO  o.a.c.c.StandardService - [log,173] - Starting service [Tomcat]
10:25:05.183 [restartedMain] INFO  o.a.c.c.StandardEngine - [log,173] - Starting Servlet engine: [Apache Tomcat/10.1.33]
10:25:05.389 [restartedMain] INFO  o.a.c.c.C.[.[.[/] - [log,173] - Initializing Spring embedded WebApplicationContext
10:25:05.766 [restartedMain] INFO  o.a.c.c.StandardService - [log,173] - Stopping service [Tomcat]
10:25:20.284 [restartedMain] INFO  c.r.RuoYiApplication - [logStarting,53] - Starting RuoYiApplication using Java 17.0.10 with PID 71464 (C:\Users\Administrator\Desktop\kcts\kcts\ruoyi-admin\target\classes started by Administrator in C:\Users\Administrator\Desktop\kcts)
10:25:20.284 [restartedMain] INFO  c.r.RuoYiApplication - [logStartupProfileInfo,658] - The following 1 profile is active: "local"
10:25:34.565 [restartedMain] INFO  c.r.RuoYiApplication - [logStarting,53] - Starting RuoYiApplication using Java 17.0.10 with PID 71464 (C:\Users\Administrator\Desktop\kcts\kcts\ruoyi-admin\target\classes started by Administrator in C:\Users\Administrator\Desktop\kcts)
10:25:34.565 [restartedMain] INFO  c.r.RuoYiApplication - [logStartupProfileInfo,658] - The following 1 profile is active: "local"
10:25:43.388 [restartedMain] INFO  o.a.c.c.AprLifecycleListener - [log,173] - An older version [1.2.35] of the Apache Tomcat Native library is installed, while Tomcat recommends a minimum version of [2.0.5]
10:25:43.389 [restartedMain] INFO  o.a.c.c.AprLifecycleListener - [log,173] - Loaded Apache Tomcat Native library [1.2.35] using APR version [1.7.0].
10:25:43.389 [restartedMain] INFO  o.a.c.c.AprLifecycleListener - [log,173] - OpenSSL successfully initialized [OpenSSL 1.1.1q  5 Jul 2022]
10:25:43.389 [restartedMain] INFO  o.a.c.c.StandardService - [log,173] - Starting service [Tomcat]
10:25:43.390 [restartedMain] INFO  o.a.c.c.StandardEngine - [log,173] - Starting Servlet engine: [Apache Tomcat/10.1.33]
10:25:43.634 [restartedMain] INFO  o.a.c.c.C.[.[.[/] - [log,173] - Initializing Spring embedded WebApplicationContext
10:25:48.734 [restartedMain] INFO  o.a.c.c.StandardService - [log,173] - Stopping service [Tomcat]
10:25:48.944 [restartedMain] INFO  c.a.d.p.DruidDataSource - [close,2032] - {dataSource-0} closing ...
10:26:14.119 [restartedMain] INFO  c.r.RuoYiApplication - [logStarting,53] - Starting RuoYiApplication using Java 17.0.10 with PID 71464 (C:\Users\Administrator\Desktop\kcts\kcts\ruoyi-admin\target\classes started by Administrator in C:\Users\Administrator\Desktop\kcts)
10:26:14.120 [restartedMain] INFO  c.r.RuoYiApplication - [logStartupProfileInfo,658] - The following 1 profile is active: "local"
10:26:22.100 [restartedMain] INFO  o.a.c.c.AprLifecycleListener - [log,173] - An older version [1.2.35] of the Apache Tomcat Native library is installed, while Tomcat recommends a minimum version of [2.0.5]
10:26:22.101 [restartedMain] INFO  o.a.c.c.AprLifecycleListener - [log,173] - Loaded Apache Tomcat Native library [1.2.35] using APR version [1.7.0].
10:26:22.101 [restartedMain] INFO  o.a.c.c.AprLifecycleListener - [log,173] - OpenSSL successfully initialized [OpenSSL 1.1.1q  5 Jul 2022]
10:26:22.101 [restartedMain] INFO  o.a.c.c.StandardService - [log,173] - Starting service [Tomcat]
10:26:22.101 [restartedMain] INFO  o.a.c.c.StandardEngine - [log,173] - Starting Servlet engine: [Apache Tomcat/10.1.33]
10:26:22.212 [restartedMain] INFO  o.a.c.c.C.[.[.[/] - [log,173] - Initializing Spring embedded WebApplicationContext
10:26:27.331 [restartedMain] INFO  c.a.d.p.DruidDataSource - [init,985] - {dataSource-4} inited
10:26:37.020 [restartedMain] INFO  o.a.s.r.ResourceFinder - [discoverResources,49] - No process definitions were found for auto-deployment in the location `classpath*:**/processes/`
10:26:40.060 [restartedMain] INFO  o.a.s.r.ResourceFinder - [discoverResources,49] - No process extensions were found for auto-deployment in the location 'classpath*:**/processes/'
10:26:40.296 [restartedMain] INFO  o.a.e.i.c.ProcessEngineConfigurationImpl - [initConfigurators,1570] - Found 1 Process Engine Configurators in total:
10:26:40.296 [restartedMain] INFO  o.a.e.i.c.ProcessEngineConfigurationImpl - [initConfigurators,1572] - class org.activiti.spring.process.conf.ProcessExtensionsConfiguratorAutoConfiguration (priority:10000)
10:26:40.296 [restartedMain] INFO  o.a.e.i.c.ProcessEngineConfigurationImpl - [configuratorsBeforeInit,1582] - Executing beforeInit() of class org.activiti.spring.process.conf.ProcessExtensionsConfiguratorAutoConfiguration (priority:10000)
10:26:40.723 [restartedMain] INFO  o.a.e.i.c.ProcessEngineConfigurationImpl - [configuratorsAfterInit,1589] - Executing configure() of class org.activiti.spring.process.conf.ProcessExtensionsConfiguratorAutoConfiguration (priority:10000)
10:26:40.732 [restartedMain] INFO  o.a.e.i.ProcessEngineImpl - [<init>,78] - ProcessEngine default created
10:26:40.733 [restartedMain] INFO  o.a.e.i.a.DefaultAsyncJobExecutor - [start,173] - Starting up the default async job executor [org.activiti.spring.SpringAsyncExecutor].
10:26:40.733 [Thread-58] INFO  o.a.e.i.a.AcquireAsyncJobsDueRunnable - [run,49] - {} starting to acquire async jobs due
10:26:40.733 [Thread-59] INFO  o.a.e.i.a.AcquireTimerJobsRunnable - [run,53] - {} starting to acquire async jobs due
10:26:40.733 [Thread-60] INFO  o.a.e.i.a.ResetExpiredJobsRunnable - [run,55] - {} starting to reset expired jobs
10:26:40.797 [restartedMain] INFO  o.a.e.i.c.DeployCmd - [executeDeploy,103] - Launching new deployment with version: 1
10:26:43.729 [restartedMain] INFO  o.q.i.StdSchedulerFactory - [instantiate,1220] - Using default implementation for ThreadExecutor
10:26:43.733 [restartedMain] INFO  o.q.c.SchedulerSignalerImpl - [<init>,61] - Initialized Scheduler Signaller of type: class org.quartz.core.SchedulerSignalerImpl
10:26:43.733 [restartedMain] INFO  o.q.c.QuartzScheduler - [<init>,229] - Quartz Scheduler v.2.3.2 created.
10:26:43.733 [restartedMain] INFO  o.q.c.QuartzScheduler - [initialize,294] - Scheduler meta-data: Quartz Scheduler (v2.3.2) 'RuoyiScheduler' with instanceId 'DESKTOP-GL3RGKM1788488803731'
  Scheduler class: 'org.quartz.core.QuartzScheduler' - running locally.
  NOT STARTED.
  Currently in standby mode.
  Number of jobs executed: 0
  Using thread pool 'org.quartz.simpl.SimpleThreadPool' - with 20 threads.
  Using job-store 'org.springframework.scheduling.quartz.LocalDataSourceJobStore' - which supports persistence. and is clustered.

10:26:43.734 [restartedMain] INFO  o.q.i.StdSchedulerFactory - [instantiate,1374] - Quartz scheduler 'RuoyiScheduler' initialized from an externally provided properties instance.
10:26:43.734 [restartedMain] INFO  o.q.i.StdSchedulerFactory - [instantiate,1378] - Quartz scheduler version: 2.3.2
10:26:43.734 [restartedMain] INFO  o.q.c.QuartzScheduler - [setJobFactory,2293] - JobFactory set to: org.springframework.scheduling.quartz.AdaptableJobFactory@3ce86736
10:26:44.778 [restartedMain] INFO  o.a.c.w.s.f.ReflectionServiceFactoryBean - [buildServiceFromClass,436] - Creating Service {http://impl.webservice.system.ruoyi.com/}OADeptServiceImplService from class com.ruoyi.system.webservice.impl.OADeptServiceImpl
10:26:45.009 [restartedMain] INFO  o.a.c.e.ServerImpl - [initDestination,95] - Setting the server's publish address to be /syncdep
10:26:45.037 [restartedMain] INFO  o.a.c.w.s.f.ReflectionServiceFactoryBean - [buildServiceFromClass,436] - Creating Service {http://impl.webservice.system.ruoyi.com/}OAUserServiceImplService from class com.ruoyi.system.webservice.impl.OAUserServiceImpl
10:26:45.142 [restartedMain] INFO  o.a.c.e.ServerImpl - [initDestination,95] - Setting the server's publish address to be /syncuser
10:26:45.148 [restartedMain] INFO  o.a.c.w.s.f.ReflectionServiceFactoryBean - [buildServiceFromClass,436] - Creating Service {http://ideal.sh.cn.tc}ICreateInfoServiceService from class com.ruoyi.system.webservice.createinfo.ICreateInfoService
10:26:48.898 [restartedMain] INFO  o.a.s.AbstractActivitiSmartLifeCycle - [start,81] - Starting...
10:26:48.972 [restartedMain] INFO  o.a.s.AbstractActivitiSmartLifeCycle - [start,86] - Started.
10:26:48.972 [restartedMain] INFO  o.a.s.AbstractActivitiSmartLifeCycle - [start,81] - Starting...
10:26:48.999 [restartedMain] INFO  o.a.s.AbstractActivitiSmartLifeCycle - [start,86] - Started.
10:26:48.999 [restartedMain] INFO  o.a.s.AbstractActivitiSmartLifeCycle - [start,81] - Starting...
10:26:49.928 [Quartz Scheduler [RuoyiScheduler]] INFO  o.q.c.QuartzScheduler - [start,547] - Scheduler RuoyiScheduler_$_DESKTOP-GL3RGKM1788488803731 started.
10:26:50.947 [restartedMain] INFO  o.a.s.AbstractActivitiSmartLifeCycle - [start,86] - Started.
10:26:50.947 [restartedMain] INFO  o.a.s.AbstractActivitiSmartLifeCycle - [start,81] - Starting...
10:27:03.344 [restartedMain] INFO  o.a.s.AbstractActivitiSmartLifeCycle - [start,86] - Started.
10:27:03.361 [restartedMain] INFO  c.r.RuoYiApplication - [logStarted,59] - Started RuoYiApplication in 49.615 seconds (process running for 3938.667)
10:27:03.703 [restartedMain] INFO  c.r.w.k.SaslClient - [consume,109] - login user: admin
10:27:03.715 [restartedMain] INFO  o.a.k.c.c.ConsumerConfig - [logAll,347] - ConsumerConfig values: 
	allow.auto.create.topics = true
	auto.commit.interval.ms = 5000
	auto.offset.reset = earliest
	bootstrap.servers = [10.145.219.3:8423, 10.145.219.4:8423, 10.145.219.5:8423]
	check.crcs = true
	client.dns.lookup = default
	client.id = 
	client.rack = 
	connections.max.idle.ms = 540000
	default.api.timeout.ms = 60000
	enable.auto.commit = false
	exclude.internal.topics = true
	fetch.max.bytes = 52428800
	fetch.max.wait.ms = 500
	fetch.min.bytes = 1
	group.id = DE_C_HRMS_STIEP
	group.instance.id = null
	heartbeat.interval.ms = 3000
	interceptor.classes = []
	internal.leave.group.on.close = true
	isolation.level = read_uncommitted
	key.deserializer = class org.apache.kafka.common.serialization.StringDeserializer
	max.partition.fetch.bytes = 1048576
	max.poll.interval.ms = 300000
	max.poll.records = 30
	metadata.max.age.ms = 300000
	metric.reporters = []
	metrics.num.samples = 2
	metrics.recording.level = INFO
	metrics.sample.window.ms = 30000
	partition.assignment.strategy = [class org.apache.kafka.clients.consumer.RangeAssignor]
	receive.buffer.bytes = 65536
	reconnect.backoff.max.ms = 1000
	reconnect.backoff.ms = 50
	request.timeout.ms = 30000
	retry.backoff.ms = 100
	sasl.client.callback.handler.class = null
	sasl.jaas.config = [hidden]
	sasl.kerberos.kinit.cmd = /usr/bin/kinit
	sasl.kerberos.min.time.before.relogin = 60000
	sasl.kerberos.service.name = null
	sasl.kerberos.ticket.renew.jitter = 0.05
	sasl.kerberos.ticket.renew.window.factor = 0.8
	sasl.login.callback.handler.class = null
	sasl.login.class = null
	sasl.login.refresh.buffer.seconds = 300
	sasl.login.refresh.min.period.seconds = 60
	sasl.login.refresh.window.factor = 0.8
	sasl.login.refresh.window.jitter = 0.05
	sasl.mechanism = SCRAM-SHA-512
	security.protocol = SASL_PLAINTEXT
	send.buffer.bytes = 131072
	session.timeout.ms = 10000
	ssl.cipher.suites = null
	ssl.enabled.protocols = [TLSv1.2, TLSv1.1, TLSv1]
	ssl.endpoint.identification.algorithm = https
	ssl.key.password = null
	ssl.keymanager.algorithm = SunX509
	ssl.keystore.location = null
	ssl.keystore.password = null
	ssl.keystore.type = JKS
	ssl.protocol = TLS
	ssl.provider = null
	ssl.secure.random.implementation = null
	ssl.trustmanager.algorithm = PKIX
	ssl.truststore.location = null
	ssl.truststore.password = null
	ssl.truststore.type = JKS
	value.deserializer = class org.apache.kafka.common.serialization.StringDeserializer

10:27:03.721 [restartedMain] INFO  o.a.k.c.u.AppInfoParser - [<init>,117] - Kafka version: 2.3.0
10:27:03.721 [restartedMain] INFO  o.a.k.c.u.AppInfoParser - [<init>,118] - Kafka commitId: fc1aaa116b661c8a
10:27:03.721 [restartedMain] INFO  o.a.k.c.u.AppInfoParser - [<init>,119] - Kafka startTimeMs: 1788488823721
10:27:03.721 [restartedMain] INFO  o.a.k.c.c.KafkaConsumer - [subscribe,964] - [Consumer clientId=consumer-4, groupId=DE_C_HRMS_STIEP] Subscribed to topic(s): DE_HRMS_STIEP
10:27:03.722 [restartedMain] INFO  c.r.w.k.SaslClient - [consume,127] - start consumer kafka
10:27:19.522 [Thread-41] INFO  o.q.c.QuartzScheduler - [standby,585] - Scheduler RuoyiScheduler_$_DESKTOP-GL3RGKM1788488803731 paused.
10:27:19.522 [Thread-41] INFO  o.a.s.AbstractActivitiSmartLifeCycle - [stop,95] - Stopping...
10:27:19.522 [Thread-41] INFO  o.a.s.AbstractActivitiSmartLifeCycle - [stop,99] - Stopped.
10:27:19.523 [Thread-41] INFO  o.a.s.AbstractActivitiSmartLifeCycle - [stop,95] - Stopping...
10:27:19.523 [Thread-41] INFO  o.a.s.AbstractActivitiSmartLifeCycle - [stop,99] - Stopped.
10:27:19.523 [Thread-41] INFO  o.a.s.AbstractActivitiSmartLifeCycle - [stop,95] - Stopping...
10:27:19.523 [Thread-41] INFO  o.a.s.AbstractActivitiSmartLifeCycle - [stop,99] - Stopped.
10:27:19.523 [Thread-41] INFO  o.a.s.AbstractActivitiSmartLifeCycle - [stop,95] - Stopping...
10:27:19.523 [Thread-41] INFO  o.a.s.AbstractActivitiSmartLifeCycle - [stop,99] - Stopped.
10:27:20.392 [Thread-41] INFO  o.q.c.QuartzScheduler - [shutdown,666] - Scheduler RuoyiScheduler_$_DESKTOP-GL3RGKM1788488803731 shutting down.
10:27:20.392 [Thread-41] INFO  o.q.c.QuartzScheduler - [standby,585] - Scheduler RuoyiScheduler_$_DESKTOP-GL3RGKM1788488803731 paused.
10:27:20.393 [Thread-41] INFO  o.q.c.QuartzScheduler - [shutdown,740] - Scheduler RuoyiScheduler_$_DESKTOP-GL3RGKM1788488803731 shutdown complete.
10:27:20.393 [Thread-41] INFO  sys-user - [shutdownAsyncManager,31] - ====关闭后台任务任务线程池====
10:27:20.404 [Thread-41] INFO  o.a.e.i.a.DefaultAsyncJobExecutor - [shutdown,212] - Shutting down the default async job executor [org.activiti.spring.SpringAsyncExecutor].
10:27:20.404 [activiti-acquire-timer-jobs] INFO  o.a.e.i.a.AcquireTimerJobsRunnable - [run,119] - {} stopped async job due acquisition
10:27:20.404 [activiti-acquire-async-jobs] INFO  o.a.e.i.a.AcquireAsyncJobsDueRunnable - [run,119] - {} stopped async job due acquisition
10:27:20.404 [activiti-reset-expired-jobs] INFO  o.a.e.i.a.ResetExpiredJobsRunnable - [run,103] - {} stopped resetting expired jobs
10:27:20.413 [Thread-41] INFO  c.a.d.p.DruidDataSource - [close,2032] - {dataSource-4} closing ...
10:27:20.414 [Thread-41] INFO  c.a.d.p.DruidDataSource - [close,2104] - {dataSource-4} closed
10:27:21.194 [restartedMain] INFO  c.r.RuoYiApplication - [logStarting,53] - Starting RuoYiApplication using Java 17.0.10 with PID 71464 (C:\Users\Administrator\Desktop\kcts\kcts\ruoyi-admin\target\classes started by Administrator in C:\Users\Administrator\Desktop\kcts)
10:27:21.195 [restartedMain] INFO  c.r.RuoYiApplication - [logStartupProfileInfo,658] - The following 1 profile is active: "local"
10:27:34.126 [restartedMain] INFO  c.r.RuoYiApplication - [logStarting,53] - Starting RuoYiApplication using Java 17.0.10 with PID 71464 (C:\Users\Administrator\Desktop\kcts\kcts\ruoyi-admin\target\classes started by Administrator in C:\Users\Administrator\Desktop\kcts)
10:27:34.126 [restartedMain] INFO  c.r.RuoYiApplication - [logStartupProfileInfo,658] - The following 1 profile is active: "local"
10:27:44.201 [restartedMain] INFO  c.r.RuoYiApplication - [logStarting,53] - Starting RuoYiApplication using Java 17.0.10 with PID 71464 (C:\Users\Administrator\Desktop\kcts\kcts\ruoyi-admin\target\classes started by Administrator in C:\Users\Administrator\Desktop\kcts)
10:27:44.202 [restartedMain] INFO  c.r.RuoYiApplication - [logStartupProfileInfo,658] - The following 1 profile is active: "local"
10:27:52.049 [restartedMain] INFO  o.a.c.c.AprLifecycleListener - [log,173] - An older version [1.2.35] of the Apache Tomcat Native library is installed, while Tomcat recommends a minimum version of [2.0.5]
10:27:52.050 [restartedMain] INFO  o.a.c.c.AprLifecycleListener - [log,173] - Loaded Apache Tomcat Native library [1.2.35] using APR version [1.7.0].
10:27:52.050 [restartedMain] INFO  o.a.c.c.AprLifecycleListener - [log,173] - OpenSSL successfully initialized [OpenSSL 1.1.1q  5 Jul 2022]
10:27:52.051 [restartedMain] INFO  o.a.c.c.StandardService - [log,173] - Starting service [Tomcat]
10:27:52.051 [restartedMain] INFO  o.a.c.c.StandardEngine - [log,173] - Starting Servlet engine: [Apache Tomcat/10.1.33]
10:27:52.218 [restartedMain] INFO  o.a.c.c.C.[.[.[/] - [log,173] - Initializing Spring embedded WebApplicationContext
10:27:52.564 [restartedMain] INFO  o.a.c.c.StandardService - [log,173] - Stopping service [Tomcat]
10:28:06.268 [restartedMain] INFO  c.r.RuoYiApplication - [logStarting,53] - Starting RuoYiApplication using Java 17.0.10 with PID 71464 (C:\Users\Administrator\Desktop\kcts\kcts\ruoyi-admin\target\classes started by Administrator in C:\Users\Administrator\Desktop\kcts)
10:28:06.269 [restartedMain] INFO  c.r.RuoYiApplication - [logStartupProfileInfo,658] - The following 1 profile is active: "local"
10:28:15.868 [restartedMain] INFO  c.r.RuoYiApplication - [logStarting,53] - Starting RuoYiApplication using Java 17.0.10 with PID 71464 (C:\Users\Administrator\Desktop\kcts\kcts\ruoyi-admin\target\classes started by Administrator in C:\Users\Administrator\Desktop\kcts)
10:28:15.869 [restartedMain] INFO  c.r.RuoYiApplication - [logStartupProfileInfo,658] - The following 1 profile is active: "local"
10:28:25.471 [restartedMain] INFO  o.a.c.c.AprLifecycleListener - [log,173] - An older version [1.2.35] of the Apache Tomcat Native library is installed, while Tomcat recommends a minimum version of [2.0.5]
10:28:25.472 [restartedMain] INFO  o.a.c.c.AprLifecycleListener - [log,173] - Loaded Apache Tomcat Native library [1.2.35] using APR version [1.7.0].
10:28:25.472 [restartedMain] INFO  o.a.c.c.AprLifecycleListener - [log,173] - OpenSSL successfully initialized [OpenSSL 1.1.1q  5 Jul 2022]
10:28:25.473 [restartedMain] INFO  o.a.c.c.StandardService - [log,173] - Starting service [Tomcat]
10:28:25.473 [restartedMain] INFO  o.a.c.c.StandardEngine - [log,173] - Starting Servlet engine: [Apache Tomcat/10.1.33]
10:28:25.686 [restartedMain] INFO  o.a.c.c.C.[.[.[/] - [log,173] - Initializing Spring embedded WebApplicationContext
10:28:30.602 [restartedMain] INFO  o.a.c.c.StandardService - [log,173] - Stopping service [Tomcat]
10:28:30.859 [restartedMain] INFO  c.a.d.p.DruidDataSource - [close,2032] - {dataSource-0} closing ...
10:29:00.347 [restartedMain] INFO  c.r.RuoYiApplication - [logStarting,53] - Starting RuoYiApplication using Java 17.0.10 with PID 71464 (C:\Users\Administrator\Desktop\kcts\kcts\ruoyi-admin\target\classes started by Administrator in C:\Users\Administrator\Desktop\kcts)
10:29:00.348 [restartedMain] INFO  c.r.RuoYiApplication - [logStartupProfileInfo,658] - The following 1 profile is active: "local"
10:29:06.894 [restartedMain] INFO  o.a.c.c.AprLifecycleListener - [log,173] - An older version [1.2.35] of the Apache Tomcat Native library is installed, while Tomcat recommends a minimum version of [2.0.5]
10:29:06.894 [restartedMain] INFO  o.a.c.c.AprLifecycleListener - [log,173] - Loaded Apache Tomcat Native library [1.2.35] using APR version [1.7.0].
10:29:06.894 [restartedMain] INFO  o.a.c.c.AprLifecycleListener - [log,173] - OpenSSL successfully initialized [OpenSSL 1.1.1q  5 Jul 2022]
10:29:06.895 [restartedMain] INFO  o.a.c.c.StandardService - [log,173] - Starting service [Tomcat]
10:29:06.895 [restartedMain] INFO  o.a.c.c.StandardEngine - [log,173] - Starting Servlet engine: [Apache Tomcat/10.1.33]
10:29:07.072 [restartedMain] INFO  o.a.c.c.C.[.[.[/] - [log,173] - Initializing Spring embedded WebApplicationContext
10:29:12.045 [restartedMain] INFO  c.a.d.p.DruidDataSource - [init,985] - {dataSource-5} inited
10:29:26.671 [restartedMain] INFO  o.a.s.r.ResourceFinder - [discoverResources,49] - No process definitions were found for auto-deployment in the location `classpath*:**/processes/`
10:29:29.577 [restartedMain] INFO  o.a.s.r.ResourceFinder - [discoverResources,49] - No process extensions were found for auto-deployment in the location 'classpath*:**/processes/'
10:29:29.804 [restartedMain] INFO  o.a.e.i.c.ProcessEngineConfigurationImpl - [initConfigurators,1570] - Found 1 Process Engine Configurators in total:
10:29:29.804 [restartedMain] INFO  o.a.e.i.c.ProcessEngineConfigurationImpl - [initConfigurators,1572] - class org.activiti.spring.process.conf.ProcessExtensionsConfiguratorAutoConfiguration (priority:10000)
10:29:29.805 [restartedMain] INFO  o.a.e.i.c.ProcessEngineConfigurationImpl - [configuratorsBeforeInit,1582] - Executing beforeInit() of class org.activiti.spring.process.conf.ProcessExtensionsConfiguratorAutoConfiguration (priority:10000)
10:29:30.263 [restartedMain] INFO  o.a.e.i.c.ProcessEngineConfigurationImpl - [configuratorsAfterInit,1589] - Executing configure() of class org.activiti.spring.process.conf.ProcessExtensionsConfiguratorAutoConfiguration (priority:10000)
10:29:30.273 [restartedMain] INFO  o.a.e.i.ProcessEngineImpl - [<init>,78] - ProcessEngine default created
10:29:30.273 [restartedMain] INFO  o.a.e.i.a.DefaultAsyncJobExecutor - [start,173] - Starting up the default async job executor [org.activiti.spring.SpringAsyncExecutor].
10:29:30.274 [Thread-82] INFO  o.a.e.i.a.AcquireAsyncJobsDueRunnable - [run,49] - {} starting to acquire async jobs due
10:29:30.274 [Thread-83] INFO  o.a.e.i.a.AcquireTimerJobsRunnable - [run,53] - {} starting to acquire async jobs due
10:29:30.274 [Thread-84] INFO  o.a.e.i.a.ResetExpiredJobsRunnable - [run,55] - {} starting to reset expired jobs
10:29:30.352 [restartedMain] INFO  o.a.e.i.c.DeployCmd - [executeDeploy,103] - Launching new deployment with version: 1
10:29:33.389 [restartedMain] INFO  o.q.i.StdSchedulerFactory - [instantiate,1220] - Using default implementation for ThreadExecutor
10:29:33.392 [restartedMain] INFO  o.q.c.SchedulerSignalerImpl - [<init>,61] - Initialized Scheduler Signaller of type: class org.quartz.core.SchedulerSignalerImpl
10:29:33.393 [restartedMain] INFO  o.q.c.QuartzScheduler - [<init>,229] - Quartz Scheduler v.2.3.2 created.
10:29:33.393 [restartedMain] INFO  o.q.c.QuartzScheduler - [initialize,294] - Scheduler meta-data: Quartz Scheduler (v2.3.2) 'RuoyiScheduler' with instanceId 'DESKTOP-GL3RGKM1788488973390'
  Scheduler class: 'org.quartz.core.QuartzScheduler' - running locally.
  NOT STARTED.
  Currently in standby mode.
  Number of jobs executed: 0
  Using thread pool 'org.quartz.simpl.SimpleThreadPool' - with 20 threads.
  Using job-store 'org.springframework.scheduling.quartz.LocalDataSourceJobStore' - which supports persistence. and is clustered.

10:29:33.393 [restartedMain] INFO  o.q.i.StdSchedulerFactory - [instantiate,1374] - Quartz scheduler 'RuoyiScheduler' initialized from an externally provided properties instance.
10:29:33.393 [restartedMain] INFO  o.q.i.StdSchedulerFactory - [instantiate,1378] - Quartz scheduler version: 2.3.2
10:29:33.393 [restartedMain] INFO  o.q.c.QuartzScheduler - [setJobFactory,2293] - JobFactory set to: org.springframework.scheduling.quartz.AdaptableJobFactory@e5206b8
10:29:34.622 [restartedMain] INFO  o.a.c.w.s.f.ReflectionServiceFactoryBean - [buildServiceFromClass,436] - Creating Service {http://impl.webservice.system.ruoyi.com/}OADeptServiceImplService from class com.ruoyi.system.webservice.impl.OADeptServiceImpl
10:29:34.854 [restartedMain] INFO  o.a.c.e.ServerImpl - [initDestination,95] - Setting the server's publish address to be /syncdep
10:29:34.882 [restartedMain] INFO  o.a.c.w.s.f.ReflectionServiceFactoryBean - [buildServiceFromClass,436] - Creating Service {http://impl.webservice.system.ruoyi.com/}OAUserServiceImplService from class com.ruoyi.system.webservice.impl.OAUserServiceImpl
10:29:35.012 [restartedMain] INFO  o.a.c.e.ServerImpl - [initDestination,95] - Setting the server's publish address to be /syncuser
10:29:35.019 [restartedMain] INFO  o.a.c.w.s.f.ReflectionServiceFactoryBean - [buildServiceFromClass,436] - Creating Service {http://ideal.sh.cn.tc}ICreateInfoServiceService from class com.ruoyi.system.webservice.createinfo.ICreateInfoService
10:29:41.940 [restartedMain] INFO  o.a.s.AbstractActivitiSmartLifeCycle - [start,81] - Starting...
10:29:42.088 [restartedMain] INFO  o.a.s.AbstractActivitiSmartLifeCycle - [start,86] - Started.
10:29:42.088 [restartedMain] INFO  o.a.s.AbstractActivitiSmartLifeCycle - [start,81] - Starting...
10:29:42.139 [restartedMain] INFO  o.a.s.AbstractActivitiSmartLifeCycle - [start,86] - Started.
10:29:42.139 [restartedMain] INFO  o.a.s.AbstractActivitiSmartLifeCycle - [start,81] - Starting...
10:29:43.025 [Quartz Scheduler [RuoyiScheduler]] INFO  o.q.c.QuartzScheduler - [start,547] - Scheduler RuoyiScheduler_$_DESKTOP-GL3RGKM1788488973390 started.
10:29:44.685 [restartedMain] INFO  o.a.s.AbstractActivitiSmartLifeCycle - [start,86] - Started.
10:29:44.685 [restartedMain] INFO  o.a.s.AbstractActivitiSmartLifeCycle - [start,81] - Starting...
10:30:02.984 [restartedMain] INFO  o.a.s.AbstractActivitiSmartLifeCycle - [start,86] - Started.
10:30:03.013 [restartedMain] INFO  c.r.RuoYiApplication - [logStarted,59] - Started RuoYiApplication in 62.954 seconds (process running for 4118.319)
10:30:03.016 [Thread-66] INFO  o.q.c.QuartzScheduler - [standby,585] - Scheduler RuoyiScheduler_$_DESKTOP-GL3RGKM1788488973390 paused.
10:30:03.016 [Thread-66] INFO  o.a.s.AbstractActivitiSmartLifeCycle - [stop,95] - Stopping...
10:30:03.016 [Thread-66] INFO  o.a.s.AbstractActivitiSmartLifeCycle - [stop,99] - Stopped.
10:30:03.017 [Thread-66] INFO  o.a.s.AbstractActivitiSmartLifeCycle - [stop,95] - Stopping...
10:30:03.017 [Thread-66] INFO  o.a.s.AbstractActivitiSmartLifeCycle - [stop,99] - Stopped.
10:30:03.017 [Thread-66] INFO  o.a.s.AbstractActivitiSmartLifeCycle - [stop,95] - Stopping...
10:30:03.017 [Thread-66] INFO  o.a.s.AbstractActivitiSmartLifeCycle - [stop,99] - Stopped.
10:30:03.017 [Thread-66] INFO  o.a.s.AbstractActivitiSmartLifeCycle - [stop,95] - Stopping...
10:30:03.017 [Thread-66] INFO  o.a.s.AbstractActivitiSmartLifeCycle - [stop,99] - Stopped.
10:30:03.714 [restartedMain] INFO  c.r.w.k.SaslClient - [consume,109] - login user: admin
10:30:03.746 [restartedMain] INFO  o.a.k.c.c.ConsumerConfig - [logAll,347] - ConsumerConfig values: 
	allow.auto.create.topics = true
	auto.commit.interval.ms = 5000
	auto.offset.reset = earliest
	bootstrap.servers = [10.145.219.3:8423, 10.145.219.4:8423, 10.145.219.5:8423]
	check.crcs = true
	client.dns.lookup = default
	client.id = 
	client.rack = 
	connections.max.idle.ms = 540000
	default.api.timeout.ms = 60000
	enable.auto.commit = false
	exclude.internal.topics = true
	fetch.max.bytes = 52428800
	fetch.max.wait.ms = 500
	fetch.min.bytes = 1
	group.id = DE_C_HRMS_STIEP
	group.instance.id = null
	heartbeat.interval.ms = 3000
	interceptor.classes = []
	internal.leave.group.on.close = true
	isolation.level = read_uncommitted
	key.deserializer = class org.apache.kafka.common.serialization.StringDeserializer
	max.partition.fetch.bytes = 1048576
	max.poll.interval.ms = 300000
	max.poll.records = 30
	metadata.max.age.ms = 300000
	metric.reporters = []
	metrics.num.samples = 2
	metrics.recording.level = INFO
	metrics.sample.window.ms = 30000
	partition.assignment.strategy = [class org.apache.kafka.clients.consumer.RangeAssignor]
	receive.buffer.bytes = 65536
	reconnect.backoff.max.ms = 1000
	reconnect.backoff.ms = 50
	request.timeout.ms = 30000
	retry.backoff.ms = 100
	sasl.client.callback.handler.class = null
	sasl.jaas.config = [hidden]
	sasl.kerberos.kinit.cmd = /usr/bin/kinit
	sasl.kerberos.min.time.before.relogin = 60000
	sasl.kerberos.service.name = null
	sasl.kerberos.ticket.renew.jitter = 0.05
	sasl.kerberos.ticket.renew.window.factor = 0.8
	sasl.login.callback.handler.class = null
	sasl.login.class = null
	sasl.login.refresh.buffer.seconds = 300
	sasl.login.refresh.min.period.seconds = 60
	sasl.login.refresh.window.factor = 0.8
	sasl.login.refresh.window.jitter = 0.05
	sasl.mechanism = SCRAM-SHA-512
	security.protocol = SASL_PLAINTEXT
	send.buffer.bytes = 131072
	session.timeout.ms = 10000
	ssl.cipher.suites = null
	ssl.enabled.protocols = [TLSv1.2, TLSv1.1, TLSv1]
	ssl.endpoint.identification.algorithm = https
	ssl.key.password = null
	ssl.keymanager.algorithm = SunX509
	ssl.keystore.location = null
	ssl.keystore.password = null
	ssl.keystore.type = JKS
	ssl.protocol = TLS
	ssl.provider = null
	ssl.secure.random.implementation = null
	ssl.trustmanager.algorithm = PKIX
	ssl.truststore.location = null
	ssl.truststore.password = null
	ssl.truststore.type = JKS
	value.deserializer = class org.apache.kafka.common.serialization.StringDeserializer

10:30:03.752 [restartedMain] INFO  o.a.k.c.u.AppInfoParser - [<init>,117] - Kafka version: 2.3.0
10:30:03.752 [restartedMain] INFO  o.a.k.c.u.AppInfoParser - [<init>,118] - Kafka commitId: fc1aaa116b661c8a
10:30:03.752 [restartedMain] INFO  o.a.k.c.u.AppInfoParser - [<init>,119] - Kafka startTimeMs: 1788489003752
10:30:03.753 [restartedMain] INFO  o.a.k.c.c.KafkaConsumer - [subscribe,964] - [Consumer clientId=consumer-5, groupId=DE_C_HRMS_STIEP] Subscribed to topic(s): DE_HRMS_STIEP
10:30:03.753 [restartedMain] INFO  c.r.w.k.SaslClient - [consume,127] - start consumer kafka
10:30:05.388 [Thread-66] INFO  o.q.c.QuartzScheduler - [shutdown,666] - Scheduler RuoyiScheduler_$_DESKTOP-GL3RGKM1788488973390 shutting down.
10:30:05.388 [Thread-66] INFO  o.q.c.QuartzScheduler - [standby,585] - Scheduler RuoyiScheduler_$_DESKTOP-GL3RGKM1788488973390 paused.
10:30:05.389 [Thread-66] INFO  o.q.c.QuartzScheduler - [shutdown,740] - Scheduler RuoyiScheduler_$_DESKTOP-GL3RGKM1788488973390 shutdown complete.
10:30:05.389 [Thread-66] INFO  sys-user - [shutdownAsyncManager,31] - ====关闭后台任务任务线程池====
10:30:05.406 [Thread-66] INFO  o.a.e.i.a.DefaultAsyncJobExecutor - [shutdown,212] - Shutting down the default async job executor [org.activiti.spring.SpringAsyncExecutor].
10:30:05.406 [activiti-acquire-async-jobs] INFO  o.a.e.i.a.AcquireAsyncJobsDueRunnable - [run,119] - {} stopped async job due acquisition
10:30:05.406 [activiti-acquire-timer-jobs] INFO  o.a.e.i.a.AcquireTimerJobsRunnable - [run,119] - {} stopped async job due acquisition
10:30:05.407 [activiti-reset-expired-jobs] INFO  o.a.e.i.a.ResetExpiredJobsRunnable - [run,103] - {} stopped resetting expired jobs
10:30:05.419 [Thread-66] INFO  c.a.d.p.DruidDataSource - [close,2032] - {dataSource-5} closing ...
10:30:05.421 [Thread-66] INFO  c.a.d.p.DruidDataSource - [close,2104] - {dataSource-5} closed
10:30:06.417 [restartedMain] INFO  c.r.RuoYiApplication - [logStarting,53] - Starting RuoYiApplication using Java 17.0.10 with PID 71464 (C:\Users\Administrator\Desktop\kcts\kcts\ruoyi-admin\target\classes started by Administrator in C:\Users\Administrator\Desktop\kcts)
10:30:06.418 [restartedMain] INFO  c.r.RuoYiApplication - [logStartupProfileInfo,658] - The following 1 profile is active: "local"
10:30:17.922 [restartedMain] INFO  c.r.RuoYiApplication - [logStarting,53] - Starting RuoYiApplication using Java 17.0.10 with PID 71464 (C:\Users\Administrator\Desktop\kcts\kcts\ruoyi-admin\target\classes started by Administrator in C:\Users\Administrator\Desktop\kcts)
10:30:17.923 [restartedMain] INFO  c.r.RuoYiApplication - [logStartupProfileInfo,658] - The following 1 profile is active: "local"
10:30:40.750 [restartedMain] INFO  c.r.RuoYiApplication - [logStarting,53] - Starting RuoYiApplication using Java 17.0.10 with PID 71464 (C:\Users\Administrator\Desktop\kcts\kcts\ruoyi-admin\target\classes started by Administrator in C:\Users\Administrator\Desktop\kcts)
10:30:40.750 [restartedMain] INFO  c.r.RuoYiApplication - [logStartupProfileInfo,658] - The following 1 profile is active: "local"
10:30:57.498 [restartedMain] INFO  c.r.RuoYiApplication - [logStarting,53] - Starting RuoYiApplication using Java 17.0.10 with PID 71464 (C:\Users\Administrator\Desktop\kcts\kcts\ruoyi-admin\target\classes started by Administrator in C:\Users\Administrator\Desktop\kcts)
10:30:57.499 [restartedMain] INFO  c.r.RuoYiApplication - [logStartupProfileInfo,658] - The following 1 profile is active: "local"
10:31:05.865 [restartedMain] INFO  o.a.c.c.AprLifecycleListener - [log,173] - An older version [1.2.35] of the Apache Tomcat Native library is installed, while Tomcat recommends a minimum version of [2.0.5]
10:31:05.866 [restartedMain] INFO  o.a.c.c.AprLifecycleListener - [log,173] - Loaded Apache Tomcat Native library [1.2.35] using APR version [1.7.0].
10:31:05.866 [restartedMain] INFO  o.a.c.c.AprLifecycleListener - [log,173] - OpenSSL successfully initialized [OpenSSL 1.1.1q  5 Jul 2022]
10:31:05.867 [restartedMain] INFO  o.a.c.c.StandardService - [log,173] - Starting service [Tomcat]
10:31:05.867 [restartedMain] INFO  o.a.c.c.StandardEngine - [log,173] - Starting Servlet engine: [Apache Tomcat/10.1.33]
10:31:06.275 [restartedMain] INFO  o.a.c.c.C.[.[.[/] - [log,173] - Initializing Spring embedded WebApplicationContext
10:31:11.152 [restartedMain] INFO  o.a.c.c.StandardService - [log,173] - Stopping service [Tomcat]
10:31:11.800 [restartedMain] INFO  c.a.d.p.DruidDataSource - [close,2032] - {dataSource-0} closing ...
10:31:46.809 [restartedMain] INFO  c.r.RuoYiApplication - [logStarting,53] - Starting RuoYiApplication using Java 17.0.10 with PID 71464 (C:\Users\Administrator\Desktop\kcts\kcts\ruoyi-admin\target\classes started by Administrator in C:\Users\Administrator\Desktop\kcts)
10:31:46.809 [restartedMain] INFO  c.r.RuoYiApplication - [logStartupProfileInfo,658] - The following 1 profile is active: "local"
10:32:06.320 [restartedMain] INFO  o.a.c.c.AprLifecycleListener - [log,173] - An older version [1.2.35] of the Apache Tomcat Native library is installed, while Tomcat recommends a minimum version of [2.0.5]
10:32:06.320 [restartedMain] INFO  o.a.c.c.AprLifecycleListener - [log,173] - Loaded Apache Tomcat Native library [1.2.35] using APR version [1.7.0].
10:32:06.321 [restartedMain] INFO  o.a.c.c.AprLifecycleListener - [log,173] - OpenSSL successfully initialized [OpenSSL 1.1.1q  5 Jul 2022]
10:32:06.321 [restartedMain] INFO  o.a.c.c.StandardService - [log,173] - Starting service [Tomcat]
10:32:06.322 [restartedMain] INFO  o.a.c.c.StandardEngine - [log,173] - Starting Servlet engine: [Apache Tomcat/10.1.33]
10:32:06.705 [restartedMain] INFO  o.a.c.c.C.[.[.[/] - [log,173] - Initializing Spring embedded WebApplicationContext
10:32:11.866 [restartedMain] INFO  c.a.d.p.DruidDataSource - [init,985] - {dataSource-6} inited
10:32:24.745 [restartedMain] INFO  o.a.s.r.ResourceFinder - [discoverResources,49] - No process definitions were found for auto-deployment in the location `classpath*:**/processes/`
10:32:29.621 [restartedMain] INFO  o.a.s.r.ResourceFinder - [discoverResources,49] - No process extensions were found for auto-deployment in the location 'classpath*:**/processes/'
10:32:30.008 [restartedMain] INFO  o.a.e.i.c.ProcessEngineConfigurationImpl - [initConfigurators,1570] - Found 1 Process Engine Configurators in total:
10:32:30.008 [restartedMain] INFO  o.a.e.i.c.ProcessEngineConfigurationImpl - [initConfigurators,1572] - class org.activiti.spring.process.conf.ProcessExtensionsConfiguratorAutoConfiguration (priority:10000)
10:32:30.009 [restartedMain] INFO  o.a.e.i.c.ProcessEngineConfigurationImpl - [configuratorsBeforeInit,1582] - Executing beforeInit() of class org.activiti.spring.process.conf.ProcessExtensionsConfiguratorAutoConfiguration (priority:10000)
10:32:30.587 [restartedMain] INFO  o.a.e.i.c.ProcessEngineConfigurationImpl - [configuratorsAfterInit,1589] - Executing configure() of class org.activiti.spring.process.conf.ProcessExtensionsConfiguratorAutoConfiguration (priority:10000)
10:32:30.596 [restartedMain] INFO  o.a.e.i.ProcessEngineImpl - [<init>,78] - ProcessEngine default created
10:32:30.596 [restartedMain] INFO  o.a.e.i.a.DefaultAsyncJobExecutor - [start,173] - Starting up the default async job executor [org.activiti.spring.SpringAsyncExecutor].
10:32:30.598 [Thread-105] INFO  o.a.e.i.a.ResetExpiredJobsRunnable - [run,55] - {} starting to reset expired jobs
10:32:30.598 [Thread-103] INFO  o.a.e.i.a.AcquireAsyncJobsDueRunnable - [run,49] - {} starting to acquire async jobs due
10:32:30.599 [Thread-104] INFO  o.a.e.i.a.AcquireTimerJobsRunnable - [run,53] - {} starting to acquire async jobs due
10:32:30.689 [restartedMain] INFO  o.a.e.i.c.DeployCmd - [executeDeploy,103] - Launching new deployment with version: 1
10:32:31.797 [restartedMain] INFO  o.a.e.i.a.DefaultAsyncJobExecutor - [shutdown,212] - Shutting down the default async job executor [org.activiti.spring.SpringAsyncExecutor].
10:32:31.797 [activiti-acquire-timer-jobs] INFO  o.a.e.i.a.AcquireTimerJobsRunnable - [run,119] - {} stopped async job due acquisition
10:32:31.797 [activiti-reset-expired-jobs] INFO  o.a.e.i.a.ResetExpiredJobsRunnable - [run,103] - {} stopped resetting expired jobs
10:32:31.797 [activiti-acquire-async-jobs] INFO  o.a.e.i.a.AcquireAsyncJobsDueRunnable - [run,119] - {} stopped async job due acquisition
10:32:31.799 [restartedMain] INFO  c.a.d.p.DruidDataSource - [close,2032] - {dataSource-6} closing ...
10:32:31.800 [restartedMain] INFO  c.a.d.p.DruidDataSource - [close,2104] - {dataSource-6} closed
10:32:31.805 [restartedMain] INFO  o.a.c.c.StandardService - [log,173] - Stopping service [Tomcat]
10:32:55.043 [restartedMain] INFO  c.r.RuoYiApplication - [logStarting,53] - Starting RuoYiApplication using Java 17.0.10 with PID 71464 (C:\Users\Administrator\Desktop\kcts\kcts\ruoyi-admin\target\classes started by Administrator in C:\Users\Administrator\Desktop\kcts)
10:32:55.043 [restartedMain] INFO  c.r.RuoYiApplication - [logStartupProfileInfo,658] - The following 1 profile is active: "local"
10:33:02.828 [restartedMain] INFO  o.a.c.c.AprLifecycleListener - [log,173] - An older version [1.2.35] of the Apache Tomcat Native library is installed, while Tomcat recommends a minimum version of [2.0.5]
10:33:02.828 [restartedMain] INFO  o.a.c.c.AprLifecycleListener - [log,173] - Loaded Apache Tomcat Native library [1.2.35] using APR version [1.7.0].
10:33:02.828 [restartedMain] INFO  o.a.c.c.AprLifecycleListener - [log,173] - OpenSSL successfully initialized [OpenSSL 1.1.1q  5 Jul 2022]
10:33:02.829 [restartedMain] INFO  o.a.c.c.StandardService - [log,173] - Starting service [Tomcat]
10:33:02.829 [restartedMain] INFO  o.a.c.c.StandardEngine - [log,173] - Starting Servlet engine: [Apache Tomcat/10.1.33]
10:33:03.040 [restartedMain] INFO  o.a.c.c.C.[.[.[/] - [log,173] - Initializing Spring embedded WebApplicationContext
10:33:07.410 [restartedMain] INFO  c.a.d.p.DruidDataSource - [init,985] - {dataSource-7} inited
10:33:07.928 [restartedMain] INFO  c.a.d.p.DruidDataSource - [close,2032] - {dataSource-7} closing ...
10:33:07.929 [restartedMain] INFO  c.a.d.p.DruidDataSource - [close,2104] - {dataSource-7} closed
10:33:07.931 [restartedMain] INFO  o.a.c.c.StandardService - [log,173] - Stopping service [Tomcat]
10:33:16.444 [restartedMain] INFO  c.r.RuoYiApplication - [logStarting,53] - Starting RuoYiApplication using Java 17.0.10 with PID 71464 (C:\Users\Administrator\Desktop\kcts\kcts\ruoyi-admin\target\classes started by Administrator in C:\Users\Administrator\Desktop\kcts)
10:33:16.444 [restartedMain] INFO  c.r.RuoYiApplication - [logStartupProfileInfo,658] - The following 1 profile is active: "local"
10:33:24.879 [restartedMain] INFO  o.a.c.c.AprLifecycleListener - [log,173] - An older version [1.2.35] of the Apache Tomcat Native library is installed, while Tomcat recommends a minimum version of [2.0.5]
10:33:24.879 [restartedMain] INFO  o.a.c.c.AprLifecycleListener - [log,173] - Loaded Apache Tomcat Native library [1.2.35] using APR version [1.7.0].
10:33:24.879 [restartedMain] INFO  o.a.c.c.AprLifecycleListener - [log,173] - OpenSSL successfully initialized [OpenSSL 1.1.1q  5 Jul 2022]
10:33:24.880 [restartedMain] INFO  o.a.c.c.StandardService - [log,173] - Starting service [Tomcat]
10:33:24.880 [restartedMain] INFO  o.a.c.c.StandardEngine - [log,173] - Starting Servlet engine: [Apache Tomcat/10.1.33]
10:33:25.179 [restartedMain] INFO  o.a.c.c.C.[.[.[/] - [log,173] - Initializing Spring embedded WebApplicationContext
10:33:29.728 [restartedMain] INFO  c.a.d.p.DruidDataSource - [init,985] - {dataSource-8} inited
10:33:44.068 [restartedMain] INFO  o.a.s.r.ResourceFinder - [discoverResources,49] - No process definitions were found for auto-deployment in the location `classpath*:**/processes/`
10:33:55.004 [restartedMain] INFO  o.a.s.r.ResourceFinder - [discoverResources,49] - No process extensions were found for auto-deployment in the location 'classpath*:**/processes/'
10:33:55.979 [restartedMain] INFO  o.a.e.i.c.ProcessEngineConfigurationImpl - [initConfigurators,1570] - Found 1 Process Engine Configurators in total:
10:33:55.980 [restartedMain] INFO  o.a.e.i.c.ProcessEngineConfigurationImpl - [initConfigurators,1572] - class org.activiti.spring.process.conf.ProcessExtensionsConfiguratorAutoConfiguration (priority:10000)
10:33:55.980 [restartedMain] INFO  o.a.e.i.c.ProcessEngineConfigurationImpl - [configuratorsBeforeInit,1582] - Executing beforeInit() of class org.activiti.spring.process.conf.ProcessExtensionsConfiguratorAutoConfiguration (priority:10000)
10:33:56.925 [restartedMain] INFO  o.a.e.i.c.ProcessEngineConfigurationImpl - [configuratorsAfterInit,1589] - Executing configure() of class org.activiti.spring.process.conf.ProcessExtensionsConfiguratorAutoConfiguration (priority:10000)
10:33:56.943 [restartedMain] INFO  o.a.e.i.ProcessEngineImpl - [<init>,78] - ProcessEngine default created
10:33:56.943 [restartedMain] INFO  o.a.e.i.a.DefaultAsyncJobExecutor - [start,173] - Starting up the default async job executor [org.activiti.spring.SpringAsyncExecutor].
10:33:56.945 [Thread-112] INFO  o.a.e.i.a.AcquireAsyncJobsDueRunnable - [run,49] - {} starting to acquire async jobs due
10:33:56.947 [Thread-113] INFO  o.a.e.i.a.AcquireTimerJobsRunnable - [run,53] - {} starting to acquire async jobs due
10:33:56.952 [Thread-114] INFO  o.a.e.i.a.ResetExpiredJobsRunnable - [run,55] - {} starting to reset expired jobs
10:33:57.089 [restartedMain] INFO  o.a.e.i.c.DeployCmd - [executeDeploy,103] - Launching new deployment with version: 1
10:34:03.647 [restartedMain] INFO  o.a.e.i.a.DefaultAsyncJobExecutor - [shutdown,212] - Shutting down the default async job executor [org.activiti.spring.SpringAsyncExecutor].
10:34:03.647 [activiti-acquire-timer-jobs] INFO  o.a.e.i.a.AcquireTimerJobsRunnable - [run,119] - {} stopped async job due acquisition
10:34:03.647 [activiti-reset-expired-jobs] INFO  o.a.e.i.a.ResetExpiredJobsRunnable - [run,103] - {} stopped resetting expired jobs
10:34:03.647 [activiti-acquire-async-jobs] INFO  o.a.e.i.a.AcquireAsyncJobsDueRunnable - [run,119] - {} stopped async job due acquisition
10:34:03.652 [restartedMain] INFO  c.a.d.p.DruidDataSource - [close,2032] - {dataSource-8} closing ...
10:34:03.655 [restartedMain] INFO  c.a.d.p.DruidDataSource - [close,2104] - {dataSource-8} closed
10:34:03.659 [restartedMain] INFO  o.a.c.c.StandardService - [log,173] - Stopping service [Tomcat]
10:34:15.185 [restartedMain] INFO  c.r.RuoYiApplication - [logStarting,53] - Starting RuoYiApplication using Java 17.0.10 with PID 71464 (C:\Users\Administrator\Desktop\kcts\kcts\ruoyi-admin\target\classes started by Administrator in C:\Users\Administrator\Desktop\kcts)
10:34:15.186 [restartedMain] INFO  c.r.RuoYiApplication - [logStartupProfileInfo,658] - The following 1 profile is active: "local"
10:34:26.590 [restartedMain] INFO  o.a.c.c.AprLifecycleListener - [log,173] - An older version [1.2.35] of the Apache Tomcat Native library is installed, while Tomcat recommends a minimum version of [2.0.5]
10:34:26.590 [restartedMain] INFO  o.a.c.c.AprLifecycleListener - [log,173] - Loaded Apache Tomcat Native library [1.2.35] using APR version [1.7.0].
10:34:26.591 [restartedMain] INFO  o.a.c.c.AprLifecycleListener - [log,173] - OpenSSL successfully initialized [OpenSSL 1.1.1q  5 Jul 2022]
10:34:26.591 [restartedMain] INFO  o.a.c.c.StandardService - [log,173] - Starting service [Tomcat]
10:34:26.591 [restartedMain] INFO  o.a.c.c.StandardEngine - [log,173] - Starting Servlet engine: [Apache Tomcat/10.1.33]
10:34:26.870 [restartedMain] INFO  o.a.c.c.C.[.[.[/] - [log,173] - Initializing Spring embedded WebApplicationContext
10:34:33.366 [restartedMain] INFO  c.a.d.p.DruidDataSource - [init,985] - {dataSource-9} inited
10:34:53.520 [restartedMain] INFO  o.a.s.r.ResourceFinder - [discoverResources,49] - No process definitions were found for auto-deployment in the location `classpath*:**/processes/`
10:34:57.490 [restartedMain] INFO  o.a.s.r.ResourceFinder - [discoverResources,49] - No process extensions were found for auto-deployment in the location 'classpath*:**/processes/'
10:34:57.852 [restartedMain] INFO  o.a.e.i.c.ProcessEngineConfigurationImpl - [initConfigurators,1570] - Found 1 Process Engine Configurators in total:
10:34:57.852 [restartedMain] INFO  o.a.e.i.c.ProcessEngineConfigurationImpl - [initConfigurators,1572] - class org.activiti.spring.process.conf.ProcessExtensionsConfiguratorAutoConfiguration (priority:10000)
10:34:57.853 [restartedMain] INFO  o.a.e.i.c.ProcessEngineConfigurationImpl - [configuratorsBeforeInit,1582] - Executing beforeInit() of class org.activiti.spring.process.conf.ProcessExtensionsConfiguratorAutoConfiguration (priority:10000)
10:34:58.293 [restartedMain] INFO  o.a.e.i.c.ProcessEngineConfigurationImpl - [configuratorsAfterInit,1589] - Executing configure() of class org.activiti.spring.process.conf.ProcessExtensionsConfiguratorAutoConfiguration (priority:10000)
10:34:58.300 [restartedMain] INFO  o.a.e.i.ProcessEngineImpl - [<init>,78] - ProcessEngine default created
10:34:58.300 [restartedMain] INFO  o.a.e.i.a.DefaultAsyncJobExecutor - [start,173] - Starting up the default async job executor [org.activiti.spring.SpringAsyncExecutor].
10:34:58.301 [Thread-118] INFO  o.a.e.i.a.AcquireAsyncJobsDueRunnable - [run,49] - {} starting to acquire async jobs due
10:34:58.301 [Thread-119] INFO  o.a.e.i.a.AcquireTimerJobsRunnable - [run,53] - {} starting to acquire async jobs due
10:34:58.301 [Thread-120] INFO  o.a.e.i.a.ResetExpiredJobsRunnable - [run,55] - {} starting to reset expired jobs
10:34:58.354 [restartedMain] INFO  o.a.e.i.c.DeployCmd - [executeDeploy,103] - Launching new deployment with version: 1
10:35:01.848 [restartedMain] INFO  o.q.i.StdSchedulerFactory - [instantiate,1220] - Using default implementation for ThreadExecutor
10:35:01.854 [restartedMain] INFO  o.q.c.SchedulerSignalerImpl - [<init>,61] - Initialized Scheduler Signaller of type: class org.quartz.core.SchedulerSignalerImpl
10:35:01.854 [restartedMain] INFO  o.q.c.QuartzScheduler - [<init>,229] - Quartz Scheduler v.2.3.2 created.
10:35:01.854 [restartedMain] INFO  o.q.c.QuartzScheduler - [initialize,294] - Scheduler meta-data: Quartz Scheduler (v2.3.2) 'RuoyiScheduler' with instanceId 'DESKTOP-GL3RGKM1788489301850'
  Scheduler class: 'org.quartz.core.QuartzScheduler' - running locally.
  NOT STARTED.
  Currently in standby mode.
  Number of jobs executed: 0
  Using thread pool 'org.quartz.simpl.SimpleThreadPool' - with 20 threads.
  Using job-store 'org.springframework.scheduling.quartz.LocalDataSourceJobStore' - which supports persistence. and is clustered.

10:35:01.855 [restartedMain] INFO  o.q.i.StdSchedulerFactory - [instantiate,1374] - Quartz scheduler 'RuoyiScheduler' initialized from an externally provided properties instance.
10:35:01.855 [restartedMain] INFO  o.q.i.StdSchedulerFactory - [instantiate,1378] - Quartz scheduler version: 2.3.2
10:35:01.855 [restartedMain] INFO  o.q.c.QuartzScheduler - [setJobFactory,2293] - JobFactory set to: org.springframework.scheduling.quartz.AdaptableJobFactory@602588bb
10:35:03.857 [restartedMain] INFO  o.a.c.w.s.f.ReflectionServiceFactoryBean - [buildServiceFromClass,436] - Creating Service {http://impl.webservice.system.ruoyi.com/}OADeptServiceImplService from class com.ruoyi.system.webservice.impl.OADeptServiceImpl
10:35:04.167 [restartedMain] INFO  o.a.c.e.ServerImpl - [initDestination,95] - Setting the server's publish address to be /syncdep
10:35:04.210 [restartedMain] INFO  o.a.c.w.s.f.ReflectionServiceFactoryBean - [buildServiceFromClass,436] - Creating Service {http://impl.webservice.system.ruoyi.com/}OAUserServiceImplService from class com.ruoyi.system.webservice.impl.OAUserServiceImpl
10:35:04.377 [restartedMain] INFO  o.a.c.e.ServerImpl - [initDestination,95] - Setting the server's publish address to be /syncuser
10:35:04.385 [restartedMain] INFO  o.a.c.w.s.f.ReflectionServiceFactoryBean - [buildServiceFromClass,436] - Creating Service {http://ideal.sh.cn.tc}ICreateInfoServiceService from class com.ruoyi.system.webservice.createinfo.ICreateInfoService
10:35:10.366 [restartedMain] INFO  o.a.s.AbstractActivitiSmartLifeCycle - [start,81] - Starting...
10:35:10.467 [restartedMain] INFO  o.a.s.AbstractActivitiSmartLifeCycle - [start,86] - Started.
10:35:10.468 [restartedMain] INFO  o.a.s.AbstractActivitiSmartLifeCycle - [start,81] - Starting...
10:35:10.505 [restartedMain] INFO  o.a.s.AbstractActivitiSmartLifeCycle - [start,86] - Started.
10:35:10.506 [restartedMain] INFO  o.a.s.AbstractActivitiSmartLifeCycle - [start,81] - Starting...
10:35:11.425 [Quartz Scheduler [RuoyiScheduler]] INFO  o.q.c.QuartzScheduler - [start,547] - Scheduler RuoyiScheduler_$_DESKTOP-GL3RGKM1788489301850 started.
10:35:12.844 [restartedMain] INFO  o.a.s.AbstractActivitiSmartLifeCycle - [start,86] - Started.
10:35:12.844 [restartedMain] INFO  o.a.s.AbstractActivitiSmartLifeCycle - [start,81] - Starting...
10:35:23.762 [restartedMain] INFO  o.a.s.AbstractActivitiSmartLifeCycle - [start,86] - Started.
10:35:23.788 [restartedMain] INFO  c.r.RuoYiApplication - [logStarted,59] - Started RuoYiApplication in 68.789 seconds (process running for 4439.094)
10:35:23.790 [SpringApplicationShutdownHook] INFO  o.q.c.QuartzScheduler - [standby,585] - Scheduler RuoyiScheduler_$_DESKTOP-GL3RGKM1788489301850 paused.
10:35:23.791 [SpringApplicationShutdownHook] INFO  o.a.s.AbstractActivitiSmartLifeCycle - [stop,95] - Stopping...
10:35:23.791 [SpringApplicationShutdownHook] INFO  o.a.s.AbstractActivitiSmartLifeCycle - [stop,99] - Stopped.
10:35:23.791 [SpringApplicationShutdownHook] INFO  o.a.s.AbstractActivitiSmartLifeCycle - [stop,95] - Stopping...
10:35:23.791 [SpringApplicationShutdownHook] INFO  o.a.s.AbstractActivitiSmartLifeCycle - [stop,99] - Stopped.
10:35:23.791 [SpringApplicationShutdownHook] INFO  o.a.s.AbstractActivitiSmartLifeCycle - [stop,95] - Stopping...
10:35:23.791 [SpringApplicationShutdownHook] INFO  o.a.s.AbstractActivitiSmartLifeCycle - [stop,99] - Stopped.
10:35:23.791 [SpringApplicationShutdownHook] INFO  o.a.s.AbstractActivitiSmartLifeCycle - [stop,95] - Stopping...
10:35:23.791 [SpringApplicationShutdownHook] INFO  o.a.s.AbstractActivitiSmartLifeCycle - [stop,99] - Stopped.
10:35:24.210 [restartedMain] INFO  c.r.w.k.SaslClient - [consume,109] - login user: admin
10:35:24.222 [restartedMain] INFO  o.a.k.c.c.ConsumerConfig - [logAll,347] - ConsumerConfig values: 
	allow.auto.create.topics = true
	auto.commit.interval.ms = 5000
	auto.offset.reset = earliest
	bootstrap.servers = [10.145.219.3:8423, 10.145.219.4:8423, 10.145.219.5:8423]
	check.crcs = true
	client.dns.lookup = default
	client.id = 
	client.rack = 
	connections.max.idle.ms = 540000
	default.api.timeout.ms = 60000
	enable.auto.commit = false
	exclude.internal.topics = true
	fetch.max.bytes = 52428800
	fetch.max.wait.ms = 500
	fetch.min.bytes = 1
	group.id = DE_C_HRMS_STIEP
	group.instance.id = null
	heartbeat.interval.ms = 3000
	interceptor.classes = []
	internal.leave.group.on.close = true
	isolation.level = read_uncommitted
	key.deserializer = class org.apache.kafka.common.serialization.StringDeserializer
	max.partition.fetch.bytes = 1048576
	max.poll.interval.ms = 300000
	max.poll.records = 30
	metadata.max.age.ms = 300000
	metric.reporters = []
	metrics.num.samples = 2
	metrics.recording.level = INFO
	metrics.sample.window.ms = 30000
	partition.assignment.strategy = [class org.apache.kafka.clients.consumer.RangeAssignor]
	receive.buffer.bytes = 65536
	reconnect.backoff.max.ms = 1000
	reconnect.backoff.ms = 50
	request.timeout.ms = 30000
	retry.backoff.ms = 100
	sasl.client.callback.handler.class = null
	sasl.jaas.config = [hidden]
	sasl.kerberos.kinit.cmd = /usr/bin/kinit
	sasl.kerberos.min.time.before.relogin = 60000
	sasl.kerberos.service.name = null
	sasl.kerberos.ticket.renew.jitter = 0.05
	sasl.kerberos.ticket.renew.window.factor = 0.8
	sasl.login.callback.handler.class = null
	sasl.login.class = null
	sasl.login.refresh.buffer.seconds = 300
	sasl.login.refresh.min.period.seconds = 60
	sasl.login.refresh.window.factor = 0.8
	sasl.login.refresh.window.jitter = 0.05
	sasl.mechanism = SCRAM-SHA-512
	security.protocol = SASL_PLAINTEXT
	send.buffer.bytes = 131072
	session.timeout.ms = 10000
	ssl.cipher.suites = null
	ssl.enabled.protocols = [TLSv1.2, TLSv1.1, TLSv1]
	ssl.endpoint.identification.algorithm = https
	ssl.key.password = null
	ssl.keymanager.algorithm = SunX509
	ssl.keystore.location = null
	ssl.keystore.password = null
	ssl.keystore.type = JKS
	ssl.protocol = TLS
	ssl.provider = null
	ssl.secure.random.implementation = null
	ssl.trustmanager.algorithm = PKIX
	ssl.truststore.location = null
	ssl.truststore.password = null
	ssl.truststore.type = JKS
	value.deserializer = class org.apache.kafka.common.serialization.StringDeserializer

10:35:24.227 [restartedMain] INFO  o.a.k.c.u.AppInfoParser - [<init>,117] - Kafka version: 2.3.0
10:35:24.228 [restartedMain] INFO  o.a.k.c.u.AppInfoParser - [<init>,118] - Kafka commitId: fc1aaa116b661c8a
10:35:24.228 [restartedMain] INFO  o.a.k.c.u.AppInfoParser - [<init>,119] - Kafka startTimeMs: 1788489324227
10:35:24.228 [restartedMain] INFO  o.a.k.c.c.KafkaConsumer - [subscribe,964] - [Consumer clientId=consumer-6, groupId=DE_C_HRMS_STIEP] Subscribed to topic(s): DE_HRMS_STIEP
10:35:24.228 [restartedMain] INFO  c.r.w.k.SaslClient - [consume,127] - start consumer kafka
10:35:24.814 [SpringApplicationShutdownHook] INFO  o.q.c.QuartzScheduler - [shutdown,666] - Scheduler RuoyiScheduler_$_DESKTOP-GL3RGKM1788489301850 shutting down.
10:35:24.814 [SpringApplicationShutdownHook] INFO  o.q.c.QuartzScheduler - [standby,585] - Scheduler RuoyiScheduler_$_DESKTOP-GL3RGKM1788489301850 paused.
10:35:24.815 [SpringApplicationShutdownHook] INFO  o.q.c.QuartzScheduler - [shutdown,740] - Scheduler RuoyiScheduler_$_DESKTOP-GL3RGKM1788489301850 shutdown complete.
10:35:24.815 [SpringApplicationShutdownHook] INFO  sys-user - [shutdownAsyncManager,31] - ====关闭后台任务任务线程池====
10:35:24.829 [SpringApplicationShutdownHook] INFO  o.a.e.i.a.DefaultAsyncJobExecutor - [shutdown,212] - Shutting down the default async job executor [org.activiti.spring.SpringAsyncExecutor].
10:35:24.829 [activiti-acquire-timer-jobs] INFO  o.a.e.i.a.AcquireTimerJobsRunnable - [run,119] - {} stopped async job due acquisition
10:35:24.829 [activiti-acquire-async-jobs] INFO  o.a.e.i.a.AcquireAsyncJobsDueRunnable - [run,119] - {} stopped async job due acquisition
10:35:24.829 [activiti-reset-expired-jobs] INFO  o.a.e.i.a.ResetExpiredJobsRunnable - [run,103] - {} stopped resetting expired jobs
10:35:24.840 [SpringApplicationShutdownHook] INFO  c.a.d.p.DruidDataSource - [close,2032] - {dataSource-9} closing ...
10:35:24.841 [SpringApplicationShutdownHook] INFO  c.a.d.p.DruidDataSource - [close,2104] - {dataSource-9} closed
10:35:32.120 [restartedMain] INFO  c.r.RuoYiApplication - [logStarting,53] - Starting RuoYiApplication using Java 17.0.10 with PID 52252 (C:\Users\Administrator\Desktop\kcts\kcts\ruoyi-admin\target\classes started by Administrator in C:\Users\Administrator\Desktop\kcts)
10:35:32.122 [restartedMain] INFO  c.r.RuoYiApplication - [logStartupProfileInfo,658] - The following 1 profile is active: "local"
10:35:37.417 [restartedMain] INFO  o.a.c.c.AprLifecycleListener - [log,173] - An older version [1.2.35] of the Apache Tomcat Native library is installed, while Tomcat recommends a minimum version of [2.0.5]
10:35:37.417 [restartedMain] INFO  o.a.c.c.AprLifecycleListener - [log,173] - Loaded Apache Tomcat Native library [1.2.35] using APR version [1.7.0].
10:35:37.419 [restartedMain] INFO  o.a.c.c.AprLifecycleListener - [log,173] - OpenSSL successfully initialized [OpenSSL 1.1.1q  5 Jul 2022]
10:35:37.440 [restartedMain] INFO  o.a.c.c.StandardService - [log,173] - Starting service [Tomcat]
10:35:37.441 [restartedMain] INFO  o.a.c.c.StandardEngine - [log,173] - Starting Servlet engine: [Apache Tomcat/10.1.33]
10:35:37.598 [restartedMain] INFO  o.a.c.c.C.[.[.[/] - [log,173] - Initializing Spring embedded WebApplicationContext
10:35:40.426 [restartedMain] INFO  c.a.d.p.DruidDataSource - [init,985] - {dataSource-1} inited
10:35:49.910 [restartedMain] INFO  o.a.s.r.ResourceFinder - [discoverResources,49] - No process definitions were found for auto-deployment in the location `classpath*:**/processes/`
10:35:52.210 [restartedMain] INFO  o.a.s.r.ResourceFinder - [discoverResources,49] - No process extensions were found for auto-deployment in the location 'classpath*:**/processes/'
10:35:52.449 [restartedMain] INFO  o.a.e.i.c.ProcessEngineConfigurationImpl - [initConfigurators,1570] - Found 1 Process Engine Configurators in total:
10:35:52.450 [restartedMain] INFO  o.a.e.i.c.ProcessEngineConfigurationImpl - [initConfigurators,1572] - class org.activiti.spring.process.conf.ProcessExtensionsConfiguratorAutoConfiguration (priority:10000)
10:35:52.450 [restartedMain] INFO  o.a.e.i.c.ProcessEngineConfigurationImpl - [configuratorsBeforeInit,1582] - Executing beforeInit() of class org.activiti.spring.process.conf.ProcessExtensionsConfiguratorAutoConfiguration (priority:10000)
10:35:53.102 [restartedMain] INFO  o.a.e.i.c.ProcessEngineConfigurationImpl - [configuratorsAfterInit,1589] - Executing configure() of class org.activiti.spring.process.conf.ProcessExtensionsConfiguratorAutoConfiguration (priority:10000)
10:35:53.127 [restartedMain] INFO  o.a.e.i.ProcessEngineImpl - [<init>,78] - ProcessEngine default created
10:35:53.128 [restartedMain] INFO  o.a.e.i.a.DefaultAsyncJobExecutor - [start,173] - Starting up the default async job executor [org.activiti.spring.SpringAsyncExecutor].
10:35:53.129 [Thread-4] INFO  o.a.e.i.a.AcquireAsyncJobsDueRunnable - [run,49] - {} starting to acquire async jobs due
10:35:53.129 [Thread-6] INFO  o.a.e.i.a.ResetExpiredJobsRunnable - [run,55] - {} starting to reset expired jobs
10:35:53.129 [Thread-5] INFO  o.a.e.i.a.AcquireTimerJobsRunnable - [run,53] - {} starting to acquire async jobs due
10:35:53.215 [restartedMain] INFO  o.a.e.i.c.DeployCmd - [executeDeploy,103] - Launching new deployment with version: 1
10:35:55.647 [restartedMain] INFO  o.q.i.StdSchedulerFactory - [instantiate,1220] - Using default implementation for ThreadExecutor
10:35:55.665 [restartedMain] INFO  o.q.c.SchedulerSignalerImpl - [<init>,61] - Initialized Scheduler Signaller of type: class org.quartz.core.SchedulerSignalerImpl
10:35:55.666 [restartedMain] INFO  o.q.c.QuartzScheduler - [<init>,229] - Quartz Scheduler v.2.3.2 created.
10:35:55.674 [restartedMain] INFO  o.q.c.QuartzScheduler - [initialize,294] - Scheduler meta-data: Quartz Scheduler (v2.3.2) 'RuoyiScheduler' with instanceId 'DESKTOP-GL3RGKM1788489355651'
  Scheduler class: 'org.quartz.core.QuartzScheduler' - running locally.
  NOT STARTED.
  Currently in standby mode.
  Number of jobs executed: 0
  Using thread pool 'org.quartz.simpl.SimpleThreadPool' - with 20 threads.
  Using job-store 'org.springframework.scheduling.quartz.LocalDataSourceJobStore' - which supports persistence. and is clustered.

10:35:55.674 [restartedMain] INFO  o.q.i.StdSchedulerFactory - [instantiate,1374] - Quartz scheduler 'RuoyiScheduler' initialized from an externally provided properties instance.
10:35:55.674 [restartedMain] INFO  o.q.i.StdSchedulerFactory - [instantiate,1378] - Quartz scheduler version: 2.3.2
10:35:55.678 [restartedMain] INFO  o.q.c.QuartzScheduler - [setJobFactory,2293] - JobFactory set to: org.springframework.scheduling.quartz.AdaptableJobFactory@2a7924ff
10:35:56.827 [restartedMain] INFO  o.a.c.w.s.f.ReflectionServiceFactoryBean - [buildServiceFromClass,436] - Creating Service {http://impl.webservice.system.ruoyi.com/}OADeptServiceImplService from class com.ruoyi.system.webservice.impl.OADeptServiceImpl
10:35:57.566 [restartedMain] INFO  o.a.c.e.ServerImpl - [initDestination,95] - Setting the server's publish address to be /syncdep
10:35:57.609 [restartedMain] INFO  o.a.c.w.s.f.ReflectionServiceFactoryBean - [buildServiceFromClass,436] - Creating Service {http://impl.webservice.system.ruoyi.com/}OAUserServiceImplService from class com.ruoyi.system.webservice.impl.OAUserServiceImpl
10:35:57.696 [restartedMain] INFO  o.a.c.e.ServerImpl - [initDestination,95] - Setting the server's publish address to be /syncuser
10:35:57.705 [restartedMain] INFO  o.a.c.w.s.f.ReflectionServiceFactoryBean - [buildServiceFromClass,436] - Creating Service {http://ideal.sh.cn.tc}ICreateInfoServiceService from class com.ruoyi.system.webservice.createinfo.ICreateInfoService
10:36:01.957 [restartedMain] INFO  o.a.s.AbstractActivitiSmartLifeCycle - [start,81] - Starting...
10:36:02.228 [restartedMain] INFO  o.a.s.AbstractActivitiSmartLifeCycle - [start,86] - Started.
10:36:02.228 [restartedMain] INFO  o.a.s.AbstractActivitiSmartLifeCycle - [start,81] - Starting...
10:36:02.267 [restartedMain] INFO  o.a.s.AbstractActivitiSmartLifeCycle - [start,86] - Started.
10:36:02.267 [restartedMain] INFO  o.a.s.AbstractActivitiSmartLifeCycle - [start,81] - Starting...
10:36:02.998 [Quartz Scheduler [RuoyiScheduler]] INFO  o.q.c.QuartzScheduler - [start,547] - Scheduler RuoyiScheduler_$_DESKTOP-GL3RGKM1788489355651 started.
10:36:03.621 [restartedMain] INFO  o.a.s.AbstractActivitiSmartLifeCycle - [start,86] - Started.
10:36:03.621 [restartedMain] INFO  o.a.s.AbstractActivitiSmartLifeCycle - [start,81] - Starting...
10:36:08.080 [restartedMain] INFO  o.a.s.AbstractActivitiSmartLifeCycle - [start,86] - Started.
10:36:08.104 [restartedMain] INFO  c.r.RuoYiApplication - [logStarted,59] - Started RuoYiApplication in 36.591 seconds (process running for 40.146)
10:36:08.380 [restartedMain] INFO  c.r.w.k.SaslClient - [consume,109] - login user: admin
10:36:08.451 [restartedMain] INFO  o.a.k.c.c.ConsumerConfig - [logAll,347] - ConsumerConfig values: 
	allow.auto.create.topics = true
	auto.commit.interval.ms = 5000
	auto.offset.reset = earliest
	bootstrap.servers = [10.145.219.3:8423, 10.145.219.4:8423, 10.145.219.5:8423]
	check.crcs = true
	client.dns.lookup = default
	client.id = 
	client.rack = 
	connections.max.idle.ms = 540000
	default.api.timeout.ms = 60000
	enable.auto.commit = false
	exclude.internal.topics = true
	fetch.max.bytes = 52428800
	fetch.max.wait.ms = 500
	fetch.min.bytes = 1
	group.id = DE_C_HRMS_STIEP
	group.instance.id = null
	heartbeat.interval.ms = 3000
	interceptor.classes = []
	internal.leave.group.on.close = true
	isolation.level = read_uncommitted
	key.deserializer = class org.apache.kafka.common.serialization.StringDeserializer
	max.partition.fetch.bytes = 1048576
	max.poll.interval.ms = 300000
	max.poll.records = 30
	metadata.max.age.ms = 300000
	metric.reporters = []
	metrics.num.samples = 2
	metrics.recording.level = INFO
	metrics.sample.window.ms = 30000
	partition.assignment.strategy = [class org.apache.kafka.clients.consumer.RangeAssignor]
	receive.buffer.bytes = 65536
	reconnect.backoff.max.ms = 1000
	reconnect.backoff.ms = 50
	request.timeout.ms = 30000
	retry.backoff.ms = 100
	sasl.client.callback.handler.class = null
	sasl.jaas.config = [hidden]
	sasl.kerberos.kinit.cmd = /usr/bin/kinit
	sasl.kerberos.min.time.before.relogin = 60000
	sasl.kerberos.service.name = null
	sasl.kerberos.ticket.renew.jitter = 0.05
	sasl.kerberos.ticket.renew.window.factor = 0.8
	sasl.login.callback.handler.class = null
	sasl.login.class = null
	sasl.login.refresh.buffer.seconds = 300
	sasl.login.refresh.min.period.seconds = 60
	sasl.login.refresh.window.factor = 0.8
	sasl.login.refresh.window.jitter = 0.05
	sasl.mechanism = SCRAM-SHA-512
	security.protocol = SASL_PLAINTEXT
	send.buffer.bytes = 131072
	session.timeout.ms = 10000
	ssl.cipher.suites = null
	ssl.enabled.protocols = [TLSv1.2, TLSv1.1, TLSv1]
	ssl.endpoint.identification.algorithm = https
	ssl.key.password = null
	ssl.keymanager.algorithm = SunX509
	ssl.keystore.location = null
	ssl.keystore.password = null
	ssl.keystore.type = JKS
	ssl.protocol = TLS
	ssl.provider = null
	ssl.secure.random.implementation = null
	ssl.trustmanager.algorithm = PKIX
	ssl.truststore.location = null
	ssl.truststore.password = null
	ssl.truststore.type = JKS
	value.deserializer = class org.apache.kafka.common.serialization.StringDeserializer

10:36:08.525 [restartedMain] INFO  o.a.k.c.s.a.AbstractLogin - [login,61] - Successfully logged in.
10:36:08.620 [restartedMain] INFO  o.a.k.c.u.AppInfoParser - [<init>,117] - Kafka version: 2.3.0
10:36:08.620 [restartedMain] INFO  o.a.k.c.u.AppInfoParser - [<init>,118] - Kafka commitId: fc1aaa116b661c8a
10:36:08.621 [restartedMain] INFO  o.a.k.c.u.AppInfoParser - [<init>,119] - Kafka startTimeMs: 1788489368617
10:36:08.624 [restartedMain] INFO  o.a.k.c.c.KafkaConsumer - [subscribe,964] - [Consumer clientId=consumer-1, groupId=DE_C_HRMS_STIEP] Subscribed to topic(s): DE_HRMS_STIEP
10:36:08.624 [restartedMain] INFO  c.r.w.k.SaslClient - [consume,127] - start consumer kafka
10:40:26.162 [http-nio-9587-exec-2] INFO  o.a.c.c.C.[.[.[/] - [log,173] - Initializing Spring DispatcherServlet 'dispatcherServlet'
10:40:26.205 [http-nio-9587-exec-2] INFO  c.r.f.w.s.TokenService - [getToken,237] - user: null, backend Token: null
10:40:26.205 [http-nio-9587-exec-1] INFO  c.r.f.w.s.TokenService - [getToken,237] - user: null, backend Token: null
10:52:43.934 [http-nio-9587-exec-6] INFO  c.r.f.w.s.TokenService - [getToken,237] - user: madaosen, backend Token: Bearer eyJhbGciOiJIUzUxMiJ9.eyJsb2dpbl91c2VyX2tleSI6ImYxYmJiNjVhLTZlYzQtNDg4Ni1hY2M3LTdkZjdmYTkxZjA0YyJ9.2XbJLwaH0AcO9GmF4c9rYdGM1vOnRkWV0_M_G_RTfJNR28k4zwPCUDBXbnn5BPFglD0zNgiJDQM-I3kzB8s8Fg
10:52:44.356 [http-nio-9587-exec-4] INFO  c.r.f.w.s.TokenService - [getToken,237] - user: madaosen, backend Token: Bearer eyJhbGciOiJIUzUxMiJ9.eyJsb2dpbl91c2VyX2tleSI6ImYxYmJiNjVhLTZlYzQtNDg4Ni1hY2M3LTdkZjdmYTkxZjA0YyJ9.2XbJLwaH0AcO9GmF4c9rYdGM1vOnRkWV0_M_G_RTfJNR28k4zwPCUDBXbnn5BPFglD0zNgiJDQM-I3kzB8s8Fg
10:52:44.363 [http-nio-9587-exec-2] INFO  c.r.f.w.s.TokenService - [getToken,237] - user: madaosen, backend Token: Bearer eyJhbGciOiJIUzUxMiJ9.eyJsb2dpbl91c2VyX2tleSI6ImYxYmJiNjVhLTZlYzQtNDg4Ni1hY2M3LTdkZjdmYTkxZjA0YyJ9.2XbJLwaH0AcO9GmF4c9rYdGM1vOnRkWV0_M_G_RTfJNR28k4zwPCUDBXbnn5BPFglD0zNgiJDQM-I3kzB8s8Fg
10:52:44.363 [http-nio-9587-exec-1] INFO  c.r.f.w.s.TokenService - [getToken,237] - user: madaosen, backend Token: Bearer eyJhbGciOiJIUzUxMiJ9.eyJsb2dpbl91c2VyX2tleSI6ImYxYmJiNjVhLTZlYzQtNDg4Ni1hY2M3LTdkZjdmYTkxZjA0YyJ9.2XbJLwaH0AcO9GmF4c9rYdGM1vOnRkWV0_M_G_RTfJNR28k4zwPCUDBXbnn5BPFglD0zNgiJDQM-I3kzB8s8Fg
10:52:44.405 [http-nio-9587-exec-9] INFO  c.r.f.w.s.TokenService - [getToken,237] - user: madaosen, backend Token: Bearer eyJhbGciOiJIUzUxMiJ9.eyJsb2dpbl91c2VyX2tleSI6ImYxYmJiNjVhLTZlYzQtNDg4Ni1hY2M3LTdkZjdmYTkxZjA0YyJ9.2XbJLwaH0AcO9GmF4c9rYdGM1vOnRkWV0_M_G_RTfJNR28k4zwPCUDBXbnn5BPFglD0zNgiJDQM-I3kzB8s8Fg
10:52:44.620 [http-nio-9587-exec-9] INFO  c.r.w.s.i.DigitalEmployeeAgentServiceImpl - [prepareChat,617] - [DEBUG] 数字员工实际发送prompt employeeCode=kcts-todo-employee conversationId=kcts-demo-1788485327434-c7b64288 prompt=@待办数字员工

以下 JSON 中 currentUser 由科创智方服务端生成；clientReferences 仅是界面引用线索，涉及读取或写入业务数据时必须再次调用科创智方受控接口校验。附件 fileId 也必须按当前用户和 conversationId 校验后才能读取。
{"conversationId":"kcts-demo-1788485327434-c7b64288","attachments":[],"currentUser":{"roleId":"fill_role","displayName":"madaosen","userId":"460","userName":"madaosen","roleIds":["operational_improvement_planner_role","pf_unit_dept_leader_role","annual_project_approval_fill_role","fill_role","rd_unit_director_role","unit_verify_role","chief_engineer_leader_role","ai_audit_rule","product_innovation_accept_role","chief_engineer_director_role","workflow_user_update_role","email","rd_unit_leader_role","professional_leader_role","pf_project_manager_role","verify_role","software_cost_manager_role","allocation_role","prospective_study_planner_role","project_read_all_role","science_technology_fill_role","pf_director_role","self_develop_planner_role","hgbz","science_technology_read_role","chief_engineer_manager_role","product_innovation_planner_role","other_accept_role"]},"clientReferences":{"businessReferences":[{"id":"todo:2095438531643203584:1c53167b-a777-11f1-9c7b-da3bbfe162e3","kind":"todo","name":"审核项目信息","projectId":"2095438531643203584","projectName":"待办测试00001","status":"审核项目信息","taskId":"1c53167b-a777-11f1-9c7b-da3bbfe162e3","taskKey":"VerifyProjectInfo"}]},"todoContext":{"schemaVersion":"1.0","status":"ready","task":{"taskId":"1c53167b-a777-11f1-9c7b-da3bbfe162e3","taskKey":"VerifyProjectInfo","taskName":"审核项目信息","projectId":"2095438531643203584","projectName":"待办测试00001","roleLabel":"单位审核人","actionType":"approval","canReject":true,"nodeConfigStatus":"configured","nodeSkillCode":"kcts-project-information-review","nodeDataKeys":["PROJECT_BASE","PROJECT_CONTENT","REVIEW_SIGNALS"]},"confirmation":{"required":true,"submitBy":"browser_session","submitToolAllowed":false,"label":"确认办理"},"project":{"id":"2095438531643203584","name":"待办测试00001","projectCategory":"product_innovation","projectCategoryName":"产品创新","projectProfessionalField":"1","projectProfessionalFieldName":"前瞻研究","isPlanProject":"2028655192933638144","isSelfDeveloped":0,"isBaseCutting":0,"requirementUnit":"SHGSRHCXYFJD","requirementUnitName":"上海公司融合创新研发基地","undertakeUnit":"SHGSRHCXYFJD","undertakeUnitName":"上海公司融合创新研发基地","operationUnit":"SHGSRHCXYFJD","planStartDate":"2024-11-01","planEndDate":"2027-06-19"},"formSchema":[{"controlId":"FormProperty_1abkjkg","controlType":"radio","label":"审批意见","value":"","displayValue":"","required":true,"modelMaySuggest":true,"humanConfirmationRequired":true,"options":[{"value":"0","label":"同意"},{"value":"1","label":"不同意"}]},{"controlId":"FormProperty_1oj7ava","controlType":"textarea","label":"处理意见","value":"","displayValue":"","required":false,"modelMaySuggest":true,"humanConfirmationRequired":true,"options":[]}],"nodeData":{"projectBase":{"id":"2095438531643203584","name":"待办测试00001","projectCategory":"product_innovation","projectCategoryName":"产品创新","projectProfessionalField":"1","projectProfessionalFieldName":"前瞻研究","isPlanProject":"2028655192933638144","isSelfDeveloped":0,"isBaseCutting":0,"requirementUnit":"SHGSRHCXYFJD","requirementUnitName":"上海公司融合创新研发基地","undertakeUnit":"SHGSRHCXYFJD","undertakeUnitName":"上海公司融合创新研发基地","operationUnit":"SHGSRHCXYFJD","planStartDate":"2024-11-01","planEndDate":"2027-06-19"},"projectContent":{"projectedCosts":"","requirementContent":"构建AI数据中心全链路数字化集成交付平台：实现主流厂商、设备的集成交付适配，提供硬集/软集工具包构建流水线、集成规范管理与技术底座（脚本渲染、流程引擎、规则引擎、任务调度），集成交付工具包支持操作系统安装配置、软件部署（OpenStack、mysql、redis、nginx、minio、rocketmq、docker、K8S、智算框架）及智算中心验收（算力FLOPS、内存带宽、存储吞吐量自动化测试与报告生成），适配华三/华为/中兴/锐捷交换机、英伟达A100/A800/H100/H800、华为升腾910B等多厂商设备。","expectedResults":"","problemStatement":"解决智算集成交付自动化程度低、周期长、依赖现场工程师能力导致集成效果波动大的问题；解决不同厂商、不同型号设备（CPU/GPU、IB/ROCE交换机/网卡）部署配置参数多、需逐一适配的问题；解决智算中心缺乏验收工具、人工逐台检查工作繁琐易错、缺少算力等核心指标基准性能测试工具的问题。"},"reviewSignals":{"coreFieldsComplete":true,"missingCoreFields":[],"requirementContentPresent":true,"problemStatementPresent":true,"explicitBlockingIssues":[],"decisionPreference":"approve_unless_explicit_blocker"}},"reviewSignals":{"coreFieldsComplete":true,"missingCoreFields":[],"requirementContentPresent":true,"problemStatementPresent":true,"explicitBlockingIssues":[],"decisionPreference":"approve_unless_explicit_blocker"},"responseContract":{"type":"kcts.todo_form_patch","patchKey":"formPatch","knownControlIds":["FormProperty_1abkjkg","FormProperty_1oj7ava"],"rules":["只能建议 formSchema 中存在的 controlId","select 和 radio 只能使用 options 中的 value","没有充分依据的字段必须留空并加入 missingFields","不得调用工具或接口提交审批，最终提交必须由浏览器当前登录用户确认"]}}}

本轮是科创智方待办辅助，todoContext 是服务端权威上下文。仅使用其中 project、formSchema 和节点 signals；不调用工具，不伪造控件或人员，不替用户提交。审批意见 radio 只用 decisionSuggestion 表达，不列入 formPatch 或 missingFields。处理意见限60个汉字；其他当前结论下的必填项无法确定时才列入 missingFields，此时 status=needs_input 且不建议 approve。只返回符合 responseContract 的一个 kcts.todo_form_patch JSON 对象，不要 Markdown 或额外说明。
10:52:45.606 [http-nio-9587-exec-6] INFO  c.r.f.w.s.TokenService - [getToken,237] - user: madaosen, backend Token: Bearer eyJhbGciOiJIUzUxMiJ9.eyJsb2dpbl91c2VyX2tleSI6ImYxYmJiNjVhLTZlYzQtNDg4Ni1hY2M3LTdkZjdmYTkxZjA0YyJ9.2XbJLwaH0AcO9GmF4c9rYdGM1vOnRkWV0_M_G_RTfJNR28k4zwPCUDBXbnn5BPFglD0zNgiJDQM-I3kzB8s8Fg
10:52:46.813 [http-nio-9587-exec-3] INFO  c.r.f.w.s.TokenService - [getToken,237] - user: madaosen, backend Token: Bearer eyJhbGciOiJIUzUxMiJ9.eyJsb2dpbl91c2VyX2tleSI6ImYxYmJiNjVhLTZlYzQtNDg4Ni1hY2M3LTdkZjdmYTkxZjA0YyJ9.2XbJLwaH0AcO9GmF4c9rYdGM1vOnRkWV0_M_G_RTfJNR28k4zwPCUDBXbnn5BPFglD0zNgiJDQM-I3kzB8s8Fg
10:52:48.006 [http-nio-9587-exec-4] INFO  c.r.f.w.s.TokenService - [getToken,237] - user: madaosen, backend Token: Bearer eyJhbGciOiJIUzUxMiJ9.eyJsb2dpbl91c2VyX2tleSI6ImYxYmJiNjVhLTZlYzQtNDg4Ni1hY2M3LTdkZjdmYTkxZjA0YyJ9.2XbJLwaH0AcO9GmF4c9rYdGM1vOnRkWV0_M_G_RTfJNR28k4zwPCUDBXbnn5BPFglD0zNgiJDQM-I3kzB8s8Fg
10:52:49.210 [http-nio-9587-exec-1] INFO  c.r.f.w.s.TokenService - [getToken,237] - user: madaosen, backend Token: Bearer eyJhbGciOiJIUzUxMiJ9.eyJsb2dpbl91c2VyX2tleSI6ImYxYmJiNjVhLTZlYzQtNDg4Ni1hY2M3LTdkZjdmYTkxZjA0YyJ9.2XbJLwaH0AcO9GmF4c9rYdGM1vOnRkWV0_M_G_RTfJNR28k4zwPCUDBXbnn5BPFglD0zNgiJDQM-I3kzB8s8Fg
10:52:50.407 [http-nio-9587-exec-9] INFO  c.r.f.w.s.TokenService - [getToken,237] - user: madaosen, backend Token: Bearer eyJhbGciOiJIUzUxMiJ9.eyJsb2dpbl91c2VyX2tleSI6ImYxYmJiNjVhLTZlYzQtNDg4Ni1hY2M3LTdkZjdmYTkxZjA0YyJ9.2XbJLwaH0AcO9GmF4c9rYdGM1vOnRkWV0_M_G_RTfJNR28k4zwPCUDBXbnn5BPFglD0zNgiJDQM-I3kzB8s8Fg
10:52:51.609 [http-nio-9587-exec-6] INFO  c.r.f.w.s.TokenService - [getToken,237] - user: madaosen, backend Token: Bearer eyJhbGciOiJIUzUxMiJ9.eyJsb2dpbl91c2VyX2tleSI6ImYxYmJiNjVhLTZlYzQtNDg4Ni1hY2M3LTdkZjdmYTkxZjA0YyJ9.2XbJLwaH0AcO9GmF4c9rYdGM1vOnRkWV0_M_G_RTfJNR28k4zwPCUDBXbnn5BPFglD0zNgiJDQM-I3kzB8s8Fg
10:52:52.676 [http-nio-9587-exec-8] INFO  c.r.f.w.s.TokenService - [getToken,237] - user: madaosen, backend Token: Bearer eyJhbGciOiJIUzUxMiJ9.eyJsb2dpbl91c2VyX2tleSI6ImYxYmJiNjVhLTZlYzQtNDg4Ni1hY2M3LTdkZjdmYTkxZjA0YyJ9.2XbJLwaH0AcO9GmF4c9rYdGM1vOnRkWV0_M_G_RTfJNR28k4zwPCUDBXbnn5BPFglD0zNgiJDQM-I3kzB8s8Fg
10:52:52.699 [http-nio-9587-exec-2] INFO  c.r.f.w.s.TokenService - [getToken,237] - user: madaosen, backend Token: Bearer eyJhbGciOiJIUzUxMiJ9.eyJsb2dpbl91c2VyX2tleSI6ImYxYmJiNjVhLTZlYzQtNDg4Ni1hY2M3LTdkZjdmYTkxZjA0YyJ9.2XbJLwaH0AcO9GmF4c9rYdGM1vOnRkWV0_M_G_RTfJNR28k4zwPCUDBXbnn5BPFglD0zNgiJDQM-I3kzB8s8Fg
10:52:52.809 [http-nio-9587-exec-7] INFO  c.r.f.w.s.TokenService - [getToken,237] - user: madaosen, backend Token: Bearer eyJhbGciOiJIUzUxMiJ9.eyJsb2dpbl91c2VyX2tleSI6ImYxYmJiNjVhLTZlYzQtNDg4Ni1hY2M3LTdkZjdmYTkxZjA0YyJ9.2XbJLwaH0AcO9GmF4c9rYdGM1vOnRkWV0_M_G_RTfJNR28k4zwPCUDBXbnn5BPFglD0zNgiJDQM-I3kzB8s8Fg
10:52:53.025 [http-nio-9587-exec-5] INFO  c.r.f.w.s.TokenService - [getToken,237] - user: madaosen, backend Token: Bearer eyJhbGciOiJIUzUxMiJ9.eyJsb2dpbl91c2VyX2tleSI6ImYxYmJiNjVhLTZlYzQtNDg4Ni1hY2M3LTdkZjdmYTkxZjA0YyJ9.2XbJLwaH0AcO9GmF4c9rYdGM1vOnRkWV0_M_G_RTfJNR28k4zwPCUDBXbnn5BPFglD0zNgiJDQM-I3kzB8s8Fg
10:52:53.846 [http-nio-9587-exec-10] INFO  c.r.f.w.s.TokenService - [getToken,237] - user: madaosen, backend Token: Bearer eyJhbGciOiJIUzUxMiJ9.eyJsb2dpbl91c2VyX2tleSI6ImYxYmJiNjVhLTZlYzQtNDg4Ni1hY2M3LTdkZjdmYTkxZjA0YyJ9.2XbJLwaH0AcO9GmF4c9rYdGM1vOnRkWV0_M_G_RTfJNR28k4zwPCUDBXbnn5BPFglD0zNgiJDQM-I3kzB8s8Fg
10:52:53.865 [http-nio-9587-exec-8] INFO  c.r.f.w.s.TokenService - [getToken,237] - user: madaosen, backend Token: Bearer eyJhbGciOiJIUzUxMiJ9.eyJsb2dpbl91c2VyX2tleSI6ImYxYmJiNjVhLTZlYzQtNDg4Ni1hY2M3LTdkZjdmYTkxZjA0YyJ9.2XbJLwaH0AcO9GmF4c9rYdGM1vOnRkWV0_M_G_RTfJNR28k4zwPCUDBXbnn5BPFglD0zNgiJDQM-I3kzB8s8Fg
10:53:00.517 [http-nio-9587-exec-2] INFO  c.r.f.w.s.TokenService - [getToken,237] - user: madaosen, backend Token: Bearer eyJhbGciOiJIUzUxMiJ9.eyJsb2dpbl91c2VyX2tleSI6ImYxYmJiNjVhLTZlYzQtNDg4Ni1hY2M3LTdkZjdmYTkxZjA0YyJ9.2XbJLwaH0AcO9GmF4c9rYdGM1vOnRkWV0_M_G_RTfJNR28k4zwPCUDBXbnn5BPFglD0zNgiJDQM-I3kzB8s8Fg
10:53:00.751 [http-nio-9587-exec-5] INFO  c.r.f.w.s.TokenService - [getToken,237] - user: madaosen, backend Token: Bearer eyJhbGciOiJIUzUxMiJ9.eyJsb2dpbl91c2VyX2tleSI6ImYxYmJiNjVhLTZlYzQtNDg4Ni1hY2M3LTdkZjdmYTkxZjA0YyJ9.2XbJLwaH0AcO9GmF4c9rYdGM1vOnRkWV0_M_G_RTfJNR28k4zwPCUDBXbnn5BPFglD0zNgiJDQM-I3kzB8s8Fg
10:53:00.753 [http-nio-9587-exec-6] INFO  c.r.f.w.s.TokenService - [getToken,237] - user: madaosen, backend Token: Bearer eyJhbGciOiJIUzUxMiJ9.eyJsb2dpbl91c2VyX2tleSI6ImYxYmJiNjVhLTZlYzQtNDg4Ni1hY2M3LTdkZjdmYTkxZjA0YyJ9.2XbJLwaH0AcO9GmF4c9rYdGM1vOnRkWV0_M_G_RTfJNR28k4zwPCUDBXbnn5BPFglD0zNgiJDQM-I3kzB8s8Fg
10:53:00.754 [http-nio-9587-exec-10] INFO  c.r.f.w.s.TokenService - [getToken,237] - user: madaosen, backend Token: Bearer eyJhbGciOiJIUzUxMiJ9.eyJsb2dpbl91c2VyX2tleSI6ImYxYmJiNjVhLTZlYzQtNDg4Ni1hY2M3LTdkZjdmYTkxZjA0YyJ9.2XbJLwaH0AcO9GmF4c9rYdGM1vOnRkWV0_M_G_RTfJNR28k4zwPCUDBXbnn5BPFglD0zNgiJDQM-I3kzB8s8Fg
10:53:00.776 [http-nio-9587-exec-8] INFO  c.r.f.w.s.TokenService - [getToken,237] - user: madaosen, backend Token: Bearer eyJhbGciOiJIUzUxMiJ9.eyJsb2dpbl91c2VyX2tleSI6ImYxYmJiNjVhLTZlYzQtNDg4Ni1hY2M3LTdkZjdmYTkxZjA0YyJ9.2XbJLwaH0AcO9GmF4c9rYdGM1vOnRkWV0_M_G_RTfJNR28k4zwPCUDBXbnn5BPFglD0zNgiJDQM-I3kzB8s8Fg
10:53:01.001 [http-nio-9587-exec-8] INFO  c.r.w.s.i.DigitalEmployeeAgentServiceImpl - [prepareChat,617] - [DEBUG] 数字员工实际发送prompt employeeCode=kcts-todo-employee conversationId=kcts-demo-1788485327434-c7b64288 prompt=@待办数字员工

以下 JSON 中 currentUser 由科创智方服务端生成；clientReferences 仅是界面引用线索，涉及读取或写入业务数据时必须再次调用科创智方受控接口校验。附件 fileId 也必须按当前用户和 conversationId 校验后才能读取。
{"conversationId":"kcts-demo-1788485327434-c7b64288","attachments":[],"currentUser":{"roleId":"fill_role","displayName":"madaosen","userId":"460","userName":"madaosen","roleIds":["operational_improvement_planner_role","pf_unit_dept_leader_role","annual_project_approval_fill_role","fill_role","rd_unit_director_role","unit_verify_role","chief_engineer_leader_role","ai_audit_rule","product_innovation_accept_role","chief_engineer_director_role","workflow_user_update_role","email","rd_unit_leader_role","professional_leader_role","pf_project_manager_role","verify_role","software_cost_manager_role","allocation_role","prospective_study_planner_role","project_read_all_role","science_technology_fill_role","pf_director_role","self_develop_planner_role","hgbz","science_technology_read_role","chief_engineer_manager_role","product_innovation_planner_role","other_accept_role"]},"clientReferences":{"businessReferences":[{"id":"todo:2090354691975409664:bfb02da5-a510-11f1-bd0a-da3bbfe162e3","kind":"todo","name":"主管审核实施报告","projectId":"2090354691975409664","projectName":"固移融合核心网网络方案验证技术试验项目","status":"主管审核实施报告","taskId":"bfb02da5-a510-11f1-bd0a-da3bbfe162e3","taskKey":"ProfessionalPreverify"}]},"todoContext":{"schemaVersion":"1.0","status":"ready","task":{"taskId":"bfb02da5-a510-11f1-bd0a-da3bbfe162e3","taskKey":"ProfessionalPreverify","taskName":"主管审核实施报告","projectId":"2090354691975409664","projectName":"固移融合核心网网络方案验证技术试验项目","roleLabel":"专业主管","actionType":"approval","canReject":true,"nodeConfigStatus":"default","nodeSkillCode":"kcts-professional-preverify-reviewer","nodeDataKeys":["PROJECT_BASE"]},"confirmation":{"required":true,"submitBy":"browser_session","submitToolAllowed":false,"label":"确认办理"},"project":{"id":"2090354691975409664","name":"固移融合核心网网络方案验证技术试验项目","projectCategory":"prospective_study","projectCategoryName":"前瞻研究","projectProfessionalField":"2","projectProfessionalFieldName":"云网融合研发(云)","isPlanProject":"2031546865748692995","isSelfDeveloped":0,"isBaseCutting":0,"requirementUnit":"shgsrhcxyfjd","requirementUnitName":"上海公司融合创新研发基地","undertakeUnit":"zsb","undertakeUnitName":"总师室","operationUnit":"shgsrhcxyfjd","planStartDate":"2026-08-12","planEndDate":"2026-08-30"},"formSchema":[{"controlId":"FormProperty_12v7gcj","controlType":"radio","label":"审批意见","value":"","displayValue":"","required":false,"modelMaySuggest":true,"humanConfirmationRequired":true,"options":[{"value":"0","label":"同意"},{"value":"1","label":"不同意"}]},{"controlId":"FormProperty_30ga03o","controlType":"textarea","label":"处理意见","value":"","displayValue":"","required":false,"modelMaySuggest":true,"humanConfirmationRequired":true,"options":[]}],"nodeData":{"projectBase":{"id":"2090354691975409664","name":"固移融合核心网网络方案验证技术试验项目","projectCategory":"prospective_study","projectCategoryName":"前瞻研究","projectProfessionalField":"2","projectProfessionalFieldName":"云网融合研发(云)","isPlanProject":"2031546865748692995","isSelfDeveloped":0,"isBaseCutting":0,"requirementUnit":"shgsrhcxyfjd","requirementUnitName":"上海公司融合创新研发基地","undertakeUnit":"zsb","undertakeUnitName":"总师室","operationUnit":"shgsrhcxyfjd","planStartDate":"2026-08-12","planEndDate":"2026-08-30"}},"responseContract":{"type":"kcts.todo_form_patch","patchKey":"formPatch","knownControlIds":["FormProperty_12v7gcj","FormProperty_30ga03o"],"rules":["只能建议 formSchema 中存在的 controlId","select 和 radio 只能使用 options 中的 value","没有充分依据的字段必须留空并加入 missingFields","不得调用工具或接口提交审批，最终提交必须由浏览器当前登录用户确认"]}}}

本轮是科创智方待办辅助，todoContext 是服务端权威上下文。仅使用其中 project、formSchema 和节点 signals；不调用工具，不伪造控件或人员，不替用户提交。审批意见 radio 只用 decisionSuggestion 表达，不列入 formPatch 或 missingFields。处理意见限60个汉字；其他当前结论下的必填项无法确定时才列入 missingFields，此时 status=needs_input 且不建议 approve。只返回符合 responseContract 的一个 kcts.todo_form_patch JSON 对象，不要 Markdown 或额外说明。
10:53:01.980 [http-nio-9587-exec-2] INFO  c.r.f.w.s.TokenService - [getToken,237] - user: madaosen, backend Token: Bearer eyJhbGciOiJIUzUxMiJ9.eyJsb2dpbl91c2VyX2tleSI6ImYxYmJiNjVhLTZlYzQtNDg4Ni1hY2M3LTdkZjdmYTkxZjA0YyJ9.2XbJLwaH0AcO9GmF4c9rYdGM1vOnRkWV0_M_G_RTfJNR28k4zwPCUDBXbnn5BPFglD0zNgiJDQM-I3kzB8s8Fg
10:53:03.583 [http-nio-9587-exec-1] INFO  c.r.f.w.s.TokenService - [getToken,237] - user: madaosen, backend Token: Bearer eyJhbGciOiJIUzUxMiJ9.eyJsb2dpbl91c2VyX2tleSI6ImYxYmJiNjVhLTZlYzQtNDg4Ni1hY2M3LTdkZjdmYTkxZjA0YyJ9.2XbJLwaH0AcO9GmF4c9rYdGM1vOnRkWV0_M_G_RTfJNR28k4zwPCUDBXbnn5BPFglD0zNgiJDQM-I3kzB8s8Fg
10:53:04.578 [http-nio-9587-exec-5] INFO  c.r.f.w.s.TokenService - [getToken,237] - user: madaosen, backend Token: Bearer eyJhbGciOiJIUzUxMiJ9.eyJsb2dpbl91c2VyX2tleSI6ImYxYmJiNjVhLTZlYzQtNDg4Ni1hY2M3LTdkZjdmYTkxZjA0YyJ9.2XbJLwaH0AcO9GmF4c9rYdGM1vOnRkWV0_M_G_RTfJNR28k4zwPCUDBXbnn5BPFglD0zNgiJDQM-I3kzB8s8Fg
10:53:05.584 [http-nio-9587-exec-10] INFO  c.r.f.w.s.TokenService - [getToken,237] - user: madaosen, backend Token: Bearer eyJhbGciOiJIUzUxMiJ9.eyJsb2dpbl91c2VyX2tleSI6ImYxYmJiNjVhLTZlYzQtNDg4Ni1hY2M3LTdkZjdmYTkxZjA0YyJ9.2XbJLwaH0AcO9GmF4c9rYdGM1vOnRkWV0_M_G_RTfJNR28k4zwPCUDBXbnn5BPFglD0zNgiJDQM-I3kzB8s8Fg
10:53:07.580 [http-nio-9587-exec-8] INFO  c.r.f.w.s.TokenService - [getToken,237] - user: madaosen, backend Token: Bearer eyJhbGciOiJIUzUxMiJ9.eyJsb2dpbl91c2VyX2tleSI6ImYxYmJiNjVhLTZlYzQtNDg4Ni1hY2M3LTdkZjdmYTkxZjA0YyJ9.2XbJLwaH0AcO9GmF4c9rYdGM1vOnRkWV0_M_G_RTfJNR28k4zwPCUDBXbnn5BPFglD0zNgiJDQM-I3kzB8s8Fg
10:53:08.094 [http-nio-9587-exec-9] INFO  c.r.f.w.s.TokenService - [getToken,237] - user: madaosen, backend Token: Bearer eyJhbGciOiJIUzUxMiJ9.eyJsb2dpbl91c2VyX2tleSI6ImYxYmJiNjVhLTZlYzQtNDg4Ni1hY2M3LTdkZjdmYTkxZjA0YyJ9.2XbJLwaH0AcO9GmF4c9rYdGM1vOnRkWV0_M_G_RTfJNR28k4zwPCUDBXbnn5BPFglD0zNgiJDQM-I3kzB8s8Fg
10:53:08.129 [http-nio-9587-exec-7] INFO  c.r.f.w.s.TokenService - [getToken,237] - user: madaosen, backend Token: Bearer eyJhbGciOiJIUzUxMiJ9.eyJsb2dpbl91c2VyX2tleSI6ImYxYmJiNjVhLTZlYzQtNDg4Ni1hY2M3LTdkZjdmYTkxZjA0YyJ9.2XbJLwaH0AcO9GmF4c9rYdGM1vOnRkWV0_M_G_RTfJNR28k4zwPCUDBXbnn5BPFglD0zNgiJDQM-I3kzB8s8Fg
10:53:08.585 [http-nio-9587-exec-10] INFO  c.r.f.w.s.TokenService - [getToken,237] - user: madaosen, backend Token: Bearer eyJhbGciOiJIUzUxMiJ9.eyJsb2dpbl91c2VyX2tleSI6ImYxYmJiNjVhLTZlYzQtNDg4Ni1hY2M3LTdkZjdmYTkxZjA0YyJ9.2XbJLwaH0AcO9GmF4c9rYdGM1vOnRkWV0_M_G_RTfJNR28k4zwPCUDBXbnn5BPFglD0zNgiJDQM-I3kzB8s8Fg
10:53:08.585 [http-nio-9587-exec-3] INFO  c.r.f.w.s.TokenService - [getToken,237] - user: madaosen, backend Token: Bearer eyJhbGciOiJIUzUxMiJ9.eyJsb2dpbl91c2VyX2tleSI6ImYxYmJiNjVhLTZlYzQtNDg4Ni1hY2M3LTdkZjdmYTkxZjA0YyJ9.2XbJLwaH0AcO9GmF4c9rYdGM1vOnRkWV0_M_G_RTfJNR28k4zwPCUDBXbnn5BPFglD0zNgiJDQM-I3kzB8s8Fg
10:53:09.581 [http-nio-9587-exec-2] INFO  c.r.f.w.s.TokenService - [getToken,237] - user: madaosen, backend Token: Bearer eyJhbGciOiJIUzUxMiJ9.eyJsb2dpbl91c2VyX2tleSI6ImYxYmJiNjVhLTZlYzQtNDg4Ni1hY2M3LTdkZjdmYTkxZjA0YyJ9.2XbJLwaH0AcO9GmF4c9rYdGM1vOnRkWV0_M_G_RTfJNR28k4zwPCUDBXbnn5BPFglD0zNgiJDQM-I3kzB8s8Fg
10:53:09.581 [http-nio-9587-exec-9] INFO  c.r.f.w.s.TokenService - [getToken,237] - user: madaosen, backend Token: Bearer eyJhbGciOiJIUzUxMiJ9.eyJsb2dpbl91c2VyX2tleSI6ImYxYmJiNjVhLTZlYzQtNDg4Ni1hY2M3LTdkZjdmYTkxZjA0YyJ9.2XbJLwaH0AcO9GmF4c9rYdGM1vOnRkWV0_M_G_RTfJNR28k4zwPCUDBXbnn5BPFglD0zNgiJDQM-I3kzB8s8Fg
10:53:09.599 [http-nio-9587-exec-7] INFO  c.r.f.w.s.TokenService - [getToken,237] - user: madaosen, backend Token: Bearer eyJhbGciOiJIUzUxMiJ9.eyJsb2dpbl91c2VyX2tleSI6ImYxYmJiNjVhLTZlYzQtNDg4Ni1hY2M3LTdkZjdmYTkxZjA0YyJ9.2XbJLwaH0AcO9GmF4c9rYdGM1vOnRkWV0_M_G_RTfJNR28k4zwPCUDBXbnn5BPFglD0zNgiJDQM-I3kzB8s8Fg
11:00:00.003 [schedule-pool-1] INFO  c.r.w.s.ProjectStopTask - [checkProjectSubmitExpire,19] - ==========>ProjectStopTask.checkProjectSubmitExpire  start ---------- 
11:00:00.003 [schedule-pool-2] INFO  c.r.w.s.ProjectAlarmTask - [checkProjectHandleExpire,18] - ==========>projectAlarmTask.checkProjectHandleExpire  start ---------- 
11:00:00.003 [schedule-pool-3] INFO  c.r.w.s.ProjectAlarmTask - [checkProjectHandleExpireSendMail,26] - ==========>projectAlarmTask.checkProjectHandleExpireSendMail  start ---------- 
11:00:00.003 [schedule-pool-4] INFO  c.r.w.s.ScienceTechnologyReportTask - [syncScienceTechnologyReportRdInvestment,19] - ==========>ScienceTechnologyReportTask.syncScienceTechnologyReportRdInvestment  start ---------- 
11:00:00.005 [schedule-pool-4] INFO  c.r.w.s.ScienceTechnologyReportTask - [syncScienceTechnologyReportRdInvestment,21] - ==========>ScienceTechnologyReportTask.syncScienceTechnologyReportRdInvestment  end ---------- 
11:00:00.032 [schedule-pool-2] INFO  c.r.w.s.i.ProjectAlarmServiceImpl - [checkProjectHandleExpire,268] - ==========>项目告警检查定时任务；项目告警成功
11:00:00.033 [schedule-pool-2] INFO  c.r.w.s.ProjectAlarmTask - [checkProjectHandleExpire,20] - ==========>checkProjectHandleExpire.checkProjectHandleExpire  end ---------- 
11:00:00.034 [schedule-pool-3] INFO  c.r.w.s.i.ProjectAlarmServiceImpl - [checkProjectHandleExpireSendMail,134] - ==========>项目处理超时发送邮件定时任务；执行成功
11:00:00.035 [schedule-pool-3] INFO  c.r.w.s.ProjectAlarmTask - [checkProjectHandleExpireSendMail,28] - ==========>checkProjectHandleExpire.checkProjectHandleExpireSendMail  end ---------- 
11:00:00.045 [schedule-pool-1] INFO  c.r.w.s.i.ProjectInfoServiceImpl - [checkProjectSubmitExpire,4984] - ==========>项目中止检查定时任务；项目中止成功
11:00:00.045 [schedule-pool-1] INFO  c.r.w.s.ProjectStopTask - [checkProjectSubmitExpire,21] - ==========>ProjectStopTask.checkProjectSubmitExpire  end ---------- 
11:05:15.176 [SpringApplicationShutdownHook] INFO  o.q.c.QuartzScheduler - [standby,585] - Scheduler RuoyiScheduler_$_DESKTOP-GL3RGKM1788489355651 paused.
11:05:15.176 [SpringApplicationShutdownHook] INFO  o.a.s.AbstractActivitiSmartLifeCycle - [stop,95] - Stopping...
11:05:15.176 [SpringApplicationShutdownHook] INFO  o.a.s.AbstractActivitiSmartLifeCycle - [stop,99] - Stopped.
11:05:15.176 [SpringApplicationShutdownHook] INFO  o.a.s.AbstractActivitiSmartLifeCycle - [stop,95] - Stopping...
11:05:15.177 [SpringApplicationShutdownHook] INFO  o.a.s.AbstractActivitiSmartLifeCycle - [stop,99] - Stopped.
11:05:15.177 [SpringApplicationShutdownHook] INFO  o.a.s.AbstractActivitiSmartLifeCycle - [stop,95] - Stopping...
11:05:15.177 [SpringApplicationShutdownHook] INFO  o.a.s.AbstractActivitiSmartLifeCycle - [stop,99] - Stopped.
11:05:15.177 [SpringApplicationShutdownHook] INFO  o.a.s.AbstractActivitiSmartLifeCycle - [stop,95] - Stopping...
11:05:15.177 [SpringApplicationShutdownHook] INFO  o.a.s.AbstractActivitiSmartLifeCycle - [stop,99] - Stopped.
11:05:19.659 [SpringApplicationShutdownHook] INFO  o.q.c.QuartzScheduler - [shutdown,666] - Scheduler RuoyiScheduler_$_DESKTOP-GL3RGKM1788489355651 shutting down.
11:05:19.659 [SpringApplicationShutdownHook] INFO  o.q.c.QuartzScheduler - [standby,585] - Scheduler RuoyiScheduler_$_DESKTOP-GL3RGKM1788489355651 paused.
11:05:19.661 [SpringApplicationShutdownHook] INFO  o.q.c.QuartzScheduler - [shutdown,740] - Scheduler RuoyiScheduler_$_DESKTOP-GL3RGKM1788489355651 shutdown complete.
11:05:19.662 [SpringApplicationShutdownHook] INFO  sys-user - [shutdownAsyncManager,31] - ====关闭后台任务任务线程池====
11:05:19.699 [SpringApplicationShutdownHook] INFO  o.a.e.i.a.DefaultAsyncJobExecutor - [shutdown,212] - Shutting down the default async job executor [org.activiti.spring.SpringAsyncExecutor].
11:05:19.700 [activiti-acquire-async-jobs] INFO  o.a.e.i.a.AcquireAsyncJobsDueRunnable - [run,119] - {} stopped async job due acquisition
11:05:19.700 [activiti-acquire-timer-jobs] INFO  o.a.e.i.a.AcquireTimerJobsRunnable - [run,119] - {} stopped async job due acquisition
11:05:19.700 [activiti-reset-expired-jobs] INFO  o.a.e.i.a.ResetExpiredJobsRunnable - [run,103] - {} stopped resetting expired jobs
11:05:19.822 [SpringApplicationShutdownHook] INFO  c.a.d.p.DruidDataSource - [close,2032] - {dataSource-1} closing ...
11:05:19.837 [SpringApplicationShutdownHook] INFO  c.a.d.p.DruidDataSource - [close,2104] - {dataSource-1} closed
11:19:52.779 [restartedMain] INFO  c.r.RuoYiApplication - [logStarting,53] - Starting RuoYiApplication using Java 17.0.10 with PID 29108 (C:\Users\Administrator\Desktop\kcts\kcts\ruoyi-admin\target\classes started by Administrator in C:\Users\Administrator\Desktop\kcts)
11:19:52.785 [restartedMain] INFO  c.r.RuoYiApplication - [logStartupProfileInfo,658] - The following 1 profile is active: "local"
11:20:01.202 [restartedMain] INFO  o.a.c.c.AprLifecycleListener - [log,173] - An older version [1.2.35] of the Apache Tomcat Native library is installed, while Tomcat recommends a minimum version of [2.0.5]
11:20:01.202 [restartedMain] INFO  o.a.c.c.AprLifecycleListener - [log,173] - Loaded Apache Tomcat Native library [1.2.35] using APR version [1.7.0].
11:20:01.205 [restartedMain] INFO  o.a.c.c.AprLifecycleListener - [log,173] - OpenSSL successfully initialized [OpenSSL 1.1.1q  5 Jul 2022]
11:20:01.226 [restartedMain] INFO  o.a.c.c.StandardService - [log,173] - Starting service [Tomcat]
11:20:01.226 [restartedMain] INFO  o.a.c.c.StandardEngine - [log,173] - Starting Servlet engine: [Apache Tomcat/10.1.33]
11:20:01.388 [restartedMain] INFO  o.a.c.c.C.[.[.[/] - [log,173] - Initializing Spring embedded WebApplicationContext
11:20:04.397 [restartedMain] INFO  c.a.d.p.DruidDataSource - [init,985] - {dataSource-1} inited
11:20:10.825 [restartedMain] INFO  o.a.s.r.ResourceFinder - [discoverResources,49] - No process definitions were found for auto-deployment in the location `classpath*:**/processes/`
11:20:12.345 [restartedMain] INFO  o.a.s.r.ResourceFinder - [discoverResources,49] - No process extensions were found for auto-deployment in the location 'classpath*:**/processes/'
11:20:12.562 [restartedMain] INFO  o.a.e.i.c.ProcessEngineConfigurationImpl - [initConfigurators,1570] - Found 1 Process Engine Configurators in total:
11:20:12.563 [restartedMain] INFO  o.a.e.i.c.ProcessEngineConfigurationImpl - [initConfigurators,1572] - class org.activiti.spring.process.conf.ProcessExtensionsConfiguratorAutoConfiguration (priority:10000)
11:20:12.563 [restartedMain] INFO  o.a.e.i.c.ProcessEngineConfigurationImpl - [configuratorsBeforeInit,1582] - Executing beforeInit() of class org.activiti.spring.process.conf.ProcessExtensionsConfiguratorAutoConfiguration (priority:10000)
11:20:13.184 [restartedMain] INFO  o.a.e.i.c.ProcessEngineConfigurationImpl - [configuratorsAfterInit,1589] - Executing configure() of class org.activiti.spring.process.conf.ProcessExtensionsConfiguratorAutoConfiguration (priority:10000)
11:20:13.222 [restartedMain] INFO  o.a.e.i.ProcessEngineImpl - [<init>,78] - ProcessEngine default created
11:20:13.224 [restartedMain] INFO  o.a.e.i.a.DefaultAsyncJobExecutor - [start,173] - Starting up the default async job executor [org.activiti.spring.SpringAsyncExecutor].
11:20:13.225 [Thread-5] INFO  o.a.e.i.a.AcquireTimerJobsRunnable - [run,53] - {} starting to acquire async jobs due
11:20:13.225 [Thread-4] INFO  o.a.e.i.a.AcquireAsyncJobsDueRunnable - [run,49] - {} starting to acquire async jobs due
11:20:13.225 [Thread-6] INFO  o.a.e.i.a.ResetExpiredJobsRunnable - [run,55] - {} starting to reset expired jobs
11:20:13.319 [restartedMain] INFO  o.a.e.i.c.DeployCmd - [executeDeploy,103] - Launching new deployment with version: 1
11:20:15.769 [restartedMain] INFO  o.q.i.StdSchedulerFactory - [instantiate,1220] - Using default implementation for ThreadExecutor
11:20:15.785 [restartedMain] INFO  o.q.c.SchedulerSignalerImpl - [<init>,61] - Initialized Scheduler Signaller of type: class org.quartz.core.SchedulerSignalerImpl
11:20:15.785 [restartedMain] INFO  o.q.c.QuartzScheduler - [<init>,229] - Quartz Scheduler v.2.3.2 created.
11:20:15.793 [restartedMain] INFO  o.q.c.QuartzScheduler - [initialize,294] - Scheduler meta-data: Quartz Scheduler (v2.3.2) 'RuoyiScheduler' with instanceId 'DESKTOP-GL3RGKM1788492015772'
  Scheduler class: 'org.quartz.core.QuartzScheduler' - running locally.
  NOT STARTED.
  Currently in standby mode.
  Number of jobs executed: 0
  Using thread pool 'org.quartz.simpl.SimpleThreadPool' - with 20 threads.
  Using job-store 'org.springframework.scheduling.quartz.LocalDataSourceJobStore' - which supports persistence. and is clustered.

11:20:15.793 [restartedMain] INFO  o.q.i.StdSchedulerFactory - [instantiate,1374] - Quartz scheduler 'RuoyiScheduler' initialized from an externally provided properties instance.
11:20:15.793 [restartedMain] INFO  o.q.i.StdSchedulerFactory - [instantiate,1378] - Quartz scheduler version: 2.3.2
11:20:15.796 [restartedMain] INFO  o.q.c.QuartzScheduler - [setJobFactory,2293] - JobFactory set to: org.springframework.scheduling.quartz.AdaptableJobFactory@3eb76dc8
11:20:17.017 [restartedMain] INFO  o.a.c.w.s.f.ReflectionServiceFactoryBean - [buildServiceFromClass,436] - Creating Service {http://impl.webservice.system.ruoyi.com/}OADeptServiceImplService from class com.ruoyi.system.webservice.impl.OADeptServiceImpl
11:20:17.833 [restartedMain] INFO  o.a.c.e.ServerImpl - [initDestination,95] - Setting the server's publish address to be /syncdep
11:20:17.868 [restartedMain] INFO  o.a.c.w.s.f.ReflectionServiceFactoryBean - [buildServiceFromClass,436] - Creating Service {http://impl.webservice.system.ruoyi.com/}OAUserServiceImplService from class com.ruoyi.system.webservice.impl.OAUserServiceImpl
11:20:17.955 [restartedMain] INFO  o.a.c.e.ServerImpl - [initDestination,95] - Setting the server's publish address to be /syncuser
11:20:17.963 [restartedMain] INFO  o.a.c.w.s.f.ReflectionServiceFactoryBean - [buildServiceFromClass,436] - Creating Service {http://ideal.sh.cn.tc}ICreateInfoServiceService from class com.ruoyi.system.webservice.createinfo.ICreateInfoService
11:20:22.407 [restartedMain] INFO  o.a.s.AbstractActivitiSmartLifeCycle - [start,81] - Starting...
11:20:22.669 [restartedMain] INFO  o.a.s.AbstractActivitiSmartLifeCycle - [start,86] - Started.
11:20:22.669 [restartedMain] INFO  o.a.s.AbstractActivitiSmartLifeCycle - [start,81] - Starting...
11:20:22.698 [restartedMain] INFO  o.a.s.AbstractActivitiSmartLifeCycle - [start,86] - Started.
11:20:22.698 [restartedMain] INFO  o.a.s.AbstractActivitiSmartLifeCycle - [start,81] - Starting...
11:20:23.440 [Quartz Scheduler [RuoyiScheduler]] INFO  o.q.c.QuartzScheduler - [start,547] - Scheduler RuoyiScheduler_$_DESKTOP-GL3RGKM1788492015772 started.
11:20:24.133 [restartedMain] INFO  o.a.s.AbstractActivitiSmartLifeCycle - [start,86] - Started.
11:20:24.133 [restartedMain] INFO  o.a.s.AbstractActivitiSmartLifeCycle - [start,81] - Starting...
11:20:28.576 [restartedMain] INFO  o.a.s.AbstractActivitiSmartLifeCycle - [start,86] - Started.
11:20:28.614 [restartedMain] INFO  c.r.RuoYiApplication - [logStarted,59] - Started RuoYiApplication in 37.028 seconds (process running for 42.37)
11:20:28.923 [restartedMain] INFO  c.r.w.k.SaslClient - [consume,109] - login user: admin
11:20:28.991 [restartedMain] INFO  o.a.k.c.c.ConsumerConfig - [logAll,347] - ConsumerConfig values: 
	allow.auto.create.topics = true
	auto.commit.interval.ms = 5000
	auto.offset.reset = earliest
	bootstrap.servers = [10.145.219.3:8423, 10.145.219.4:8423, 10.145.219.5:8423]
	check.crcs = true
	client.dns.lookup = default
	client.id = 
	client.rack = 
	connections.max.idle.ms = 540000
	default.api.timeout.ms = 60000
	enable.auto.commit = false
	exclude.internal.topics = true
	fetch.max.bytes = 52428800
	fetch.max.wait.ms = 500
	fetch.min.bytes = 1
	group.id = DE_C_HRMS_STIEP
	group.instance.id = null
	heartbeat.interval.ms = 3000
	interceptor.classes = []
	internal.leave.group.on.close = true
	isolation.level = read_uncommitted
	key.deserializer = class org.apache.kafka.common.serialization.StringDeserializer
	max.partition.fetch.bytes = 1048576
	max.poll.interval.ms = 300000
	max.poll.records = 30
	metadata.max.age.ms = 300000
	metric.reporters = []
	metrics.num.samples = 2
	metrics.recording.level = INFO
	metrics.sample.window.ms = 30000
	partition.assignment.strategy = [class org.apache.kafka.clients.consumer.RangeAssignor]
	receive.buffer.bytes = 65536
	reconnect.backoff.max.ms = 1000
	reconnect.backoff.ms = 50
	request.timeout.ms = 30000
	retry.backoff.ms = 100
	sasl.client.callback.handler.class = null
	sasl.jaas.config = [hidden]
	sasl.kerberos.kinit.cmd = /usr/bin/kinit
	sasl.kerberos.min.time.before.relogin = 60000
	sasl.kerberos.service.name = null
	sasl.kerberos.ticket.renew.jitter = 0.05
	sasl.kerberos.ticket.renew.window.factor = 0.8
	sasl.login.callback.handler.class = null
	sasl.login.class = null
	sasl.login.refresh.buffer.seconds = 300
	sasl.login.refresh.min.period.seconds = 60
	sasl.login.refresh.window.factor = 0.8
	sasl.login.refresh.window.jitter = 0.05
	sasl.mechanism = SCRAM-SHA-512
	security.protocol = SASL_PLAINTEXT
	send.buffer.bytes = 131072
	session.timeout.ms = 10000
	ssl.cipher.suites = null
	ssl.enabled.protocols = [TLSv1.2, TLSv1.1, TLSv1]
	ssl.endpoint.identification.algorithm = https
	ssl.key.password = null
	ssl.keymanager.algorithm = SunX509
	ssl.keystore.location = null
	ssl.keystore.password = null
	ssl.keystore.type = JKS
	ssl.protocol = TLS
	ssl.provider = null
	ssl.secure.random.implementation = null
	ssl.trustmanager.algorithm = PKIX
	ssl.truststore.location = null
	ssl.truststore.password = null
	ssl.truststore.type = JKS
	value.deserializer = class org.apache.kafka.common.serialization.StringDeserializer

11:20:29.085 [restartedMain] INFO  o.a.k.c.s.a.AbstractLogin - [login,61] - Successfully logged in.
11:20:29.182 [restartedMain] INFO  o.a.k.c.u.AppInfoParser - [<init>,117] - Kafka version: 2.3.0
11:20:29.183 [restartedMain] INFO  o.a.k.c.u.AppInfoParser - [<init>,118] - Kafka commitId: fc1aaa116b661c8a
11:20:29.183 [restartedMain] INFO  o.a.k.c.u.AppInfoParser - [<init>,119] - Kafka startTimeMs: 1788492029179
11:20:29.186 [restartedMain] INFO  o.a.k.c.c.KafkaConsumer - [subscribe,964] - [Consumer clientId=consumer-1, groupId=DE_C_HRMS_STIEP] Subscribed to topic(s): DE_HRMS_STIEP
11:20:29.186 [restartedMain] INFO  c.r.w.k.SaslClient - [consume,127] - start consumer kafka
11:34:25.892 [SpringApplicationShutdownHook] INFO  o.q.c.QuartzScheduler - [standby,585] - Scheduler RuoyiScheduler_$_DESKTOP-GL3RGKM1788492015772 paused.
11:34:25.893 [SpringApplicationShutdownHook] INFO  o.a.s.AbstractActivitiSmartLifeCycle - [stop,95] - Stopping...
11:34:25.893 [SpringApplicationShutdownHook] INFO  o.a.s.AbstractActivitiSmartLifeCycle - [stop,99] - Stopped.
11:34:25.893 [SpringApplicationShutdownHook] INFO  o.a.s.AbstractActivitiSmartLifeCycle - [stop,95] - Stopping...
11:34:25.893 [SpringApplicationShutdownHook] INFO  o.a.s.AbstractActivitiSmartLifeCycle - [stop,99] - Stopped.
11:34:25.893 [SpringApplicationShutdownHook] INFO  o.a.s.AbstractActivitiSmartLifeCycle - [stop,95] - Stopping...
11:34:25.893 [SpringApplicationShutdownHook] INFO  o.a.s.AbstractActivitiSmartLifeCycle - [stop,99] - Stopped.
11:34:25.893 [SpringApplicationShutdownHook] INFO  o.a.s.AbstractActivitiSmartLifeCycle - [stop,95] - Stopping...
11:34:25.893 [SpringApplicationShutdownHook] INFO  o.a.s.AbstractActivitiSmartLifeCycle - [stop,99] - Stopped.
11:34:28.646 [SpringApplicationShutdownHook] INFO  o.q.c.QuartzScheduler - [shutdown,666] - Scheduler RuoyiScheduler_$_DESKTOP-GL3RGKM1788492015772 shutting down.
11:34:28.646 [SpringApplicationShutdownHook] INFO  o.q.c.QuartzScheduler - [standby,585] - Scheduler RuoyiScheduler_$_DESKTOP-GL3RGKM1788492015772 paused.
11:34:28.647 [SpringApplicationShutdownHook] INFO  o.q.c.QuartzScheduler - [shutdown,740] - Scheduler RuoyiScheduler_$_DESKTOP-GL3RGKM1788492015772 shutdown complete.
11:34:28.647 [SpringApplicationShutdownHook] INFO  sys-user - [shutdownAsyncManager,31] - ====关闭后台任务任务线程池====
11:34:28.706 [SpringApplicationShutdownHook] INFO  o.a.e.i.a.DefaultAsyncJobExecutor - [shutdown,212] - Shutting down the default async job executor [org.activiti.spring.SpringAsyncExecutor].
11:34:28.706 [activiti-reset-expired-jobs] INFO  o.a.e.i.a.ResetExpiredJobsRunnable - [run,103] - {} stopped resetting expired jobs
11:34:28.723 [activiti-acquire-async-jobs] INFO  o.a.e.i.a.AcquireAsyncJobsDueRunnable - [run,119] - {} stopped async job due acquisition
11:34:28.723 [activiti-acquire-timer-jobs] INFO  o.a.e.i.a.AcquireTimerJobsRunnable - [run,119] - {} stopped async job due acquisition
11:34:28.787 [SpringApplicationShutdownHook] INFO  c.a.d.p.DruidDataSource - [close,2032] - {dataSource-1} closing ...
11:34:28.792 [SpringApplicationShutdownHook] INFO  c.a.d.p.DruidDataSource - [close,2104] - {dataSource-1} closed
13:53:19.802 [restartedMain] INFO  c.r.RuoYiApplication - [logStarting,53] - Starting RuoYiApplication using Java 17.0.10 with PID 63860 (C:\Users\Administrator\Desktop\kcts\kcts\ruoyi-admin\target\classes started by Administrator in C:\Users\Administrator\Desktop\kcts)
13:53:19.806 [restartedMain] INFO  c.r.RuoYiApplication - [logStartupProfileInfo,658] - The following 1 profile is active: "local"
14:46:02.020 [restartedMain] INFO  c.r.RuoYiApplication - [logStarting,53] - Starting RuoYiApplication using Java 17.0.10 with PID 4820 (C:\Users\Administrator\Desktop\kcts\kcts\ruoyi-admin\target\classes started by Administrator in C:\Users\Administrator\Desktop\kcts)
14:46:02.025 [restartedMain] INFO  c.r.RuoYiApplication - [logStartupProfileInfo,658] - The following 1 profile is active: "local"
14:46:08.529 [restartedMain] INFO  o.a.c.c.AprLifecycleListener - [log,173] - An older version [1.2.35] of the Apache Tomcat Native library is installed, while Tomcat recommends a minimum version of [2.0.5]
14:46:08.530 [restartedMain] INFO  o.a.c.c.AprLifecycleListener - [log,173] - Loaded Apache Tomcat Native library [1.2.35] using APR version [1.7.0].
14:46:08.532 [restartedMain] INFO  o.a.c.c.AprLifecycleListener - [log,173] - OpenSSL successfully initialized [OpenSSL 1.1.1q  5 Jul 2022]
14:46:08.556 [restartedMain] INFO  o.a.c.c.StandardService - [log,173] - Starting service [Tomcat]
14:46:08.556 [restartedMain] INFO  o.a.c.c.StandardEngine - [log,173] - Starting Servlet engine: [Apache Tomcat/10.1.33]
14:46:08.711 [restartedMain] INFO  o.a.c.c.C.[.[.[/] - [log,173] - Initializing Spring embedded WebApplicationContext
14:46:11.501 [restartedMain] INFO  c.a.d.p.DruidDataSource - [init,985] - {dataSource-1} inited
14:46:18.192 [restartedMain] INFO  o.a.s.r.ResourceFinder - [discoverResources,49] - No process definitions were found for auto-deployment in the location `classpath*:**/processes/`
14:46:19.788 [restartedMain] INFO  o.a.s.r.ResourceFinder - [discoverResources,49] - No process extensions were found for auto-deployment in the location 'classpath*:**/processes/'
14:46:20.036 [restartedMain] INFO  o.a.e.i.c.ProcessEngineConfigurationImpl - [initConfigurators,1570] - Found 1 Process Engine Configurators in total:
14:46:20.037 [restartedMain] INFO  o.a.e.i.c.ProcessEngineConfigurationImpl - [initConfigurators,1572] - class org.activiti.spring.process.conf.ProcessExtensionsConfiguratorAutoConfiguration (priority:10000)
14:46:20.038 [restartedMain] INFO  o.a.e.i.c.ProcessEngineConfigurationImpl - [configuratorsBeforeInit,1582] - Executing beforeInit() of class org.activiti.spring.process.conf.ProcessExtensionsConfiguratorAutoConfiguration (priority:10000)
14:46:20.647 [restartedMain] INFO  o.a.e.i.c.ProcessEngineConfigurationImpl - [configuratorsAfterInit,1589] - Executing configure() of class org.activiti.spring.process.conf.ProcessExtensionsConfiguratorAutoConfiguration (priority:10000)
14:46:20.678 [restartedMain] INFO  o.a.e.i.ProcessEngineImpl - [<init>,78] - ProcessEngine default created
14:46:20.680 [restartedMain] INFO  o.a.e.i.a.DefaultAsyncJobExecutor - [start,173] - Starting up the default async job executor [org.activiti.spring.SpringAsyncExecutor].
14:46:20.681 [Thread-4] INFO  o.a.e.i.a.AcquireAsyncJobsDueRunnable - [run,49] - {} starting to acquire async jobs due
14:46:20.681 [Thread-5] INFO  o.a.e.i.a.AcquireTimerJobsRunnable - [run,53] - {} starting to acquire async jobs due
14:46:20.682 [Thread-6] INFO  o.a.e.i.a.ResetExpiredJobsRunnable - [run,55] - {} starting to reset expired jobs
14:46:20.773 [restartedMain] INFO  o.a.e.i.c.DeployCmd - [executeDeploy,103] - Launching new deployment with version: 1
14:46:23.200 [restartedMain] INFO  o.q.i.StdSchedulerFactory - [instantiate,1220] - Using default implementation for ThreadExecutor
14:46:23.220 [restartedMain] INFO  o.q.c.SchedulerSignalerImpl - [<init>,61] - Initialized Scheduler Signaller of type: class org.quartz.core.SchedulerSignalerImpl
14:46:23.220 [restartedMain] INFO  o.q.c.QuartzScheduler - [<init>,229] - Quartz Scheduler v.2.3.2 created.
14:46:23.229 [restartedMain] INFO  o.q.c.QuartzScheduler - [initialize,294] - Scheduler meta-data: Quartz Scheduler (v2.3.2) 'RuoyiScheduler' with instanceId 'DESKTOP-GL3RGKM1788504383204'
  Scheduler class: 'org.quartz.core.QuartzScheduler' - running locally.
  NOT STARTED.
  Currently in standby mode.
  Number of jobs executed: 0
  Using thread pool 'org.quartz.simpl.SimpleThreadPool' - with 20 threads.
  Using job-store 'org.springframework.scheduling.quartz.LocalDataSourceJobStore' - which supports persistence. and is clustered.

14:46:23.229 [restartedMain] INFO  o.q.i.StdSchedulerFactory - [instantiate,1374] - Quartz scheduler 'RuoyiScheduler' initialized from an externally provided properties instance.
14:46:23.230 [restartedMain] INFO  o.q.i.StdSchedulerFactory - [instantiate,1378] - Quartz scheduler version: 2.3.2
14:46:23.232 [restartedMain] INFO  o.q.c.QuartzScheduler - [setJobFactory,2293] - JobFactory set to: org.springframework.scheduling.quartz.AdaptableJobFactory@1ce33eba
14:46:24.440 [restartedMain] INFO  o.a.c.w.s.f.ReflectionServiceFactoryBean - [buildServiceFromClass,436] - Creating Service {http://impl.webservice.system.ruoyi.com/}OADeptServiceImplService from class com.ruoyi.system.webservice.impl.OADeptServiceImpl
14:46:25.193 [restartedMain] INFO  o.a.c.e.ServerImpl - [initDestination,95] - Setting the server's publish address to be /syncdep
14:46:25.227 [restartedMain] INFO  o.a.c.w.s.f.ReflectionServiceFactoryBean - [buildServiceFromClass,436] - Creating Service {http://impl.webservice.system.ruoyi.com/}OAUserServiceImplService from class com.ruoyi.system.webservice.impl.OAUserServiceImpl
14:46:25.316 [restartedMain] INFO  o.a.c.e.ServerImpl - [initDestination,95] - Setting the server's publish address to be /syncuser
14:46:25.324 [restartedMain] INFO  o.a.c.w.s.f.ReflectionServiceFactoryBean - [buildServiceFromClass,436] - Creating Service {http://ideal.sh.cn.tc}ICreateInfoServiceService from class com.ruoyi.system.webservice.createinfo.ICreateInfoService
14:46:29.596 [restartedMain] INFO  o.a.s.AbstractActivitiSmartLifeCycle - [start,81] - Starting...
14:46:29.845 [restartedMain] INFO  o.a.s.AbstractActivitiSmartLifeCycle - [start,86] - Started.
14:46:29.845 [restartedMain] INFO  o.a.s.AbstractActivitiSmartLifeCycle - [start,81] - Starting...
14:46:29.877 [restartedMain] INFO  o.a.s.AbstractActivitiSmartLifeCycle - [start,86] - Started.
14:46:29.877 [restartedMain] INFO  o.a.s.AbstractActivitiSmartLifeCycle - [start,81] - Starting...
14:46:30.634 [Quartz Scheduler [RuoyiScheduler]] INFO  o.q.c.QuartzScheduler - [start,547] - Scheduler RuoyiScheduler_$_DESKTOP-GL3RGKM1788504383204 started.
14:46:31.336 [restartedMain] INFO  o.a.s.AbstractActivitiSmartLifeCycle - [start,86] - Started.
14:46:31.336 [restartedMain] INFO  o.a.s.AbstractActivitiSmartLifeCycle - [start,81] - Starting...
14:46:35.953 [restartedMain] INFO  o.a.s.AbstractActivitiSmartLifeCycle - [start,86] - Started.
14:46:35.981 [restartedMain] INFO  c.r.RuoYiApplication - [logStarted,59] - Started RuoYiApplication in 34.674 seconds (process running for 36.459)
14:46:36.217 [RMI TCP Connection(2)-172.33.1.108] INFO  o.a.c.c.C.[.[.[/] - [log,173] - Initializing Spring DispatcherServlet 'dispatcherServlet'
14:46:36.447 [restartedMain] INFO  c.r.w.k.SaslClient - [consume,109] - login user: admin
14:46:36.516 [restartedMain] INFO  o.a.k.c.c.ConsumerConfig - [logAll,347] - ConsumerConfig values: 
	allow.auto.create.topics = true
	auto.commit.interval.ms = 5000
	auto.offset.reset = earliest
	bootstrap.servers = [10.145.219.3:8423, 10.145.219.4:8423, 10.145.219.5:8423]
	check.crcs = true
	client.dns.lookup = default
	client.id = 
	client.rack = 
	connections.max.idle.ms = 540000
	default.api.timeout.ms = 60000
	enable.auto.commit = false
	exclude.internal.topics = true
	fetch.max.bytes = 52428800
	fetch.max.wait.ms = 500
	fetch.min.bytes = 1
	group.id = DE_C_HRMS_STIEP
	group.instance.id = null
	heartbeat.interval.ms = 3000
	interceptor.classes = []
	internal.leave.group.on.close = true
	isolation.level = read_uncommitted
	key.deserializer = class org.apache.kafka.common.serialization.StringDeserializer
	max.partition.fetch.bytes = 1048576
	max.poll.interval.ms = 300000
	max.poll.records = 30
	metadata.max.age.ms = 300000
	metric.reporters = []
	metrics.num.samples = 2
	metrics.recording.level = INFO
	metrics.sample.window.ms = 30000
	partition.assignment.strategy = [class org.apache.kafka.clients.consumer.RangeAssignor]
	receive.buffer.bytes = 65536
	reconnect.backoff.max.ms = 1000
	reconnect.backoff.ms = 50
	request.timeout.ms = 30000
	retry.backoff.ms = 100
	sasl.client.callback.handler.class = null
	sasl.jaas.config = [hidden]
	sasl.kerberos.kinit.cmd = /usr/bin/kinit
	sasl.kerberos.min.time.before.relogin = 60000
	sasl.kerberos.service.name = null
	sasl.kerberos.ticket.renew.jitter = 0.05
	sasl.kerberos.ticket.renew.window.factor = 0.8
	sasl.login.callback.handler.class = null
	sasl.login.class = null
	sasl.login.refresh.buffer.seconds = 300
	sasl.login.refresh.min.period.seconds = 60
	sasl.login.refresh.window.factor = 0.8
	sasl.login.refresh.window.jitter = 0.05
	sasl.mechanism = SCRAM-SHA-512
	security.protocol = SASL_PLAINTEXT
	send.buffer.bytes = 131072
	session.timeout.ms = 10000
	ssl.cipher.suites = null
	ssl.enabled.protocols = [TLSv1.2, TLSv1.1, TLSv1]
	ssl.endpoint.identification.algorithm = https
	ssl.key.password = null
	ssl.keymanager.algorithm = SunX509
	ssl.keystore.location = null
	ssl.keystore.password = null
	ssl.keystore.type = JKS
	ssl.protocol = TLS
	ssl.provider = null
	ssl.secure.random.implementation = null
	ssl.trustmanager.algorithm = PKIX
	ssl.truststore.location = null
	ssl.truststore.password = null
	ssl.truststore.type = JKS
	value.deserializer = class org.apache.kafka.common.serialization.StringDeserializer

14:46:36.588 [restartedMain] INFO  o.a.k.c.s.a.AbstractLogin - [login,61] - Successfully logged in.
14:46:36.719 [restartedMain] INFO  o.a.k.c.u.AppInfoParser - [<init>,117] - Kafka version: 2.3.0
14:46:36.720 [restartedMain] INFO  o.a.k.c.u.AppInfoParser - [<init>,118] - Kafka commitId: fc1aaa116b661c8a
14:46:36.721 [restartedMain] INFO  o.a.k.c.u.AppInfoParser - [<init>,119] - Kafka startTimeMs: 1788504396710
14:46:36.729 [restartedMain] INFO  o.a.k.c.c.KafkaConsumer - [subscribe,964] - [Consumer clientId=consumer-1, groupId=DE_C_HRMS_STIEP] Subscribed to topic(s): DE_HRMS_STIEP
14:46:36.730 [restartedMain] INFO  c.r.w.k.SaslClient - [consume,127] - start consumer kafka
14:47:48.815 [http-nio-9587-exec-2] INFO  c.r.f.w.s.TokenService - [getToken,237] - user: madaosen, backend Token: Bearer eyJhbGciOiJIUzUxMiJ9.eyJsb2dpbl91c2VyX2tleSI6ImYxYmJiNjVhLTZlYzQtNDg4Ni1hY2M3LTdkZjdmYTkxZjA0YyJ9.2XbJLwaH0AcO9GmF4c9rYdGM1vOnRkWV0_M_G_RTfJNR28k4zwPCUDBXbnn5BPFglD0zNgiJDQM-I3kzB8s8Fg
14:47:49.033 [http-nio-9587-exec-4] INFO  c.r.f.w.s.TokenService - [getToken,237] - user: madaosen, backend Token: Bearer eyJhbGciOiJIUzUxMiJ9.eyJsb2dpbl91c2VyX2tleSI6ImYxYmJiNjVhLTZlYzQtNDg4Ni1hY2M3LTdkZjdmYTkxZjA0YyJ9.2XbJLwaH0AcO9GmF4c9rYdGM1vOnRkWV0_M_G_RTfJNR28k4zwPCUDBXbnn5BPFglD0zNgiJDQM-I3kzB8s8Fg
14:47:49.041 [http-nio-9587-exec-10] INFO  c.r.f.w.s.TokenService - [getToken,237] - user: madaosen, backend Token: Bearer eyJhbGciOiJIUzUxMiJ9.eyJsb2dpbl91c2VyX2tleSI6ImYxYmJiNjVhLTZlYzQtNDg4Ni1hY2M3LTdkZjdmYTkxZjA0YyJ9.2XbJLwaH0AcO9GmF4c9rYdGM1vOnRkWV0_M_G_RTfJNR28k4zwPCUDBXbnn5BPFglD0zNgiJDQM-I3kzB8s8Fg
14:47:49.042 [http-nio-9587-exec-8] INFO  c.r.f.w.s.TokenService - [getToken,237] - user: madaosen, backend Token: Bearer eyJhbGciOiJIUzUxMiJ9.eyJsb2dpbl91c2VyX2tleSI6ImYxYmJiNjVhLTZlYzQtNDg4Ni1hY2M3LTdkZjdmYTkxZjA0YyJ9.2XbJLwaH0AcO9GmF4c9rYdGM1vOnRkWV0_M_G_RTfJNR28k4zwPCUDBXbnn5BPFglD0zNgiJDQM-I3kzB8s8Fg
14:47:49.042 [http-nio-9587-exec-9] INFO  c.r.f.w.s.TokenService - [getToken,237] - user: madaosen, backend Token: Bearer eyJhbGciOiJIUzUxMiJ9.eyJsb2dpbl91c2VyX2tleSI6ImYxYmJiNjVhLTZlYzQtNDg4Ni1hY2M3LTdkZjdmYTkxZjA0YyJ9.2XbJLwaH0AcO9GmF4c9rYdGM1vOnRkWV0_M_G_RTfJNR28k4zwPCUDBXbnn5BPFglD0zNgiJDQM-I3kzB8s8Fg
14:47:49.065 [http-nio-9587-exec-3] INFO  c.r.f.w.s.TokenService - [getToken,237] - user: madaosen, backend Token: Bearer eyJhbGciOiJIUzUxMiJ9.eyJsb2dpbl91c2VyX2tleSI6ImYxYmJiNjVhLTZlYzQtNDg4Ni1hY2M3LTdkZjdmYTkxZjA0YyJ9.2XbJLwaH0AcO9GmF4c9rYdGM1vOnRkWV0_M_G_RTfJNR28k4zwPCUDBXbnn5BPFglD0zNgiJDQM-I3kzB8s8Fg
14:47:49.076 [http-nio-9587-exec-1] INFO  c.r.f.w.s.TokenService - [getToken,237] - user: madaosen, backend Token: Bearer eyJhbGciOiJIUzUxMiJ9.eyJsb2dpbl91c2VyX2tleSI6ImYxYmJiNjVhLTZlYzQtNDg4Ni1hY2M3LTdkZjdmYTkxZjA0YyJ9.2XbJLwaH0AcO9GmF4c9rYdGM1vOnRkWV0_M_G_RTfJNR28k4zwPCUDBXbnn5BPFglD0zNgiJDQM-I3kzB8s8Fg
14:47:49.233 [http-nio-9587-exec-7] INFO  c.r.f.w.s.TokenService - [getToken,237] - user: madaosen, backend Token: Bearer eyJhbGciOiJIUzUxMiJ9.eyJsb2dpbl91c2VyX2tleSI6ImYxYmJiNjVhLTZlYzQtNDg4Ni1hY2M3LTdkZjdmYTkxZjA0YyJ9.2XbJLwaH0AcO9GmF4c9rYdGM1vOnRkWV0_M_G_RTfJNR28k4zwPCUDBXbnn5BPFglD0zNgiJDQM-I3kzB8s8Fg
14:47:49.236 [http-nio-9587-exec-5] INFO  c.r.f.w.s.TokenService - [getToken,237] - user: madaosen, backend Token: Bearer eyJhbGciOiJIUzUxMiJ9.eyJsb2dpbl91c2VyX2tleSI6ImYxYmJiNjVhLTZlYzQtNDg4Ni1hY2M3LTdkZjdmYTkxZjA0YyJ9.2XbJLwaH0AcO9GmF4c9rYdGM1vOnRkWV0_M_G_RTfJNR28k4zwPCUDBXbnn5BPFglD0zNgiJDQM-I3kzB8s8Fg
14:47:49.254 [http-nio-9587-exec-6] INFO  c.r.f.w.s.TokenService - [getToken,237] - user: madaosen, backend Token: Bearer eyJhbGciOiJIUzUxMiJ9.eyJsb2dpbl91c2VyX2tleSI6ImYxYmJiNjVhLTZlYzQtNDg4Ni1hY2M3LTdkZjdmYTkxZjA0YyJ9.2XbJLwaH0AcO9GmF4c9rYdGM1vOnRkWV0_M_G_RTfJNR28k4zwPCUDBXbnn5BPFglD0zNgiJDQM-I3kzB8s8Fg
14:47:49.336 [http-nio-9587-exec-2] INFO  c.r.f.w.s.TokenService - [getToken,237] - user: madaosen, backend Token: Bearer eyJhbGciOiJIUzUxMiJ9.eyJsb2dpbl91c2VyX2tleSI6ImYxYmJiNjVhLTZlYzQtNDg4Ni1hY2M3LTdkZjdmYTkxZjA0YyJ9.2XbJLwaH0AcO9GmF4c9rYdGM1vOnRkWV0_M_G_RTfJNR28k4zwPCUDBXbnn5BPFglD0zNgiJDQM-I3kzB8s8Fg
14:47:49.381 [http-nio-9587-exec-8] INFO  c.r.f.w.s.TokenService - [getToken,237] - user: madaosen, backend Token: Bearer eyJhbGciOiJIUzUxMiJ9.eyJsb2dpbl91c2VyX2tleSI6ImYxYmJiNjVhLTZlYzQtNDg4Ni1hY2M3LTdkZjdmYTkxZjA0YyJ9.2XbJLwaH0AcO9GmF4c9rYdGM1vOnRkWV0_M_G_RTfJNR28k4zwPCUDBXbnn5BPFglD0zNgiJDQM-I3kzB8s8Fg
14:47:49.513 [http-nio-9587-exec-4] INFO  c.r.f.w.s.TokenService - [getToken,237] - user: madaosen, backend Token: Bearer eyJhbGciOiJIUzUxMiJ9.eyJsb2dpbl91c2VyX2tleSI6ImYxYmJiNjVhLTZlYzQtNDg4Ni1hY2M3LTdkZjdmYTkxZjA0YyJ9.2XbJLwaH0AcO9GmF4c9rYdGM1vOnRkWV0_M_G_RTfJNR28k4zwPCUDBXbnn5BPFglD0zNgiJDQM-I3kzB8s8Fg
14:47:49.519 [http-nio-9587-exec-7] INFO  c.r.f.w.s.TokenService - [getToken,237] - user: madaosen, backend Token: Bearer eyJhbGciOiJIUzUxMiJ9.eyJsb2dpbl91c2VyX2tleSI6ImYxYmJiNjVhLTZlYzQtNDg4Ni1hY2M3LTdkZjdmYTkxZjA0YyJ9.2XbJLwaH0AcO9GmF4c9rYdGM1vOnRkWV0_M_G_RTfJNR28k4zwPCUDBXbnn5BPFglD0zNgiJDQM-I3kzB8s8Fg
14:47:49.530 [http-nio-9587-exec-1] INFO  c.r.f.w.s.TokenService - [getToken,237] - user: madaosen, backend Token: Bearer eyJhbGciOiJIUzUxMiJ9.eyJsb2dpbl91c2VyX2tleSI6ImYxYmJiNjVhLTZlYzQtNDg4Ni1hY2M3LTdkZjdmYTkxZjA0YyJ9.2XbJLwaH0AcO9GmF4c9rYdGM1vOnRkWV0_M_G_RTfJNR28k4zwPCUDBXbnn5BPFglD0zNgiJDQM-I3kzB8s8Fg
14:47:49.550 [http-nio-9587-exec-10] INFO  c.r.f.w.s.TokenService - [getToken,237] - user: madaosen, backend Token: Bearer eyJhbGciOiJIUzUxMiJ9.eyJsb2dpbl91c2VyX2tleSI6ImYxYmJiNjVhLTZlYzQtNDg4Ni1hY2M3LTdkZjdmYTkxZjA0YyJ9.2XbJLwaH0AcO9GmF4c9rYdGM1vOnRkWV0_M_G_RTfJNR28k4zwPCUDBXbnn5BPFglD0zNgiJDQM-I3kzB8s8Fg
14:47:49.559 [http-nio-9587-exec-8] INFO  c.r.f.w.s.TokenService - [getToken,237] - user: madaosen, backend Token: Bearer eyJhbGciOiJIUzUxMiJ9.eyJsb2dpbl91c2VyX2tleSI6ImYxYmJiNjVhLTZlYzQtNDg4Ni1hY2M3LTdkZjdmYTkxZjA0YyJ9.2XbJLwaH0AcO9GmF4c9rYdGM1vOnRkWV0_M_G_RTfJNR28k4zwPCUDBXbnn5BPFglD0zNgiJDQM-I3kzB8s8Fg
14:47:49.572 [http-nio-9587-exec-6] INFO  c.r.f.w.s.TokenService - [getToken,237] - user: madaosen, backend Token: Bearer eyJhbGciOiJIUzUxMiJ9.eyJsb2dpbl91c2VyX2tleSI6ImYxYmJiNjVhLTZlYzQtNDg4Ni1hY2M3LTdkZjdmYTkxZjA0YyJ9.2XbJLwaH0AcO9GmF4c9rYdGM1vOnRkWV0_M_G_RTfJNR28k4zwPCUDBXbnn5BPFglD0zNgiJDQM-I3kzB8s8Fg
14:47:49.664 [http-nio-9587-exec-7] INFO  c.r.f.w.s.TokenService - [getToken,237] - user: madaosen, backend Token: Bearer eyJhbGciOiJIUzUxMiJ9.eyJsb2dpbl91c2VyX2tleSI6ImYxYmJiNjVhLTZlYzQtNDg4Ni1hY2M3LTdkZjdmYTkxZjA0YyJ9.2XbJLwaH0AcO9GmF4c9rYdGM1vOnRkWV0_M_G_RTfJNR28k4zwPCUDBXbnn5BPFglD0zNgiJDQM-I3kzB8s8Fg
14:47:49.667 [http-nio-9587-exec-6] INFO  c.r.f.w.s.TokenService - [getToken,237] - user: madaosen, backend Token: Bearer eyJhbGciOiJIUzUxMiJ9.eyJsb2dpbl91c2VyX2tleSI6ImYxYmJiNjVhLTZlYzQtNDg4Ni1hY2M3LTdkZjdmYTkxZjA0YyJ9.2XbJLwaH0AcO9GmF4c9rYdGM1vOnRkWV0_M_G_RTfJNR28k4zwPCUDBXbnn5BPFglD0zNgiJDQM-I3kzB8s8Fg
14:47:49.667 [http-nio-9587-exec-10] INFO  c.r.f.w.s.TokenService - [getToken,237] - user: madaosen, backend Token: Bearer eyJhbGciOiJIUzUxMiJ9.eyJsb2dpbl91c2VyX2tleSI6ImYxYmJiNjVhLTZlYzQtNDg4Ni1hY2M3LTdkZjdmYTkxZjA0YyJ9.2XbJLwaH0AcO9GmF4c9rYdGM1vOnRkWV0_M_G_RTfJNR28k4zwPCUDBXbnn5BPFglD0zNgiJDQM-I3kzB8s8Fg
14:47:49.851 [http-nio-9587-exec-4] INFO  c.r.f.w.s.TokenService - [getToken,237] - user: madaosen, backend Token: Bearer eyJhbGciOiJIUzUxMiJ9.eyJsb2dpbl91c2VyX2tleSI6ImYxYmJiNjVhLTZlYzQtNDg4Ni1hY2M3LTdkZjdmYTkxZjA0YyJ9.2XbJLwaH0AcO9GmF4c9rYdGM1vOnRkWV0_M_G_RTfJNR28k4zwPCUDBXbnn5BPFglD0zNgiJDQM-I3kzB8s8Fg
14:47:59.882 [http-nio-9587-exec-1] INFO  c.r.f.w.s.TokenService - [getToken,237] - user: madaosen, backend Token: Bearer eyJhbGciOiJIUzUxMiJ9.eyJsb2dpbl91c2VyX2tleSI6ImYxYmJiNjVhLTZlYzQtNDg4Ni1hY2M3LTdkZjdmYTkxZjA0YyJ9.2XbJLwaH0AcO9GmF4c9rYdGM1vOnRkWV0_M_G_RTfJNR28k4zwPCUDBXbnn5BPFglD0zNgiJDQM-I3kzB8s8Fg
14:48:11.011 [http-nio-9587-exec-3] INFO  c.r.f.w.s.TokenService - [getToken,237] - user: madaosen, backend Token: Bearer eyJhbGciOiJIUzUxMiJ9.eyJsb2dpbl91c2VyX2tleSI6ImYxYmJiNjVhLTZlYzQtNDg4Ni1hY2M3LTdkZjdmYTkxZjA0YyJ9.2XbJLwaH0AcO9GmF4c9rYdGM1vOnRkWV0_M_G_RTfJNR28k4zwPCUDBXbnn5BPFglD0zNgiJDQM-I3kzB8s8Fg
14:48:11.011 [http-nio-9587-exec-9] INFO  c.r.f.w.s.TokenService - [getToken,237] - user: madaosen, backend Token: Bearer eyJhbGciOiJIUzUxMiJ9.eyJsb2dpbl91c2VyX2tleSI6ImYxYmJiNjVhLTZlYzQtNDg4Ni1hY2M3LTdkZjdmYTkxZjA0YyJ9.2XbJLwaH0AcO9GmF4c9rYdGM1vOnRkWV0_M_G_RTfJNR28k4zwPCUDBXbnn5BPFglD0zNgiJDQM-I3kzB8s8Fg
14:48:11.015 [http-nio-9587-exec-7] INFO  c.r.f.w.s.TokenService - [getToken,237] - user: madaosen, backend Token: Bearer eyJhbGciOiJIUzUxMiJ9.eyJsb2dpbl91c2VyX2tleSI6ImYxYmJiNjVhLTZlYzQtNDg4Ni1hY2M3LTdkZjdmYTkxZjA0YyJ9.2XbJLwaH0AcO9GmF4c9rYdGM1vOnRkWV0_M_G_RTfJNR28k4zwPCUDBXbnn5BPFglD0zNgiJDQM-I3kzB8s8Fg
14:48:11.017 [http-nio-9587-exec-6] INFO  c.r.f.w.s.TokenService - [getToken,237] - user: madaosen, backend Token: Bearer eyJhbGciOiJIUzUxMiJ9.eyJsb2dpbl91c2VyX2tleSI6ImYxYmJiNjVhLTZlYzQtNDg4Ni1hY2M3LTdkZjdmYTkxZjA0YyJ9.2XbJLwaH0AcO9GmF4c9rYdGM1vOnRkWV0_M_G_RTfJNR28k4zwPCUDBXbnn5BPFglD0zNgiJDQM-I3kzB8s8Fg
14:48:11.031 [http-nio-9587-exec-10] INFO  c.r.f.w.s.TokenService - [getToken,237] - user: madaosen, backend Token: Bearer eyJhbGciOiJIUzUxMiJ9.eyJsb2dpbl91c2VyX2tleSI6ImYxYmJiNjVhLTZlYzQtNDg4Ni1hY2M3LTdkZjdmYTkxZjA0YyJ9.2XbJLwaH0AcO9GmF4c9rYdGM1vOnRkWV0_M_G_RTfJNR28k4zwPCUDBXbnn5BPFglD0zNgiJDQM-I3kzB8s8Fg
14:48:11.064 [http-nio-9587-exec-6] INFO  c.r.f.w.s.TokenService - [getToken,237] - user: madaosen, backend Token: Bearer eyJhbGciOiJIUzUxMiJ9.eyJsb2dpbl91c2VyX2tleSI6ImYxYmJiNjVhLTZlYzQtNDg4Ni1hY2M3LTdkZjdmYTkxZjA0YyJ9.2XbJLwaH0AcO9GmF4c9rYdGM1vOnRkWV0_M_G_RTfJNR28k4zwPCUDBXbnn5BPFglD0zNgiJDQM-I3kzB8s8Fg
14:48:11.078 [http-nio-9587-exec-2] INFO  c.r.f.w.s.TokenService - [getToken,237] - user: madaosen, backend Token: Bearer eyJhbGciOiJIUzUxMiJ9.eyJsb2dpbl91c2VyX2tleSI6ImYxYmJiNjVhLTZlYzQtNDg4Ni1hY2M3LTdkZjdmYTkxZjA0YyJ9.2XbJLwaH0AcO9GmF4c9rYdGM1vOnRkWV0_M_G_RTfJNR28k4zwPCUDBXbnn5BPFglD0zNgiJDQM-I3kzB8s8Fg
14:48:11.082 [http-nio-9587-exec-1] INFO  c.r.f.w.s.TokenService - [getToken,237] - user: madaosen, backend Token: Bearer eyJhbGciOiJIUzUxMiJ9.eyJsb2dpbl91c2VyX2tleSI6ImYxYmJiNjVhLTZlYzQtNDg4Ni1hY2M3LTdkZjdmYTkxZjA0YyJ9.2XbJLwaH0AcO9GmF4c9rYdGM1vOnRkWV0_M_G_RTfJNR28k4zwPCUDBXbnn5BPFglD0zNgiJDQM-I3kzB8s8Fg
14:48:11.108 [http-nio-9587-exec-5] INFO  c.r.f.w.s.TokenService - [getToken,237] - user: madaosen, backend Token: Bearer eyJhbGciOiJIUzUxMiJ9.eyJsb2dpbl91c2VyX2tleSI6ImYxYmJiNjVhLTZlYzQtNDg4Ni1hY2M3LTdkZjdmYTkxZjA0YyJ9.2XbJLwaH0AcO9GmF4c9rYdGM1vOnRkWV0_M_G_RTfJNR28k4zwPCUDBXbnn5BPFglD0zNgiJDQM-I3kzB8s8Fg
14:48:11.109 [http-nio-9587-exec-4] INFO  c.r.f.w.s.TokenService - [getToken,237] - user: madaosen, backend Token: Bearer eyJhbGciOiJIUzUxMiJ9.eyJsb2dpbl91c2VyX2tleSI6ImYxYmJiNjVhLTZlYzQtNDg4Ni1hY2M3LTdkZjdmYTkxZjA0YyJ9.2XbJLwaH0AcO9GmF4c9rYdGM1vOnRkWV0_M_G_RTfJNR28k4zwPCUDBXbnn5BPFglD0zNgiJDQM-I3kzB8s8Fg
14:48:11.142 [http-nio-9587-exec-6] INFO  c.r.f.w.s.TokenService - [getToken,237] - user: madaosen, backend Token: Bearer eyJhbGciOiJIUzUxMiJ9.eyJsb2dpbl91c2VyX2tleSI6ImYxYmJiNjVhLTZlYzQtNDg4Ni1hY2M3LTdkZjdmYTkxZjA0YyJ9.2XbJLwaH0AcO9GmF4c9rYdGM1vOnRkWV0_M_G_RTfJNR28k4zwPCUDBXbnn5BPFglD0zNgiJDQM-I3kzB8s8Fg
14:48:11.214 [http-nio-9587-exec-8] INFO  c.r.f.w.s.TokenService - [getToken,237] - user: madaosen, backend Token: Bearer eyJhbGciOiJIUzUxMiJ9.eyJsb2dpbl91c2VyX2tleSI6ImYxYmJiNjVhLTZlYzQtNDg4Ni1hY2M3LTdkZjdmYTkxZjA0YyJ9.2XbJLwaH0AcO9GmF4c9rYdGM1vOnRkWV0_M_G_RTfJNR28k4zwPCUDBXbnn5BPFglD0zNgiJDQM-I3kzB8s8Fg
14:48:11.256 [http-nio-9587-exec-1] INFO  c.r.f.w.s.TokenService - [getToken,237] - user: madaosen, backend Token: Bearer eyJhbGciOiJIUzUxMiJ9.eyJsb2dpbl91c2VyX2tleSI6ImYxYmJiNjVhLTZlYzQtNDg4Ni1hY2M3LTdkZjdmYTkxZjA0YyJ9.2XbJLwaH0AcO9GmF4c9rYdGM1vOnRkWV0_M_G_RTfJNR28k4zwPCUDBXbnn5BPFglD0zNgiJDQM-I3kzB8s8Fg
14:48:11.333 [http-nio-9587-exec-2] INFO  c.r.f.w.s.TokenService - [getToken,237] - user: madaosen, backend Token: Bearer eyJhbGciOiJIUzUxMiJ9.eyJsb2dpbl91c2VyX2tleSI6ImYxYmJiNjVhLTZlYzQtNDg4Ni1hY2M3LTdkZjdmYTkxZjA0YyJ9.2XbJLwaH0AcO9GmF4c9rYdGM1vOnRkWV0_M_G_RTfJNR28k4zwPCUDBXbnn5BPFglD0zNgiJDQM-I3kzB8s8Fg
14:48:11.333 [http-nio-9587-exec-4] INFO  c.r.f.w.s.TokenService - [getToken,237] - user: madaosen, backend Token: Bearer eyJhbGciOiJIUzUxMiJ9.eyJsb2dpbl91c2VyX2tleSI6ImYxYmJiNjVhLTZlYzQtNDg4Ni1hY2M3LTdkZjdmYTkxZjA0YyJ9.2XbJLwaH0AcO9GmF4c9rYdGM1vOnRkWV0_M_G_RTfJNR28k4zwPCUDBXbnn5BPFglD0zNgiJDQM-I3kzB8s8Fg
14:48:11.344 [http-nio-9587-exec-5] INFO  c.r.f.w.s.TokenService - [getToken,237] - user: madaosen, backend Token: Bearer eyJhbGciOiJIUzUxMiJ9.eyJsb2dpbl91c2VyX2tleSI6ImYxYmJiNjVhLTZlYzQtNDg4Ni1hY2M3LTdkZjdmYTkxZjA0YyJ9.2XbJLwaH0AcO9GmF4c9rYdGM1vOnRkWV0_M_G_RTfJNR28k4zwPCUDBXbnn5BPFglD0zNgiJDQM-I3kzB8s8Fg
14:48:11.351 [http-nio-9587-exec-3] INFO  c.r.f.w.s.TokenService - [getToken,237] - user: madaosen, backend Token: Bearer eyJhbGciOiJIUzUxMiJ9.eyJsb2dpbl91c2VyX2tleSI6ImYxYmJiNjVhLTZlYzQtNDg4Ni1hY2M3LTdkZjdmYTkxZjA0YyJ9.2XbJLwaH0AcO9GmF4c9rYdGM1vOnRkWV0_M_G_RTfJNR28k4zwPCUDBXbnn5BPFglD0zNgiJDQM-I3kzB8s8Fg
14:48:11.361 [http-nio-9587-exec-7] INFO  c.r.f.w.s.TokenService - [getToken,237] - user: madaosen, backend Token: Bearer eyJhbGciOiJIUzUxMiJ9.eyJsb2dpbl91c2VyX2tleSI6ImYxYmJiNjVhLTZlYzQtNDg4Ni1hY2M3LTdkZjdmYTkxZjA0YyJ9.2XbJLwaH0AcO9GmF4c9rYdGM1vOnRkWV0_M_G_RTfJNR28k4zwPCUDBXbnn5BPFglD0zNgiJDQM-I3kzB8s8Fg
14:48:11.366 [http-nio-9587-exec-1] INFO  c.r.f.w.s.TokenService - [getToken,237] - user: madaosen, backend Token: Bearer eyJhbGciOiJIUzUxMiJ9.eyJsb2dpbl91c2VyX2tleSI6ImYxYmJiNjVhLTZlYzQtNDg4Ni1hY2M3LTdkZjdmYTkxZjA0YyJ9.2XbJLwaH0AcO9GmF4c9rYdGM1vOnRkWV0_M_G_RTfJNR28k4zwPCUDBXbnn5BPFglD0zNgiJDQM-I3kzB8s8Fg
14:48:11.828 [http-nio-9587-exec-5] INFO  c.r.f.w.s.TokenService - [getToken,237] - user: madaosen, backend Token: Bearer eyJhbGciOiJIUzUxMiJ9.eyJsb2dpbl91c2VyX2tleSI6ImYxYmJiNjVhLTZlYzQtNDg4Ni1hY2M3LTdkZjdmYTkxZjA0YyJ9.2XbJLwaH0AcO9GmF4c9rYdGM1vOnRkWV0_M_G_RTfJNR28k4zwPCUDBXbnn5BPFglD0zNgiJDQM-I3kzB8s8Fg
14:48:11.829 [http-nio-9587-exec-3] INFO  c.r.f.w.s.TokenService - [getToken,237] - user: madaosen, backend Token: Bearer eyJhbGciOiJIUzUxMiJ9.eyJsb2dpbl91c2VyX2tleSI6ImYxYmJiNjVhLTZlYzQtNDg4Ni1hY2M3LTdkZjdmYTkxZjA0YyJ9.2XbJLwaH0AcO9GmF4c9rYdGM1vOnRkWV0_M_G_RTfJNR28k4zwPCUDBXbnn5BPFglD0zNgiJDQM-I3kzB8s8Fg
14:48:11.833 [http-nio-9587-exec-9] INFO  c.r.f.w.s.TokenService - [getToken,237] - user: madaosen, backend Token: Bearer eyJhbGciOiJIUzUxMiJ9.eyJsb2dpbl91c2VyX2tleSI6ImYxYmJiNjVhLTZlYzQtNDg4Ni1hY2M3LTdkZjdmYTkxZjA0YyJ9.2XbJLwaH0AcO9GmF4c9rYdGM1vOnRkWV0_M_G_RTfJNR28k4zwPCUDBXbnn5BPFglD0zNgiJDQM-I3kzB8s8Fg
14:48:11.833 [http-nio-9587-exec-4] INFO  c.r.f.w.s.TokenService - [getToken,237] - user: madaosen, backend Token: Bearer eyJhbGciOiJIUzUxMiJ9.eyJsb2dpbl91c2VyX2tleSI6ImYxYmJiNjVhLTZlYzQtNDg4Ni1hY2M3LTdkZjdmYTkxZjA0YyJ9.2XbJLwaH0AcO9GmF4c9rYdGM1vOnRkWV0_M_G_RTfJNR28k4zwPCUDBXbnn5BPFglD0zNgiJDQM-I3kzB8s8Fg
14:48:11.839 [http-nio-9587-exec-6] INFO  c.r.f.w.s.TokenService - [getToken,237] - user: madaosen, backend Token: Bearer eyJhbGciOiJIUzUxMiJ9.eyJsb2dpbl91c2VyX2tleSI6ImYxYmJiNjVhLTZlYzQtNDg4Ni1hY2M3LTdkZjdmYTkxZjA0YyJ9.2XbJLwaH0AcO9GmF4c9rYdGM1vOnRkWV0_M_G_RTfJNR28k4zwPCUDBXbnn5BPFglD0zNgiJDQM-I3kzB8s8Fg
14:48:11.839 [http-nio-9587-exec-10] INFO  c.r.f.w.s.TokenService - [getToken,237] - user: madaosen, backend Token: Bearer eyJhbGciOiJIUzUxMiJ9.eyJsb2dpbl91c2VyX2tleSI6ImYxYmJiNjVhLTZlYzQtNDg4Ni1hY2M3LTdkZjdmYTkxZjA0YyJ9.2XbJLwaH0AcO9GmF4c9rYdGM1vOnRkWV0_M_G_RTfJNR28k4zwPCUDBXbnn5BPFglD0zNgiJDQM-I3kzB8s8Fg
14:48:11.874 [http-nio-9587-exec-6] INFO  c.r.f.w.s.TokenService - [getToken,237] - user: madaosen, backend Token: Bearer eyJhbGciOiJIUzUxMiJ9.eyJsb2dpbl91c2VyX2tleSI6ImYxYmJiNjVhLTZlYzQtNDg4Ni1hY2M3LTdkZjdmYTkxZjA0YyJ9.2XbJLwaH0AcO9GmF4c9rYdGM1vOnRkWV0_M_G_RTfJNR28k4zwPCUDBXbnn5BPFglD0zNgiJDQM-I3kzB8s8Fg
14:48:11.874 [http-nio-9587-exec-7] INFO  c.r.f.w.s.TokenService - [getToken,237] - user: madaosen, backend Token: Bearer eyJhbGciOiJIUzUxMiJ9.eyJsb2dpbl91c2VyX2tleSI6ImYxYmJiNjVhLTZlYzQtNDg4Ni1hY2M3LTdkZjdmYTkxZjA0YyJ9.2XbJLwaH0AcO9GmF4c9rYdGM1vOnRkWV0_M_G_RTfJNR28k4zwPCUDBXbnn5BPFglD0zNgiJDQM-I3kzB8s8Fg
14:48:11.874 [http-nio-9587-exec-1] INFO  c.r.f.w.s.TokenService - [getToken,237] - user: madaosen, backend Token: Bearer eyJhbGciOiJIUzUxMiJ9.eyJsb2dpbl91c2VyX2tleSI6ImYxYmJiNjVhLTZlYzQtNDg4Ni1hY2M3LTdkZjdmYTkxZjA0YyJ9.2XbJLwaH0AcO9GmF4c9rYdGM1vOnRkWV0_M_G_RTfJNR28k4zwPCUDBXbnn5BPFglD0zNgiJDQM-I3kzB8s8Fg
14:48:11.878 [http-nio-9587-exec-3] INFO  c.r.f.w.s.TokenService - [getToken,237] - user: madaosen, backend Token: Bearer eyJhbGciOiJIUzUxMiJ9.eyJsb2dpbl91c2VyX2tleSI6ImYxYmJiNjVhLTZlYzQtNDg4Ni1hY2M3LTdkZjdmYTkxZjA0YyJ9.2XbJLwaH0AcO9GmF4c9rYdGM1vOnRkWV0_M_G_RTfJNR28k4zwPCUDBXbnn5BPFglD0zNgiJDQM-I3kzB8s8Fg
14:48:11.885 [http-nio-9587-exec-10] INFO  c.r.f.w.s.TokenService - [getToken,237] - user: madaosen, backend Token: Bearer eyJhbGciOiJIUzUxMiJ9.eyJsb2dpbl91c2VyX2tleSI6ImYxYmJiNjVhLTZlYzQtNDg4Ni1hY2M3LTdkZjdmYTkxZjA0YyJ9.2XbJLwaH0AcO9GmF4c9rYdGM1vOnRkWV0_M_G_RTfJNR28k4zwPCUDBXbnn5BPFglD0zNgiJDQM-I3kzB8s8Fg
14:48:11.889 [http-nio-9587-exec-4] INFO  c.r.f.w.s.TokenService - [getToken,237] - user: madaosen, backend Token: Bearer eyJhbGciOiJIUzUxMiJ9.eyJsb2dpbl91c2VyX2tleSI6ImYxYmJiNjVhLTZlYzQtNDg4Ni1hY2M3LTdkZjdmYTkxZjA0YyJ9.2XbJLwaH0AcO9GmF4c9rYdGM1vOnRkWV0_M_G_RTfJNR28k4zwPCUDBXbnn5BPFglD0zNgiJDQM-I3kzB8s8Fg
14:48:11.903 [http-nio-9587-exec-5] INFO  c.r.f.w.s.TokenService - [getToken,237] - user: madaosen, backend Token: Bearer eyJhbGciOiJIUzUxMiJ9.eyJsb2dpbl91c2VyX2tleSI6ImYxYmJiNjVhLTZlYzQtNDg4Ni1hY2M3LTdkZjdmYTkxZjA0YyJ9.2XbJLwaH0AcO9GmF4c9rYdGM1vOnRkWV0_M_G_RTfJNR28k4zwPCUDBXbnn5BPFglD0zNgiJDQM-I3kzB8s8Fg
14:48:11.903 [http-nio-9587-exec-9] INFO  c.r.f.w.s.TokenService - [getToken,237] - user: madaosen, backend Token: Bearer eyJhbGciOiJIUzUxMiJ9.eyJsb2dpbl91c2VyX2tleSI6ImYxYmJiNjVhLTZlYzQtNDg4Ni1hY2M3LTdkZjdmYTkxZjA0YyJ9.2XbJLwaH0AcO9GmF4c9rYdGM1vOnRkWV0_M_G_RTfJNR28k4zwPCUDBXbnn5BPFglD0zNgiJDQM-I3kzB8s8Fg
14:48:11.903 [http-nio-9587-exec-2] INFO  c.r.f.w.s.TokenService - [getToken,237] - user: madaosen, backend Token: Bearer eyJhbGciOiJIUzUxMiJ9.eyJsb2dpbl91c2VyX2tleSI6ImYxYmJiNjVhLTZlYzQtNDg4Ni1hY2M3LTdkZjdmYTkxZjA0YyJ9.2XbJLwaH0AcO9GmF4c9rYdGM1vOnRkWV0_M_G_RTfJNR28k4zwPCUDBXbnn5BPFglD0zNgiJDQM-I3kzB8s8Fg
14:48:11.907 [http-nio-9587-exec-8] INFO  c.r.f.w.s.TokenService - [getToken,237] - user: madaosen, backend Token: Bearer eyJhbGciOiJIUzUxMiJ9.eyJsb2dpbl91c2VyX2tleSI6ImYxYmJiNjVhLTZlYzQtNDg4Ni1hY2M3LTdkZjdmYTkxZjA0YyJ9.2XbJLwaH0AcO9GmF4c9rYdGM1vOnRkWV0_M_G_RTfJNR28k4zwPCUDBXbnn5BPFglD0zNgiJDQM-I3kzB8s8Fg
14:48:11.918 [http-nio-9587-exec-6] INFO  c.r.f.w.s.TokenService - [getToken,237] - user: madaosen, backend Token: Bearer eyJhbGciOiJIUzUxMiJ9.eyJsb2dpbl91c2VyX2tleSI6ImYxYmJiNjVhLTZlYzQtNDg4Ni1hY2M3LTdkZjdmYTkxZjA0YyJ9.2XbJLwaH0AcO9GmF4c9rYdGM1vOnRkWV0_M_G_RTfJNR28k4zwPCUDBXbnn5BPFglD0zNgiJDQM-I3kzB8s8Fg
14:48:11.935 [http-nio-9587-exec-3] INFO  c.r.f.w.s.TokenService - [getToken,237] - user: madaosen, backend Token: Bearer eyJhbGciOiJIUzUxMiJ9.eyJsb2dpbl91c2VyX2tleSI6ImYxYmJiNjVhLTZlYzQtNDg4Ni1hY2M3LTdkZjdmYTkxZjA0YyJ9.2XbJLwaH0AcO9GmF4c9rYdGM1vOnRkWV0_M_G_RTfJNR28k4zwPCUDBXbnn5BPFglD0zNgiJDQM-I3kzB8s8Fg
14:48:11.981 [http-nio-9587-exec-9] INFO  c.r.f.w.s.TokenService - [getToken,237] - user: madaosen, backend Token: Bearer eyJhbGciOiJIUzUxMiJ9.eyJsb2dpbl91c2VyX2tleSI6ImYxYmJiNjVhLTZlYzQtNDg4Ni1hY2M3LTdkZjdmYTkxZjA0YyJ9.2XbJLwaH0AcO9GmF4c9rYdGM1vOnRkWV0_M_G_RTfJNR28k4zwPCUDBXbnn5BPFglD0zNgiJDQM-I3kzB8s8Fg
14:48:11.983 [http-nio-9587-exec-6] INFO  c.r.f.w.s.TokenService - [getToken,237] - user: madaosen, backend Token: Bearer eyJhbGciOiJIUzUxMiJ9.eyJsb2dpbl91c2VyX2tleSI6ImYxYmJiNjVhLTZlYzQtNDg4Ni1hY2M3LTdkZjdmYTkxZjA0YyJ9.2XbJLwaH0AcO9GmF4c9rYdGM1vOnRkWV0_M_G_RTfJNR28k4zwPCUDBXbnn5BPFglD0zNgiJDQM-I3kzB8s8Fg
14:48:11.983 [http-nio-9587-exec-3] INFO  c.r.f.w.s.TokenService - [getToken,237] - user: madaosen, backend Token: Bearer eyJhbGciOiJIUzUxMiJ9.eyJsb2dpbl91c2VyX2tleSI6ImYxYmJiNjVhLTZlYzQtNDg4Ni1hY2M3LTdkZjdmYTkxZjA0YyJ9.2XbJLwaH0AcO9GmF4c9rYdGM1vOnRkWV0_M_G_RTfJNR28k4zwPCUDBXbnn5BPFglD0zNgiJDQM-I3kzB8s8Fg
14:48:11.986 [http-nio-9587-exec-1] INFO  c.r.f.w.s.TokenService - [getToken,237] - user: madaosen, backend Token: Bearer eyJhbGciOiJIUzUxMiJ9.eyJsb2dpbl91c2VyX2tleSI6ImYxYmJiNjVhLTZlYzQtNDg4Ni1hY2M3LTdkZjdmYTkxZjA0YyJ9.2XbJLwaH0AcO9GmF4c9rYdGM1vOnRkWV0_M_G_RTfJNR28k4zwPCUDBXbnn5BPFglD0zNgiJDQM-I3kzB8s8Fg
14:48:11.989 [http-nio-9587-exec-10] INFO  c.r.f.w.s.TokenService - [getToken,237] - user: madaosen, backend Token: Bearer eyJhbGciOiJIUzUxMiJ9.eyJsb2dpbl91c2VyX2tleSI6ImYxYmJiNjVhLTZlYzQtNDg4Ni1hY2M3LTdkZjdmYTkxZjA0YyJ9.2XbJLwaH0AcO9GmF4c9rYdGM1vOnRkWV0_M_G_RTfJNR28k4zwPCUDBXbnn5BPFglD0zNgiJDQM-I3kzB8s8Fg
14:48:11.991 [http-nio-9587-exec-8] INFO  c.r.f.w.s.TokenService - [getToken,237] - user: madaosen, backend Token: Bearer eyJhbGciOiJIUzUxMiJ9.eyJsb2dpbl91c2VyX2tleSI6ImYxYmJiNjVhLTZlYzQtNDg4Ni1hY2M3LTdkZjdmYTkxZjA0YyJ9.2XbJLwaH0AcO9GmF4c9rYdGM1vOnRkWV0_M_G_RTfJNR28k4zwPCUDBXbnn5BPFglD0zNgiJDQM-I3kzB8s8Fg
14:48:12.139 [http-nio-9587-exec-7] INFO  c.r.f.w.s.TokenService - [getToken,237] - user: madaosen, backend Token: Bearer eyJhbGciOiJIUzUxMiJ9.eyJsb2dpbl91c2VyX2tleSI6ImYxYmJiNjVhLTZlYzQtNDg4Ni1hY2M3LTdkZjdmYTkxZjA0YyJ9.2XbJLwaH0AcO9GmF4c9rYdGM1vOnRkWV0_M_G_RTfJNR28k4zwPCUDBXbnn5BPFglD0zNgiJDQM-I3kzB8s8Fg
14:49:08.791 [http-nio-9587-exec-5] INFO  c.r.f.w.s.TokenService - [getToken,237] - user: madaosen, backend Token: Bearer eyJhbGciOiJIUzUxMiJ9.eyJsb2dpbl91c2VyX2tleSI6ImYxYmJiNjVhLTZlYzQtNDg4Ni1hY2M3LTdkZjdmYTkxZjA0YyJ9.2XbJLwaH0AcO9GmF4c9rYdGM1vOnRkWV0_M_G_RTfJNR28k4zwPCUDBXbnn5BPFglD0zNgiJDQM-I3kzB8s8Fg
14:49:08.978 [http-nio-9587-exec-5] INFO  c.r.w.l.TaskEventV2Listener - [onEvent,105] - EVENT :TASK_ASSIGNED
14:49:09.043 [http-nio-9587-exec-5] INFO  c.r.w.l.TaskEventV2Listener - [onEvent,105] - EVENT :TASK_COMPLETED
14:49:09.045 [http-nio-9587-exec-5] INFO  c.r.w.l.TaskEventV2Listener - [onEvent,121] - username :madaosen
14:49:09.262 [http-nio-9587-exec-5] INFO  c.r.w.l.TaskEventV2Listener - [onEvent,105] - EVENT :TASK_CREATED
14:49:09.265 [http-nio-9587-exec-5] INFO  c.r.f.w.s.TokenService - [getToken,237] - user: madaosen, backend Token: Bearer eyJhbGciOiJIUzUxMiJ9.eyJsb2dpbl91c2VyX2tleSI6ImYxYmJiNjVhLTZlYzQtNDg4Ni1hY2M3LTdkZjdmYTkxZjA0YyJ9.2XbJLwaH0AcO9GmF4c9rYdGM1vOnRkWV0_M_G_RTfJNR28k4zwPCUDBXbnn5BPFglD0zNgiJDQM-I3kzB8s8Fg
14:49:09.272 [http-nio-9587-exec-5] INFO  c.r.w.s.i.AiAgentTaskExecutionServiceImpl - [createWorkflowNodeTasks,320] - 审批流程节点未绑定自动执行且已启用的Agent，projectId=2094616833662640128, nodeId=ConfirmInitiationProjectInfo
14:49:09.273 [http-nio-9587-exec-5] INFO  c.r.w.l.TaskEventV2Listener - [onEvent,127] - username :qzjhy
14:49:09.341 [http-nio-9587-exec-5] INFO  c.r.w.l.TaskEventV2Listener - [createOaTask,240] - task0: Task{createDate='2026-09-04 14:49:09', createOrg='45', createUser='madaosen', createUserName='madaosen', expiryDate='null', kindName='null', moduleName='null', needInputPwd='null', oaIId='null', oaMkId='null', receiveUser='qzjhy', receiveUserName='叶兰', synId='null', synType='1', taskId='badf7595-a82c-11f1-b194-da3bbfe162e3', tasksType='1', title='全生命周期平台督办：确认项目信息--测试流程表单', type='0', url='http://www.sh.ctc.com/EFFPRO2/oa_verify?taskId=bade1604-a82c-11f1-b194-da3bbfe162e3&redirect=%2FEFFPRO2%2Fproject%2FagencyProject%2FdetailPage%3Fid%3D2094616833662640128'}
14:49:09.353 [http-nio-9587-exec-5] INFO  c.r.w.l.TaskEventV2Listener - [onEvent,127] - username :71074767
14:49:09.432 [http-nio-9587-exec-5] INFO  c.r.w.l.TaskEventV2Listener - [createOaTask,240] - task0: Task{createDate='2026-09-04 14:49:09', createOrg='45', createUser='madaosen', createUserName='madaosen', expiryDate='null', kindName='null', moduleName='null', needInputPwd='null', oaIId='null', oaMkId='null', receiveUser='71074767', receiveUserName='石奇', synId='null', synType='1', taskId='badfeac6-a82c-11f1-b194-da3bbfe162e3', tasksType='1', title='全生命周期平台督办：确认项目信息--测试流程表单', type='0', url='http://www.sh.ctc.com/EFFPRO2/oa_verify?taskId=bade1604-a82c-11f1-b194-da3bbfe162e3&redirect=%2FEFFPRO2%2Fproject%2FagencyProject%2FdetailPage%3Fid%3D2094616833662640128'}
14:49:09.436 [http-nio-9587-exec-5] INFO  c.r.w.l.TaskEventV2Listener - [onEvent,127] - username :31027380
14:49:09.502 [http-nio-9587-exec-5] INFO  c.r.w.l.TaskEventV2Listener - [createOaTask,240] - task0: Task{createDate='2026-09-04 14:49:09', createOrg='45', createUser='madaosen', createUserName='madaosen', expiryDate='null', kindName='null', moduleName='null', needInputPwd='null', oaIId='null', oaMkId='null', receiveUser='31027380', receiveUserName='林赟炜', synId='null', synType='1', taskId='badfeac7-a82c-11f1-b194-da3bbfe162e3', tasksType='1', title='全生命周期平台督办：确认项目信息--测试流程表单', type='0', url='http://www.sh.ctc.com/EFFPRO2/oa_verify?taskId=bade1604-a82c-11f1-b194-da3bbfe162e3&redirect=%2FEFFPRO2%2Fproject%2FagencyProject%2FdetailPage%3Fid%3D2094616833662640128'}
14:49:09.506 [http-nio-9587-exec-5] INFO  c.r.w.l.TaskEventV2Listener - [onEvent,127] - username :31001583
14:49:09.507 [http-nio-9587-exec-5] INFO  c.r.w.l.TaskEventV2Listener - [onEvent,127] - username :31100594
14:49:09.578 [http-nio-9587-exec-5] INFO  c.r.w.l.TaskEventV2Listener - [createOaTask,240] - task0: Task{createDate='2026-09-04 14:49:09', createOrg='45', createUser='madaosen', createUserName='madaosen', expiryDate='null', kindName='null', moduleName='null', needInputPwd='null', oaIId='null', oaMkId='null', receiveUser='31100594', receiveUserName='张银佐', synId='null', synType='1', taskId='badfeac9-a82c-11f1-b194-da3bbfe162e3', tasksType='1', title='全生命周期平台督办：确认项目信息--测试流程表单', type='0', url='http://www.sh.ctc.com/EFFPRO2/oa_verify?taskId=bade1604-a82c-11f1-b194-da3bbfe162e3&redirect=%2FEFFPRO2%2Fproject%2FagencyProject%2FdetailPage%3Fid%3D2094616833662640128'}
14:49:09.581 [http-nio-9587-exec-5] INFO  c.r.w.l.TaskEventV2Listener - [onEvent,127] - username :madaosen
14:49:09.649 [http-nio-9587-exec-5] INFO  c.r.w.l.TaskEventV2Listener - [createOaTask,240] - task0: Task{createDate='2026-09-04 14:49:09', createOrg='45', createUser='madaosen', createUserName='madaosen', expiryDate='null', kindName='null', moduleName='null', needInputPwd='null', oaIId='null', oaMkId='null', receiveUser='madaosen', receiveUserName='madaosen', synId='null', synType='1', taskId='badfeaca-a82c-11f1-b194-da3bbfe162e3', tasksType='1', title='全生命周期平台督办：确认项目信息--测试流程表单', type='0', url='http://www.sh.ctc.com/EFFPRO2/oa_verify?taskId=bade1604-a82c-11f1-b194-da3bbfe162e3&redirect=%2FEFFPRO2%2Fproject%2FagencyProject%2FdetailPage%3Fid%3D2094616833662640128'}
14:49:09.651 [http-nio-9587-exec-5] INFO  c.r.w.l.TaskEventV2Listener - [onEvent,127] - username :zhuweibao
14:49:09.720 [http-nio-9587-exec-5] INFO  c.r.w.l.TaskEventV2Listener - [createOaTask,240] - task0: Task{createDate='2026-09-04 14:49:09', createOrg='45', createUser='madaosen', createUserName='madaosen', expiryDate='null', kindName='null', moduleName='null', needInputPwd='null', oaIId='null', oaMkId='null', receiveUser='zhuweibao', receiveUserName='朱伟宝', synId='null', synType='1', taskId='badfeacb-a82c-11f1-b194-da3bbfe162e3', tasksType='1', title='全生命周期平台督办：确认项目信息--测试流程表单', type='0', url='http://www.sh.ctc.com/EFFPRO2/oa_verify?taskId=bade1604-a82c-11f1-b194-da3bbfe162e3&redirect=%2FEFFPRO2%2Fproject%2FagencyProject%2FdetailPage%3Fid%3D2094616833662640128'}
14:49:09.721 [http-nio-9587-exec-5] INFO  c.r.w.l.TaskEventV2Listener - [onEvent,127] - username :daiqi
14:49:09.785 [http-nio-9587-exec-5] INFO  c.r.w.l.TaskEventV2Listener - [createOaTask,240] - task0: Task{createDate='2026-09-04 14:49:09', createOrg='45', createUser='madaosen', createUserName='madaosen', expiryDate='null', kindName='null', moduleName='null', needInputPwd='null', oaIId='null', oaMkId='null', receiveUser='daiqi', receiveUserName='daiqi', synId='null', synType='1', taskId='badfeacc-a82c-11f1-b194-da3bbfe162e3', tasksType='1', title='全生命周期平台督办：确认项目信息--测试流程表单', type='0', url='http://www.sh.ctc.com/EFFPRO2/oa_verify?taskId=bade1604-a82c-11f1-b194-da3bbfe162e3&redirect=%2FEFFPRO2%2Fproject%2FagencyProject%2FdetailPage%3Fid%3D2094616833662640128'}
14:49:09.788 [http-nio-9587-exec-5] INFO  c.r.w.l.TaskEventV2Listener - [onEvent,127] - username :xiaoneng
14:49:09.853 [http-nio-9587-exec-5] INFO  c.r.w.l.TaskEventV2Listener - [createOaTask,240] - task0: Task{createDate='2026-09-04 14:49:09', createOrg='45', createUser='madaosen', createUserName='madaosen', expiryDate='null', kindName='null', moduleName='null', needInputPwd='null', oaIId='null', oaMkId='null', receiveUser='xiaoneng', receiveUserName='小能', synId='null', synType='1', taskId='badfeacd-a82c-11f1-b194-da3bbfe162e3', tasksType='1', title='全生命周期平台督办：确认项目信息--测试流程表单', type='0', url='http://www.sh.ctc.com/EFFPRO2/oa_verify?taskId=bade1604-a82c-11f1-b194-da3bbfe162e3&redirect=%2FEFFPRO2%2Fproject%2FagencyProject%2FdetailPage%3Fid%3D2094616833662640128'}
14:49:09.855 [http-nio-9587-exec-5] INFO  c.r.w.l.TaskEventV2Listener - [onEvent,127] - username :enci
14:49:09.926 [http-nio-9587-exec-5] INFO  c.r.w.l.TaskEventV2Listener - [createOaTask,240] - task0: Task{createDate='2026-09-04 14:49:09', createOrg='45', createUser='madaosen', createUserName='madaosen', expiryDate='null', kindName='null', moduleName='null', needInputPwd='null', oaIId='null', oaMkId='null', receiveUser='enci', receiveUserName='enci', synId='null', synType='1', taskId='badfeace-a82c-11f1-b194-da3bbfe162e3', tasksType='1', title='全生命周期平台督办：确认项目信息--测试流程表单', type='0', url='http://www.sh.ctc.com/EFFPRO2/oa_verify?taskId=bade1604-a82c-11f1-b194-da3bbfe162e3&redirect=%2FEFFPRO2%2Fproject%2FagencyProject%2FdetailPage%3Fid%3D2094616833662640128'}
14:49:10.102 [http-nio-9587-exec-2] INFO  c.r.f.w.s.TokenService - [getToken,237] - user: madaosen, backend Token: Bearer eyJhbGciOiJIUzUxMiJ9.eyJsb2dpbl91c2VyX2tleSI6ImYxYmJiNjVhLTZlYzQtNDg4Ni1hY2M3LTdkZjdmYTkxZjA0YyJ9.2XbJLwaH0AcO9GmF4c9rYdGM1vOnRkWV0_M_G_RTfJNR28k4zwPCUDBXbnn5BPFglD0zNgiJDQM-I3kzB8s8Fg
14:49:10.103 [http-nio-9587-exec-10] INFO  c.r.f.w.s.TokenService - [getToken,237] - user: madaosen, backend Token: Bearer eyJhbGciOiJIUzUxMiJ9.eyJsb2dpbl91c2VyX2tleSI6ImYxYmJiNjVhLTZlYzQtNDg4Ni1hY2M3LTdkZjdmYTkxZjA0YyJ9.2XbJLwaH0AcO9GmF4c9rYdGM1vOnRkWV0_M_G_RTfJNR28k4zwPCUDBXbnn5BPFglD0zNgiJDQM-I3kzB8s8Fg
14:49:10.103 [http-nio-9587-exec-5] INFO  c.r.f.w.s.TokenService - [getToken,237] - user: madaosen, backend Token: Bearer eyJhbGciOiJIUzUxMiJ9.eyJsb2dpbl91c2VyX2tleSI6ImYxYmJiNjVhLTZlYzQtNDg4Ni1hY2M3LTdkZjdmYTkxZjA0YyJ9.2XbJLwaH0AcO9GmF4c9rYdGM1vOnRkWV0_M_G_RTfJNR28k4zwPCUDBXbnn5BPFglD0zNgiJDQM-I3kzB8s8Fg
14:49:10.104 [http-nio-9587-exec-1] INFO  c.r.f.w.s.TokenService - [getToken,237] - user: madaosen, backend Token: Bearer eyJhbGciOiJIUzUxMiJ9.eyJsb2dpbl91c2VyX2tleSI6ImYxYmJiNjVhLTZlYzQtNDg4Ni1hY2M3LTdkZjdmYTkxZjA0YyJ9.2XbJLwaH0AcO9GmF4c9rYdGM1vOnRkWV0_M_G_RTfJNR28k4zwPCUDBXbnn5BPFglD0zNgiJDQM-I3kzB8s8Fg
14:49:10.104 [http-nio-9587-exec-6] INFO  c.r.f.w.s.TokenService - [getToken,237] - user: madaosen, backend Token: Bearer eyJhbGciOiJIUzUxMiJ9.eyJsb2dpbl91c2VyX2tleSI6ImYxYmJiNjVhLTZlYzQtNDg4Ni1hY2M3LTdkZjdmYTkxZjA0YyJ9.2XbJLwaH0AcO9GmF4c9rYdGM1vOnRkWV0_M_G_RTfJNR28k4zwPCUDBXbnn5BPFglD0zNgiJDQM-I3kzB8s8Fg
14:49:10.108 [http-nio-9587-exec-9] INFO  c.r.f.w.s.TokenService - [getToken,237] - user: madaosen, backend Token: Bearer eyJhbGciOiJIUzUxMiJ9.eyJsb2dpbl91c2VyX2tleSI6ImYxYmJiNjVhLTZlYzQtNDg4Ni1hY2M3LTdkZjdmYTkxZjA0YyJ9.2XbJLwaH0AcO9GmF4c9rYdGM1vOnRkWV0_M_G_RTfJNR28k4zwPCUDBXbnn5BPFglD0zNgiJDQM-I3kzB8s8Fg
14:49:10.129 [http-nio-9587-exec-8] INFO  c.r.f.w.s.TokenService - [getToken,237] - user: madaosen, backend Token: Bearer eyJhbGciOiJIUzUxMiJ9.eyJsb2dpbl91c2VyX2tleSI6ImYxYmJiNjVhLTZlYzQtNDg4Ni1hY2M3LTdkZjdmYTkxZjA0YyJ9.2XbJLwaH0AcO9GmF4c9rYdGM1vOnRkWV0_M_G_RTfJNR28k4zwPCUDBXbnn5BPFglD0zNgiJDQM-I3kzB8s8Fg
14:49:10.134 [http-nio-9587-exec-3] INFO  c.r.f.w.s.TokenService - [getToken,237] - user: madaosen, backend Token: Bearer eyJhbGciOiJIUzUxMiJ9.eyJsb2dpbl91c2VyX2tleSI6ImYxYmJiNjVhLTZlYzQtNDg4Ni1hY2M3LTdkZjdmYTkxZjA0YyJ9.2XbJLwaH0AcO9GmF4c9rYdGM1vOnRkWV0_M_G_RTfJNR28k4zwPCUDBXbnn5BPFglD0zNgiJDQM-I3kzB8s8Fg
14:49:10.473 [http-nio-9587-exec-10] INFO  c.r.f.w.s.TokenService - [getToken,237] - user: madaosen, backend Token: Bearer eyJhbGciOiJIUzUxMiJ9.eyJsb2dpbl91c2VyX2tleSI6ImYxYmJiNjVhLTZlYzQtNDg4Ni1hY2M3LTdkZjdmYTkxZjA0YyJ9.2XbJLwaH0AcO9GmF4c9rYdGM1vOnRkWV0_M_G_RTfJNR28k4zwPCUDBXbnn5BPFglD0zNgiJDQM-I3kzB8s8Fg
14:49:10.473 [http-nio-9587-exec-2] INFO  c.r.f.w.s.TokenService - [getToken,237] - user: madaosen, backend Token: Bearer eyJhbGciOiJIUzUxMiJ9.eyJsb2dpbl91c2VyX2tleSI6ImYxYmJiNjVhLTZlYzQtNDg4Ni1hY2M3LTdkZjdmYTkxZjA0YyJ9.2XbJLwaH0AcO9GmF4c9rYdGM1vOnRkWV0_M_G_RTfJNR28k4zwPCUDBXbnn5BPFglD0zNgiJDQM-I3kzB8s8Fg
14:49:10.474 [http-nio-9587-exec-5] INFO  c.r.f.w.s.TokenService - [getToken,237] - user: madaosen, backend Token: Bearer eyJhbGciOiJIUzUxMiJ9.eyJsb2dpbl91c2VyX2tleSI6ImYxYmJiNjVhLTZlYzQtNDg4Ni1hY2M3LTdkZjdmYTkxZjA0YyJ9.2XbJLwaH0AcO9GmF4c9rYdGM1vOnRkWV0_M_G_RTfJNR28k4zwPCUDBXbnn5BPFglD0zNgiJDQM-I3kzB8s8Fg
14:49:10.474 [http-nio-9587-exec-8] INFO  c.r.f.w.s.TokenService - [getToken,237] - user: madaosen, backend Token: Bearer eyJhbGciOiJIUzUxMiJ9.eyJsb2dpbl91c2VyX2tleSI6ImYxYmJiNjVhLTZlYzQtNDg4Ni1hY2M3LTdkZjdmYTkxZjA0YyJ9.2XbJLwaH0AcO9GmF4c9rYdGM1vOnRkWV0_M_G_RTfJNR28k4zwPCUDBXbnn5BPFglD0zNgiJDQM-I3kzB8s8Fg
14:49:10.478 [http-nio-9587-exec-3] INFO  c.r.f.w.s.TokenService - [getToken,237] - user: madaosen, backend Token: Bearer eyJhbGciOiJIUzUxMiJ9.eyJsb2dpbl91c2VyX2tleSI6ImYxYmJiNjVhLTZlYzQtNDg4Ni1hY2M3LTdkZjdmYTkxZjA0YyJ9.2XbJLwaH0AcO9GmF4c9rYdGM1vOnRkWV0_M_G_RTfJNR28k4zwPCUDBXbnn5BPFglD0zNgiJDQM-I3kzB8s8Fg
14:49:10.479 [http-nio-9587-exec-7] INFO  c.r.f.w.s.TokenService - [getToken,237] - user: madaosen, backend Token: Bearer eyJhbGciOiJIUzUxMiJ9.eyJsb2dpbl91c2VyX2tleSI6ImYxYmJiNjVhLTZlYzQtNDg4Ni1hY2M3LTdkZjdmYTkxZjA0YyJ9.2XbJLwaH0AcO9GmF4c9rYdGM1vOnRkWV0_M_G_RTfJNR28k4zwPCUDBXbnn5BPFglD0zNgiJDQM-I3kzB8s8Fg
14:49:10.492 [http-nio-9587-exec-9] INFO  c.r.f.w.s.TokenService - [getToken,237] - user: madaosen, backend Token: Bearer eyJhbGciOiJIUzUxMiJ9.eyJsb2dpbl91c2VyX2tleSI6ImYxYmJiNjVhLTZlYzQtNDg4Ni1hY2M3LTdkZjdmYTkxZjA0YyJ9.2XbJLwaH0AcO9GmF4c9rYdGM1vOnRkWV0_M_G_RTfJNR28k4zwPCUDBXbnn5BPFglD0zNgiJDQM-I3kzB8s8Fg
14:49:10.492 [http-nio-9587-exec-4] INFO  c.r.f.w.s.TokenService - [getToken,237] - user: madaosen, backend Token: Bearer eyJhbGciOiJIUzUxMiJ9.eyJsb2dpbl91c2VyX2tleSI6ImYxYmJiNjVhLTZlYzQtNDg4Ni1hY2M3LTdkZjdmYTkxZjA0YyJ9.2XbJLwaH0AcO9GmF4c9rYdGM1vOnRkWV0_M_G_RTfJNR28k4zwPCUDBXbnn5BPFglD0zNgiJDQM-I3kzB8s8Fg
14:49:10.513 [http-nio-9587-exec-1] INFO  c.r.f.w.s.TokenService - [getToken,237] - user: madaosen, backend Token: Bearer eyJhbGciOiJIUzUxMiJ9.eyJsb2dpbl91c2VyX2tleSI6ImYxYmJiNjVhLTZlYzQtNDg4Ni1hY2M3LTdkZjdmYTkxZjA0YyJ9.2XbJLwaH0AcO9GmF4c9rYdGM1vOnRkWV0_M_G_RTfJNR28k4zwPCUDBXbnn5BPFglD0zNgiJDQM-I3kzB8s8Fg
14:49:10.533 [http-nio-9587-exec-7] INFO  c.r.f.w.s.TokenService - [getToken,237] - user: madaosen, backend Token: Bearer eyJhbGciOiJIUzUxMiJ9.eyJsb2dpbl91c2VyX2tleSI6ImYxYmJiNjVhLTZlYzQtNDg4Ni1hY2M3LTdkZjdmYTkxZjA0YyJ9.2XbJLwaH0AcO9GmF4c9rYdGM1vOnRkWV0_M_G_RTfJNR28k4zwPCUDBXbnn5BPFglD0zNgiJDQM-I3kzB8s8Fg
14:49:10.533 [http-nio-9587-exec-8] INFO  c.r.f.w.s.TokenService - [getToken,237] - user: madaosen, backend Token: Bearer eyJhbGciOiJIUzUxMiJ9.eyJsb2dpbl91c2VyX2tleSI6ImYxYmJiNjVhLTZlYzQtNDg4Ni1hY2M3LTdkZjdmYTkxZjA0YyJ9.2XbJLwaH0AcO9GmF4c9rYdGM1vOnRkWV0_M_G_RTfJNR28k4zwPCUDBXbnn5BPFglD0zNgiJDQM-I3kzB8s8Fg
14:49:10.533 [http-nio-9587-exec-3] INFO  c.r.f.w.s.TokenService - [getToken,237] - user: madaosen, backend Token: Bearer eyJhbGciOiJIUzUxMiJ9.eyJsb2dpbl91c2VyX2tleSI6ImYxYmJiNjVhLTZlYzQtNDg4Ni1hY2M3LTdkZjdmYTkxZjA0YyJ9.2XbJLwaH0AcO9GmF4c9rYdGM1vOnRkWV0_M_G_RTfJNR28k4zwPCUDBXbnn5BPFglD0zNgiJDQM-I3kzB8s8Fg
14:49:10.564 [http-nio-9587-exec-10] INFO  c.r.f.w.s.TokenService - [getToken,237] - user: madaosen, backend Token: Bearer eyJhbGciOiJIUzUxMiJ9.eyJsb2dpbl91c2VyX2tleSI6ImYxYmJiNjVhLTZlYzQtNDg4Ni1hY2M3LTdkZjdmYTkxZjA0YyJ9.2XbJLwaH0AcO9GmF4c9rYdGM1vOnRkWV0_M_G_RTfJNR28k4zwPCUDBXbnn5BPFglD0zNgiJDQM-I3kzB8s8Fg
14:49:10.564 [http-nio-9587-exec-5] INFO  c.r.f.w.s.TokenService - [getToken,237] - user: madaosen, backend Token: Bearer eyJhbGciOiJIUzUxMiJ9.eyJsb2dpbl91c2VyX2tleSI6ImYxYmJiNjVhLTZlYzQtNDg4Ni1hY2M3LTdkZjdmYTkxZjA0YyJ9.2XbJLwaH0AcO9GmF4c9rYdGM1vOnRkWV0_M_G_RTfJNR28k4zwPCUDBXbnn5BPFglD0zNgiJDQM-I3kzB8s8Fg
14:49:10.566 [http-nio-9587-exec-7] INFO  c.r.f.w.s.TokenService - [getToken,237] - user: madaosen, backend Token: Bearer eyJhbGciOiJIUzUxMiJ9.eyJsb2dpbl91c2VyX2tleSI6ImYxYmJiNjVhLTZlYzQtNDg4Ni1hY2M3LTdkZjdmYTkxZjA0YyJ9.2XbJLwaH0AcO9GmF4c9rYdGM1vOnRkWV0_M_G_RTfJNR28k4zwPCUDBXbnn5BPFglD0zNgiJDQM-I3kzB8s8Fg
14:49:10.566 [http-nio-9587-exec-2] INFO  c.r.f.w.s.TokenService - [getToken,237] - user: madaosen, backend Token: Bearer eyJhbGciOiJIUzUxMiJ9.eyJsb2dpbl91c2VyX2tleSI6ImYxYmJiNjVhLTZlYzQtNDg4Ni1hY2M3LTdkZjdmYTkxZjA0YyJ9.2XbJLwaH0AcO9GmF4c9rYdGM1vOnRkWV0_M_G_RTfJNR28k4zwPCUDBXbnn5BPFglD0zNgiJDQM-I3kzB8s8Fg
14:49:10.569 [http-nio-9587-exec-8] INFO  c.r.f.w.s.TokenService - [getToken,237] - user: madaosen, backend Token: Bearer eyJhbGciOiJIUzUxMiJ9.eyJsb2dpbl91c2VyX2tleSI6ImYxYmJiNjVhLTZlYzQtNDg4Ni1hY2M3LTdkZjdmYTkxZjA0YyJ9.2XbJLwaH0AcO9GmF4c9rYdGM1vOnRkWV0_M_G_RTfJNR28k4zwPCUDBXbnn5BPFglD0zNgiJDQM-I3kzB8s8Fg
14:49:10.760 [http-nio-9587-exec-1] INFO  c.r.f.w.s.TokenService - [getToken,237] - user: madaosen, backend Token: Bearer eyJhbGciOiJIUzUxMiJ9.eyJsb2dpbl91c2VyX2tleSI6ImYxYmJiNjVhLTZlYzQtNDg4Ni1hY2M3LTdkZjdmYTkxZjA0YyJ9.2XbJLwaH0AcO9GmF4c9rYdGM1vOnRkWV0_M_G_RTfJNR28k4zwPCUDBXbnn5BPFglD0zNgiJDQM-I3kzB8s8Fg
14:49:10.787 [http-nio-9587-exec-6] INFO  c.r.f.w.s.TokenService - [getToken,237] - user: madaosen, backend Token: Bearer eyJhbGciOiJIUzUxMiJ9.eyJsb2dpbl91c2VyX2tleSI6ImYxYmJiNjVhLTZlYzQtNDg4Ni1hY2M3LTdkZjdmYTkxZjA0YyJ9.2XbJLwaH0AcO9GmF4c9rYdGM1vOnRkWV0_M_G_RTfJNR28k4zwPCUDBXbnn5BPFglD0zNgiJDQM-I3kzB8s8Fg
14:49:10.845 [http-nio-9587-exec-7] INFO  c.r.f.w.s.TokenService - [getToken,237] - user: madaosen, backend Token: Bearer eyJhbGciOiJIUzUxMiJ9.eyJsb2dpbl91c2VyX2tleSI6ImYxYmJiNjVhLTZlYzQtNDg4Ni1hY2M3LTdkZjdmYTkxZjA0YyJ9.2XbJLwaH0AcO9GmF4c9rYdGM1vOnRkWV0_M_G_RTfJNR28k4zwPCUDBXbnn5BPFglD0zNgiJDQM-I3kzB8s8Fg
14:49:40.179 [http-nio-9587-exec-10] INFO  c.r.f.w.s.TokenService - [getToken,237] - user: madaosen, backend Token: Bearer eyJhbGciOiJIUzUxMiJ9.eyJsb2dpbl91c2VyX2tleSI6ImYxYmJiNjVhLTZlYzQtNDg4Ni1hY2M3LTdkZjdmYTkxZjA0YyJ9.2XbJLwaH0AcO9GmF4c9rYdGM1vOnRkWV0_M_G_RTfJNR28k4zwPCUDBXbnn5BPFglD0zNgiJDQM-I3kzB8s8Fg
14:49:40.530 [http-nio-9587-exec-9] INFO  c.r.f.w.s.TokenService - [getToken,237] - user: madaosen, backend Token: Bearer eyJhbGciOiJIUzUxMiJ9.eyJsb2dpbl91c2VyX2tleSI6ImYxYmJiNjVhLTZlYzQtNDg4Ni1hY2M3LTdkZjdmYTkxZjA0YyJ9.2XbJLwaH0AcO9GmF4c9rYdGM1vOnRkWV0_M_G_RTfJNR28k4zwPCUDBXbnn5BPFglD0zNgiJDQM-I3kzB8s8Fg
14:49:40.534 [http-nio-9587-exec-6] INFO  c.r.f.w.s.TokenService - [getToken,237] - user: madaosen, backend Token: Bearer eyJhbGciOiJIUzUxMiJ9.eyJsb2dpbl91c2VyX2tleSI6ImYxYmJiNjVhLTZlYzQtNDg4Ni1hY2M3LTdkZjdmYTkxZjA0YyJ9.2XbJLwaH0AcO9GmF4c9rYdGM1vOnRkWV0_M_G_RTfJNR28k4zwPCUDBXbnn5BPFglD0zNgiJDQM-I3kzB8s8Fg
14:49:40.534 [http-nio-9587-exec-1] INFO  c.r.f.w.s.TokenService - [getToken,237] - user: madaosen, backend Token: Bearer eyJhbGciOiJIUzUxMiJ9.eyJsb2dpbl91c2VyX2tleSI6ImYxYmJiNjVhLTZlYzQtNDg4Ni1hY2M3LTdkZjdmYTkxZjA0YyJ9.2XbJLwaH0AcO9GmF4c9rYdGM1vOnRkWV0_M_G_RTfJNR28k4zwPCUDBXbnn5BPFglD0zNgiJDQM-I3kzB8s8Fg
14:49:40.570 [http-nio-9587-exec-7] INFO  c.r.f.w.s.TokenService - [getToken,237] - user: madaosen, backend Token: Bearer eyJhbGciOiJIUzUxMiJ9.eyJsb2dpbl91c2VyX2tleSI6ImYxYmJiNjVhLTZlYzQtNDg4Ni1hY2M3LTdkZjdmYTkxZjA0YyJ9.2XbJLwaH0AcO9GmF4c9rYdGM1vOnRkWV0_M_G_RTfJNR28k4zwPCUDBXbnn5BPFglD0zNgiJDQM-I3kzB8s8Fg
14:49:40.894 [http-nio-9587-exec-7] INFO  c.r.w.s.i.DigitalEmployeeAgentServiceImpl - [prepareChat,584] - [DEBUG] 数字员工实际发送prompt employeeCode=kcts-todo-employee conversationId=kcts-demo-1788504468898-3d9d8fe3 prompt=@待办数字员工

以下 JSON 中 currentUser 由科创智方服务端生成；clientReferences 仅是界面引用线索，涉及读取或写入业务数据时必须再次调用科创智方受控接口校验。附件 fileId 也必须按当前用户和 conversationId 校验后才能读取。
{"conversationId":"kcts-demo-1788504468898-3d9d8fe3","attachments":[],"currentUser":{"roleId":"fill_role","roleIds":["operational_improvement_planner_role","pf_unit_dept_leader_role","annual_project_approval_fill_role","fill_role","rd_unit_director_role","unit_verify_role","chief_engineer_leader_role","ai_audit_rule","product_innovation_accept_role","chief_engineer_director_role","workflow_user_update_role","email","rd_unit_leader_role","professional_leader_role","pf_project_manager_role","verify_role","software_cost_manager_role","allocation_role","prospective_study_planner_role","project_read_all_role","science_technology_fill_role","pf_director_role","self_develop_planner_role","hgbz","science_technology_read_role","chief_engineer_manager_role","product_innovation_planner_role","other_accept_role"],"userName":"madaosen","userId":"460","displayName":"madaosen"},"clientReferences":{"businessReferences":[{"id":"task:2094616833662640128:ConfirmInitiationProjectInfo:1","kind":"todo","name":"当前任务 · 确认项目信息","projectId":"2094616833662640128","projectName":"测试流程表单","status":"确认项目信息","taskId":"bade1604-a82c-11f1-b194-da3bbfe162e3","taskKey":"ConfirmInitiationProjectInfo"}]},"todoContext":{"schemaVersion":"1.0","status":"ready","task":{"taskId":"bade1604-a82c-11f1-b194-da3bbfe162e3","taskKey":"ConfirmInitiationProjectInfo","taskName":"确认项目信息","projectId":"2094616833662640128","projectName":"测试流程表单","roleLabel":"当前办理人","actionType":"approval","canReject":true},"confirmation":{"required":true,"submitBy":"browser_session","submitToolAllowed":false,"label":"确认办理"},"project":{"id":"2094616833662640128","name":"测试流程表单","projectCategory":"prospective_study","projectCategoryName":"前瞻研究","projectProfessionalField":"1","projectProfessionalFieldName":"前瞻研究","isPlanProject":"2031546865748692995","isSelfDeveloped":0,"isBaseCutting":0,"requirementUnit":"zqj","requirementUnitName":"中区局","undertakeUnit":"SHGSRHCXYFJD","undertakeUnitName":"上海公司融合创新研发基地","operationUnit":"shgsrhcxyfjd","planStartDate":"2026-09-16","planEndDate":"2027-01-23"},"formSchema":[{"controlId":"FormProperty_2hs0pam","controlType":"radio","label":"审批意见","value":"","displayValue":"","required":false,"modelMaySuggest":true,"humanConfirmationRequired":true,"options":[{"value":"0","label":"同意"},{"value":"1","label":"不同意"}]},{"controlId":"FormProperty_2pa462m","controlType":"textarea","label":"处理意见","value":"","displayValue":"","required":false,"modelMaySuggest":true,"humanConfirmationRequired":true,"options":[]}],"responseContract":{"type":"kcts.todo_form_patch","patchKey":"formPatch","knownControlIds":["FormProperty_2hs0pam","FormProperty_2pa462m"],"rules":["只能建议 formSchema 中存在的 controlId","select 和 radio 只能使用 options 中的 value","没有充分依据的字段必须留空并加入 missingFields","不得调用工具或接口提交审批，最终提交必须由浏览器当前登录用户确认"]}}}

本轮是科创智方待办辅助，todoContext 是服务端权威上下文。仅使用其中 project、formSchema 和节点 signals；不调用工具，不伪造控件或人员，不替用户提交。审批意见 radio 只用 decisionSuggestion 表达，不列入 formPatch 或 missingFields。处理意见限60个汉字；其他当前结论下的必填项无法确定时才列入 missingFields，此时 status=needs_input 且不建议 approve。只返回符合 responseContract 的一个 kcts.todo_form_patch JSON 对象，不要 Markdown 或额外说明。
14:49:41.774 [http-nio-9587-exec-10] INFO  c.r.f.w.s.TokenService - [getToken,237] - user: madaosen, backend Token: Bearer eyJhbGciOiJIUzUxMiJ9.eyJsb2dpbl91c2VyX2tleSI6ImYxYmJiNjVhLTZlYzQtNDg4Ni1hY2M3LTdkZjdmYTkxZjA0YyJ9.2XbJLwaH0AcO9GmF4c9rYdGM1vOnRkWV0_M_G_RTfJNR28k4zwPCUDBXbnn5BPFglD0zNgiJDQM-I3kzB8s8Fg
14:49:42.976 [http-nio-9587-exec-2] INFO  c.r.f.w.s.TokenService - [getToken,237] - user: madaosen, backend Token: Bearer eyJhbGciOiJIUzUxMiJ9.eyJsb2dpbl91c2VyX2tleSI6ImYxYmJiNjVhLTZlYzQtNDg4Ni1hY2M3LTdkZjdmYTkxZjA0YyJ9.2XbJLwaH0AcO9GmF4c9rYdGM1vOnRkWV0_M_G_RTfJNR28k4zwPCUDBXbnn5BPFglD0zNgiJDQM-I3kzB8s8Fg
14:49:44.172 [http-nio-9587-exec-9] INFO  c.r.f.w.s.TokenService - [getToken,237] - user: madaosen, backend Token: Bearer eyJhbGciOiJIUzUxMiJ9.eyJsb2dpbl91c2VyX2tleSI6ImYxYmJiNjVhLTZlYzQtNDg4Ni1hY2M3LTdkZjdmYTkxZjA0YyJ9.2XbJLwaH0AcO9GmF4c9rYdGM1vOnRkWV0_M_G_RTfJNR28k4zwPCUDBXbnn5BPFglD0zNgiJDQM-I3kzB8s8Fg
14:49:45.373 [http-nio-9587-exec-1] INFO  c.r.f.w.s.TokenService - [getToken,237] - user: madaosen, backend Token: Bearer eyJhbGciOiJIUzUxMiJ9.eyJsb2dpbl91c2VyX2tleSI6ImYxYmJiNjVhLTZlYzQtNDg4Ni1hY2M3LTdkZjdmYTkxZjA0YyJ9.2XbJLwaH0AcO9GmF4c9rYdGM1vOnRkWV0_M_G_RTfJNR28k4zwPCUDBXbnn5BPFglD0zNgiJDQM-I3kzB8s8Fg
14:49:46.573 [http-nio-9587-exec-7] INFO  c.r.f.w.s.TokenService - [getToken,237] - user: madaosen, backend Token: Bearer eyJhbGciOiJIUzUxMiJ9.eyJsb2dpbl91c2VyX2tleSI6ImYxYmJiNjVhLTZlYzQtNDg4Ni1hY2M3LTdkZjdmYTkxZjA0YyJ9.2XbJLwaH0AcO9GmF4c9rYdGM1vOnRkWV0_M_G_RTfJNR28k4zwPCUDBXbnn5BPFglD0zNgiJDQM-I3kzB8s8Fg
14:49:47.777 [http-nio-9587-exec-10] INFO  c.r.f.w.s.TokenService - [getToken,237] - user: madaosen, backend Token: Bearer eyJhbGciOiJIUzUxMiJ9.eyJsb2dpbl91c2VyX2tleSI6ImYxYmJiNjVhLTZlYzQtNDg4Ni1hY2M3LTdkZjdmYTkxZjA0YyJ9.2XbJLwaH0AcO9GmF4c9rYdGM1vOnRkWV0_M_G_RTfJNR28k4zwPCUDBXbnn5BPFglD0zNgiJDQM-I3kzB8s8Fg
14:49:48.976 [http-nio-9587-exec-2] INFO  c.r.f.w.s.TokenService - [getToken,237] - user: madaosen, backend Token: Bearer eyJhbGciOiJIUzUxMiJ9.eyJsb2dpbl91c2VyX2tleSI6ImYxYmJiNjVhLTZlYzQtNDg4Ni1hY2M3LTdkZjdmYTkxZjA0YyJ9.2XbJLwaH0AcO9GmF4c9rYdGM1vOnRkWV0_M_G_RTfJNR28k4zwPCUDBXbnn5BPFglD0zNgiJDQM-I3kzB8s8Fg
14:49:49.571 [http-nio-9587-exec-6] INFO  c.r.f.w.s.TokenService - [getToken,237] - user: madaosen, backend Token: Bearer eyJhbGciOiJIUzUxMiJ9.eyJsb2dpbl91c2VyX2tleSI6ImYxYmJiNjVhLTZlYzQtNDg4Ni1hY2M3LTdkZjdmYTkxZjA0YyJ9.2XbJLwaH0AcO9GmF4c9rYdGM1vOnRkWV0_M_G_RTfJNR28k4zwPCUDBXbnn5BPFglD0zNgiJDQM-I3kzB8s8Fg
14:49:49.616 [http-nio-9587-exec-3] INFO  c.r.f.w.s.TokenService - [getToken,237] - user: madaosen, backend Token: Bearer eyJhbGciOiJIUzUxMiJ9.eyJsb2dpbl91c2VyX2tleSI6ImYxYmJiNjVhLTZlYzQtNDg4Ni1hY2M3LTdkZjdmYTkxZjA0YyJ9.2XbJLwaH0AcO9GmF4c9rYdGM1vOnRkWV0_M_G_RTfJNR28k4zwPCUDBXbnn5BPFglD0zNgiJDQM-I3kzB8s8Fg
14:49:49.955 [http-nio-9587-exec-8] INFO  c.r.f.w.s.TokenService - [getToken,237] - user: madaosen, backend Token: Bearer eyJhbGciOiJIUzUxMiJ9.eyJsb2dpbl91c2VyX2tleSI6ImYxYmJiNjVhLTZlYzQtNDg4Ni1hY2M3LTdkZjdmYTkxZjA0YyJ9.2XbJLwaH0AcO9GmF4c9rYdGM1vOnRkWV0_M_G_RTfJNR28k4zwPCUDBXbnn5BPFglD0zNgiJDQM-I3kzB8s8Fg
14:49:50.177 [http-nio-9587-exec-4] INFO  c.r.f.w.s.TokenService - [getToken,237] - user: madaosen, backend Token: Bearer eyJhbGciOiJIUzUxMiJ9.eyJsb2dpbl91c2VyX2tleSI6ImYxYmJiNjVhLTZlYzQtNDg4Ni1hY2M3LTdkZjdmYTkxZjA0YyJ9.2XbJLwaH0AcO9GmF4c9rYdGM1vOnRkWV0_M_G_RTfJNR28k4zwPCUDBXbnn5BPFglD0zNgiJDQM-I3kzB8s8Fg
14:49:50.780 [http-nio-9587-exec-5] INFO  c.r.f.w.s.TokenService - [getToken,237] - user: madaosen, backend Token: Bearer eyJhbGciOiJIUzUxMiJ9.eyJsb2dpbl91c2VyX2tleSI6ImYxYmJiNjVhLTZlYzQtNDg4Ni1hY2M3LTdkZjdmYTkxZjA0YyJ9.2XbJLwaH0AcO9GmF4c9rYdGM1vOnRkWV0_M_G_RTfJNR28k4zwPCUDBXbnn5BPFglD0zNgiJDQM-I3kzB8s8Fg
14:49:50.800 [http-nio-9587-exec-6] INFO  c.r.f.w.s.TokenService - [getToken,237] - user: madaosen, backend Token: Bearer eyJhbGciOiJIUzUxMiJ9.eyJsb2dpbl91c2VyX2tleSI6ImYxYmJiNjVhLTZlYzQtNDg4Ni1hY2M3LTdkZjdmYTkxZjA0YyJ9.2XbJLwaH0AcO9GmF4c9rYdGM1vOnRkWV0_M_G_RTfJNR28k4zwPCUDBXbnn5BPFglD0zNgiJDQM-I3kzB8s8Fg
14:51:14.924 [http-nio-9587-exec-5] INFO  c.r.f.w.s.TokenService - [getToken,237] - user: madaosen, backend Token: Bearer eyJhbGciOiJIUzUxMiJ9.eyJsb2dpbl91c2VyX2tleSI6ImYxYmJiNjVhLTZlYzQtNDg4Ni1hY2M3LTdkZjdmYTkxZjA0YyJ9.2XbJLwaH0AcO9GmF4c9rYdGM1vOnRkWV0_M_G_RTfJNR28k4zwPCUDBXbnn5BPFglD0zNgiJDQM-I3kzB8s8Fg
14:51:15.115 [http-nio-9587-exec-5] INFO  c.r.w.l.TaskEventV2Listener - [onEvent,105] - EVENT :TASK_ASSIGNED
14:51:15.135 [http-nio-9587-exec-5] INFO  c.r.w.l.TaskEventV2Listener - [onEvent,105] - EVENT :TASK_COMPLETED
14:51:15.137 [http-nio-9587-exec-5] INFO  c.r.w.l.TaskEventV2Listener - [onEvent,121] - username :qzjhy
14:51:15.248 [http-nio-9587-exec-5] INFO  c.r.w.l.TaskEventV2Listener - [onEvent,121] - username :71074767
14:51:15.338 [http-nio-9587-exec-5] INFO  c.r.w.l.TaskEventV2Listener - [onEvent,121] - username :31027380
14:51:15.429 [http-nio-9587-exec-5] INFO  c.r.w.l.TaskEventV2Listener - [onEvent,121] - username :31001583
14:51:15.430 [http-nio-9587-exec-5] INFO  c.r.w.l.TaskEventV2Listener - [onEvent,121] - username :31100594
14:51:15.514 [http-nio-9587-exec-5] INFO  c.r.w.l.TaskEventV2Listener - [onEvent,121] - username :madaosen
14:51:15.608 [http-nio-9587-exec-5] INFO  c.r.w.l.TaskEventV2Listener - [onEvent,121] - username :zhuweibao
14:51:15.707 [http-nio-9587-exec-5] INFO  c.r.w.l.TaskEventV2Listener - [onEvent,121] - username :daiqi
14:51:15.800 [http-nio-9587-exec-5] INFO  c.r.w.l.TaskEventV2Listener - [onEvent,121] - username :xiaoneng
14:51:15.887 [http-nio-9587-exec-5] INFO  c.r.w.l.TaskEventV2Listener - [onEvent,121] - username :enci
14:51:15.996 [http-nio-9587-exec-5] INFO  c.r.w.l.TaskEventV2Listener - [onEvent,105] - EVENT :TASK_CREATED
14:51:15.999 [http-nio-9587-exec-5] INFO  c.r.f.w.s.TokenService - [getToken,237] - user: madaosen, backend Token: Bearer eyJhbGciOiJIUzUxMiJ9.eyJsb2dpbl91c2VyX2tleSI6ImYxYmJiNjVhLTZlYzQtNDg4Ni1hY2M3LTdkZjdmYTkxZjA0YyJ9.2XbJLwaH0AcO9GmF4c9rYdGM1vOnRkWV0_M_G_RTfJNR28k4zwPCUDBXbnn5BPFglD0zNgiJDQM-I3kzB8s8Fg
14:51:16.003 [http-nio-9587-exec-5] INFO  c.r.w.s.i.AiAgentTaskExecutionServiceImpl - [createWorkflowNodeTasks,320] - 审批流程节点未绑定自动执行且已启用的Agent，projectId=2094616833662640128, nodeId=PmFillProjectInfo
14:51:16.003 [http-nio-9587-exec-5] INFO  c.r.w.l.TaskEventV2Listener - [onEvent,127] - username :zy01
14:51:16.100 [http-nio-9587-exec-5] INFO  c.r.w.l.TaskEventV2Listener - [createOaTask,240] - task0: Task{createDate='2026-09-04 14:51:16', createOrg='45', createUser='madaosen', createUserName='madaosen', expiryDate='null', kindName='null', moduleName='null', needInputPwd='null', oaIId='null', oaMkId='null', receiveUser='zy01', receiveUserName='戴美', synId='null', synType='1', taskId='066bab6c-a82d-11f1-b194-da3bbfe162e3', tasksType='1', title='全生命周期平台督办：项目管理员输入项目信息--测试流程表单', type='0', url='http://www.sh.ctc.com/EFFPRO2/oa_verify?taskId=066b363b-a82d-11f1-b194-da3bbfe162e3&redirect=%2FEFFPRO2%2Fproject%2FagencyProject%2FdetailPage%3Fid%3D2094616833662640128'}
14:51:16.103 [http-nio-9587-exec-5] INFO  c.r.w.l.TaskEventV2Listener - [onEvent,127] - username :pfpm01
14:51:16.196 [http-nio-9587-exec-5] INFO  c.r.w.l.TaskEventV2Listener - [createOaTask,240] - task0: Task{createDate='2026-09-04 14:51:16', createOrg='45', createUser='madaosen', createUserName='madaosen', expiryDate='null', kindName='null', moduleName='null', needInputPwd='null', oaIId='null', oaMkId='null', receiveUser='pfpm01', receiveUserName='葛云萍', synId='null', synType='1', taskId='066bd27e-a82d-11f1-b194-da3bbfe162e3', tasksType='1', title='全生命周期平台督办：项目管理员输入项目信息--测试流程表单', type='0', url='http://www.sh.ctc.com/EFFPRO2/oa_verify?taskId=066b363b-a82d-11f1-b194-da3bbfe162e3&redirect=%2FEFFPRO2%2Fproject%2FagencyProject%2FdetailPage%3Fid%3D2094616833662640128'}
14:51:16.198 [http-nio-9587-exec-5] INFO  c.r.w.l.TaskEventV2Listener - [onEvent,127] - username :31027380
14:51:16.278 [http-nio-9587-exec-5] INFO  c.r.w.l.TaskEventV2Listener - [createOaTask,240] - task0: Task{createDate='2026-09-04 14:51:16', createOrg='45', createUser='madaosen', createUserName='madaosen', expiryDate='null', kindName='null', moduleName='null', needInputPwd='null', oaIId='null', oaMkId='null', receiveUser='31027380', receiveUserName='林赟炜', synId='null', synType='1', taskId='066bd280-a82d-11f1-b194-da3bbfe162e3', tasksType='1', title='全生命周期平台督办：项目管理员输入项目信息--测试流程表单', type='0', url='http://www.sh.ctc.com/EFFPRO2/oa_verify?taskId=066b363b-a82d-11f1-b194-da3bbfe162e3&redirect=%2FEFFPRO2%2Fproject%2FagencyProject%2FdetailPage%3Fid%3D2094616833662640128'}
14:51:16.280 [http-nio-9587-exec-5] INFO  c.r.w.l.TaskEventV2Listener - [onEvent,127] - username :31001583
14:51:16.282 [http-nio-9587-exec-5] INFO  c.r.w.l.TaskEventV2Listener - [onEvent,127] - username :31071988
14:51:16.359 [http-nio-9587-exec-5] INFO  c.r.w.l.TaskEventV2Listener - [createOaTask,240] - task0: Task{createDate='2026-09-04 14:51:16', createOrg='45', createUser='madaosen', createUserName='madaosen', expiryDate='null', kindName='null', moduleName='null', needInputPwd='null', oaIId='null', oaMkId='null', receiveUser='31071988', receiveUserName='戴美2', synId='null', synType='1', taskId='066bd282-a82d-11f1-b194-da3bbfe162e3', tasksType='1', title='全生命周期平台督办：项目管理员输入项目信息--测试流程表单', type='0', url='http://www.sh.ctc.com/EFFPRO2/oa_verify?taskId=066b363b-a82d-11f1-b194-da3bbfe162e3&redirect=%2FEFFPRO2%2Fproject%2FagencyProject%2FdetailPage%3Fid%3D2094616833662640128'}
14:51:16.361 [http-nio-9587-exec-5] INFO  c.r.w.l.TaskEventV2Listener - [onEvent,127] - username :madaosen
14:51:16.445 [http-nio-9587-exec-5] INFO  c.r.w.l.TaskEventV2Listener - [createOaTask,240] - task0: Task{createDate='2026-09-04 14:51:16', createOrg='45', createUser='madaosen', createUserName='madaosen', expiryDate='null', kindName='null', moduleName='null', needInputPwd='null', oaIId='null', oaMkId='null', receiveUser='madaosen', receiveUserName='madaosen', synId='null', synType='1', taskId='066bd284-a82d-11f1-b194-da3bbfe162e3', tasksType='1', title='全生命周期平台督办：项目管理员输入项目信息--测试流程表单', type='0', url='http://www.sh.ctc.com/EFFPRO2/oa_verify?taskId=066b363b-a82d-11f1-b194-da3bbfe162e3&redirect=%2FEFFPRO2%2Fproject%2FagencyProject%2FdetailPage%3Fid%3D2094616833662640128'}
14:51:16.446 [http-nio-9587-exec-5] INFO  c.r.w.l.TaskEventV2Listener - [onEvent,127] - username :mds01
14:51:16.531 [http-nio-9587-exec-5] INFO  c.r.w.l.TaskEventV2Listener - [createOaTask,240] - task0: Task{createDate='2026-09-04 14:51:16', createOrg='45', createUser='madaosen', createUserName='madaosen', expiryDate='null', kindName='null', moduleName='null', needInputPwd='null', oaIId='null', oaMkId='null', receiveUser='mds01', receiveUserName='mds01', synId='null', synType='1', taskId='066bd285-a82d-11f1-b194-da3bbfe162e3', tasksType='1', title='全生命周期平台督办：项目管理员输入项目信息--测试流程表单', type='0', url='http://www.sh.ctc.com/EFFPRO2/oa_verify?taskId=066b363b-a82d-11f1-b194-da3bbfe162e3&redirect=%2FEFFPRO2%2Fproject%2FagencyProject%2FdetailPage%3Fid%3D2094616833662640128'}
14:51:16.533 [http-nio-9587-exec-5] INFO  c.r.w.l.TaskEventV2Listener - [onEvent,127] - username :daiqi
14:51:16.616 [http-nio-9587-exec-5] INFO  c.r.w.l.TaskEventV2Listener - [createOaTask,240] - task0: Task{createDate='2026-09-04 14:51:16', createOrg='45', createUser='madaosen', createUserName='madaosen', expiryDate='null', kindName='null', moduleName='null', needInputPwd='null', oaIId='null', oaMkId='null', receiveUser='daiqi', receiveUserName='daiqi', synId='null', synType='1', taskId='066bd287-a82d-11f1-b194-da3bbfe162e3', tasksType='1', title='全生命周期平台督办：项目管理员输入项目信息--测试流程表单', type='0', url='http://www.sh.ctc.com/EFFPRO2/oa_verify?taskId=066b363b-a82d-11f1-b194-da3bbfe162e3&redirect=%2FEFFPRO2%2Fproject%2FagencyProject%2FdetailPage%3Fid%3D2094616833662640128'}
14:51:16.619 [http-nio-9587-exec-5] INFO  c.r.w.l.TaskEventV2Listener - [onEvent,127] - username :ceshi_shenhe
14:51:16.709 [http-nio-9587-exec-5] INFO  c.r.w.l.TaskEventV2Listener - [createOaTask,240] - task0: Task{createDate='2026-09-04 14:51:16', createOrg='45', createUser='madaosen', createUserName='madaosen', expiryDate='null', kindName='null', moduleName='null', needInputPwd='null', oaIId='null', oaMkId='null', receiveUser='ceshi_shenhe', receiveUserName='融创单位审核员', synId='null', synType='1', taskId='066bd288-a82d-11f1-b194-da3bbfe162e3', tasksType='1', title='全生命周期平台督办：项目管理员输入项目信息--测试流程表单', type='0', url='http://www.sh.ctc.com/EFFPRO2/oa_verify?taskId=066b363b-a82d-11f1-b194-da3bbfe162e3&redirect=%2FEFFPRO2%2Fproject%2FagencyProject%2FdetailPage%3Fid%3D2094616833662640128'}
14:51:16.710 [http-nio-9587-exec-5] INFO  c.r.w.l.TaskEventV2Listener - [onEvent,127] - username :xiaoneng
14:51:16.812 [http-nio-9587-exec-5] INFO  c.r.w.l.TaskEventV2Listener - [createOaTask,240] - task0: Task{createDate='2026-09-04 14:51:16', createOrg='45', createUser='madaosen', createUserName='madaosen', expiryDate='null', kindName='null', moduleName='null', needInputPwd='null', oaIId='null', oaMkId='null', receiveUser='xiaoneng', receiveUserName='小能', synId='null', synType='1', taskId='066bd28a-a82d-11f1-b194-da3bbfe162e3', tasksType='1', title='全生命周期平台督办：项目管理员输入项目信息--测试流程表单', type='0', url='http://www.sh.ctc.com/EFFPRO2/oa_verify?taskId=066b363b-a82d-11f1-b194-da3bbfe162e3&redirect=%2FEFFPRO2%2Fproject%2FagencyProject%2FdetailPage%3Fid%3D2094616833662640128'}
14:51:16.814 [http-nio-9587-exec-5] INFO  c.r.w.l.TaskEventV2Listener - [onEvent,127] - username :enci
14:51:16.914 [http-nio-9587-exec-5] INFO  c.r.w.l.TaskEventV2Listener - [createOaTask,240] - task0: Task{createDate='2026-09-04 14:51:16', createOrg='45', createUser='madaosen', createUserName='madaosen', expiryDate='null', kindName='null', moduleName='null', needInputPwd='null', oaIId='null', oaMkId='null', receiveUser='enci', receiveUserName='enci', synId='null', synType='1', taskId='066bd28b-a82d-11f1-b194-da3bbfe162e3', tasksType='1', title='全生命周期平台督办：项目管理员输入项目信息--测试流程表单', type='0', url='http://www.sh.ctc.com/EFFPRO2/oa_verify?taskId=066b363b-a82d-11f1-b194-da3bbfe162e3&redirect=%2FEFFPRO2%2Fproject%2FagencyProject%2FdetailPage%3Fid%3D2094616833662640128'}
14:51:16.988 [http-nio-9587-exec-8] INFO  c.r.f.w.s.TokenService - [getToken,237] - user: madaosen, backend Token: Bearer eyJhbGciOiJIUzUxMiJ9.eyJsb2dpbl91c2VyX2tleSI6ImYxYmJiNjVhLTZlYzQtNDg4Ni1hY2M3LTdkZjdmYTkxZjA0YyJ9.2XbJLwaH0AcO9GmF4c9rYdGM1vOnRkWV0_M_G_RTfJNR28k4zwPCUDBXbnn5BPFglD0zNgiJDQM-I3kzB8s8Fg
14:51:16.994 [http-nio-9587-exec-5] INFO  c.r.f.w.s.TokenService - [getToken,237] - user: madaosen, backend Token: Bearer eyJhbGciOiJIUzUxMiJ9.eyJsb2dpbl91c2VyX2tleSI6ImYxYmJiNjVhLTZlYzQtNDg4Ni1hY2M3LTdkZjdmYTkxZjA0YyJ9.2XbJLwaH0AcO9GmF4c9rYdGM1vOnRkWV0_M_G_RTfJNR28k4zwPCUDBXbnn5BPFglD0zNgiJDQM-I3kzB8s8Fg
14:51:16.995 [http-nio-9587-exec-4] INFO  c.r.f.w.s.TokenService - [getToken,237] - user: madaosen, backend Token: Bearer eyJhbGciOiJIUzUxMiJ9.eyJsb2dpbl91c2VyX2tleSI6ImYxYmJiNjVhLTZlYzQtNDg4Ni1hY2M3LTdkZjdmYTkxZjA0YyJ9.2XbJLwaH0AcO9GmF4c9rYdGM1vOnRkWV0_M_G_RTfJNR28k4zwPCUDBXbnn5BPFglD0zNgiJDQM-I3kzB8s8Fg
14:51:16.996 [http-nio-9587-exec-6] INFO  c.r.f.w.s.TokenService - [getToken,237] - user: madaosen, backend Token: Bearer eyJhbGciOiJIUzUxMiJ9.eyJsb2dpbl91c2VyX2tleSI6ImYxYmJiNjVhLTZlYzQtNDg4Ni1hY2M3LTdkZjdmYTkxZjA0YyJ9.2XbJLwaH0AcO9GmF4c9rYdGM1vOnRkWV0_M_G_RTfJNR28k4zwPCUDBXbnn5BPFglD0zNgiJDQM-I3kzB8s8Fg
14:51:16.997 [http-nio-9587-exec-9] INFO  c.r.f.w.s.TokenService - [getToken,237] - user: madaosen, backend Token: Bearer eyJhbGciOiJIUzUxMiJ9.eyJsb2dpbl91c2VyX2tleSI6ImYxYmJiNjVhLTZlYzQtNDg4Ni1hY2M3LTdkZjdmYTkxZjA0YyJ9.2XbJLwaH0AcO9GmF4c9rYdGM1vOnRkWV0_M_G_RTfJNR28k4zwPCUDBXbnn5BPFglD0zNgiJDQM-I3kzB8s8Fg
14:51:16.996 [http-nio-9587-exec-3] INFO  c.r.f.w.s.TokenService - [getToken,237] - user: madaosen, backend Token: Bearer eyJhbGciOiJIUzUxMiJ9.eyJsb2dpbl91c2VyX2tleSI6ImYxYmJiNjVhLTZlYzQtNDg4Ni1hY2M3LTdkZjdmYTkxZjA0YyJ9.2XbJLwaH0AcO9GmF4c9rYdGM1vOnRkWV0_M_G_RTfJNR28k4zwPCUDBXbnn5BPFglD0zNgiJDQM-I3kzB8s8Fg
14:51:17.012 [http-nio-9587-exec-2] INFO  c.r.f.w.s.TokenService - [getToken,237] - user: madaosen, backend Token: Bearer eyJhbGciOiJIUzUxMiJ9.eyJsb2dpbl91c2VyX2tleSI6ImYxYmJiNjVhLTZlYzQtNDg4Ni1hY2M3LTdkZjdmYTkxZjA0YyJ9.2XbJLwaH0AcO9GmF4c9rYdGM1vOnRkWV0_M_G_RTfJNR28k4zwPCUDBXbnn5BPFglD0zNgiJDQM-I3kzB8s8Fg
14:51:17.036 [http-nio-9587-exec-7] INFO  c.r.f.w.s.TokenService - [getToken,237] - user: madaosen, backend Token: Bearer eyJhbGciOiJIUzUxMiJ9.eyJsb2dpbl91c2VyX2tleSI6ImYxYmJiNjVhLTZlYzQtNDg4Ni1hY2M3LTdkZjdmYTkxZjA0YyJ9.2XbJLwaH0AcO9GmF4c9rYdGM1vOnRkWV0_M_G_RTfJNR28k4zwPCUDBXbnn5BPFglD0zNgiJDQM-I3kzB8s8Fg
14:51:17.387 [http-nio-9587-exec-1] INFO  c.r.f.w.s.TokenService - [getToken,237] - user: madaosen, backend Token: Bearer eyJhbGciOiJIUzUxMiJ9.eyJsb2dpbl91c2VyX2tleSI6ImYxYmJiNjVhLTZlYzQtNDg4Ni1hY2M3LTdkZjdmYTkxZjA0YyJ9.2XbJLwaH0AcO9GmF4c9rYdGM1vOnRkWV0_M_G_RTfJNR28k4zwPCUDBXbnn5BPFglD0zNgiJDQM-I3kzB8s8Fg
14:51:17.406 [http-nio-9587-exec-6] INFO  c.r.f.w.s.TokenService - [getToken,237] - user: madaosen, backend Token: Bearer eyJhbGciOiJIUzUxMiJ9.eyJsb2dpbl91c2VyX2tleSI6ImYxYmJiNjVhLTZlYzQtNDg4Ni1hY2M3LTdkZjdmYTkxZjA0YyJ9.2XbJLwaH0AcO9GmF4c9rYdGM1vOnRkWV0_M_G_RTfJNR28k4zwPCUDBXbnn5BPFglD0zNgiJDQM-I3kzB8s8Fg
14:51:17.406 [http-nio-9587-exec-1] INFO  c.r.f.w.s.TokenService - [getToken,237] - user: madaosen, backend Token: Bearer eyJhbGciOiJIUzUxMiJ9.eyJsb2dpbl91c2VyX2tleSI6ImYxYmJiNjVhLTZlYzQtNDg4Ni1hY2M3LTdkZjdmYTkxZjA0YyJ9.2XbJLwaH0AcO9GmF4c9rYdGM1vOnRkWV0_M_G_RTfJNR28k4zwPCUDBXbnn5BPFglD0zNgiJDQM-I3kzB8s8Fg
14:51:17.409 [http-nio-9587-exec-7] INFO  c.r.f.w.s.TokenService - [getToken,237] - user: madaosen, backend Token: Bearer eyJhbGciOiJIUzUxMiJ9.eyJsb2dpbl91c2VyX2tleSI6ImYxYmJiNjVhLTZlYzQtNDg4Ni1hY2M3LTdkZjdmYTkxZjA0YyJ9.2XbJLwaH0AcO9GmF4c9rYdGM1vOnRkWV0_M_G_RTfJNR28k4zwPCUDBXbnn5BPFglD0zNgiJDQM-I3kzB8s8Fg
14:51:17.410 [http-nio-9587-exec-3] INFO  c.r.f.w.s.TokenService - [getToken,237] - user: madaosen, backend Token: Bearer eyJhbGciOiJIUzUxMiJ9.eyJsb2dpbl91c2VyX2tleSI6ImYxYmJiNjVhLTZlYzQtNDg4Ni1hY2M3LTdkZjdmYTkxZjA0YyJ9.2XbJLwaH0AcO9GmF4c9rYdGM1vOnRkWV0_M_G_RTfJNR28k4zwPCUDBXbnn5BPFglD0zNgiJDQM-I3kzB8s8Fg
14:51:17.412 [http-nio-9587-exec-2] INFO  c.r.f.w.s.TokenService - [getToken,237] - user: madaosen, backend Token: Bearer eyJhbGciOiJIUzUxMiJ9.eyJsb2dpbl91c2VyX2tleSI6ImYxYmJiNjVhLTZlYzQtNDg4Ni1hY2M3LTdkZjdmYTkxZjA0YyJ9.2XbJLwaH0AcO9GmF4c9rYdGM1vOnRkWV0_M_G_RTfJNR28k4zwPCUDBXbnn5BPFglD0zNgiJDQM-I3kzB8s8Fg
14:51:17.415 [http-nio-9587-exec-4] INFO  c.r.f.w.s.TokenService - [getToken,237] - user: madaosen, backend Token: Bearer eyJhbGciOiJIUzUxMiJ9.eyJsb2dpbl91c2VyX2tleSI6ImYxYmJiNjVhLTZlYzQtNDg4Ni1hY2M3LTdkZjdmYTkxZjA0YyJ9.2XbJLwaH0AcO9GmF4c9rYdGM1vOnRkWV0_M_G_RTfJNR28k4zwPCUDBXbnn5BPFglD0zNgiJDQM-I3kzB8s8Fg
14:51:17.431 [http-nio-9587-exec-9] INFO  c.r.f.w.s.TokenService - [getToken,237] - user: madaosen, backend Token: Bearer eyJhbGciOiJIUzUxMiJ9.eyJsb2dpbl91c2VyX2tleSI6ImYxYmJiNjVhLTZlYzQtNDg4Ni1hY2M3LTdkZjdmYTkxZjA0YyJ9.2XbJLwaH0AcO9GmF4c9rYdGM1vOnRkWV0_M_G_RTfJNR28k4zwPCUDBXbnn5BPFglD0zNgiJDQM-I3kzB8s8Fg
14:51:17.432 [http-nio-9587-exec-5] INFO  c.r.f.w.s.TokenService - [getToken,237] - user: madaosen, backend Token: Bearer eyJhbGciOiJIUzUxMiJ9.eyJsb2dpbl91c2VyX2tleSI6ImYxYmJiNjVhLTZlYzQtNDg4Ni1hY2M3LTdkZjdmYTkxZjA0YyJ9.2XbJLwaH0AcO9GmF4c9rYdGM1vOnRkWV0_M_G_RTfJNR28k4zwPCUDBXbnn5BPFglD0zNgiJDQM-I3kzB8s8Fg
14:51:17.457 [http-nio-9587-exec-10] INFO  c.r.f.w.s.TokenService - [getToken,237] - user: madaosen, backend Token: Bearer eyJhbGciOiJIUzUxMiJ9.eyJsb2dpbl91c2VyX2tleSI6ImYxYmJiNjVhLTZlYzQtNDg4Ni1hY2M3LTdkZjdmYTkxZjA0YyJ9.2XbJLwaH0AcO9GmF4c9rYdGM1vOnRkWV0_M_G_RTfJNR28k4zwPCUDBXbnn5BPFglD0zNgiJDQM-I3kzB8s8Fg
14:51:17.474 [http-nio-9587-exec-2] INFO  c.r.f.w.s.TokenService - [getToken,237] - user: madaosen, backend Token: Bearer eyJhbGciOiJIUzUxMiJ9.eyJsb2dpbl91c2VyX2tleSI6ImYxYmJiNjVhLTZlYzQtNDg4Ni1hY2M3LTdkZjdmYTkxZjA0YyJ9.2XbJLwaH0AcO9GmF4c9rYdGM1vOnRkWV0_M_G_RTfJNR28k4zwPCUDBXbnn5BPFglD0zNgiJDQM-I3kzB8s8Fg
14:51:17.474 [http-nio-9587-exec-7] INFO  c.r.f.w.s.TokenService - [getToken,237] - user: madaosen, backend Token: Bearer eyJhbGciOiJIUzUxMiJ9.eyJsb2dpbl91c2VyX2tleSI6ImYxYmJiNjVhLTZlYzQtNDg4Ni1hY2M3LTdkZjdmYTkxZjA0YyJ9.2XbJLwaH0AcO9GmF4c9rYdGM1vOnRkWV0_M_G_RTfJNR28k4zwPCUDBXbnn5BPFglD0zNgiJDQM-I3kzB8s8Fg
14:51:17.474 [http-nio-9587-exec-4] INFO  c.r.f.w.s.TokenService - [getToken,237] - user: madaosen, backend Token: Bearer eyJhbGciOiJIUzUxMiJ9.eyJsb2dpbl91c2VyX2tleSI6ImYxYmJiNjVhLTZlYzQtNDg4Ni1hY2M3LTdkZjdmYTkxZjA0YyJ9.2XbJLwaH0AcO9GmF4c9rYdGM1vOnRkWV0_M_G_RTfJNR28k4zwPCUDBXbnn5BPFglD0zNgiJDQM-I3kzB8s8Fg
14:51:17.500 [http-nio-9587-exec-1] INFO  c.r.f.w.s.TokenService - [getToken,237] - user: madaosen, backend Token: Bearer eyJhbGciOiJIUzUxMiJ9.eyJsb2dpbl91c2VyX2tleSI6ImYxYmJiNjVhLTZlYzQtNDg4Ni1hY2M3LTdkZjdmYTkxZjA0YyJ9.2XbJLwaH0AcO9GmF4c9rYdGM1vOnRkWV0_M_G_RTfJNR28k4zwPCUDBXbnn5BPFglD0zNgiJDQM-I3kzB8s8Fg
14:51:17.500 [http-nio-9587-exec-6] INFO  c.r.f.w.s.TokenService - [getToken,237] - user: madaosen, backend Token: Bearer eyJhbGciOiJIUzUxMiJ9.eyJsb2dpbl91c2VyX2tleSI6ImYxYmJiNjVhLTZlYzQtNDg4Ni1hY2M3LTdkZjdmYTkxZjA0YyJ9.2XbJLwaH0AcO9GmF4c9rYdGM1vOnRkWV0_M_G_RTfJNR28k4zwPCUDBXbnn5BPFglD0zNgiJDQM-I3kzB8s8Fg
14:51:17.500 [http-nio-9587-exec-4] INFO  c.r.f.w.s.TokenService - [getToken,237] - user: madaosen, backend Token: Bearer eyJhbGciOiJIUzUxMiJ9.eyJsb2dpbl91c2VyX2tleSI6ImYxYmJiNjVhLTZlYzQtNDg4Ni1hY2M3LTdkZjdmYTkxZjA0YyJ9.2XbJLwaH0AcO9GmF4c9rYdGM1vOnRkWV0_M_G_RTfJNR28k4zwPCUDBXbnn5BPFglD0zNgiJDQM-I3kzB8s8Fg
14:51:17.501 [http-nio-9587-exec-3] INFO  c.r.f.w.s.TokenService - [getToken,237] - user: madaosen, backend Token: Bearer eyJhbGciOiJIUzUxMiJ9.eyJsb2dpbl91c2VyX2tleSI6ImYxYmJiNjVhLTZlYzQtNDg4Ni1hY2M3LTdkZjdmYTkxZjA0YyJ9.2XbJLwaH0AcO9GmF4c9rYdGM1vOnRkWV0_M_G_RTfJNR28k4zwPCUDBXbnn5BPFglD0zNgiJDQM-I3kzB8s8Fg
14:51:17.504 [http-nio-9587-exec-2] INFO  c.r.f.w.s.TokenService - [getToken,237] - user: madaosen, backend Token: Bearer eyJhbGciOiJIUzUxMiJ9.eyJsb2dpbl91c2VyX2tleSI6ImYxYmJiNjVhLTZlYzQtNDg4Ni1hY2M3LTdkZjdmYTkxZjA0YyJ9.2XbJLwaH0AcO9GmF4c9rYdGM1vOnRkWV0_M_G_RTfJNR28k4zwPCUDBXbnn5BPFglD0zNgiJDQM-I3kzB8s8Fg
14:51:17.688 [http-nio-9587-exec-9] INFO  c.r.f.w.s.TokenService - [getToken,237] - user: madaosen, backend Token: Bearer eyJhbGciOiJIUzUxMiJ9.eyJsb2dpbl91c2VyX2tleSI6ImYxYmJiNjVhLTZlYzQtNDg4Ni1hY2M3LTdkZjdmYTkxZjA0YyJ9.2XbJLwaH0AcO9GmF4c9rYdGM1vOnRkWV0_M_G_RTfJNR28k4zwPCUDBXbnn5BPFglD0zNgiJDQM-I3kzB8s8Fg
14:51:17.722 [http-nio-9587-exec-8] INFO  c.r.f.w.s.TokenService - [getToken,237] - user: madaosen, backend Token: Bearer eyJhbGciOiJIUzUxMiJ9.eyJsb2dpbl91c2VyX2tleSI6ImYxYmJiNjVhLTZlYzQtNDg4Ni1hY2M3LTdkZjdmYTkxZjA0YyJ9.2XbJLwaH0AcO9GmF4c9rYdGM1vOnRkWV0_M_G_RTfJNR28k4zwPCUDBXbnn5BPFglD0zNgiJDQM-I3kzB8s8Fg
14:51:17.784 [http-nio-9587-exec-2] INFO  c.r.f.w.s.TokenService - [getToken,237] - user: madaosen, backend Token: Bearer eyJhbGciOiJIUzUxMiJ9.eyJsb2dpbl91c2VyX2tleSI6ImYxYmJiNjVhLTZlYzQtNDg4Ni1hY2M3LTdkZjdmYTkxZjA0YyJ9.2XbJLwaH0AcO9GmF4c9rYdGM1vOnRkWV0_M_G_RTfJNR28k4zwPCUDBXbnn5BPFglD0zNgiJDQM-I3kzB8s8Fg
14:51:29.117 [http-nio-9587-exec-6] INFO  c.r.f.w.s.TokenService - [getToken,237] - user: madaosen, backend Token: Bearer eyJhbGciOiJIUzUxMiJ9.eyJsb2dpbl91c2VyX2tleSI6ImYxYmJiNjVhLTZlYzQtNDg4Ni1hY2M3LTdkZjdmYTkxZjA0YyJ9.2XbJLwaH0AcO9GmF4c9rYdGM1vOnRkWV0_M_G_RTfJNR28k4zwPCUDBXbnn5BPFglD0zNgiJDQM-I3kzB8s8Fg
14:51:29.434 [http-nio-9587-exec-10] INFO  c.r.f.w.s.TokenService - [getToken,237] - user: madaosen, backend Token: Bearer eyJhbGciOiJIUzUxMiJ9.eyJsb2dpbl91c2VyX2tleSI6ImYxYmJiNjVhLTZlYzQtNDg4Ni1hY2M3LTdkZjdmYTkxZjA0YyJ9.2XbJLwaH0AcO9GmF4c9rYdGM1vOnRkWV0_M_G_RTfJNR28k4zwPCUDBXbnn5BPFglD0zNgiJDQM-I3kzB8s8Fg
14:51:29.437 [http-nio-9587-exec-8] INFO  c.r.f.w.s.TokenService - [getToken,237] - user: madaosen, backend Token: Bearer eyJhbGciOiJIUzUxMiJ9.eyJsb2dpbl91c2VyX2tleSI6ImYxYmJiNjVhLTZlYzQtNDg4Ni1hY2M3LTdkZjdmYTkxZjA0YyJ9.2XbJLwaH0AcO9GmF4c9rYdGM1vOnRkWV0_M_G_RTfJNR28k4zwPCUDBXbnn5BPFglD0zNgiJDQM-I3kzB8s8Fg
14:51:29.437 [http-nio-9587-exec-9] INFO  c.r.f.w.s.TokenService - [getToken,237] - user: madaosen, backend Token: Bearer eyJhbGciOiJIUzUxMiJ9.eyJsb2dpbl91c2VyX2tleSI6ImYxYmJiNjVhLTZlYzQtNDg4Ni1hY2M3LTdkZjdmYTkxZjA0YyJ9.2XbJLwaH0AcO9GmF4c9rYdGM1vOnRkWV0_M_G_RTfJNR28k4zwPCUDBXbnn5BPFglD0zNgiJDQM-I3kzB8s8Fg
14:51:29.453 [http-nio-9587-exec-2] INFO  c.r.f.w.s.TokenService - [getToken,237] - user: madaosen, backend Token: Bearer eyJhbGciOiJIUzUxMiJ9.eyJsb2dpbl91c2VyX2tleSI6ImYxYmJiNjVhLTZlYzQtNDg4Ni1hY2M3LTdkZjdmYTkxZjA0YyJ9.2XbJLwaH0AcO9GmF4c9rYdGM1vOnRkWV0_M_G_RTfJNR28k4zwPCUDBXbnn5BPFglD0zNgiJDQM-I3kzB8s8Fg
14:51:29.734 [http-nio-9587-exec-2] INFO  c.r.w.s.i.DigitalEmployeeAgentServiceImpl - [prepareChat,584] - [DEBUG] 数字员工实际发送prompt employeeCode=kcts-todo-employee conversationId=kcts-demo-1788504468898-3d9d8fe3 prompt=@待办数字员工

以下 JSON 中 currentUser 由科创智方服务端生成；clientReferences 仅是界面引用线索，涉及读取或写入业务数据时必须再次调用科创智方受控接口校验。附件 fileId 也必须按当前用户和 conversationId 校验后才能读取。
{"conversationId":"kcts-demo-1788504468898-3d9d8fe3","attachments":[],"currentUser":{"roleId":"fill_role","roleIds":["operational_improvement_planner_role","pf_unit_dept_leader_role","annual_project_approval_fill_role","fill_role","rd_unit_director_role","unit_verify_role","chief_engineer_leader_role","ai_audit_rule","product_innovation_accept_role","chief_engineer_director_role","workflow_user_update_role","email","rd_unit_leader_role","professional_leader_role","pf_project_manager_role","verify_role","software_cost_manager_role","allocation_role","prospective_study_planner_role","project_read_all_role","science_technology_fill_role","pf_director_role","self_develop_planner_role","hgbz","science_technology_read_role","chief_engineer_manager_role","product_innovation_planner_role","other_accept_role"],"userName":"madaosen","userId":"460","displayName":"madaosen"},"clientReferences":{"businessReferences":[{"id":"task:2094616833662640128:PmFillProjectInfo:1","kind":"todo","name":"当前任务 · 项目管理员输入项目信息","projectId":"2094616833662640128","projectName":"测试流程表单","status":"项目管理员输入项目信息","taskId":"066b363b-a82d-11f1-b194-da3bbfe162e3","taskKey":"PmFillProjectInfo"}]},"todoContext":{"schemaVersion":"1.0","status":"ready","task":{"taskId":"066b363b-a82d-11f1-b194-da3bbfe162e3","taskKey":"PmFillProjectInfo","taskName":"项目管理员输入项目信息","projectId":"2094616833662640128","projectName":"测试流程表单","roleLabel":"当前办理人","actionType":"submit","canReject":false},"confirmation":{"required":true,"submitBy":"browser_session","submitToolAllowed":false,"label":"确认提交"},"project":{"id":"2094616833662640128","name":"测试流程表单","projectCategory":"prospective_study","projectCategoryName":"前瞻研究","projectProfessionalField":"1","projectProfessionalFieldName":"前瞻研究","isPlanProject":"2031546865748692995","isSelfDeveloped":0,"isBaseCutting":0,"requirementUnit":"zqj","requirementUnitName":"中区局","undertakeUnit":"SHGSRHCXYFJD","undertakeUnitName":"上海公司融合创新研发基地","operationUnit":"shgsrhcxyfjd","planStartDate":"2026-09-16","planEndDate":"2027-01-23"},"formSchema":[{"controlId":"project_name","controlType":"string","label":"项目名称","value":"","displayValue":"","required":true,"modelMaySuggest":true,"humanConfirmationRequired":true,"options":[]},{"controlId":"cost_budget","controlType":"double","label":"成本预算","value":"","displayValue":"","required":true,"modelMaySuggest":true,"humanConfirmationRequired":true,"options":[]},{"controlId":"cost_budget_current_year","controlType":"double","label":"本年下达成本预算","value":"","displayValue":"","required":true,"modelMaySuggest":true,"humanConfirmationRequired":true,"options":[]},{"controlId":"capital_budget","controlType":"double","label":"资本预算","value":"","displayValue":"","required":true,"modelMaySuggest":true,"humanConfirmationRequired":true,"options":[]},{"controlId":"is_additional_deduction","controlType":"radio","label":"是否加计扣除","value":"","displayValue":"","required":true,"modelMaySuggest":true,"humanConfirmationRequired":true,"options":[{"value":"0","label":"是"},{"value":"1","label":"否"}]},{"controlId":"project_intro","controlType":"textarea","label":"项目简要说明","value":"","displayValue":"","required":false,"modelMaySuggest":true,"humanConfirmationRequired":true,"options":[]},{"controlId":"project_complete_date","controlType":"datetime","label":"项目完成时间","value":"","displayValue":"","required":true,"modelMaySuggest":true,"humanConfirmationRequired":true,"options":[]},{"controlId":"rd_intelligent_compute_resource","controlType":"double","label":"研发用智算资源(单位:元)","value":"","displayValue":"","required":false,"modelMaySuggest":true,"humanConfirmationRequired":true,"options":[]}],"pmFillSignals":{"sourceFound":true,"source":"project_reply","prefillValues":{"rd_intelligent_compute_resource":{"value":"222222217","displayValue":"222222217","source":"project_info.rd_intelligent_compute_resource"}},"requiredControlIds":["project_name","cost_budget","cost_budget_current_year","capital_budget","is_additional_deduction","project_complete_date"],"missingRequiredFields":["project_name","cost_budget","cost_budget_current_year","capital_budget","is_additional_deduction","project_complete_date"]},"responseContract":{"type":"kcts.todo_form_patch","patchKey":"formPatch","knownControlIds":["project_name","cost_budget","cost_budget_current_year","capital_budget","is_additional_deduction","project_intro","project_complete_date","rd_intelligent_compute_resource"],"rules":["只能建议 formSchema 中存在的 controlId","select 和 radio 只能使用 options 中的 value","没有充分依据的字段必须留空并加入 missingFields","不得调用工具或接口提交审批，最终提交必须由浏览器当前登录用户确认"]}}}

本轮是科创智方待办辅助，todoContext 是服务端权威上下文。仅使用其中 project、formSchema 和节点 signals；不调用工具，不伪造控件或人员，不替用户提交。审批意见 radio 只用 decisionSuggestion 表达，不列入 formPatch 或 missingFields。处理意见限60个汉字；其他当前结论下的必填项无法确定时才列入 missingFields，此时 status=needs_input 且不建议 approve。只返回符合 responseContract 的一个 kcts.todo_form_patch JSON 对象，不要 Markdown 或额外说明。
14:51:30.664 [http-nio-9587-exec-6] INFO  c.r.f.w.s.TokenService - [getToken,237] - user: madaosen, backend Token: Bearer eyJhbGciOiJIUzUxMiJ9.eyJsb2dpbl91c2VyX2tleSI6ImYxYmJiNjVhLTZlYzQtNDg4Ni1hY2M3LTdkZjdmYTkxZjA0YyJ9.2XbJLwaH0AcO9GmF4c9rYdGM1vOnRkWV0_M_G_RTfJNR28k4zwPCUDBXbnn5BPFglD0zNgiJDQM-I3kzB8s8Fg
14:51:31.862 [http-nio-9587-exec-1] INFO  c.r.f.w.s.TokenService - [getToken,237] - user: madaosen, backend Token: Bearer eyJhbGciOiJIUzUxMiJ9.eyJsb2dpbl91c2VyX2tleSI6ImYxYmJiNjVhLTZlYzQtNDg4Ni1hY2M3LTdkZjdmYTkxZjA0YyJ9.2XbJLwaH0AcO9GmF4c9rYdGM1vOnRkWV0_M_G_RTfJNR28k4zwPCUDBXbnn5BPFglD0zNgiJDQM-I3kzB8s8Fg
14:51:33.060 [http-nio-9587-exec-10] INFO  c.r.f.w.s.TokenService - [getToken,237] - user: madaosen, backend Token: Bearer eyJhbGciOiJIUzUxMiJ9.eyJsb2dpbl91c2VyX2tleSI6ImYxYmJiNjVhLTZlYzQtNDg4Ni1hY2M3LTdkZjdmYTkxZjA0YyJ9.2XbJLwaH0AcO9GmF4c9rYdGM1vOnRkWV0_M_G_RTfJNR28k4zwPCUDBXbnn5BPFglD0zNgiJDQM-I3kzB8s8Fg
14:51:34.256 [http-nio-9587-exec-8] INFO  c.r.f.w.s.TokenService - [getToken,237] - user: madaosen, backend Token: Bearer eyJhbGciOiJIUzUxMiJ9.eyJsb2dpbl91c2VyX2tleSI6ImYxYmJiNjVhLTZlYzQtNDg4Ni1hY2M3LTdkZjdmYTkxZjA0YyJ9.2XbJLwaH0AcO9GmF4c9rYdGM1vOnRkWV0_M_G_RTfJNR28k4zwPCUDBXbnn5BPFglD0zNgiJDQM-I3kzB8s8Fg
14:51:35.457 [http-nio-9587-exec-2] INFO  c.r.f.w.s.TokenService - [getToken,237] - user: madaosen, backend Token: Bearer eyJhbGciOiJIUzUxMiJ9.eyJsb2dpbl91c2VyX2tleSI6ImYxYmJiNjVhLTZlYzQtNDg4Ni1hY2M3LTdkZjdmYTkxZjA0YyJ9.2XbJLwaH0AcO9GmF4c9rYdGM1vOnRkWV0_M_G_RTfJNR28k4zwPCUDBXbnn5BPFglD0zNgiJDQM-I3kzB8s8Fg
14:51:36.663 [http-nio-9587-exec-6] INFO  c.r.f.w.s.TokenService - [getToken,237] - user: madaosen, backend Token: Bearer eyJhbGciOiJIUzUxMiJ9.eyJsb2dpbl91c2VyX2tleSI6ImYxYmJiNjVhLTZlYzQtNDg4Ni1hY2M3LTdkZjdmYTkxZjA0YyJ9.2XbJLwaH0AcO9GmF4c9rYdGM1vOnRkWV0_M_G_RTfJNR28k4zwPCUDBXbnn5BPFglD0zNgiJDQM-I3kzB8s8Fg
14:51:37.859 [http-nio-9587-exec-1] INFO  c.r.f.w.s.TokenService - [getToken,237] - user: madaosen, backend Token: Bearer eyJhbGciOiJIUzUxMiJ9.eyJsb2dpbl91c2VyX2tleSI6ImYxYmJiNjVhLTZlYzQtNDg4Ni1hY2M3LTdkZjdmYTkxZjA0YyJ9.2XbJLwaH0AcO9GmF4c9rYdGM1vOnRkWV0_M_G_RTfJNR28k4zwPCUDBXbnn5BPFglD0zNgiJDQM-I3kzB8s8Fg
14:51:39.056 [http-nio-9587-exec-10] INFO  c.r.f.w.s.TokenService - [getToken,237] - user: madaosen, backend Token: Bearer eyJhbGciOiJIUzUxMiJ9.eyJsb2dpbl91c2VyX2tleSI6ImYxYmJiNjVhLTZlYzQtNDg4Ni1hY2M3LTdkZjdmYTkxZjA0YyJ9.2XbJLwaH0AcO9GmF4c9rYdGM1vOnRkWV0_M_G_RTfJNR28k4zwPCUDBXbnn5BPFglD0zNgiJDQM-I3kzB8s8Fg
14:51:40.258 [http-nio-9587-exec-8] INFO  c.r.f.w.s.TokenService - [getToken,237] - user: madaosen, backend Token: Bearer eyJhbGciOiJIUzUxMiJ9.eyJsb2dpbl91c2VyX2tleSI6ImYxYmJiNjVhLTZlYzQtNDg4Ni1hY2M3LTdkZjdmYTkxZjA0YyJ9.2XbJLwaH0AcO9GmF4c9rYdGM1vOnRkWV0_M_G_RTfJNR28k4zwPCUDBXbnn5BPFglD0zNgiJDQM-I3kzB8s8Fg
14:51:41.459 [http-nio-9587-exec-2] INFO  c.r.f.w.s.TokenService - [getToken,237] - user: madaosen, backend Token: Bearer eyJhbGciOiJIUzUxMiJ9.eyJsb2dpbl91c2VyX2tleSI6ImYxYmJiNjVhLTZlYzQtNDg4Ni1hY2M3LTdkZjdmYTkxZjA0YyJ9.2XbJLwaH0AcO9GmF4c9rYdGM1vOnRkWV0_M_G_RTfJNR28k4zwPCUDBXbnn5BPFglD0zNgiJDQM-I3kzB8s8Fg
14:51:42.662 [http-nio-9587-exec-6] INFO  c.r.f.w.s.TokenService - [getToken,237] - user: madaosen, backend Token: Bearer eyJhbGciOiJIUzUxMiJ9.eyJsb2dpbl91c2VyX2tleSI6ImYxYmJiNjVhLTZlYzQtNDg4Ni1hY2M3LTdkZjdmYTkxZjA0YyJ9.2XbJLwaH0AcO9GmF4c9rYdGM1vOnRkWV0_M_G_RTfJNR28k4zwPCUDBXbnn5BPFglD0zNgiJDQM-I3kzB8s8Fg
14:51:43.638 [http-nio-9587-exec-4] INFO  c.r.f.w.s.TokenService - [getToken,237] - user: madaosen, backend Token: Bearer eyJhbGciOiJIUzUxMiJ9.eyJsb2dpbl91c2VyX2tleSI6ImYxYmJiNjVhLTZlYzQtNDg4Ni1hY2M3LTdkZjdmYTkxZjA0YyJ9.2XbJLwaH0AcO9GmF4c9rYdGM1vOnRkWV0_M_G_RTfJNR28k4zwPCUDBXbnn5BPFglD0zNgiJDQM-I3kzB8s8Fg
14:51:43.679 [http-nio-9587-exec-9] INFO  c.r.f.w.s.TokenService - [getToken,237] - user: madaosen, backend Token: Bearer eyJhbGciOiJIUzUxMiJ9.eyJsb2dpbl91c2VyX2tleSI6ImYxYmJiNjVhLTZlYzQtNDg4Ni1hY2M3LTdkZjdmYTkxZjA0YyJ9.2XbJLwaH0AcO9GmF4c9rYdGM1vOnRkWV0_M_G_RTfJNR28k4zwPCUDBXbnn5BPFglD0zNgiJDQM-I3kzB8s8Fg
14:51:43.855 [http-nio-9587-exec-7] INFO  c.r.f.w.s.TokenService - [getToken,237] - user: madaosen, backend Token: Bearer eyJhbGciOiJIUzUxMiJ9.eyJsb2dpbl91c2VyX2tleSI6ImYxYmJiNjVhLTZlYzQtNDg4Ni1hY2M3LTdkZjdmYTkxZjA0YyJ9.2XbJLwaH0AcO9GmF4c9rYdGM1vOnRkWV0_M_G_RTfJNR28k4zwPCUDBXbnn5BPFglD0zNgiJDQM-I3kzB8s8Fg
14:51:44.031 [http-nio-9587-exec-3] INFO  c.r.f.w.s.TokenService - [getToken,237] - user: madaosen, backend Token: Bearer eyJhbGciOiJIUzUxMiJ9.eyJsb2dpbl91c2VyX2tleSI6ImYxYmJiNjVhLTZlYzQtNDg4Ni1hY2M3LTdkZjdmYTkxZjA0YyJ9.2XbJLwaH0AcO9GmF4c9rYdGM1vOnRkWV0_M_G_RTfJNR28k4zwPCUDBXbnn5BPFglD0zNgiJDQM-I3kzB8s8Fg
14:51:44.857 [http-nio-9587-exec-5] INFO  c.r.f.w.s.TokenService - [getToken,237] - user: madaosen, backend Token: Bearer eyJhbGciOiJIUzUxMiJ9.eyJsb2dpbl91c2VyX2tleSI6ImYxYmJiNjVhLTZlYzQtNDg4Ni1hY2M3LTdkZjdmYTkxZjA0YyJ9.2XbJLwaH0AcO9GmF4c9rYdGM1vOnRkWV0_M_G_RTfJNR28k4zwPCUDBXbnn5BPFglD0zNgiJDQM-I3kzB8s8Fg
14:51:44.876 [http-nio-9587-exec-4] INFO  c.r.f.w.s.TokenService - [getToken,237] - user: madaosen, backend Token: Bearer eyJhbGciOiJIUzUxMiJ9.eyJsb2dpbl91c2VyX2tleSI6ImYxYmJiNjVhLTZlYzQtNDg4Ni1hY2M3LTdkZjdmYTkxZjA0YyJ9.2XbJLwaH0AcO9GmF4c9rYdGM1vOnRkWV0_M_G_RTfJNR28k4zwPCUDBXbnn5BPFglD0zNgiJDQM-I3kzB8s8Fg
15:00:00.003 [schedule-pool-6] INFO  c.r.w.s.ScienceTechnologyReportTask - [syncScienceTechnologyReportRdInvestment,19] - ==========>ScienceTechnologyReportTask.syncScienceTechnologyReportRdInvestment  start ---------- 
15:00:00.003 [schedule-pool-5] INFO  c.r.w.s.ProjectAlarmTask - [checkProjectHandleExpire,18] - ==========>projectAlarmTask.checkProjectHandleExpire  start ---------- 
15:00:00.003 [schedule-pool-1] INFO  c.r.w.s.ProjectStopTask - [checkProjectSubmitExpire,19] - ==========>ProjectStopTask.checkProjectSubmitExpire  start ---------- 
15:00:00.003 [schedule-pool-4] INFO  c.r.w.s.ProjectAlarmTask - [checkProjectHandleExpireSendMail,26] - ==========>projectAlarmTask.checkProjectHandleExpireSendMail  start ---------- 
15:00:00.034 [schedule-pool-5] INFO  c.r.w.s.i.ProjectAlarmServiceImpl - [checkProjectHandleExpire,268] - ==========>项目告警检查定时任务；项目告警成功
15:00:00.035 [schedule-pool-5] INFO  c.r.w.s.ProjectAlarmTask - [checkProjectHandleExpire,20] - ==========>checkProjectHandleExpire.checkProjectHandleExpire  end ---------- 
15:00:00.036 [schedule-pool-6] INFO  c.r.w.s.ScienceTechnologyReportTask - [syncScienceTechnologyReportRdInvestment,21] - ==========>ScienceTechnologyReportTask.syncScienceTechnologyReportRdInvestment  end ---------- 
15:00:00.037 [schedule-pool-1] INFO  c.r.w.s.i.ProjectInfoServiceImpl - [checkProjectSubmitExpire,4976] - ==========>项目中止检查定时任务；项目中止成功
15:00:00.038 [schedule-pool-1] INFO  c.r.w.s.ProjectStopTask - [checkProjectSubmitExpire,21] - ==========>ProjectStopTask.checkProjectSubmitExpire  end ---------- 
15:00:00.050 [schedule-pool-4] INFO  c.r.w.s.i.ProjectAlarmServiceImpl - [checkProjectHandleExpireSendMail,134] - ==========>项目处理超时发送邮件定时任务；执行成功
15:00:00.051 [schedule-pool-4] INFO  c.r.w.s.ProjectAlarmTask - [checkProjectHandleExpireSendMail,28] - ==========>checkProjectHandleExpire.checkProjectHandleExpireSendMail  end ---------- 
15:01:16.763 [Thread-9] INFO  o.q.c.QuartzScheduler - [standby,585] - Scheduler RuoyiScheduler_$_DESKTOP-GL3RGKM1788504383204 paused.
15:01:16.764 [Thread-9] INFO  o.a.s.AbstractActivitiSmartLifeCycle - [stop,95] - Stopping...
15:01:16.764 [Thread-9] INFO  o.a.s.AbstractActivitiSmartLifeCycle - [stop,99] - Stopped.
15:01:16.764 [Thread-9] INFO  o.a.s.AbstractActivitiSmartLifeCycle - [stop,95] - Stopping...
15:01:16.764 [Thread-9] INFO  o.a.s.AbstractActivitiSmartLifeCycle - [stop,99] - Stopped.
15:01:16.764 [Thread-9] INFO  o.a.s.AbstractActivitiSmartLifeCycle - [stop,95] - Stopping...
15:01:16.764 [Thread-9] INFO  o.a.s.AbstractActivitiSmartLifeCycle - [stop,99] - Stopped.
15:01:16.764 [Thread-9] INFO  o.a.s.AbstractActivitiSmartLifeCycle - [stop,95] - Stopping...
15:01:16.764 [Thread-9] INFO  o.a.s.AbstractActivitiSmartLifeCycle - [stop,99] - Stopped.
15:01:17.533 [Thread-9] INFO  o.q.c.QuartzScheduler - [shutdown,666] - Scheduler RuoyiScheduler_$_DESKTOP-GL3RGKM1788504383204 shutting down.
15:01:17.533 [Thread-9] INFO  o.q.c.QuartzScheduler - [standby,585] - Scheduler RuoyiScheduler_$_DESKTOP-GL3RGKM1788504383204 paused.
15:01:17.534 [Thread-9] INFO  o.q.c.QuartzScheduler - [shutdown,740] - Scheduler RuoyiScheduler_$_DESKTOP-GL3RGKM1788504383204 shutdown complete.
15:01:17.534 [Thread-9] INFO  sys-user - [shutdownAsyncManager,31] - ====关闭后台任务任务线程池====
15:01:17.551 [Thread-9] INFO  o.a.e.i.a.DefaultAsyncJobExecutor - [shutdown,212] - Shutting down the default async job executor [org.activiti.spring.SpringAsyncExecutor].
15:01:17.552 [activiti-acquire-timer-jobs] INFO  o.a.e.i.a.AcquireTimerJobsRunnable - [run,119] - {} stopped async job due acquisition
15:01:17.552 [activiti-reset-expired-jobs] INFO  o.a.e.i.a.ResetExpiredJobsRunnable - [run,103] - {} stopped resetting expired jobs
15:01:17.552 [activiti-acquire-async-jobs] INFO  o.a.e.i.a.AcquireAsyncJobsDueRunnable - [run,119] - {} stopped async job due acquisition
15:01:17.570 [Thread-9] INFO  c.a.d.p.DruidDataSource - [close,2032] - {dataSource-1} closing ...
15:01:17.578 [Thread-9] INFO  c.a.d.p.DruidDataSource - [close,2104] - {dataSource-1} closed
15:01:18.098 [restartedMain] INFO  c.r.RuoYiApplication - [logStarting,53] - Starting RuoYiApplication using Java 17.0.10 with PID 4820 (C:\Users\Administrator\Desktop\kcts\kcts\ruoyi-admin\target\classes started by Administrator in C:\Users\Administrator\Desktop\kcts)
15:01:18.099 [restartedMain] INFO  c.r.RuoYiApplication - [logStartupProfileInfo,658] - The following 1 profile is active: "local"
15:01:27.941 [restartedMain] INFO  o.a.c.c.AprLifecycleListener - [log,173] - An older version [1.2.35] of the Apache Tomcat Native library is installed, while Tomcat recommends a minimum version of [2.0.5]
15:01:27.941 [restartedMain] INFO  o.a.c.c.AprLifecycleListener - [log,173] - Loaded Apache Tomcat Native library [1.2.35] using APR version [1.7.0].
15:01:27.942 [restartedMain] INFO  o.a.c.c.AprLifecycleListener - [log,173] - OpenSSL successfully initialized [OpenSSL 1.1.1q  5 Jul 2022]
15:01:27.942 [restartedMain] INFO  o.a.c.c.StandardService - [log,173] - Starting service [Tomcat]
15:01:27.942 [restartedMain] INFO  o.a.c.c.StandardEngine - [log,173] - Starting Servlet engine: [Apache Tomcat/10.1.33]
15:01:28.078 [restartedMain] INFO  o.a.c.c.C.[.[.[/] - [log,173] - Initializing Spring embedded WebApplicationContext
15:01:30.736 [restartedMain] INFO  c.a.d.p.DruidDataSource - [init,985] - {dataSource-2} inited
15:01:42.517 [restartedMain] INFO  o.a.s.r.ResourceFinder - [discoverResources,49] - No process definitions were found for auto-deployment in the location `classpath*:**/processes/`
15:01:44.466 [restartedMain] INFO  o.a.s.r.ResourceFinder - [discoverResources,49] - No process extensions were found for auto-deployment in the location 'classpath*:**/processes/'
15:01:44.616 [restartedMain] INFO  o.a.e.i.c.ProcessEngineConfigurationImpl - [initConfigurators,1570] - Found 1 Process Engine Configurators in total:
15:01:44.617 [restartedMain] INFO  o.a.e.i.c.ProcessEngineConfigurationImpl - [initConfigurators,1572] - class org.activiti.spring.process.conf.ProcessExtensionsConfiguratorAutoConfiguration (priority:10000)
15:01:44.617 [restartedMain] INFO  o.a.e.i.c.ProcessEngineConfigurationImpl - [configuratorsBeforeInit,1582] - Executing beforeInit() of class org.activiti.spring.process.conf.ProcessExtensionsConfiguratorAutoConfiguration (priority:10000)
15:01:44.898 [restartedMain] INFO  o.a.e.i.c.ProcessEngineConfigurationImpl - [configuratorsAfterInit,1589] - Executing configure() of class org.activiti.spring.process.conf.ProcessExtensionsConfiguratorAutoConfiguration (priority:10000)
15:01:44.905 [restartedMain] INFO  o.a.e.i.ProcessEngineImpl - [<init>,78] - ProcessEngine default created
15:01:44.905 [restartedMain] INFO  o.a.e.i.a.DefaultAsyncJobExecutor - [start,173] - Starting up the default async job executor [org.activiti.spring.SpringAsyncExecutor].
15:01:44.906 [Thread-17] INFO  o.a.e.i.a.AcquireAsyncJobsDueRunnable - [run,49] - {} starting to acquire async jobs due
15:01:44.906 [Thread-19] INFO  o.a.e.i.a.ResetExpiredJobsRunnable - [run,55] - {} starting to reset expired jobs
15:01:44.906 [Thread-18] INFO  o.a.e.i.a.AcquireTimerJobsRunnable - [run,53] - {} starting to acquire async jobs due
15:01:44.952 [restartedMain] INFO  o.a.e.i.c.DeployCmd - [executeDeploy,103] - Launching new deployment with version: 1
15:01:45.451 [restartedMain] INFO  o.a.e.i.a.DefaultAsyncJobExecutor - [shutdown,212] - Shutting down the default async job executor [org.activiti.spring.SpringAsyncExecutor].
15:01:45.451 [activiti-acquire-timer-jobs] INFO  o.a.e.i.a.AcquireTimerJobsRunnable - [run,119] - {} stopped async job due acquisition
15:01:45.451 [activiti-acquire-async-jobs] INFO  o.a.e.i.a.AcquireAsyncJobsDueRunnable - [run,119] - {} stopped async job due acquisition
15:01:45.451 [activiti-reset-expired-jobs] INFO  o.a.e.i.a.ResetExpiredJobsRunnable - [run,103] - {} stopped resetting expired jobs
15:01:45.452 [restartedMain] INFO  c.a.d.p.DruidDataSource - [close,2032] - {dataSource-2} closing ...
15:01:45.453 [restartedMain] INFO  c.a.d.p.DruidDataSource - [close,2104] - {dataSource-2} closed
15:01:45.456 [restartedMain] INFO  o.a.c.c.StandardService - [log,173] - Stopping service [Tomcat]
15:01:48.633 [restartedMain] INFO  c.r.RuoYiApplication - [logStarting,53] - Starting RuoYiApplication using Java 17.0.10 with PID 4820 (C:\Users\Administrator\Desktop\kcts\kcts\ruoyi-admin\target\classes started by Administrator in C:\Users\Administrator\Desktop\kcts)
15:01:48.634 [restartedMain] INFO  c.r.RuoYiApplication - [logStartupProfileInfo,658] - The following 1 profile is active: "local"
15:01:54.159 [restartedMain] INFO  o.a.c.c.AprLifecycleListener - [log,173] - An older version [1.2.35] of the Apache Tomcat Native library is installed, while Tomcat recommends a minimum version of [2.0.5]
15:01:54.160 [restartedMain] INFO  o.a.c.c.AprLifecycleListener - [log,173] - Loaded Apache Tomcat Native library [1.2.35] using APR version [1.7.0].
15:01:54.160 [restartedMain] INFO  o.a.c.c.AprLifecycleListener - [log,173] - OpenSSL successfully initialized [OpenSSL 1.1.1q  5 Jul 2022]
15:01:54.160 [restartedMain] INFO  o.a.c.c.StandardService - [log,173] - Starting service [Tomcat]
15:01:54.160 [restartedMain] INFO  o.a.c.c.StandardEngine - [log,173] - Starting Servlet engine: [Apache Tomcat/10.1.33]
15:01:54.270 [restartedMain] INFO  o.a.c.c.C.[.[.[/] - [log,173] - Initializing Spring embedded WebApplicationContext
15:01:55.996 [restartedMain] INFO  c.a.d.p.DruidDataSource - [init,985] - {dataSource-3} inited
15:02:01.113 [restartedMain] INFO  o.a.s.r.ResourceFinder - [discoverResources,49] - No process definitions were found for auto-deployment in the location `classpath*:**/processes/`
15:02:02.954 [restartedMain] INFO  o.a.s.r.ResourceFinder - [discoverResources,49] - No process extensions were found for auto-deployment in the location 'classpath*:**/processes/'
15:02:03.113 [restartedMain] INFO  o.a.e.i.c.ProcessEngineConfigurationImpl - [initConfigurators,1570] - Found 1 Process Engine Configurators in total:
15:02:03.113 [restartedMain] INFO  o.a.e.i.c.ProcessEngineConfigurationImpl - [initConfigurators,1572] - class org.activiti.spring.process.conf.ProcessExtensionsConfiguratorAutoConfiguration (priority:10000)
15:02:03.113 [restartedMain] INFO  o.a.e.i.c.ProcessEngineConfigurationImpl - [configuratorsBeforeInit,1582] - Executing beforeInit() of class org.activiti.spring.process.conf.ProcessExtensionsConfiguratorAutoConfiguration (priority:10000)
15:02:03.899 [restartedMain] INFO  o.a.e.i.c.ProcessEngineConfigurationImpl - [configuratorsAfterInit,1589] - Executing configure() of class org.activiti.spring.process.conf.ProcessExtensionsConfiguratorAutoConfiguration (priority:10000)
15:02:03.910 [restartedMain] INFO  o.a.e.i.ProcessEngineImpl - [<init>,78] - ProcessEngine default created
15:02:03.911 [restartedMain] INFO  o.a.e.i.a.DefaultAsyncJobExecutor - [start,173] - Starting up the default async job executor [org.activiti.spring.SpringAsyncExecutor].
15:02:03.944 [Thread-23] INFO  o.a.e.i.a.AcquireAsyncJobsDueRunnable - [run,49] - {} starting to acquire async jobs due
15:02:03.960 [Thread-24] INFO  o.a.e.i.a.AcquireTimerJobsRunnable - [run,53] - {} starting to acquire async jobs due
15:02:03.980 [Thread-25] INFO  o.a.e.i.a.ResetExpiredJobsRunnable - [run,55] - {} starting to reset expired jobs
15:02:04.030 [restartedMain] INFO  o.a.e.i.c.DeployCmd - [executeDeploy,103] - Launching new deployment with version: 1
15:02:07.903 [restartedMain] INFO  o.q.i.StdSchedulerFactory - [instantiate,1220] - Using default implementation for ThreadExecutor
15:02:07.905 [restartedMain] INFO  o.q.c.SchedulerSignalerImpl - [<init>,61] - Initialized Scheduler Signaller of type: class org.quartz.core.SchedulerSignalerImpl
15:02:07.905 [restartedMain] INFO  o.q.c.QuartzScheduler - [<init>,229] - Quartz Scheduler v.2.3.2 created.
15:02:07.905 [restartedMain] INFO  o.q.c.QuartzScheduler - [initialize,294] - Scheduler meta-data: Quartz Scheduler (v2.3.2) 'RuoyiScheduler' with instanceId 'DESKTOP-GL3RGKM1788505327904'
  Scheduler class: 'org.quartz.core.QuartzScheduler' - running locally.
  NOT STARTED.
  Currently in standby mode.
  Number of jobs executed: 0
  Using thread pool 'org.quartz.simpl.SimpleThreadPool' - with 20 threads.
  Using job-store 'org.springframework.scheduling.quartz.LocalDataSourceJobStore' - which supports persistence. and is clustered.

15:02:07.905 [restartedMain] INFO  o.q.i.StdSchedulerFactory - [instantiate,1374] - Quartz scheduler 'RuoyiScheduler' initialized from an externally provided properties instance.
15:02:07.905 [restartedMain] INFO  o.q.i.StdSchedulerFactory - [instantiate,1378] - Quartz scheduler version: 2.3.2
15:02:07.905 [restartedMain] INFO  o.q.c.QuartzScheduler - [setJobFactory,2293] - JobFactory set to: org.springframework.scheduling.quartz.AdaptableJobFactory@220fa05c
15:02:08.782 [restartedMain] INFO  o.a.c.w.s.f.ReflectionServiceFactoryBean - [buildServiceFromClass,436] - Creating Service {http://impl.webservice.system.ruoyi.com/}OADeptServiceImplService from class com.ruoyi.system.webservice.impl.OADeptServiceImpl
15:02:08.972 [restartedMain] INFO  o.a.c.e.ServerImpl - [initDestination,95] - Setting the server's publish address to be /syncdep
15:02:08.995 [restartedMain] INFO  o.a.c.w.s.f.ReflectionServiceFactoryBean - [buildServiceFromClass,436] - Creating Service {http://impl.webservice.system.ruoyi.com/}OAUserServiceImplService from class com.ruoyi.system.webservice.impl.OAUserServiceImpl
15:02:09.088 [restartedMain] INFO  o.a.c.e.ServerImpl - [initDestination,95] - Setting the server's publish address to be /syncuser
15:02:09.094 [restartedMain] INFO  o.a.c.w.s.f.ReflectionServiceFactoryBean - [buildServiceFromClass,436] - Creating Service {http://ideal.sh.cn.tc}ICreateInfoServiceService from class com.ruoyi.system.webservice.createinfo.ICreateInfoService
15:02:12.022 [restartedMain] INFO  o.a.s.AbstractActivitiSmartLifeCycle - [start,81] - Starting...
15:02:12.094 [restartedMain] INFO  o.a.s.AbstractActivitiSmartLifeCycle - [start,86] - Started.
15:02:12.094 [restartedMain] INFO  o.a.s.AbstractActivitiSmartLifeCycle - [start,81] - Starting...
15:02:12.117 [restartedMain] INFO  o.a.s.AbstractActivitiSmartLifeCycle - [start,86] - Started.
15:02:12.117 [restartedMain] INFO  o.a.s.AbstractActivitiSmartLifeCycle - [start,81] - Starting...
15:02:13.059 [Quartz Scheduler [RuoyiScheduler]] INFO  o.q.c.QuartzScheduler - [start,547] - Scheduler RuoyiScheduler_$_DESKTOP-GL3RGKM1788505327904 started.
15:02:13.557 [restartedMain] INFO  o.a.s.AbstractActivitiSmartLifeCycle - [start,86] - Started.
15:02:13.558 [restartedMain] INFO  o.a.s.AbstractActivitiSmartLifeCycle - [start,81] - Starting...
15:02:24.273 [restartedMain] INFO  o.a.s.AbstractActivitiSmartLifeCycle - [start,86] - Started.
15:02:24.293 [restartedMain] INFO  c.r.RuoYiApplication - [logStarted,59] - Started RuoYiApplication in 35.975 seconds (process running for 984.772)
15:02:24.794 [restartedMain] INFO  c.r.w.k.SaslClient - [consume,109] - login user: admin
15:02:24.810 [restartedMain] INFO  o.a.k.c.c.ConsumerConfig - [logAll,347] - ConsumerConfig values: 
	allow.auto.create.topics = true
	auto.commit.interval.ms = 5000
	auto.offset.reset = earliest
	bootstrap.servers = [10.145.219.3:8423, 10.145.219.4:8423, 10.145.219.5:8423]
	check.crcs = true
	client.dns.lookup = default
	client.id = 
	client.rack = 
	connections.max.idle.ms = 540000
	default.api.timeout.ms = 60000
	enable.auto.commit = false
	exclude.internal.topics = true
	fetch.max.bytes = 52428800
	fetch.max.wait.ms = 500
	fetch.min.bytes = 1
	group.id = DE_C_HRMS_STIEP
	group.instance.id = null
	heartbeat.interval.ms = 3000
	interceptor.classes = []
	internal.leave.group.on.close = true
	isolation.level = read_uncommitted
	key.deserializer = class org.apache.kafka.common.serialization.StringDeserializer
	max.partition.fetch.bytes = 1048576
	max.poll.interval.ms = 300000
	max.poll.records = 30
	metadata.max.age.ms = 300000
	metric.reporters = []
	metrics.num.samples = 2
	metrics.recording.level = INFO
	metrics.sample.window.ms = 30000
	partition.assignment.strategy = [class org.apache.kafka.clients.consumer.RangeAssignor]
	receive.buffer.bytes = 65536
	reconnect.backoff.max.ms = 1000
	reconnect.backoff.ms = 50
	request.timeout.ms = 30000
	retry.backoff.ms = 100
	sasl.client.callback.handler.class = null
	sasl.jaas.config = [hidden]
	sasl.kerberos.kinit.cmd = /usr/bin/kinit
	sasl.kerberos.min.time.before.relogin = 60000
	sasl.kerberos.service.name = null
	sasl.kerberos.ticket.renew.jitter = 0.05
	sasl.kerberos.ticket.renew.window.factor = 0.8
	sasl.login.callback.handler.class = null
	sasl.login.class = null
	sasl.login.refresh.buffer.seconds = 300
	sasl.login.refresh.min.period.seconds = 60
	sasl.login.refresh.window.factor = 0.8
	sasl.login.refresh.window.jitter = 0.05
	sasl.mechanism = SCRAM-SHA-512
	security.protocol = SASL_PLAINTEXT
	send.buffer.bytes = 131072
	session.timeout.ms = 10000
	ssl.cipher.suites = null
	ssl.enabled.protocols = [TLSv1.2, TLSv1.1, TLSv1]
	ssl.endpoint.identification.algorithm = https
	ssl.key.password = null
	ssl.keymanager.algorithm = SunX509
	ssl.keystore.location = null
	ssl.keystore.password = null
	ssl.keystore.type = JKS
	ssl.protocol = TLS
	ssl.provider = null
	ssl.secure.random.implementation = null
	ssl.trustmanager.algorithm = PKIX
	ssl.truststore.location = null
	ssl.truststore.password = null
	ssl.truststore.type = JKS
	value.deserializer = class org.apache.kafka.common.serialization.StringDeserializer

15:02:24.819 [restartedMain] INFO  o.a.k.c.u.AppInfoParser - [<init>,117] - Kafka version: 2.3.0
15:02:24.819 [restartedMain] INFO  o.a.k.c.u.AppInfoParser - [<init>,118] - Kafka commitId: fc1aaa116b661c8a
15:02:24.819 [restartedMain] INFO  o.a.k.c.u.AppInfoParser - [<init>,119] - Kafka startTimeMs: 1788505344818
15:02:24.820 [restartedMain] INFO  o.a.k.c.c.KafkaConsumer - [subscribe,964] - [Consumer clientId=consumer-2, groupId=DE_C_HRMS_STIEP] Subscribed to topic(s): DE_HRMS_STIEP
15:02:24.820 [restartedMain] INFO  c.r.w.k.SaslClient - [consume,127] - start consumer kafka
15:03:00.453 [http-nio-9587-exec-1] INFO  o.a.c.c.C.[.[.[/] - [log,173] - Initializing Spring DispatcherServlet 'dispatcherServlet'
15:03:00.479 [http-nio-9587-exec-2] INFO  c.r.f.w.s.TokenService - [getToken,237] - user: madaosen, backend Token: Bearer eyJhbGciOiJIUzUxMiJ9.eyJsb2dpbl91c2VyX2tleSI6ImYxYmJiNjVhLTZlYzQtNDg4Ni1hY2M3LTdkZjdmYTkxZjA0YyJ9.2XbJLwaH0AcO9GmF4c9rYdGM1vOnRkWV0_M_G_RTfJNR28k4zwPCUDBXbnn5BPFglD0zNgiJDQM-I3kzB8s8Fg
15:03:00.552 [http-nio-9587-exec-4] INFO  c.r.f.w.s.TokenService - [getToken,237] - user: madaosen, backend Token: Bearer eyJhbGciOiJIUzUxMiJ9.eyJsb2dpbl91c2VyX2tleSI6ImYxYmJiNjVhLTZlYzQtNDg4Ni1hY2M3LTdkZjdmYTkxZjA0YyJ9.2XbJLwaH0AcO9GmF4c9rYdGM1vOnRkWV0_M_G_RTfJNR28k4zwPCUDBXbnn5BPFglD0zNgiJDQM-I3kzB8s8Fg
15:03:00.556 [http-nio-9587-exec-7] INFO  c.r.f.w.s.TokenService - [getToken,237] - user: madaosen, backend Token: Bearer eyJhbGciOiJIUzUxMiJ9.eyJsb2dpbl91c2VyX2tleSI6ImYxYmJiNjVhLTZlYzQtNDg4Ni1hY2M3LTdkZjdmYTkxZjA0YyJ9.2XbJLwaH0AcO9GmF4c9rYdGM1vOnRkWV0_M_G_RTfJNR28k4zwPCUDBXbnn5BPFglD0zNgiJDQM-I3kzB8s8Fg
15:03:00.558 [http-nio-9587-exec-10] INFO  c.r.f.w.s.TokenService - [getToken,237] - user: madaosen, backend Token: Bearer eyJhbGciOiJIUzUxMiJ9.eyJsb2dpbl91c2VyX2tleSI6ImYxYmJiNjVhLTZlYzQtNDg4Ni1hY2M3LTdkZjdmYTkxZjA0YyJ9.2XbJLwaH0AcO9GmF4c9rYdGM1vOnRkWV0_M_G_RTfJNR28k4zwPCUDBXbnn5BPFglD0zNgiJDQM-I3kzB8s8Fg
15:03:00.559 [http-nio-9587-exec-2] INFO  c.r.f.w.s.TokenService - [getToken,237] - user: madaosen, backend Token: Bearer eyJhbGciOiJIUzUxMiJ9.eyJsb2dpbl91c2VyX2tleSI6ImYxYmJiNjVhLTZlYzQtNDg4Ni1hY2M3LTdkZjdmYTkxZjA0YyJ9.2XbJLwaH0AcO9GmF4c9rYdGM1vOnRkWV0_M_G_RTfJNR28k4zwPCUDBXbnn5BPFglD0zNgiJDQM-I3kzB8s8Fg
15:03:00.564 [http-nio-9587-exec-8] INFO  c.r.f.w.s.TokenService - [getToken,237] - user: madaosen, backend Token: Bearer eyJhbGciOiJIUzUxMiJ9.eyJsb2dpbl91c2VyX2tleSI6ImYxYmJiNjVhLTZlYzQtNDg4Ni1hY2M3LTdkZjdmYTkxZjA0YyJ9.2XbJLwaH0AcO9GmF4c9rYdGM1vOnRkWV0_M_G_RTfJNR28k4zwPCUDBXbnn5BPFglD0zNgiJDQM-I3kzB8s8Fg
15:03:00.565 [http-nio-9587-exec-9] INFO  c.r.f.w.s.TokenService - [getToken,237] - user: madaosen, backend Token: Bearer eyJhbGciOiJIUzUxMiJ9.eyJsb2dpbl91c2VyX2tleSI6ImYxYmJiNjVhLTZlYzQtNDg4Ni1hY2M3LTdkZjdmYTkxZjA0YyJ9.2XbJLwaH0AcO9GmF4c9rYdGM1vOnRkWV0_M_G_RTfJNR28k4zwPCUDBXbnn5BPFglD0zNgiJDQM-I3kzB8s8Fg
15:03:00.602 [http-nio-9587-exec-1] INFO  c.r.f.w.s.TokenService - [getToken,237] - user: madaosen, backend Token: Bearer eyJhbGciOiJIUzUxMiJ9.eyJsb2dpbl91c2VyX2tleSI6ImYxYmJiNjVhLTZlYzQtNDg4Ni1hY2M3LTdkZjdmYTkxZjA0YyJ9.2XbJLwaH0AcO9GmF4c9rYdGM1vOnRkWV0_M_G_RTfJNR28k4zwPCUDBXbnn5BPFglD0zNgiJDQM-I3kzB8s8Fg
15:03:00.651 [http-nio-9587-exec-3] INFO  c.r.f.w.s.TokenService - [getToken,237] - user: madaosen, backend Token: Bearer eyJhbGciOiJIUzUxMiJ9.eyJsb2dpbl91c2VyX2tleSI6ImYxYmJiNjVhLTZlYzQtNDg4Ni1hY2M3LTdkZjdmYTkxZjA0YyJ9.2XbJLwaH0AcO9GmF4c9rYdGM1vOnRkWV0_M_G_RTfJNR28k4zwPCUDBXbnn5BPFglD0zNgiJDQM-I3kzB8s8Fg
15:03:00.668 [http-nio-9587-exec-5] INFO  c.r.f.w.s.TokenService - [getToken,237] - user: madaosen, backend Token: Bearer eyJhbGciOiJIUzUxMiJ9.eyJsb2dpbl91c2VyX2tleSI6ImYxYmJiNjVhLTZlYzQtNDg4Ni1hY2M3LTdkZjdmYTkxZjA0YyJ9.2XbJLwaH0AcO9GmF4c9rYdGM1vOnRkWV0_M_G_RTfJNR28k4zwPCUDBXbnn5BPFglD0zNgiJDQM-I3kzB8s8Fg
15:03:00.669 [http-nio-9587-exec-6] INFO  c.r.f.w.s.TokenService - [getToken,237] - user: madaosen, backend Token: Bearer eyJhbGciOiJIUzUxMiJ9.eyJsb2dpbl91c2VyX2tleSI6ImYxYmJiNjVhLTZlYzQtNDg4Ni1hY2M3LTdkZjdmYTkxZjA0YyJ9.2XbJLwaH0AcO9GmF4c9rYdGM1vOnRkWV0_M_G_RTfJNR28k4zwPCUDBXbnn5BPFglD0zNgiJDQM-I3kzB8s8Fg
15:03:00.672 [http-nio-9587-exec-7] INFO  c.r.f.w.s.TokenService - [getToken,237] - user: madaosen, backend Token: Bearer eyJhbGciOiJIUzUxMiJ9.eyJsb2dpbl91c2VyX2tleSI6ImYxYmJiNjVhLTZlYzQtNDg4Ni1hY2M3LTdkZjdmYTkxZjA0YyJ9.2XbJLwaH0AcO9GmF4c9rYdGM1vOnRkWV0_M_G_RTfJNR28k4zwPCUDBXbnn5BPFglD0zNgiJDQM-I3kzB8s8Fg
15:03:00.691 [http-nio-9587-exec-4] INFO  c.r.f.w.s.TokenService - [getToken,237] - user: madaosen, backend Token: Bearer eyJhbGciOiJIUzUxMiJ9.eyJsb2dpbl91c2VyX2tleSI6ImYxYmJiNjVhLTZlYzQtNDg4Ni1hY2M3LTdkZjdmYTkxZjA0YyJ9.2XbJLwaH0AcO9GmF4c9rYdGM1vOnRkWV0_M_G_RTfJNR28k4zwPCUDBXbnn5BPFglD0zNgiJDQM-I3kzB8s8Fg
15:03:00.700 [http-nio-9587-exec-1] INFO  c.r.f.w.s.TokenService - [getToken,237] - user: madaosen, backend Token: Bearer eyJhbGciOiJIUzUxMiJ9.eyJsb2dpbl91c2VyX2tleSI6ImYxYmJiNjVhLTZlYzQtNDg4Ni1hY2M3LTdkZjdmYTkxZjA0YyJ9.2XbJLwaH0AcO9GmF4c9rYdGM1vOnRkWV0_M_G_RTfJNR28k4zwPCUDBXbnn5BPFglD0zNgiJDQM-I3kzB8s8Fg
15:03:00.705 [http-nio-9587-exec-8] INFO  c.r.f.w.s.TokenService - [getToken,237] - user: madaosen, backend Token: Bearer eyJhbGciOiJIUzUxMiJ9.eyJsb2dpbl91c2VyX2tleSI6ImYxYmJiNjVhLTZlYzQtNDg4Ni1hY2M3LTdkZjdmYTkxZjA0YyJ9.2XbJLwaH0AcO9GmF4c9rYdGM1vOnRkWV0_M_G_RTfJNR28k4zwPCUDBXbnn5BPFglD0zNgiJDQM-I3kzB8s8Fg
15:03:00.732 [http-nio-9587-exec-7] INFO  c.r.f.w.s.TokenService - [getToken,237] - user: madaosen, backend Token: Bearer eyJhbGciOiJIUzUxMiJ9.eyJsb2dpbl91c2VyX2tleSI6ImYxYmJiNjVhLTZlYzQtNDg4Ni1hY2M3LTdkZjdmYTkxZjA0YyJ9.2XbJLwaH0AcO9GmF4c9rYdGM1vOnRkWV0_M_G_RTfJNR28k4zwPCUDBXbnn5BPFglD0zNgiJDQM-I3kzB8s8Fg
15:03:00.732 [http-nio-9587-exec-3] INFO  c.r.f.w.s.TokenService - [getToken,237] - user: madaosen, backend Token: Bearer eyJhbGciOiJIUzUxMiJ9.eyJsb2dpbl91c2VyX2tleSI6ImYxYmJiNjVhLTZlYzQtNDg4Ni1hY2M3LTdkZjdmYTkxZjA0YyJ9.2XbJLwaH0AcO9GmF4c9rYdGM1vOnRkWV0_M_G_RTfJNR28k4zwPCUDBXbnn5BPFglD0zNgiJDQM-I3kzB8s8Fg
15:03:00.764 [http-nio-9587-exec-1] INFO  c.r.f.w.s.TokenService - [getToken,237] - user: madaosen, backend Token: Bearer eyJhbGciOiJIUzUxMiJ9.eyJsb2dpbl91c2VyX2tleSI6ImYxYmJiNjVhLTZlYzQtNDg4Ni1hY2M3LTdkZjdmYTkxZjA0YyJ9.2XbJLwaH0AcO9GmF4c9rYdGM1vOnRkWV0_M_G_RTfJNR28k4zwPCUDBXbnn5BPFglD0zNgiJDQM-I3kzB8s8Fg
15:03:00.823 [http-nio-9587-exec-1] INFO  c.r.f.w.s.TokenService - [getToken,237] - user: madaosen, backend Token: Bearer eyJhbGciOiJIUzUxMiJ9.eyJsb2dpbl91c2VyX2tleSI6ImYxYmJiNjVhLTZlYzQtNDg4Ni1hY2M3LTdkZjdmYTkxZjA0YyJ9.2XbJLwaH0AcO9GmF4c9rYdGM1vOnRkWV0_M_G_RTfJNR28k4zwPCUDBXbnn5BPFglD0zNgiJDQM-I3kzB8s8Fg
15:03:00.823 [http-nio-9587-exec-9] INFO  c.r.f.w.s.TokenService - [getToken,237] - user: madaosen, backend Token: Bearer eyJhbGciOiJIUzUxMiJ9.eyJsb2dpbl91c2VyX2tleSI6ImYxYmJiNjVhLTZlYzQtNDg4Ni1hY2M3LTdkZjdmYTkxZjA0YyJ9.2XbJLwaH0AcO9GmF4c9rYdGM1vOnRkWV0_M_G_RTfJNR28k4zwPCUDBXbnn5BPFglD0zNgiJDQM-I3kzB8s8Fg
15:03:00.824 [http-nio-9587-exec-7] INFO  c.r.f.w.s.TokenService - [getToken,237] - user: madaosen, backend Token: Bearer eyJhbGciOiJIUzUxMiJ9.eyJsb2dpbl91c2VyX2tleSI6ImYxYmJiNjVhLTZlYzQtNDg4Ni1hY2M3LTdkZjdmYTkxZjA0YyJ9.2XbJLwaH0AcO9GmF4c9rYdGM1vOnRkWV0_M_G_RTfJNR28k4zwPCUDBXbnn5BPFglD0zNgiJDQM-I3kzB8s8Fg
15:03:00.889 [http-nio-9587-exec-4] INFO  c.r.f.w.s.TokenService - [getToken,237] - user: madaosen, backend Token: Bearer eyJhbGciOiJIUzUxMiJ9.eyJsb2dpbl91c2VyX2tleSI6ImYxYmJiNjVhLTZlYzQtNDg4Ni1hY2M3LTdkZjdmYTkxZjA0YyJ9.2XbJLwaH0AcO9GmF4c9rYdGM1vOnRkWV0_M_G_RTfJNR28k4zwPCUDBXbnn5BPFglD0zNgiJDQM-I3kzB8s8Fg
15:03:05.381 [http-nio-9587-exec-8] INFO  c.r.f.w.s.TokenService - [getToken,237] - user: madaosen, backend Token: Bearer eyJhbGciOiJIUzUxMiJ9.eyJsb2dpbl91c2VyX2tleSI6ImYxYmJiNjVhLTZlYzQtNDg4Ni1hY2M3LTdkZjdmYTkxZjA0YyJ9.2XbJLwaH0AcO9GmF4c9rYdGM1vOnRkWV0_M_G_RTfJNR28k4zwPCUDBXbnn5BPFglD0zNgiJDQM-I3kzB8s8Fg
15:03:05.745 [http-nio-9587-exec-10] INFO  c.r.f.w.s.TokenService - [getToken,237] - user: madaosen, backend Token: Bearer eyJhbGciOiJIUzUxMiJ9.eyJsb2dpbl91c2VyX2tleSI6ImYxYmJiNjVhLTZlYzQtNDg4Ni1hY2M3LTdkZjdmYTkxZjA0YyJ9.2XbJLwaH0AcO9GmF4c9rYdGM1vOnRkWV0_M_G_RTfJNR28k4zwPCUDBXbnn5BPFglD0zNgiJDQM-I3kzB8s8Fg
15:03:05.753 [http-nio-9587-exec-9] INFO  c.r.f.w.s.TokenService - [getToken,237] - user: madaosen, backend Token: Bearer eyJhbGciOiJIUzUxMiJ9.eyJsb2dpbl91c2VyX2tleSI6ImYxYmJiNjVhLTZlYzQtNDg4Ni1hY2M3LTdkZjdmYTkxZjA0YyJ9.2XbJLwaH0AcO9GmF4c9rYdGM1vOnRkWV0_M_G_RTfJNR28k4zwPCUDBXbnn5BPFglD0zNgiJDQM-I3kzB8s8Fg
15:03:05.755 [http-nio-9587-exec-3] INFO  c.r.f.w.s.TokenService - [getToken,237] - user: madaosen, backend Token: Bearer eyJhbGciOiJIUzUxMiJ9.eyJsb2dpbl91c2VyX2tleSI6ImYxYmJiNjVhLTZlYzQtNDg4Ni1hY2M3LTdkZjdmYTkxZjA0YyJ9.2XbJLwaH0AcO9GmF4c9rYdGM1vOnRkWV0_M_G_RTfJNR28k4zwPCUDBXbnn5BPFglD0zNgiJDQM-I3kzB8s8Fg
15:03:05.781 [http-nio-9587-exec-6] INFO  c.r.f.w.s.TokenService - [getToken,237] - user: madaosen, backend Token: Bearer eyJhbGciOiJIUzUxMiJ9.eyJsb2dpbl91c2VyX2tleSI6ImYxYmJiNjVhLTZlYzQtNDg4Ni1hY2M3LTdkZjdmYTkxZjA0YyJ9.2XbJLwaH0AcO9GmF4c9rYdGM1vOnRkWV0_M_G_RTfJNR28k4zwPCUDBXbnn5BPFglD0zNgiJDQM-I3kzB8s8Fg
15:03:06.136 [http-nio-9587-exec-6] INFO  c.r.w.s.i.DigitalEmployeeAgentServiceImpl - [prepareChat,584] - [DEBUG] 数字员工实际发送prompt employeeCode=kcts-todo-employee conversationId=kcts-demo-1788505380505-fda212fe prompt=@待办数字员工

以下 JSON 中 currentUser 由科创智方服务端生成；clientReferences 仅是界面引用线索，涉及读取或写入业务数据时必须再次调用科创智方受控接口校验。附件 fileId 也必须按当前用户和 conversationId 校验后才能读取。
{"conversationId":"kcts-demo-1788505380505-fda212fe","attachments":[],"currentUser":{"roleId":"fill_role","roleIds":["operational_improvement_planner_role","pf_unit_dept_leader_role","annual_project_approval_fill_role","fill_role","rd_unit_director_role","unit_verify_role","chief_engineer_leader_role","ai_audit_rule","product_innovation_accept_role","chief_engineer_director_role","workflow_user_update_role","email","rd_unit_leader_role","professional_leader_role","pf_project_manager_role","verify_role","software_cost_manager_role","allocation_role","prospective_study_planner_role","project_read_all_role","science_technology_fill_role","pf_director_role","self_develop_planner_role","hgbz","science_technology_read_role","chief_engineer_manager_role","product_innovation_planner_role","other_accept_role"],"userName":"madaosen","userId":"460","displayName":"madaosen"},"clientReferences":{"businessReferences":[{"id":"todo:2094616833662640128:066b363b-a82d-11f1-b194-da3bbfe162e3","kind":"todo","name":"项目管理员输入项目信息","projectId":"2094616833662640128","projectName":"测试流程表单","status":"项目管理员输入项目信息","taskId":"066b363b-a82d-11f1-b194-da3bbfe162e3","taskKey":"PmFillProjectInfo"}]},"todoContext":{"schemaVersion":"1.0","status":"ready","task":{"taskId":"066b363b-a82d-11f1-b194-da3bbfe162e3","taskKey":"PmFillProjectInfo","taskName":"项目管理员输入项目信息","projectId":"2094616833662640128","projectName":"测试流程表单","roleLabel":"当前办理人","actionType":"submit","canReject":false},"confirmation":{"required":true,"submitBy":"browser_session","submitToolAllowed":false,"label":"确认提交"},"project":{"id":"2094616833662640128","name":"测试流程表单","projectCategory":"prospective_study","projectCategoryName":"前瞻研究","projectProfessionalField":"1","projectProfessionalFieldName":"前瞻研究","isPlanProject":"2031546865748692995","isSelfDeveloped":0,"isBaseCutting":0,"requirementUnit":"zqj","requirementUnitName":"中区局","undertakeUnit":"SHGSRHCXYFJD","undertakeUnitName":"上海公司融合创新研发基地","operationUnit":"shgsrhcxyfjd","planStartDate":"2026-09-16","planEndDate":"2027-01-23"},"formSchema":[{"controlId":"project_name","controlType":"string","label":"项目名称","value":"","displayValue":"","required":true,"modelMaySuggest":true,"humanConfirmationRequired":true,"options":[]},{"controlId":"cost_budget","controlType":"double","label":"成本预算","value":"","displayValue":"","required":true,"modelMaySuggest":true,"humanConfirmationRequired":true,"options":[]},{"controlId":"cost_budget_current_year","controlType":"double","label":"本年下达成本预算","value":"","displayValue":"","required":true,"modelMaySuggest":true,"humanConfirmationRequired":true,"options":[]},{"controlId":"capital_budget","controlType":"double","label":"资本预算","value":"","displayValue":"","required":true,"modelMaySuggest":true,"humanConfirmationRequired":true,"options":[]},{"controlId":"is_additional_deduction","controlType":"radio","label":"是否加计扣除","value":"","displayValue":"","required":true,"modelMaySuggest":true,"humanConfirmationRequired":true,"options":[{"value":"0","label":"是"},{"value":"1","label":"否"}]},{"controlId":"project_intro","controlType":"textarea","label":"项目简要说明","value":"","displayValue":"","required":false,"modelMaySuggest":true,"humanConfirmationRequired":true,"options":[]},{"controlId":"project_complete_date","controlType":"datetime","label":"项目完成时间","value":"","displayValue":"","required":true,"modelMaySuggest":true,"humanConfirmationRequired":true,"options":[]},{"controlId":"rd_intelligent_compute_resource","controlType":"double","label":"研发用智算资源(单位:元)","value":"","displayValue":"","required":false,"modelMaySuggest":true,"humanConfirmationRequired":true,"options":[]}],"pmFillSignals":{"sourceFound":true,"source":"project_reply_or_project_info_second","prefillValues":{"project_name":{"value":"测试流程表单","displayValue":"测试流程表单","source":"project_info_second.lx_project_name"},"rd_intelligent_compute_resource":{"value":"222222217","displayValue":"222222217","source":"project_info.rd_intelligent_compute_resource"}},"requiredControlIds":["project_name","cost_budget","cost_budget_current_year","capital_budget","is_additional_deduction","project_complete_date"],"missingRequiredFields":["cost_budget","cost_budget_current_year","capital_budget","is_additional_deduction","project_complete_date"]},"responseContract":{"type":"kcts.todo_form_patch","patchKey":"formPatch","knownControlIds":["project_name","cost_budget","cost_budget_current_year","capital_budget","is_additional_deduction","project_intro","project_complete_date","rd_intelligent_compute_resource"],"rules":["只能建议 formSchema 中存在的 controlId","select 和 radio 只能使用 options 中的 value","没有充分依据的字段必须留空并加入 missingFields","不得调用工具或接口提交审批，最终提交必须由浏览器当前登录用户确认"]}}}

本轮是科创智方待办辅助，todoContext 是服务端权威上下文。仅使用其中 project、formSchema 和节点 signals；不调用工具，不伪造控件或人员，不替用户提交。审批意见 radio 只用 decisionSuggestion 表达，不列入 formPatch 或 missingFields。处理意见限60个汉字；其他当前结论下的必填项无法确定时才列入 missingFields，此时 status=needs_input 且不建议 approve。只返回符合 responseContract 的一个 kcts.todo_form_patch JSON 对象，不要 Markdown 或额外说明。
15:03:06.986 [http-nio-9587-exec-8] INFO  c.r.f.w.s.TokenService - [getToken,237] - user: madaosen, backend Token: Bearer eyJhbGciOiJIUzUxMiJ9.eyJsb2dpbl91c2VyX2tleSI6ImYxYmJiNjVhLTZlYzQtNDg4Ni1hY2M3LTdkZjdmYTkxZjA0YyJ9.2XbJLwaH0AcO9GmF4c9rYdGM1vOnRkWV0_M_G_RTfJNR28k4zwPCUDBXbnn5BPFglD0zNgiJDQM-I3kzB8s8Fg
15:03:08.182 [http-nio-9587-exec-7] INFO  c.r.f.w.s.TokenService - [getToken,237] - user: madaosen, backend Token: Bearer eyJhbGciOiJIUzUxMiJ9.eyJsb2dpbl91c2VyX2tleSI6ImYxYmJiNjVhLTZlYzQtNDg4Ni1hY2M3LTdkZjdmYTkxZjA0YyJ9.2XbJLwaH0AcO9GmF4c9rYdGM1vOnRkWV0_M_G_RTfJNR28k4zwPCUDBXbnn5BPFglD0zNgiJDQM-I3kzB8s8Fg
15:03:09.383 [http-nio-9587-exec-10] INFO  c.r.f.w.s.TokenService - [getToken,237] - user: madaosen, backend Token: Bearer eyJhbGciOiJIUzUxMiJ9.eyJsb2dpbl91c2VyX2tleSI6ImYxYmJiNjVhLTZlYzQtNDg4Ni1hY2M3LTdkZjdmYTkxZjA0YyJ9.2XbJLwaH0AcO9GmF4c9rYdGM1vOnRkWV0_M_G_RTfJNR28k4zwPCUDBXbnn5BPFglD0zNgiJDQM-I3kzB8s8Fg
15:03:10.584 [http-nio-9587-exec-9] INFO  c.r.f.w.s.TokenService - [getToken,237] - user: madaosen, backend Token: Bearer eyJhbGciOiJIUzUxMiJ9.eyJsb2dpbl91c2VyX2tleSI6ImYxYmJiNjVhLTZlYzQtNDg4Ni1hY2M3LTdkZjdmYTkxZjA0YyJ9.2XbJLwaH0AcO9GmF4c9rYdGM1vOnRkWV0_M_G_RTfJNR28k4zwPCUDBXbnn5BPFglD0zNgiJDQM-I3kzB8s8Fg
15:03:11.785 [http-nio-9587-exec-6] INFO  c.r.f.w.s.TokenService - [getToken,237] - user: madaosen, backend Token: Bearer eyJhbGciOiJIUzUxMiJ9.eyJsb2dpbl91c2VyX2tleSI6ImYxYmJiNjVhLTZlYzQtNDg4Ni1hY2M3LTdkZjdmYTkxZjA0YyJ9.2XbJLwaH0AcO9GmF4c9rYdGM1vOnRkWV0_M_G_RTfJNR28k4zwPCUDBXbnn5BPFglD0zNgiJDQM-I3kzB8s8Fg
15:03:12.986 [http-nio-9587-exec-8] INFO  c.r.f.w.s.TokenService - [getToken,237] - user: madaosen, backend Token: Bearer eyJhbGciOiJIUzUxMiJ9.eyJsb2dpbl91c2VyX2tleSI6ImYxYmJiNjVhLTZlYzQtNDg4Ni1hY2M3LTdkZjdmYTkxZjA0YyJ9.2XbJLwaH0AcO9GmF4c9rYdGM1vOnRkWV0_M_G_RTfJNR28k4zwPCUDBXbnn5BPFglD0zNgiJDQM-I3kzB8s8Fg
15:03:14.182 [http-nio-9587-exec-7] INFO  c.r.f.w.s.TokenService - [getToken,237] - user: madaosen, backend Token: Bearer eyJhbGciOiJIUzUxMiJ9.eyJsb2dpbl91c2VyX2tleSI6ImYxYmJiNjVhLTZlYzQtNDg4Ni1hY2M3LTdkZjdmYTkxZjA0YyJ9.2XbJLwaH0AcO9GmF4c9rYdGM1vOnRkWV0_M_G_RTfJNR28k4zwPCUDBXbnn5BPFglD0zNgiJDQM-I3kzB8s8Fg
15:03:15.383 [http-nio-9587-exec-10] INFO  c.r.f.w.s.TokenService - [getToken,237] - user: madaosen, backend Token: Bearer eyJhbGciOiJIUzUxMiJ9.eyJsb2dpbl91c2VyX2tleSI6ImYxYmJiNjVhLTZlYzQtNDg4Ni1hY2M3LTdkZjdmYTkxZjA0YyJ9.2XbJLwaH0AcO9GmF4c9rYdGM1vOnRkWV0_M_G_RTfJNR28k4zwPCUDBXbnn5BPFglD0zNgiJDQM-I3kzB8s8Fg
15:03:16.584 [http-nio-9587-exec-9] INFO  c.r.f.w.s.TokenService - [getToken,237] - user: madaosen, backend Token: Bearer eyJhbGciOiJIUzUxMiJ9.eyJsb2dpbl91c2VyX2tleSI6ImYxYmJiNjVhLTZlYzQtNDg4Ni1hY2M3LTdkZjdmYTkxZjA0YyJ9.2XbJLwaH0AcO9GmF4c9rYdGM1vOnRkWV0_M_G_RTfJNR28k4zwPCUDBXbnn5BPFglD0zNgiJDQM-I3kzB8s8Fg
15:03:17.787 [http-nio-9587-exec-6] INFO  c.r.f.w.s.TokenService - [getToken,237] - user: madaosen, backend Token: Bearer eyJhbGciOiJIUzUxMiJ9.eyJsb2dpbl91c2VyX2tleSI6ImYxYmJiNjVhLTZlYzQtNDg4Ni1hY2M3LTdkZjdmYTkxZjA0YyJ9.2XbJLwaH0AcO9GmF4c9rYdGM1vOnRkWV0_M_G_RTfJNR28k4zwPCUDBXbnn5BPFglD0zNgiJDQM-I3kzB8s8Fg
15:03:17.975 [http-nio-9587-exec-1] INFO  c.r.f.w.s.TokenService - [getToken,237] - user: madaosen, backend Token: Bearer eyJhbGciOiJIUzUxMiJ9.eyJsb2dpbl91c2VyX2tleSI6ImYxYmJiNjVhLTZlYzQtNDg4Ni1hY2M3LTdkZjdmYTkxZjA0YyJ9.2XbJLwaH0AcO9GmF4c9rYdGM1vOnRkWV0_M_G_RTfJNR28k4zwPCUDBXbnn5BPFglD0zNgiJDQM-I3kzB8s8Fg
15:03:18.026 [http-nio-9587-exec-5] INFO  c.r.f.w.s.TokenService - [getToken,237] - user: madaosen, backend Token: Bearer eyJhbGciOiJIUzUxMiJ9.eyJsb2dpbl91c2VyX2tleSI6ImYxYmJiNjVhLTZlYzQtNDg4Ni1hY2M3LTdkZjdmYTkxZjA0YyJ9.2XbJLwaH0AcO9GmF4c9rYdGM1vOnRkWV0_M_G_RTfJNR28k4zwPCUDBXbnn5BPFglD0zNgiJDQM-I3kzB8s8Fg
15:03:18.368 [http-nio-9587-exec-3] INFO  c.r.f.w.s.TokenService - [getToken,237] - user: madaosen, backend Token: Bearer eyJhbGciOiJIUzUxMiJ9.eyJsb2dpbl91c2VyX2tleSI6ImYxYmJiNjVhLTZlYzQtNDg4Ni1hY2M3LTdkZjdmYTkxZjA0YyJ9.2XbJLwaH0AcO9GmF4c9rYdGM1vOnRkWV0_M_G_RTfJNR28k4zwPCUDBXbnn5BPFglD0zNgiJDQM-I3kzB8s8Fg
15:03:18.986 [http-nio-9587-exec-4] INFO  c.r.f.w.s.TokenService - [getToken,237] - user: madaosen, backend Token: Bearer eyJhbGciOiJIUzUxMiJ9.eyJsb2dpbl91c2VyX2tleSI6ImYxYmJiNjVhLTZlYzQtNDg4Ni1hY2M3LTdkZjdmYTkxZjA0YyJ9.2XbJLwaH0AcO9GmF4c9rYdGM1vOnRkWV0_M_G_RTfJNR28k4zwPCUDBXbnn5BPFglD0zNgiJDQM-I3kzB8s8Fg
15:03:19.188 [http-nio-9587-exec-2] INFO  c.r.f.w.s.TokenService - [getToken,237] - user: madaosen, backend Token: Bearer eyJhbGciOiJIUzUxMiJ9.eyJsb2dpbl91c2VyX2tleSI6ImYxYmJiNjVhLTZlYzQtNDg4Ni1hY2M3LTdkZjdmYTkxZjA0YyJ9.2XbJLwaH0AcO9GmF4c9rYdGM1vOnRkWV0_M_G_RTfJNR28k4zwPCUDBXbnn5BPFglD0zNgiJDQM-I3kzB8s8Fg
15:03:19.204 [http-nio-9587-exec-1] INFO  c.r.f.w.s.TokenService - [getToken,237] - user: madaosen, backend Token: Bearer eyJhbGciOiJIUzUxMiJ9.eyJsb2dpbl91c2VyX2tleSI6ImYxYmJiNjVhLTZlYzQtNDg4Ni1hY2M3LTdkZjdmYTkxZjA0YyJ9.2XbJLwaH0AcO9GmF4c9rYdGM1vOnRkWV0_M_G_RTfJNR28k4zwPCUDBXbnn5BPFglD0zNgiJDQM-I3kzB8s8Fg
15:07:34.339 [http-nio-9587-exec-2] INFO  c.r.f.w.s.TokenService - [getToken,237] - user: madaosen, backend Token: Bearer eyJhbGciOiJIUzUxMiJ9.eyJsb2dpbl91c2VyX2tleSI6ImYxYmJiNjVhLTZlYzQtNDg4Ni1hY2M3LTdkZjdmYTkxZjA0YyJ9.2XbJLwaH0AcO9GmF4c9rYdGM1vOnRkWV0_M_G_RTfJNR28k4zwPCUDBXbnn5BPFglD0zNgiJDQM-I3kzB8s8Fg
15:07:34.666 [http-nio-9587-exec-10] INFO  c.r.f.w.s.TokenService - [getToken,237] - user: madaosen, backend Token: Bearer eyJhbGciOiJIUzUxMiJ9.eyJsb2dpbl91c2VyX2tleSI6ImYxYmJiNjVhLTZlYzQtNDg4Ni1hY2M3LTdkZjdmYTkxZjA0YyJ9.2XbJLwaH0AcO9GmF4c9rYdGM1vOnRkWV0_M_G_RTfJNR28k4zwPCUDBXbnn5BPFglD0zNgiJDQM-I3kzB8s8Fg
15:07:34.668 [http-nio-9587-exec-5] INFO  c.r.f.w.s.TokenService - [getToken,237] - user: madaosen, backend Token: Bearer eyJhbGciOiJIUzUxMiJ9.eyJsb2dpbl91c2VyX2tleSI6ImYxYmJiNjVhLTZlYzQtNDg4Ni1hY2M3LTdkZjdmYTkxZjA0YyJ9.2XbJLwaH0AcO9GmF4c9rYdGM1vOnRkWV0_M_G_RTfJNR28k4zwPCUDBXbnn5BPFglD0zNgiJDQM-I3kzB8s8Fg
15:07:34.669 [http-nio-9587-exec-3] INFO  c.r.f.w.s.TokenService - [getToken,237] - user: madaosen, backend Token: Bearer eyJhbGciOiJIUzUxMiJ9.eyJsb2dpbl91c2VyX2tleSI6ImYxYmJiNjVhLTZlYzQtNDg4Ni1hY2M3LTdkZjdmYTkxZjA0YyJ9.2XbJLwaH0AcO9GmF4c9rYdGM1vOnRkWV0_M_G_RTfJNR28k4zwPCUDBXbnn5BPFglD0zNgiJDQM-I3kzB8s8Fg
15:07:34.693 [http-nio-9587-exec-4] INFO  c.r.f.w.s.TokenService - [getToken,237] - user: madaosen, backend Token: Bearer eyJhbGciOiJIUzUxMiJ9.eyJsb2dpbl91c2VyX2tleSI6ImYxYmJiNjVhLTZlYzQtNDg4Ni1hY2M3LTdkZjdmYTkxZjA0YyJ9.2XbJLwaH0AcO9GmF4c9rYdGM1vOnRkWV0_M_G_RTfJNR28k4zwPCUDBXbnn5BPFglD0zNgiJDQM-I3kzB8s8Fg
15:07:35.002 [http-nio-9587-exec-4] INFO  c.r.w.s.i.DigitalEmployeeAgentServiceImpl - [prepareChat,584] - [DEBUG] 数字员工实际发送prompt employeeCode=kcts-todo-employee conversationId=kcts-demo-1788505380505-fda212fe prompt=@待办数字员工

以下 JSON 中 currentUser 由科创智方服务端生成；clientReferences 仅是界面引用线索，涉及读取或写入业务数据时必须再次调用科创智方受控接口校验。附件 fileId 也必须按当前用户和 conversationId 校验后才能读取。
{"conversationId":"kcts-demo-1788505380505-fda212fe","attachments":[],"currentUser":{"roleId":"fill_role","roleIds":["operational_improvement_planner_role","pf_unit_dept_leader_role","annual_project_approval_fill_role","fill_role","rd_unit_director_role","unit_verify_role","chief_engineer_leader_role","ai_audit_rule","product_innovation_accept_role","chief_engineer_director_role","workflow_user_update_role","email","rd_unit_leader_role","professional_leader_role","pf_project_manager_role","verify_role","software_cost_manager_role","allocation_role","prospective_study_planner_role","project_read_all_role","science_technology_fill_role","pf_director_role","self_develop_planner_role","hgbz","science_technology_read_role","chief_engineer_manager_role","product_innovation_planner_role","other_accept_role"],"userName":"madaosen","userId":"460","displayName":"madaosen"},"clientReferences":{"businessReferences":[{"id":"todo:2094616833662640128:066b363b-a82d-11f1-b194-da3bbfe162e3","kind":"todo","name":"项目管理员输入项目信息","projectId":"2094616833662640128","projectName":"测试流程表单","status":"项目管理员输入项目信息","taskId":"066b363b-a82d-11f1-b194-da3bbfe162e3","taskKey":"PmFillProjectInfo"}]},"todoContext":{"schemaVersion":"1.0","status":"ready","task":{"taskId":"066b363b-a82d-11f1-b194-da3bbfe162e3","taskKey":"PmFillProjectInfo","taskName":"项目管理员输入项目信息","projectId":"2094616833662640128","projectName":"测试流程表单","roleLabel":"当前办理人","actionType":"submit","canReject":false},"confirmation":{"required":true,"submitBy":"browser_session","submitToolAllowed":false,"label":"确认提交"},"project":{"id":"2094616833662640128","name":"测试流程表单","projectCategory":"prospective_study","projectCategoryName":"前瞻研究","projectProfessionalField":"1","projectProfessionalFieldName":"前瞻研究","isPlanProject":"2031546865748692995","isSelfDeveloped":0,"isBaseCutting":0,"requirementUnit":"zqj","requirementUnitName":"中区局","undertakeUnit":"SHGSRHCXYFJD","undertakeUnitName":"上海公司融合创新研发基地","operationUnit":"shgsrhcxyfjd","planStartDate":"2026-09-16","planEndDate":"2027-01-23"},"formSchema":[{"controlId":"project_name","controlType":"string","label":"项目名称","value":"","displayValue":"","required":true,"modelMaySuggest":true,"humanConfirmationRequired":true,"options":[]},{"controlId":"cost_budget","controlType":"double","label":"成本预算","value":"","displayValue":"","required":true,"modelMaySuggest":true,"humanConfirmationRequired":true,"options":[]},{"controlId":"cost_budget_current_year","controlType":"double","label":"本年下达成本预算","value":"","displayValue":"","required":true,"modelMaySuggest":true,"humanConfirmationRequired":true,"options":[]},{"controlId":"capital_budget","controlType":"double","label":"资本预算","value":"","displayValue":"","required":true,"modelMaySuggest":true,"humanConfirmationRequired":true,"options":[]},{"controlId":"is_additional_deduction","controlType":"radio","label":"是否加计扣除","value":"","displayValue":"","required":true,"modelMaySuggest":true,"humanConfirmationRequired":true,"options":[{"value":"0","label":"是"},{"value":"1","label":"否"}]},{"controlId":"project_intro","controlType":"textarea","label":"项目简要说明","value":"","displayValue":"","required":false,"modelMaySuggest":true,"humanConfirmationRequired":true,"options":[]},{"controlId":"project_complete_date","controlType":"datetime","label":"项目完成时间","value":"","displayValue":"","required":true,"modelMaySuggest":true,"humanConfirmationRequired":true,"options":[]},{"controlId":"rd_intelligent_compute_resource","controlType":"double","label":"研发用智算资源(单位:元)","value":"","displayValue":"","required":false,"modelMaySuggest":true,"humanConfirmationRequired":true,"options":[]}],"pmFillSignals":{"sourceFound":true,"source":"project_reply_or_project_info_second","prefillValues":{"project_name":{"value":"测试流程表单","displayValue":"测试流程表单","source":"project_info_second.lx_project_name"},"rd_intelligent_compute_resource":{"value":"222222217","displayValue":"222222217","source":"project_info.rd_intelligent_compute_resource"}},"requiredControlIds":["project_name","cost_budget","cost_budget_current_year","capital_budget","is_additional_deduction","project_complete_date"],"missingRequiredFields":["cost_budget","cost_budget_current_year","capital_budget","is_additional_deduction","project_complete_date"]},"responseContract":{"type":"kcts.todo_form_patch","patchKey":"formPatch","knownControlIds":["project_name","cost_budget","cost_budget_current_year","capital_budget","is_additional_deduction","project_intro","project_complete_date","rd_intelligent_compute_resource"],"rules":["只能建议 formSchema 中存在的 controlId","select 和 radio 只能使用 options 中的 value","没有充分依据的字段必须留空并加入 missingFields","不得调用工具或接口提交审批，最终提交必须由浏览器当前登录用户确认"]}}}

本轮是科创智方待办辅助，todoContext 是服务端权威上下文。仅使用其中 project、formSchema 和节点 signals；不调用工具，不伪造控件或人员，不替用户提交。审批意见 radio 只用 decisionSuggestion 表达，不列入 formPatch 或 missingFields。处理意见限60个汉字；其他当前结论下的必填项无法确定时才列入 missingFields，此时 status=needs_input 且不建议 approve。只返回符合 responseContract 的一个 kcts.todo_form_patch JSON 对象，不要 Markdown 或额外说明。
15:07:35.895 [http-nio-9587-exec-2] INFO  c.r.f.w.s.TokenService - [getToken,237] - user: madaosen, backend Token: Bearer eyJhbGciOiJIUzUxMiJ9.eyJsb2dpbl91c2VyX2tleSI6ImYxYmJiNjVhLTZlYzQtNDg4Ni1hY2M3LTdkZjdmYTkxZjA0YyJ9.2XbJLwaH0AcO9GmF4c9rYdGM1vOnRkWV0_M_G_RTfJNR28k4zwPCUDBXbnn5BPFglD0zNgiJDQM-I3kzB8s8Fg
15:07:37.100 [http-nio-9587-exec-8] INFO  c.r.f.w.s.TokenService - [getToken,237] - user: madaosen, backend Token: Bearer eyJhbGciOiJIUzUxMiJ9.eyJsb2dpbl91c2VyX2tleSI6ImYxYmJiNjVhLTZlYzQtNDg4Ni1hY2M3LTdkZjdmYTkxZjA0YyJ9.2XbJLwaH0AcO9GmF4c9rYdGM1vOnRkWV0_M_G_RTfJNR28k4zwPCUDBXbnn5BPFglD0zNgiJDQM-I3kzB8s8Fg
15:07:38.294 [http-nio-9587-exec-10] INFO  c.r.f.w.s.TokenService - [getToken,237] - user: madaosen, backend Token: Bearer eyJhbGciOiJIUzUxMiJ9.eyJsb2dpbl91c2VyX2tleSI6ImYxYmJiNjVhLTZlYzQtNDg4Ni1hY2M3LTdkZjdmYTkxZjA0YyJ9.2XbJLwaH0AcO9GmF4c9rYdGM1vOnRkWV0_M_G_RTfJNR28k4zwPCUDBXbnn5BPFglD0zNgiJDQM-I3kzB8s8Fg
15:07:39.496 [http-nio-9587-exec-3] INFO  c.r.f.w.s.TokenService - [getToken,237] - user: madaosen, backend Token: Bearer eyJhbGciOiJIUzUxMiJ9.eyJsb2dpbl91c2VyX2tleSI6ImYxYmJiNjVhLTZlYzQtNDg4Ni1hY2M3LTdkZjdmYTkxZjA0YyJ9.2XbJLwaH0AcO9GmF4c9rYdGM1vOnRkWV0_M_G_RTfJNR28k4zwPCUDBXbnn5BPFglD0zNgiJDQM-I3kzB8s8Fg
15:07:40.697 [http-nio-9587-exec-4] INFO  c.r.f.w.s.TokenService - [getToken,237] - user: madaosen, backend Token: Bearer eyJhbGciOiJIUzUxMiJ9.eyJsb2dpbl91c2VyX2tleSI6ImYxYmJiNjVhLTZlYzQtNDg4Ni1hY2M3LTdkZjdmYTkxZjA0YyJ9.2XbJLwaH0AcO9GmF4c9rYdGM1vOnRkWV0_M_G_RTfJNR28k4zwPCUDBXbnn5BPFglD0zNgiJDQM-I3kzB8s8Fg
15:07:41.898 [http-nio-9587-exec-2] INFO  c.r.f.w.s.TokenService - [getToken,237] - user: madaosen, backend Token: Bearer eyJhbGciOiJIUzUxMiJ9.eyJsb2dpbl91c2VyX2tleSI6ImYxYmJiNjVhLTZlYzQtNDg4Ni1hY2M3LTdkZjdmYTkxZjA0YyJ9.2XbJLwaH0AcO9GmF4c9rYdGM1vOnRkWV0_M_G_RTfJNR28k4zwPCUDBXbnn5BPFglD0zNgiJDQM-I3kzB8s8Fg
15:07:43.099 [http-nio-9587-exec-8] INFO  c.r.f.w.s.TokenService - [getToken,237] - user: madaosen, backend Token: Bearer eyJhbGciOiJIUzUxMiJ9.eyJsb2dpbl91c2VyX2tleSI6ImYxYmJiNjVhLTZlYzQtNDg4Ni1hY2M3LTdkZjdmYTkxZjA0YyJ9.2XbJLwaH0AcO9GmF4c9rYdGM1vOnRkWV0_M_G_RTfJNR28k4zwPCUDBXbnn5BPFglD0zNgiJDQM-I3kzB8s8Fg
15:07:44.237 [http-nio-9587-exec-5] INFO  c.r.f.w.s.TokenService - [getToken,237] - user: madaosen, backend Token: Bearer eyJhbGciOiJIUzUxMiJ9.eyJsb2dpbl91c2VyX2tleSI6ImYxYmJiNjVhLTZlYzQtNDg4Ni1hY2M3LTdkZjdmYTkxZjA0YyJ9.2XbJLwaH0AcO9GmF4c9rYdGM1vOnRkWV0_M_G_RTfJNR28k4zwPCUDBXbnn5BPFglD0zNgiJDQM-I3kzB8s8Fg
15:07:44.269 [http-nio-9587-exec-9] INFO  c.r.f.w.s.TokenService - [getToken,237] - user: madaosen, backend Token: Bearer eyJhbGciOiJIUzUxMiJ9.eyJsb2dpbl91c2VyX2tleSI6ImYxYmJiNjVhLTZlYzQtNDg4Ni1hY2M3LTdkZjdmYTkxZjA0YyJ9.2XbJLwaH0AcO9GmF4c9rYdGM1vOnRkWV0_M_G_RTfJNR28k4zwPCUDBXbnn5BPFglD0zNgiJDQM-I3kzB8s8Fg
15:07:44.303 [http-nio-9587-exec-6] INFO  c.r.f.w.s.TokenService - [getToken,237] - user: madaosen, backend Token: Bearer eyJhbGciOiJIUzUxMiJ9.eyJsb2dpbl91c2VyX2tleSI6ImYxYmJiNjVhLTZlYzQtNDg4Ni1hY2M3LTdkZjdmYTkxZjA0YyJ9.2XbJLwaH0AcO9GmF4c9rYdGM1vOnRkWV0_M_G_RTfJNR28k4zwPCUDBXbnn5BPFglD0zNgiJDQM-I3kzB8s8Fg
15:07:44.607 [http-nio-9587-exec-7] INFO  c.r.f.w.s.TokenService - [getToken,237] - user: madaosen, backend Token: Bearer eyJhbGciOiJIUzUxMiJ9.eyJsb2dpbl91c2VyX2tleSI6ImYxYmJiNjVhLTZlYzQtNDg4Ni1hY2M3LTdkZjdmYTkxZjA0YyJ9.2XbJLwaH0AcO9GmF4c9rYdGM1vOnRkWV0_M_G_RTfJNR28k4zwPCUDBXbnn5BPFglD0zNgiJDQM-I3kzB8s8Fg
15:07:45.430 [http-nio-9587-exec-1] INFO  c.r.f.w.s.TokenService - [getToken,237] - user: madaosen, backend Token: Bearer eyJhbGciOiJIUzUxMiJ9.eyJsb2dpbl91c2VyX2tleSI6ImYxYmJiNjVhLTZlYzQtNDg4Ni1hY2M3LTdkZjdmYTkxZjA0YyJ9.2XbJLwaH0AcO9GmF4c9rYdGM1vOnRkWV0_M_G_RTfJNR28k4zwPCUDBXbnn5BPFglD0zNgiJDQM-I3kzB8s8Fg
15:07:45.446 [http-nio-9587-exec-5] INFO  c.r.f.w.s.TokenService - [getToken,237] - user: madaosen, backend Token: Bearer eyJhbGciOiJIUzUxMiJ9.eyJsb2dpbl91c2VyX2tleSI6ImYxYmJiNjVhLTZlYzQtNDg4Ni1hY2M3LTdkZjdmYTkxZjA0YyJ9.2XbJLwaH0AcO9GmF4c9rYdGM1vOnRkWV0_M_G_RTfJNR28k4zwPCUDBXbnn5BPFglD0zNgiJDQM-I3kzB8s8Fg
15:20:39.267 [Thread-14] INFO  o.q.c.QuartzScheduler - [standby,585] - Scheduler RuoyiScheduler_$_DESKTOP-GL3RGKM1788505327904 paused.
15:20:39.268 [Thread-14] INFO  o.a.s.AbstractActivitiSmartLifeCycle - [stop,95] - Stopping...
15:20:39.268 [Thread-14] INFO  o.a.s.AbstractActivitiSmartLifeCycle - [stop,99] - Stopped.
15:20:39.268 [Thread-14] INFO  o.a.s.AbstractActivitiSmartLifeCycle - [stop,95] - Stopping...
15:20:39.268 [Thread-14] INFO  o.a.s.AbstractActivitiSmartLifeCycle - [stop,99] - Stopped.
15:20:39.268 [Thread-14] INFO  o.a.s.AbstractActivitiSmartLifeCycle - [stop,95] - Stopping...
15:20:39.268 [Thread-14] INFO  o.a.s.AbstractActivitiSmartLifeCycle - [stop,99] - Stopped.
15:20:39.268 [Thread-14] INFO  o.a.s.AbstractActivitiSmartLifeCycle - [stop,95] - Stopping...
15:20:39.268 [Thread-14] INFO  o.a.s.AbstractActivitiSmartLifeCycle - [stop,99] - Stopped.
15:20:40.124 [Thread-14] INFO  o.q.c.QuartzScheduler - [shutdown,666] - Scheduler RuoyiScheduler_$_DESKTOP-GL3RGKM1788505327904 shutting down.
15:20:40.124 [Thread-14] INFO  o.q.c.QuartzScheduler - [standby,585] - Scheduler RuoyiScheduler_$_DESKTOP-GL3RGKM1788505327904 paused.
15:20:40.124 [Thread-14] INFO  o.q.c.QuartzScheduler - [shutdown,740] - Scheduler RuoyiScheduler_$_DESKTOP-GL3RGKM1788505327904 shutdown complete.
15:20:40.124 [Thread-14] INFO  sys-user - [shutdownAsyncManager,31] - ====关闭后台任务任务线程池====
15:20:40.138 [Thread-14] INFO  o.a.e.i.a.DefaultAsyncJobExecutor - [shutdown,212] - Shutting down the default async job executor [org.activiti.spring.SpringAsyncExecutor].
15:20:40.138 [activiti-acquire-timer-jobs] INFO  o.a.e.i.a.AcquireTimerJobsRunnable - [run,119] - {} stopped async job due acquisition
15:20:40.138 [activiti-reset-expired-jobs] INFO  o.a.e.i.a.ResetExpiredJobsRunnable - [run,103] - {} stopped resetting expired jobs
15:20:40.138 [activiti-acquire-async-jobs] INFO  o.a.e.i.a.AcquireAsyncJobsDueRunnable - [run,119] - {} stopped async job due acquisition
15:20:40.148 [Thread-14] INFO  c.a.d.p.DruidDataSource - [close,2032] - {dataSource-3} closing ...
15:20:40.149 [Thread-14] INFO  c.a.d.p.DruidDataSource - [close,2104] - {dataSource-3} closed
15:20:40.667 [restartedMain] INFO  c.r.RuoYiApplication - [logStarting,53] - Starting RuoYiApplication using Java 17.0.10 with PID 4820 (C:\Users\Administrator\Desktop\kcts\kcts\ruoyi-admin\target\classes started by Administrator in C:\Users\Administrator\Desktop\kcts)
15:20:40.667 [restartedMain] INFO  c.r.RuoYiApplication - [logStartupProfileInfo,658] - The following 1 profile is active: "local"
15:20:47.080 [restartedMain] INFO  c.r.RuoYiApplication - [logStarting,53] - Starting RuoYiApplication using Java 17.0.10 with PID 4820 (C:\Users\Administrator\Desktop\kcts\kcts\ruoyi-admin\target\classes started by Administrator in C:\Users\Administrator\Desktop\kcts)
15:20:47.081 [restartedMain] INFO  c.r.RuoYiApplication - [logStartupProfileInfo,658] - The following 1 profile is active: "local"
15:20:57.033 [restartedMain] INFO  o.a.c.c.AprLifecycleListener - [log,173] - An older version [1.2.35] of the Apache Tomcat Native library is installed, while Tomcat recommends a minimum version of [2.0.5]
15:20:57.033 [restartedMain] INFO  o.a.c.c.AprLifecycleListener - [log,173] - Loaded Apache Tomcat Native library [1.2.35] using APR version [1.7.0].
15:20:57.033 [restartedMain] INFO  o.a.c.c.AprLifecycleListener - [log,173] - OpenSSL successfully initialized [OpenSSL 1.1.1q  5 Jul 2022]
15:20:57.034 [restartedMain] INFO  o.a.c.c.StandardService - [log,173] - Starting service [Tomcat]
15:20:57.034 [restartedMain] INFO  o.a.c.c.StandardEngine - [log,173] - Starting Servlet engine: [Apache Tomcat/10.1.33]
15:20:57.160 [restartedMain] INFO  o.a.c.c.C.[.[.[/] - [log,173] - Initializing Spring embedded WebApplicationContext
15:20:59.074 [restartedMain] INFO  c.a.d.p.DruidDataSource - [init,985] - {dataSource-4} inited
15:21:04.491 [restartedMain] INFO  o.a.s.r.ResourceFinder - [discoverResources,49] - No process definitions were found for auto-deployment in the location `classpath*:**/processes/`
15:21:06.438 [restartedMain] INFO  o.a.s.r.ResourceFinder - [discoverResources,49] - No process extensions were found for auto-deployment in the location 'classpath*:**/processes/'
15:21:06.609 [restartedMain] INFO  o.a.e.i.c.ProcessEngineConfigurationImpl - [initConfigurators,1570] - Found 1 Process Engine Configurators in total:
15:21:06.609 [restartedMain] INFO  o.a.e.i.c.ProcessEngineConfigurationImpl - [initConfigurators,1572] - class org.activiti.spring.process.conf.ProcessExtensionsConfiguratorAutoConfiguration (priority:10000)
15:21:06.609 [restartedMain] INFO  o.a.e.i.c.ProcessEngineConfigurationImpl - [configuratorsBeforeInit,1582] - Executing beforeInit() of class org.activiti.spring.process.conf.ProcessExtensionsConfiguratorAutoConfiguration (priority:10000)
15:21:06.920 [restartedMain] INFO  o.a.e.i.c.ProcessEngineConfigurationImpl - [configuratorsAfterInit,1589] - Executing configure() of class org.activiti.spring.process.conf.ProcessExtensionsConfiguratorAutoConfiguration (priority:10000)
15:21:06.926 [restartedMain] INFO  o.a.e.i.ProcessEngineImpl - [<init>,78] - ProcessEngine default created
15:21:06.926 [restartedMain] INFO  o.a.e.i.a.DefaultAsyncJobExecutor - [start,173] - Starting up the default async job executor [org.activiti.spring.SpringAsyncExecutor].
15:21:06.926 [Thread-36] INFO  o.a.e.i.a.AcquireAsyncJobsDueRunnable - [run,49] - {} starting to acquire async jobs due
15:21:06.927 [Thread-37] INFO  o.a.e.i.a.AcquireTimerJobsRunnable - [run,53] - {} starting to acquire async jobs due
15:21:06.927 [Thread-38] INFO  o.a.e.i.a.ResetExpiredJobsRunnable - [run,55] - {} starting to reset expired jobs
15:21:06.987 [restartedMain] INFO  o.a.e.i.c.DeployCmd - [executeDeploy,103] - Launching new deployment with version: 1
15:21:09.274 [restartedMain] INFO  o.q.i.StdSchedulerFactory - [instantiate,1220] - Using default implementation for ThreadExecutor
15:21:09.277 [restartedMain] INFO  o.q.c.SchedulerSignalerImpl - [<init>,61] - Initialized Scheduler Signaller of type: class org.quartz.core.SchedulerSignalerImpl
15:21:09.277 [restartedMain] INFO  o.q.c.QuartzScheduler - [<init>,229] - Quartz Scheduler v.2.3.2 created.
15:21:09.277 [restartedMain] INFO  o.q.c.QuartzScheduler - [initialize,294] - Scheduler meta-data: Quartz Scheduler (v2.3.2) 'RuoyiScheduler' with instanceId 'DESKTOP-GL3RGKM1788506469275'
  Scheduler class: 'org.quartz.core.QuartzScheduler' - running locally.
  NOT STARTED.
  Currently in standby mode.
  Number of jobs executed: 0
  Using thread pool 'org.quartz.simpl.SimpleThreadPool' - with 20 threads.
  Using job-store 'org.springframework.scheduling.quartz.LocalDataSourceJobStore' - which supports persistence. and is clustered.

15:21:09.277 [restartedMain] INFO  o.q.i.StdSchedulerFactory - [instantiate,1374] - Quartz scheduler 'RuoyiScheduler' initialized from an externally provided properties instance.
15:21:09.277 [restartedMain] INFO  o.q.i.StdSchedulerFactory - [instantiate,1378] - Quartz scheduler version: 2.3.2
15:21:09.277 [restartedMain] INFO  o.q.c.QuartzScheduler - [setJobFactory,2293] - JobFactory set to: org.springframework.scheduling.quartz.AdaptableJobFactory@7a2e2d68
15:21:10.288 [restartedMain] INFO  o.a.c.w.s.f.ReflectionServiceFactoryBean - [buildServiceFromClass,436] - Creating Service {http://impl.webservice.system.ruoyi.com/}OADeptServiceImplService from class com.ruoyi.system.webservice.impl.OADeptServiceImpl
15:21:10.468 [restartedMain] INFO  o.a.c.e.ServerImpl - [initDestination,95] - Setting the server's publish address to be /syncdep
15:21:10.489 [restartedMain] INFO  o.a.c.w.s.f.ReflectionServiceFactoryBean - [buildServiceFromClass,436] - Creating Service {http://impl.webservice.system.ruoyi.com/}OAUserServiceImplService from class com.ruoyi.system.webservice.impl.OAUserServiceImpl
15:21:10.583 [restartedMain] INFO  o.a.c.e.ServerImpl - [initDestination,95] - Setting the server's publish address to be /syncuser
15:21:10.587 [restartedMain] INFO  o.a.c.w.s.f.ReflectionServiceFactoryBean - [buildServiceFromClass,436] - Creating Service {http://ideal.sh.cn.tc}ICreateInfoServiceService from class com.ruoyi.system.webservice.createinfo.ICreateInfoService
15:21:13.830 [restartedMain] INFO  o.a.s.AbstractActivitiSmartLifeCycle - [start,81] - Starting...
15:21:13.908 [restartedMain] INFO  o.a.s.AbstractActivitiSmartLifeCycle - [start,86] - Started.
15:21:13.908 [restartedMain] INFO  o.a.s.AbstractActivitiSmartLifeCycle - [start,81] - Starting...
15:21:13.932 [restartedMain] INFO  o.a.s.AbstractActivitiSmartLifeCycle - [start,86] - Started.
15:21:13.932 [restartedMain] INFO  o.a.s.AbstractActivitiSmartLifeCycle - [start,81] - Starting...
15:21:14.881 [Quartz Scheduler [RuoyiScheduler]] INFO  o.q.c.QuartzScheduler - [start,547] - Scheduler RuoyiScheduler_$_DESKTOP-GL3RGKM1788506469275 started.
15:21:15.558 [restartedMain] INFO  o.a.s.AbstractActivitiSmartLifeCycle - [start,86] - Started.
15:21:15.558 [restartedMain] INFO  o.a.s.AbstractActivitiSmartLifeCycle - [start,81] - Starting...
15:21:20.788 [restartedMain] INFO  o.a.s.AbstractActivitiSmartLifeCycle - [start,86] - Started.
15:21:20.805 [restartedMain] INFO  c.r.RuoYiApplication - [logStarted,59] - Started RuoYiApplication in 33.945 seconds (process running for 2121.283)
15:21:21.173 [restartedMain] INFO  c.r.w.k.SaslClient - [consume,109] - login user: admin
15:21:21.189 [restartedMain] INFO  o.a.k.c.c.ConsumerConfig - [logAll,347] - ConsumerConfig values: 
	allow.auto.create.topics = true
	auto.commit.interval.ms = 5000
	auto.offset.reset = earliest
	bootstrap.servers = [10.145.219.3:8423, 10.145.219.4:8423, 10.145.219.5:8423]
	check.crcs = true
	client.dns.lookup = default
	client.id = 
	client.rack = 
	connections.max.idle.ms = 540000
	default.api.timeout.ms = 60000
	enable.auto.commit = false
	exclude.internal.topics = true
	fetch.max.bytes = 52428800
	fetch.max.wait.ms = 500
	fetch.min.bytes = 1
	group.id = DE_C_HRMS_STIEP
	group.instance.id = null
	heartbeat.interval.ms = 3000
	interceptor.classes = []
	internal.leave.group.on.close = true
	isolation.level = read_uncommitted
	key.deserializer = class org.apache.kafka.common.serialization.StringDeserializer
	max.partition.fetch.bytes = 1048576
	max.poll.interval.ms = 300000
	max.poll.records = 30
	metadata.max.age.ms = 300000
	metric.reporters = []
	metrics.num.samples = 2
	metrics.recording.level = INFO
	metrics.sample.window.ms = 30000
	partition.assignment.strategy = [class org.apache.kafka.clients.consumer.RangeAssignor]
	receive.buffer.bytes = 65536
	reconnect.backoff.max.ms = 1000
	reconnect.backoff.ms = 50
	request.timeout.ms = 30000
	retry.backoff.ms = 100
	sasl.client.callback.handler.class = null
	sasl.jaas.config = [hidden]
	sasl.kerberos.kinit.cmd = /usr/bin/kinit
	sasl.kerberos.min.time.before.relogin = 60000
	sasl.kerberos.service.name = null
	sasl.kerberos.ticket.renew.jitter = 0.05
	sasl.kerberos.ticket.renew.window.factor = 0.8
	sasl.login.callback.handler.class = null
	sasl.login.class = null
	sasl.login.refresh.buffer.seconds = 300
	sasl.login.refresh.min.period.seconds = 60
	sasl.login.refresh.window.factor = 0.8
	sasl.login.refresh.window.jitter = 0.05
	sasl.mechanism = SCRAM-SHA-512
	security.protocol = SASL_PLAINTEXT
	send.buffer.bytes = 131072
	session.timeout.ms = 10000
	ssl.cipher.suites = null
	ssl.enabled.protocols = [TLSv1.2, TLSv1.1, TLSv1]
	ssl.endpoint.identification.algorithm = https
	ssl.key.password = null
	ssl.keymanager.algorithm = SunX509
	ssl.keystore.location = null
	ssl.keystore.password = null
	ssl.keystore.type = JKS
	ssl.protocol = TLS
	ssl.provider = null
	ssl.secure.random.implementation = null
	ssl.trustmanager.algorithm = PKIX
	ssl.truststore.location = null
	ssl.truststore.password = null
	ssl.truststore.type = JKS
	value.deserializer = class org.apache.kafka.common.serialization.StringDeserializer

15:21:21.198 [restartedMain] INFO  o.a.k.c.u.AppInfoParser - [<init>,117] - Kafka version: 2.3.0
15:21:21.199 [restartedMain] INFO  o.a.k.c.u.AppInfoParser - [<init>,118] - Kafka commitId: fc1aaa116b661c8a
15:21:21.199 [restartedMain] INFO  o.a.k.c.u.AppInfoParser - [<init>,119] - Kafka startTimeMs: 1788506481198
15:21:21.199 [restartedMain] INFO  o.a.k.c.c.KafkaConsumer - [subscribe,964] - [Consumer clientId=consumer-3, groupId=DE_C_HRMS_STIEP] Subscribed to topic(s): DE_HRMS_STIEP
15:21:21.200 [restartedMain] INFO  c.r.w.k.SaslClient - [consume,127] - start consumer kafka
15:22:19.851 [SpringApplicationShutdownHook] INFO  o.q.c.QuartzScheduler - [standby,585] - Scheduler RuoyiScheduler_$_DESKTOP-GL3RGKM1788506469275 paused.
15:22:19.851 [SpringApplicationShutdownHook] INFO  o.a.s.AbstractActivitiSmartLifeCycle - [stop,95] - Stopping...
15:22:19.851 [SpringApplicationShutdownHook] INFO  o.a.s.AbstractActivitiSmartLifeCycle - [stop,99] - Stopped.
15:22:19.851 [SpringApplicationShutdownHook] INFO  o.a.s.AbstractActivitiSmartLifeCycle - [stop,95] - Stopping...
15:22:19.851 [SpringApplicationShutdownHook] INFO  o.a.s.AbstractActivitiSmartLifeCycle - [stop,99] - Stopped.
15:22:19.851 [SpringApplicationShutdownHook] INFO  o.a.s.AbstractActivitiSmartLifeCycle - [stop,95] - Stopping...
15:22:19.851 [SpringApplicationShutdownHook] INFO  o.a.s.AbstractActivitiSmartLifeCycle - [stop,99] - Stopped.
15:22:19.852 [SpringApplicationShutdownHook] INFO  o.a.s.AbstractActivitiSmartLifeCycle - [stop,95] - Stopping...
15:22:19.852 [SpringApplicationShutdownHook] INFO  o.a.s.AbstractActivitiSmartLifeCycle - [stop,99] - Stopped.
15:22:22.648 [SpringApplicationShutdownHook] INFO  o.q.c.QuartzScheduler - [shutdown,666] - Scheduler RuoyiScheduler_$_DESKTOP-GL3RGKM1788506469275 shutting down.
15:22:22.649 [SpringApplicationShutdownHook] INFO  o.q.c.QuartzScheduler - [standby,585] - Scheduler RuoyiScheduler_$_DESKTOP-GL3RGKM1788506469275 paused.
15:22:22.650 [SpringApplicationShutdownHook] INFO  o.q.c.QuartzScheduler - [shutdown,740] - Scheduler RuoyiScheduler_$_DESKTOP-GL3RGKM1788506469275 shutdown complete.
15:22:22.650 [SpringApplicationShutdownHook] INFO  sys-user - [shutdownAsyncManager,31] - ====关闭后台任务任务线程池====
15:22:22.663 [SpringApplicationShutdownHook] INFO  o.a.e.i.a.DefaultAsyncJobExecutor - [shutdown,212] - Shutting down the default async job executor [org.activiti.spring.SpringAsyncExecutor].
15:22:22.663 [activiti-acquire-timer-jobs] INFO  o.a.e.i.a.AcquireTimerJobsRunnable - [run,119] - {} stopped async job due acquisition
15:22:22.664 [activiti-acquire-async-jobs] INFO  o.a.e.i.a.AcquireAsyncJobsDueRunnable - [run,119] - {} stopped async job due acquisition
15:22:22.664 [activiti-reset-expired-jobs] INFO  o.a.e.i.a.ResetExpiredJobsRunnable - [run,103] - {} stopped resetting expired jobs
15:22:22.671 [SpringApplicationShutdownHook] INFO  c.a.d.p.DruidDataSource - [close,2032] - {dataSource-4} closing ...
15:22:22.672 [SpringApplicationShutdownHook] INFO  c.a.d.p.DruidDataSource - [close,2104] - {dataSource-4} closed
15:25:41.098 [restartedMain] INFO  c.r.RuoYiApplication - [logStarting,53] - Starting RuoYiApplication using Java 17.0.10 with PID 50200 (C:\Users\Administrator\Desktop\kcts\kcts\ruoyi-admin\target\classes started by Administrator in C:\Users\Administrator\Desktop\kcts)
15:25:41.101 [restartedMain] INFO  c.r.RuoYiApplication - [logStartupProfileInfo,658] - The following 1 profile is active: "local"
15:25:46.426 [restartedMain] INFO  o.a.c.c.AprLifecycleListener - [log,173] - An older version [1.2.35] of the Apache Tomcat Native library is installed, while Tomcat recommends a minimum version of [2.0.5]
15:25:46.426 [restartedMain] INFO  o.a.c.c.AprLifecycleListener - [log,173] - Loaded Apache Tomcat Native library [1.2.35] using APR version [1.7.0].
15:25:46.430 [restartedMain] INFO  o.a.c.c.AprLifecycleListener - [log,173] - OpenSSL successfully initialized [OpenSSL 1.1.1q  5 Jul 2022]
15:25:46.453 [restartedMain] INFO  o.a.c.c.StandardService - [log,173] - Starting service [Tomcat]
15:25:46.454 [restartedMain] INFO  o.a.c.c.StandardEngine - [log,173] - Starting Servlet engine: [Apache Tomcat/10.1.33]
15:25:46.608 [restartedMain] INFO  o.a.c.c.C.[.[.[/] - [log,173] - Initializing Spring embedded WebApplicationContext
15:25:49.435 [restartedMain] INFO  c.a.d.p.DruidDataSource - [init,985] - {dataSource-1} inited
15:25:55.656 [restartedMain] INFO  o.a.s.r.ResourceFinder - [discoverResources,49] - No process definitions were found for auto-deployment in the location `classpath*:**/processes/`
15:25:57.345 [restartedMain] INFO  o.a.s.r.ResourceFinder - [discoverResources,49] - No process extensions were found for auto-deployment in the location 'classpath*:**/processes/'
15:25:57.623 [restartedMain] INFO  o.a.e.i.c.ProcessEngineConfigurationImpl - [initConfigurators,1570] - Found 1 Process Engine Configurators in total:
15:25:57.625 [restartedMain] INFO  o.a.e.i.c.ProcessEngineConfigurationImpl - [initConfigurators,1572] - class org.activiti.spring.process.conf.ProcessExtensionsConfiguratorAutoConfiguration (priority:10000)
15:25:57.625 [restartedMain] INFO  o.a.e.i.c.ProcessEngineConfigurationImpl - [configuratorsBeforeInit,1582] - Executing beforeInit() of class org.activiti.spring.process.conf.ProcessExtensionsConfiguratorAutoConfiguration (priority:10000)
15:25:58.378 [restartedMain] INFO  o.a.e.i.c.ProcessEngineConfigurationImpl - [configuratorsAfterInit,1589] - Executing configure() of class org.activiti.spring.process.conf.ProcessExtensionsConfiguratorAutoConfiguration (priority:10000)
15:25:58.404 [restartedMain] INFO  o.a.e.i.ProcessEngineImpl - [<init>,78] - ProcessEngine default created
15:25:58.407 [restartedMain] INFO  o.a.e.i.a.DefaultAsyncJobExecutor - [start,173] - Starting up the default async job executor [org.activiti.spring.SpringAsyncExecutor].
15:25:58.407 [Thread-4] INFO  o.a.e.i.a.AcquireAsyncJobsDueRunnable - [run,49] - {} starting to acquire async jobs due
15:25:58.408 [Thread-5] INFO  o.a.e.i.a.AcquireTimerJobsRunnable - [run,53] - {} starting to acquire async jobs due
15:25:58.408 [Thread-6] INFO  o.a.e.i.a.ResetExpiredJobsRunnable - [run,55] - {} starting to reset expired jobs
15:25:58.494 [restartedMain] INFO  o.a.e.i.c.DeployCmd - [executeDeploy,103] - Launching new deployment with version: 1
15:26:01.151 [restartedMain] INFO  o.q.i.StdSchedulerFactory - [instantiate,1220] - Using default implementation for ThreadExecutor
15:26:01.168 [restartedMain] INFO  o.q.c.SchedulerSignalerImpl - [<init>,61] - Initialized Scheduler Signaller of type: class org.quartz.core.SchedulerSignalerImpl
15:26:01.168 [restartedMain] INFO  o.q.c.QuartzScheduler - [<init>,229] - Quartz Scheduler v.2.3.2 created.
15:26:01.175 [restartedMain] INFO  o.q.c.QuartzScheduler - [initialize,294] - Scheduler meta-data: Quartz Scheduler (v2.3.2) 'RuoyiScheduler' with instanceId 'DESKTOP-GL3RGKM1788506761154'
  Scheduler class: 'org.quartz.core.QuartzScheduler' - running locally.
  NOT STARTED.
  Currently in standby mode.
  Number of jobs executed: 0
  Using thread pool 'org.quartz.simpl.SimpleThreadPool' - with 20 threads.
  Using job-store 'org.springframework.scheduling.quartz.LocalDataSourceJobStore' - which supports persistence. and is clustered.

15:26:01.175 [restartedMain] INFO  o.q.i.StdSchedulerFactory - [instantiate,1374] - Quartz scheduler 'RuoyiScheduler' initialized from an externally provided properties instance.
15:26:01.175 [restartedMain] INFO  o.q.i.StdSchedulerFactory - [instantiate,1378] - Quartz scheduler version: 2.3.2
15:26:01.177 [restartedMain] INFO  o.q.c.QuartzScheduler - [setJobFactory,2293] - JobFactory set to: org.springframework.scheduling.quartz.AdaptableJobFactory@20beccab
15:26:02.386 [restartedMain] INFO  o.a.c.w.s.f.ReflectionServiceFactoryBean - [buildServiceFromClass,436] - Creating Service {http://impl.webservice.system.ruoyi.com/}OADeptServiceImplService from class com.ruoyi.system.webservice.impl.OADeptServiceImpl
15:26:03.213 [restartedMain] INFO  o.a.c.e.ServerImpl - [initDestination,95] - Setting the server's publish address to be /syncdep
15:26:03.258 [restartedMain] INFO  o.a.c.w.s.f.ReflectionServiceFactoryBean - [buildServiceFromClass,436] - Creating Service {http://impl.webservice.system.ruoyi.com/}OAUserServiceImplService from class com.ruoyi.system.webservice.impl.OAUserServiceImpl
15:26:03.353 [restartedMain] INFO  o.a.c.e.ServerImpl - [initDestination,95] - Setting the server's publish address to be /syncuser
15:26:03.361 [restartedMain] INFO  o.a.c.w.s.f.ReflectionServiceFactoryBean - [buildServiceFromClass,436] - Creating Service {http://ideal.sh.cn.tc}ICreateInfoServiceService from class com.ruoyi.system.webservice.createinfo.ICreateInfoService
15:26:08.223 [restartedMain] INFO  o.a.s.AbstractActivitiSmartLifeCycle - [start,81] - Starting...
15:26:08.486 [restartedMain] INFO  o.a.s.AbstractActivitiSmartLifeCycle - [start,86] - Started.
15:26:08.486 [restartedMain] INFO  o.a.s.AbstractActivitiSmartLifeCycle - [start,81] - Starting...
15:26:08.522 [restartedMain] INFO  o.a.s.AbstractActivitiSmartLifeCycle - [start,86] - Started.
15:26:08.522 [restartedMain] INFO  o.a.s.AbstractActivitiSmartLifeCycle - [start,81] - Starting...
15:26:09.256 [Quartz Scheduler [RuoyiScheduler]] INFO  o.q.c.QuartzScheduler - [start,547] - Scheduler RuoyiScheduler_$_DESKTOP-GL3RGKM1788506761154 started.
15:26:09.997 [restartedMain] INFO  o.a.s.AbstractActivitiSmartLifeCycle - [start,86] - Started.
15:26:09.997 [restartedMain] INFO  o.a.s.AbstractActivitiSmartLifeCycle - [start,81] - Starting...
15:26:14.386 [restartedMain] INFO  o.a.s.AbstractActivitiSmartLifeCycle - [start,86] - Started.
15:26:14.413 [restartedMain] INFO  c.r.RuoYiApplication - [logStarted,59] - Started RuoYiApplication in 33.786 seconds (process running for 35.282)
15:26:14.757 [restartedMain] INFO  c.r.w.k.SaslClient - [consume,109] - login user: admin
15:26:15.288 [RMI TCP Connection(2)-172.33.1.108] INFO  o.a.c.c.C.[.[.[/] - [log,173] - Initializing Spring DispatcherServlet 'dispatcherServlet'
15:26:15.897 [restartedMain] INFO  o.a.k.c.c.ConsumerConfig - [logAll,347] - ConsumerConfig values: 
	allow.auto.create.topics = true
	auto.commit.interval.ms = 5000
	auto.offset.reset = earliest
	bootstrap.servers = [10.145.219.3:8423, 10.145.219.4:8423, 10.145.219.5:8423]
	check.crcs = true
	client.dns.lookup = default
	client.id = 
	client.rack = 
	connections.max.idle.ms = 540000
	default.api.timeout.ms = 60000
	enable.auto.commit = false
	exclude.internal.topics = true
	fetch.max.bytes = 52428800
	fetch.max.wait.ms = 500
	fetch.min.bytes = 1
	group.id = DE_C_HRMS_STIEP
	group.instance.id = null
	heartbeat.interval.ms = 3000
	interceptor.classes = []
	internal.leave.group.on.close = true
	isolation.level = read_uncommitted
	key.deserializer = class org.apache.kafka.common.serialization.StringDeserializer
	max.partition.fetch.bytes = 1048576
	max.poll.interval.ms = 300000
	max.poll.records = 30
	metadata.max.age.ms = 300000
	metric.reporters = []
	metrics.num.samples = 2
	metrics.recording.level = INFO
	metrics.sample.window.ms = 30000
	partition.assignment.strategy = [class org.apache.kafka.clients.consumer.RangeAssignor]
	receive.buffer.bytes = 65536
	reconnect.backoff.max.ms = 1000
	reconnect.backoff.ms = 50
	request.timeout.ms = 30000
	retry.backoff.ms = 100
	sasl.client.callback.handler.class = null
	sasl.jaas.config = [hidden]
	sasl.kerberos.kinit.cmd = /usr/bin/kinit
	sasl.kerberos.min.time.before.relogin = 60000
	sasl.kerberos.service.name = null
	sasl.kerberos.ticket.renew.jitter = 0.05
	sasl.kerberos.ticket.renew.window.factor = 0.8
	sasl.login.callback.handler.class = null
	sasl.login.class = null
	sasl.login.refresh.buffer.seconds = 300
	sasl.login.refresh.min.period.seconds = 60
	sasl.login.refresh.window.factor = 0.8
	sasl.login.refresh.window.jitter = 0.05
	sasl.mechanism = SCRAM-SHA-512
	security.protocol = SASL_PLAINTEXT
	send.buffer.bytes = 131072
	session.timeout.ms = 10000
	ssl.cipher.suites = null
	ssl.enabled.protocols = [TLSv1.2, TLSv1.1, TLSv1]
	ssl.endpoint.identification.algorithm = https
	ssl.key.password = null
	ssl.keymanager.algorithm = SunX509
	ssl.keystore.location = null
	ssl.keystore.password = null
	ssl.keystore.type = JKS
	ssl.protocol = TLS
	ssl.provider = null
	ssl.secure.random.implementation = null
	ssl.trustmanager.algorithm = PKIX
	ssl.truststore.location = null
	ssl.truststore.password = null
	ssl.truststore.type = JKS
	value.deserializer = class org.apache.kafka.common.serialization.StringDeserializer

15:26:16.087 [restartedMain] INFO  o.a.k.c.s.a.AbstractLogin - [login,61] - Successfully logged in.
15:26:16.477 [restartedMain] INFO  o.a.k.c.u.AppInfoParser - [<init>,117] - Kafka version: 2.3.0
15:26:16.478 [restartedMain] INFO  o.a.k.c.u.AppInfoParser - [<init>,118] - Kafka commitId: fc1aaa116b661c8a
15:26:16.478 [restartedMain] INFO  o.a.k.c.u.AppInfoParser - [<init>,119] - Kafka startTimeMs: 1788506776472
15:26:16.481 [restartedMain] INFO  o.a.k.c.c.KafkaConsumer - [subscribe,964] - [Consumer clientId=consumer-1, groupId=DE_C_HRMS_STIEP] Subscribed to topic(s): DE_HRMS_STIEP
15:26:16.482 [restartedMain] INFO  c.r.w.k.SaslClient - [consume,127] - start consumer kafka
15:26:25.216 [http-nio-9587-exec-2] INFO  c.r.f.w.s.TokenService - [getToken,237] - user: madaosen, backend Token: Bearer eyJhbGciOiJIUzUxMiJ9.eyJsb2dpbl91c2VyX2tleSI6ImYxYmJiNjVhLTZlYzQtNDg4Ni1hY2M3LTdkZjdmYTkxZjA0YyJ9.2XbJLwaH0AcO9GmF4c9rYdGM1vOnRkWV0_M_G_RTfJNR28k4zwPCUDBXbnn5BPFglD0zNgiJDQM-I3kzB8s8Fg
15:26:25.351 [http-nio-9587-exec-7] INFO  c.r.f.w.s.TokenService - [getToken,237] - user: madaosen, backend Token: Bearer eyJhbGciOiJIUzUxMiJ9.eyJsb2dpbl91c2VyX2tleSI6ImYxYmJiNjVhLTZlYzQtNDg4Ni1hY2M3LTdkZjdmYTkxZjA0YyJ9.2XbJLwaH0AcO9GmF4c9rYdGM1vOnRkWV0_M_G_RTfJNR28k4zwPCUDBXbnn5BPFglD0zNgiJDQM-I3kzB8s8Fg
15:26:25.355 [http-nio-9587-exec-3] INFO  c.r.f.w.s.TokenService - [getToken,237] - user: madaosen, backend Token: Bearer eyJhbGciOiJIUzUxMiJ9.eyJsb2dpbl91c2VyX2tleSI6ImYxYmJiNjVhLTZlYzQtNDg4Ni1hY2M3LTdkZjdmYTkxZjA0YyJ9.2XbJLwaH0AcO9GmF4c9rYdGM1vOnRkWV0_M_G_RTfJNR28k4zwPCUDBXbnn5BPFglD0zNgiJDQM-I3kzB8s8Fg
15:26:25.356 [http-nio-9587-exec-8] INFO  c.r.f.w.s.TokenService - [getToken,237] - user: madaosen, backend Token: Bearer eyJhbGciOiJIUzUxMiJ9.eyJsb2dpbl91c2VyX2tleSI6ImYxYmJiNjVhLTZlYzQtNDg4Ni1hY2M3LTdkZjdmYTkxZjA0YyJ9.2XbJLwaH0AcO9GmF4c9rYdGM1vOnRkWV0_M_G_RTfJNR28k4zwPCUDBXbnn5BPFglD0zNgiJDQM-I3kzB8s8Fg
15:26:25.357 [http-nio-9587-exec-6] INFO  c.r.f.w.s.TokenService - [getToken,237] - user: madaosen, backend Token: Bearer eyJhbGciOiJIUzUxMiJ9.eyJsb2dpbl91c2VyX2tleSI6ImYxYmJiNjVhLTZlYzQtNDg4Ni1hY2M3LTdkZjdmYTkxZjA0YyJ9.2XbJLwaH0AcO9GmF4c9rYdGM1vOnRkWV0_M_G_RTfJNR28k4zwPCUDBXbnn5BPFglD0zNgiJDQM-I3kzB8s8Fg
15:26:25.365 [http-nio-9587-exec-9] INFO  c.r.f.w.s.TokenService - [getToken,237] - user: madaosen, backend Token: Bearer eyJhbGciOiJIUzUxMiJ9.eyJsb2dpbl91c2VyX2tleSI6ImYxYmJiNjVhLTZlYzQtNDg4Ni1hY2M3LTdkZjdmYTkxZjA0YyJ9.2XbJLwaH0AcO9GmF4c9rYdGM1vOnRkWV0_M_G_RTfJNR28k4zwPCUDBXbnn5BPFglD0zNgiJDQM-I3kzB8s8Fg
15:26:25.377 [http-nio-9587-exec-5] INFO  c.r.f.w.s.TokenService - [getToken,237] - user: madaosen, backend Token: Bearer eyJhbGciOiJIUzUxMiJ9.eyJsb2dpbl91c2VyX2tleSI6ImYxYmJiNjVhLTZlYzQtNDg4Ni1hY2M3LTdkZjdmYTkxZjA0YyJ9.2XbJLwaH0AcO9GmF4c9rYdGM1vOnRkWV0_M_G_RTfJNR28k4zwPCUDBXbnn5BPFglD0zNgiJDQM-I3kzB8s8Fg
15:26:25.456 [http-nio-9587-exec-3] INFO  c.r.f.w.s.TokenService - [getToken,237] - user: madaosen, backend Token: Bearer eyJhbGciOiJIUzUxMiJ9.eyJsb2dpbl91c2VyX2tleSI6ImYxYmJiNjVhLTZlYzQtNDg4Ni1hY2M3LTdkZjdmYTkxZjA0YyJ9.2XbJLwaH0AcO9GmF4c9rYdGM1vOnRkWV0_M_G_RTfJNR28k4zwPCUDBXbnn5BPFglD0zNgiJDQM-I3kzB8s8Fg
15:26:25.489 [http-nio-9587-exec-4] INFO  c.r.f.w.s.TokenService - [getToken,237] - user: madaosen, backend Token: Bearer eyJhbGciOiJIUzUxMiJ9.eyJsb2dpbl91c2VyX2tleSI6ImYxYmJiNjVhLTZlYzQtNDg4Ni1hY2M3LTdkZjdmYTkxZjA0YyJ9.2XbJLwaH0AcO9GmF4c9rYdGM1vOnRkWV0_M_G_RTfJNR28k4zwPCUDBXbnn5BPFglD0zNgiJDQM-I3kzB8s8Fg
15:26:25.514 [http-nio-9587-exec-10] INFO  c.r.f.w.s.TokenService - [getToken,237] - user: madaosen, backend Token: Bearer eyJhbGciOiJIUzUxMiJ9.eyJsb2dpbl91c2VyX2tleSI6ImYxYmJiNjVhLTZlYzQtNDg4Ni1hY2M3LTdkZjdmYTkxZjA0YyJ9.2XbJLwaH0AcO9GmF4c9rYdGM1vOnRkWV0_M_G_RTfJNR28k4zwPCUDBXbnn5BPFglD0zNgiJDQM-I3kzB8s8Fg
15:26:25.545 [http-nio-9587-exec-1] INFO  c.r.f.w.s.TokenService - [getToken,237] - user: madaosen, backend Token: Bearer eyJhbGciOiJIUzUxMiJ9.eyJsb2dpbl91c2VyX2tleSI6ImYxYmJiNjVhLTZlYzQtNDg4Ni1hY2M3LTdkZjdmYTkxZjA0YyJ9.2XbJLwaH0AcO9GmF4c9rYdGM1vOnRkWV0_M_G_RTfJNR28k4zwPCUDBXbnn5BPFglD0zNgiJDQM-I3kzB8s8Fg
15:26:25.556 [http-nio-9587-exec-7] INFO  c.r.f.w.s.TokenService - [getToken,237] - user: madaosen, backend Token: Bearer eyJhbGciOiJIUzUxMiJ9.eyJsb2dpbl91c2VyX2tleSI6ImYxYmJiNjVhLTZlYzQtNDg4Ni1hY2M3LTdkZjdmYTkxZjA0YyJ9.2XbJLwaH0AcO9GmF4c9rYdGM1vOnRkWV0_M_G_RTfJNR28k4zwPCUDBXbnn5BPFglD0zNgiJDQM-I3kzB8s8Fg
15:26:25.723 [http-nio-9587-exec-4] INFO  c.r.f.w.s.TokenService - [getToken,237] - user: madaosen, backend Token: Bearer eyJhbGciOiJIUzUxMiJ9.eyJsb2dpbl91c2VyX2tleSI6ImYxYmJiNjVhLTZlYzQtNDg4Ni1hY2M3LTdkZjdmYTkxZjA0YyJ9.2XbJLwaH0AcO9GmF4c9rYdGM1vOnRkWV0_M_G_RTfJNR28k4zwPCUDBXbnn5BPFglD0zNgiJDQM-I3kzB8s8Fg
15:26:25.731 [http-nio-9587-exec-3] INFO  c.r.f.w.s.TokenService - [getToken,237] - user: madaosen, backend Token: Bearer eyJhbGciOiJIUzUxMiJ9.eyJsb2dpbl91c2VyX2tleSI6ImYxYmJiNjVhLTZlYzQtNDg4Ni1hY2M3LTdkZjdmYTkxZjA0YyJ9.2XbJLwaH0AcO9GmF4c9rYdGM1vOnRkWV0_M_G_RTfJNR28k4zwPCUDBXbnn5BPFglD0zNgiJDQM-I3kzB8s8Fg
15:26:25.745 [http-nio-9587-exec-5] INFO  c.r.f.w.s.TokenService - [getToken,237] - user: madaosen, backend Token: Bearer eyJhbGciOiJIUzUxMiJ9.eyJsb2dpbl91c2VyX2tleSI6ImYxYmJiNjVhLTZlYzQtNDg4Ni1hY2M3LTdkZjdmYTkxZjA0YyJ9.2XbJLwaH0AcO9GmF4c9rYdGM1vOnRkWV0_M_G_RTfJNR28k4zwPCUDBXbnn5BPFglD0zNgiJDQM-I3kzB8s8Fg
15:26:25.767 [http-nio-9587-exec-9] INFO  c.r.f.w.s.TokenService - [getToken,237] - user: madaosen, backend Token: Bearer eyJhbGciOiJIUzUxMiJ9.eyJsb2dpbl91c2VyX2tleSI6ImYxYmJiNjVhLTZlYzQtNDg4Ni1hY2M3LTdkZjdmYTkxZjA0YyJ9.2XbJLwaH0AcO9GmF4c9rYdGM1vOnRkWV0_M_G_RTfJNR28k4zwPCUDBXbnn5BPFglD0zNgiJDQM-I3kzB8s8Fg
15:26:25.778 [http-nio-9587-exec-1] INFO  c.r.f.w.s.TokenService - [getToken,237] - user: madaosen, backend Token: Bearer eyJhbGciOiJIUzUxMiJ9.eyJsb2dpbl91c2VyX2tleSI6ImYxYmJiNjVhLTZlYzQtNDg4Ni1hY2M3LTdkZjdmYTkxZjA0YyJ9.2XbJLwaH0AcO9GmF4c9rYdGM1vOnRkWV0_M_G_RTfJNR28k4zwPCUDBXbnn5BPFglD0zNgiJDQM-I3kzB8s8Fg
15:26:25.793 [http-nio-9587-exec-6] INFO  c.r.f.w.s.TokenService - [getToken,237] - user: madaosen, backend Token: Bearer eyJhbGciOiJIUzUxMiJ9.eyJsb2dpbl91c2VyX2tleSI6ImYxYmJiNjVhLTZlYzQtNDg4Ni1hY2M3LTdkZjdmYTkxZjA0YyJ9.2XbJLwaH0AcO9GmF4c9rYdGM1vOnRkWV0_M_G_RTfJNR28k4zwPCUDBXbnn5BPFglD0zNgiJDQM-I3kzB8s8Fg
15:26:25.870 [http-nio-9587-exec-5] INFO  c.r.f.w.s.TokenService - [getToken,237] - user: madaosen, backend Token: Bearer eyJhbGciOiJIUzUxMiJ9.eyJsb2dpbl91c2VyX2tleSI6ImYxYmJiNjVhLTZlYzQtNDg4Ni1hY2M3LTdkZjdmYTkxZjA0YyJ9.2XbJLwaH0AcO9GmF4c9rYdGM1vOnRkWV0_M_G_RTfJNR28k4zwPCUDBXbnn5BPFglD0zNgiJDQM-I3kzB8s8Fg
15:26:25.870 [http-nio-9587-exec-1] INFO  c.r.f.w.s.TokenService - [getToken,237] - user: madaosen, backend Token: Bearer eyJhbGciOiJIUzUxMiJ9.eyJsb2dpbl91c2VyX2tleSI6ImYxYmJiNjVhLTZlYzQtNDg4Ni1hY2M3LTdkZjdmYTkxZjA0YyJ9.2XbJLwaH0AcO9GmF4c9rYdGM1vOnRkWV0_M_G_RTfJNR28k4zwPCUDBXbnn5BPFglD0zNgiJDQM-I3kzB8s8Fg
15:26:25.883 [http-nio-9587-exec-6] INFO  c.r.f.w.s.TokenService - [getToken,237] - user: madaosen, backend Token: Bearer eyJhbGciOiJIUzUxMiJ9.eyJsb2dpbl91c2VyX2tleSI6ImYxYmJiNjVhLTZlYzQtNDg4Ni1hY2M3LTdkZjdmYTkxZjA0YyJ9.2XbJLwaH0AcO9GmF4c9rYdGM1vOnRkWV0_M_G_RTfJNR28k4zwPCUDBXbnn5BPFglD0zNgiJDQM-I3kzB8s8Fg
15:26:26.026 [http-nio-9587-exec-2] INFO  c.r.f.w.s.TokenService - [getToken,237] - user: madaosen, backend Token: Bearer eyJhbGciOiJIUzUxMiJ9.eyJsb2dpbl91c2VyX2tleSI6ImYxYmJiNjVhLTZlYzQtNDg4Ni1hY2M3LTdkZjdmYTkxZjA0YyJ9.2XbJLwaH0AcO9GmF4c9rYdGM1vOnRkWV0_M_G_RTfJNR28k4zwPCUDBXbnn5BPFglD0zNgiJDQM-I3kzB8s8Fg
15:26:29.133 [http-nio-9587-exec-3] INFO  c.r.f.w.s.TokenService - [getToken,237] - user: madaosen, backend Token: Bearer eyJhbGciOiJIUzUxMiJ9.eyJsb2dpbl91c2VyX2tleSI6ImYxYmJiNjVhLTZlYzQtNDg4Ni1hY2M3LTdkZjdmYTkxZjA0YyJ9.2XbJLwaH0AcO9GmF4c9rYdGM1vOnRkWV0_M_G_RTfJNR28k4zwPCUDBXbnn5BPFglD0zNgiJDQM-I3kzB8s8Fg
15:26:29.971 [http-nio-9587-exec-8] INFO  c.r.f.w.s.TokenService - [getToken,237] - user: madaosen, backend Token: Bearer eyJhbGciOiJIUzUxMiJ9.eyJsb2dpbl91c2VyX2tleSI6ImYxYmJiNjVhLTZlYzQtNDg4Ni1hY2M3LTdkZjdmYTkxZjA0YyJ9.2XbJLwaH0AcO9GmF4c9rYdGM1vOnRkWV0_M_G_RTfJNR28k4zwPCUDBXbnn5BPFglD0zNgiJDQM-I3kzB8s8Fg
15:26:29.979 [http-nio-9587-exec-1] INFO  c.r.f.w.s.TokenService - [getToken,237] - user: madaosen, backend Token: Bearer eyJhbGciOiJIUzUxMiJ9.eyJsb2dpbl91c2VyX2tleSI6ImYxYmJiNjVhLTZlYzQtNDg4Ni1hY2M3LTdkZjdmYTkxZjA0YyJ9.2XbJLwaH0AcO9GmF4c9rYdGM1vOnRkWV0_M_G_RTfJNR28k4zwPCUDBXbnn5BPFglD0zNgiJDQM-I3kzB8s8Fg
15:26:29.980 [http-nio-9587-exec-10] INFO  c.r.f.w.s.TokenService - [getToken,237] - user: madaosen, backend Token: Bearer eyJhbGciOiJIUzUxMiJ9.eyJsb2dpbl91c2VyX2tleSI6ImYxYmJiNjVhLTZlYzQtNDg4Ni1hY2M3LTdkZjdmYTkxZjA0YyJ9.2XbJLwaH0AcO9GmF4c9rYdGM1vOnRkWV0_M_G_RTfJNR28k4zwPCUDBXbnn5BPFglD0zNgiJDQM-I3kzB8s8Fg
15:26:30.018 [http-nio-9587-exec-2] INFO  c.r.f.w.s.TokenService - [getToken,237] - user: madaosen, backend Token: Bearer eyJhbGciOiJIUzUxMiJ9.eyJsb2dpbl91c2VyX2tleSI6ImYxYmJiNjVhLTZlYzQtNDg4Ni1hY2M3LTdkZjdmYTkxZjA0YyJ9.2XbJLwaH0AcO9GmF4c9rYdGM1vOnRkWV0_M_G_RTfJNR28k4zwPCUDBXbnn5BPFglD0zNgiJDQM-I3kzB8s8Fg
15:26:30.594 [http-nio-9587-exec-2] INFO  c.r.w.s.i.DigitalEmployeeAgentServiceImpl - [prepareChat,584] - [DEBUG] 数字员工实际发送prompt employeeCode=kcts-todo-employee conversationId=kcts-demo-1788506785300-849cf273 prompt=@待办数字员工

以下 JSON 中 currentUser 由科创智方服务端生成；clientReferences 仅是界面引用线索，涉及读取或写入业务数据时必须再次调用科创智方受控接口校验。附件 fileId 也必须按当前用户和 conversationId 校验后才能读取。
{"conversationId":"kcts-demo-1788506785300-849cf273","attachments":[],"currentUser":{"roleIds":["operational_improvement_planner_role","pf_unit_dept_leader_role","annual_project_approval_fill_role","fill_role","rd_unit_director_role","unit_verify_role","chief_engineer_leader_role","ai_audit_rule","product_innovation_accept_role","chief_engineer_director_role","workflow_user_update_role","email","rd_unit_leader_role","professional_leader_role","pf_project_manager_role","verify_role","software_cost_manager_role","allocation_role","prospective_study_planner_role","project_read_all_role","science_technology_fill_role","pf_director_role","self_develop_planner_role","hgbz","science_technology_read_role","chief_engineer_manager_role","product_innovation_planner_role","other_accept_role"],"userName":"madaosen","userId":"460","displayName":"madaosen","roleId":"fill_role"},"clientReferences":{"businessReferences":[{"id":"todo:2094616833662640128:066b363b-a82d-11f1-b194-da3bbfe162e3","kind":"todo","name":"项目管理员输入项目信息","projectId":"2094616833662640128","projectName":"测试流程表单","status":"项目管理员输入项目信息","taskId":"066b363b-a82d-11f1-b194-da3bbfe162e3","taskKey":"PmFillProjectInfo"}]},"todoContext":{"schemaVersion":"1.0","status":"ready","task":{"taskId":"066b363b-a82d-11f1-b194-da3bbfe162e3","taskKey":"PmFillProjectInfo","taskName":"项目管理员输入项目信息","projectId":"2094616833662640128","projectName":"测试流程表单","roleLabel":"当前办理人","actionType":"submit","canReject":false},"confirmation":{"required":true,"submitBy":"browser_session","submitToolAllowed":false,"label":"确认提交"},"project":{"id":"2094616833662640128","name":"测试流程表单","projectCategory":"prospective_study","projectCategoryName":"前瞻研究","projectProfessionalField":"1","projectProfessionalFieldName":"前瞻研究","isPlanProject":"2031546865748692995","isSelfDeveloped":0,"isBaseCutting":0,"requirementUnit":"zqj","requirementUnitName":"中区局","undertakeUnit":"SHGSRHCXYFJD","undertakeUnitName":"上海公司融合创新研发基地","operationUnit":"shgsrhcxyfjd","planStartDate":"2026-09-16","planEndDate":"2027-01-23"},"formSchema":[{"controlId":"project_name","controlType":"string","label":"项目名称","value":"","displayValue":"","required":true,"modelMaySuggest":true,"humanConfirmationRequired":true,"options":[]},{"controlId":"cost_budget","controlType":"double","label":"成本预算","value":"","displayValue":"","required":true,"modelMaySuggest":true,"humanConfirmationRequired":true,"options":[]},{"controlId":"cost_budget_current_year","controlType":"double","label":"本年下达成本预算","value":"","displayValue":"","required":true,"modelMaySuggest":true,"humanConfirmationRequired":true,"options":[]},{"controlId":"capital_budget","controlType":"double","label":"资本预算","value":"","displayValue":"","required":true,"modelMaySuggest":true,"humanConfirmationRequired":true,"options":[]},{"controlId":"is_additional_deduction","controlType":"radio","label":"是否加计扣除","value":"","displayValue":"","required":true,"modelMaySuggest":true,"humanConfirmationRequired":true,"options":[{"value":"0","label":"是"},{"value":"1","label":"否"}]},{"controlId":"project_intro","controlType":"textarea","label":"项目简要说明","value":"","displayValue":"","required":false,"modelMaySuggest":true,"humanConfirmationRequired":true,"options":[]},{"controlId":"project_complete_date","controlType":"datetime","label":"项目完成时间","value":"","displayValue":"","required":true,"modelMaySuggest":true,"humanConfirmationRequired":true,"options":[]},{"controlId":"rd_intelligent_compute_resource","controlType":"double","label":"研发用智算资源(单位:元)","value":"","displayValue":"","required":false,"modelMaySuggest":true,"humanConfirmationRequired":true,"options":[]}],"pmFillSignals":{"sourceFound":true,"source":"project_reply_or_project_info_second","prefillValues":{"project_name":{"value":"测试1111","displayValue":"测试1111","source":"act_workflow_formdata.lx_project_name"},"cost_budget":{"value":"222222","displayValue":"222222","source":"project_info_second.lx_full_cost_minus_foreign_cost"},"rd_intelligent_compute_resource":{"value":"222222217","displayValue":"222222217","source":"project_info.rd_intelligent_compute_resource"}},"requiredControlIds":["project_name","cost_budget","cost_budget_current_year","capital_budget","is_additional_deduction","project_complete_date"],"missingRequiredFields":["cost_budget_current_year","capital_budget","is_additional_deduction","project_complete_date"]},"responseContract":{"type":"kcts.todo_form_patch","patchKey":"formPatch","knownControlIds":["project_name","cost_budget","cost_budget_current_year","capital_budget","is_additional_deduction","project_intro","project_complete_date","rd_intelligent_compute_resource"],"rules":["只能建议 formSchema 中存在的 controlId","select 和 radio 只能使用 options 中的 value","没有充分依据的字段必须留空并加入 missingFields","不得调用工具或接口提交审批，最终提交必须由浏览器当前登录用户确认"]}}}

本轮是科创智方待办辅助，todoContext 是服务端权威上下文。仅使用其中 project、formSchema 和节点 signals；不调用工具，不伪造控件或人员，不替用户提交。审批意见 radio 只用 decisionSuggestion 表达，不列入 formPatch 或 missingFields。处理意见限60个汉字；其他当前结论下的必填项无法确定时才列入 missingFields，此时 status=needs_input 且不建议 approve。只返回符合 responseContract 的一个 kcts.todo_form_patch JSON 对象，不要 Markdown 或额外说明。
15:26:31.222 [http-nio-9587-exec-3] INFO  c.r.f.w.s.TokenService - [getToken,237] - user: madaosen, backend Token: Bearer eyJhbGciOiJIUzUxMiJ9.eyJsb2dpbl91c2VyX2tleSI6ImYxYmJiNjVhLTZlYzQtNDg4Ni1hY2M3LTdkZjdmYTkxZjA0YyJ9.2XbJLwaH0AcO9GmF4c9rYdGM1vOnRkWV0_M_G_RTfJNR28k4zwPCUDBXbnn5BPFglD0zNgiJDQM-I3kzB8s8Fg
15:26:32.423 [http-nio-9587-exec-5] INFO  c.r.f.w.s.TokenService - [getToken,237] - user: madaosen, backend Token: Bearer eyJhbGciOiJIUzUxMiJ9.eyJsb2dpbl91c2VyX2tleSI6ImYxYmJiNjVhLTZlYzQtNDg4Ni1hY2M3LTdkZjdmYTkxZjA0YyJ9.2XbJLwaH0AcO9GmF4c9rYdGM1vOnRkWV0_M_G_RTfJNR28k4zwPCUDBXbnn5BPFglD0zNgiJDQM-I3kzB8s8Fg
15:26:33.628 [http-nio-9587-exec-8] INFO  c.r.f.w.s.TokenService - [getToken,237] - user: madaosen, backend Token: Bearer eyJhbGciOiJIUzUxMiJ9.eyJsb2dpbl91c2VyX2tleSI6ImYxYmJiNjVhLTZlYzQtNDg4Ni1hY2M3LTdkZjdmYTkxZjA0YyJ9.2XbJLwaH0AcO9GmF4c9rYdGM1vOnRkWV0_M_G_RTfJNR28k4zwPCUDBXbnn5BPFglD0zNgiJDQM-I3kzB8s8Fg
15:26:34.849 [http-nio-9587-exec-10] INFO  c.r.f.w.s.TokenService - [getToken,237] - user: madaosen, backend Token: Bearer eyJhbGciOiJIUzUxMiJ9.eyJsb2dpbl91c2VyX2tleSI6ImYxYmJiNjVhLTZlYzQtNDg4Ni1hY2M3LTdkZjdmYTkxZjA0YyJ9.2XbJLwaH0AcO9GmF4c9rYdGM1vOnRkWV0_M_G_RTfJNR28k4zwPCUDBXbnn5BPFglD0zNgiJDQM-I3kzB8s8Fg
15:26:36.021 [http-nio-9587-exec-2] INFO  c.r.f.w.s.TokenService - [getToken,237] - user: madaosen, backend Token: Bearer eyJhbGciOiJIUzUxMiJ9.eyJsb2dpbl91c2VyX2tleSI6ImYxYmJiNjVhLTZlYzQtNDg4Ni1hY2M3LTdkZjdmYTkxZjA0YyJ9.2XbJLwaH0AcO9GmF4c9rYdGM1vOnRkWV0_M_G_RTfJNR28k4zwPCUDBXbnn5BPFglD0zNgiJDQM-I3kzB8s8Fg
15:26:37.222 [http-nio-9587-exec-3] INFO  c.r.f.w.s.TokenService - [getToken,237] - user: madaosen, backend Token: Bearer eyJhbGciOiJIUzUxMiJ9.eyJsb2dpbl91c2VyX2tleSI6ImYxYmJiNjVhLTZlYzQtNDg4Ni1hY2M3LTdkZjdmYTkxZjA0YyJ9.2XbJLwaH0AcO9GmF4c9rYdGM1vOnRkWV0_M_G_RTfJNR28k4zwPCUDBXbnn5BPFglD0zNgiJDQM-I3kzB8s8Fg
15:26:38.421 [http-nio-9587-exec-5] INFO  c.r.f.w.s.TokenService - [getToken,237] - user: madaosen, backend Token: Bearer eyJhbGciOiJIUzUxMiJ9.eyJsb2dpbl91c2VyX2tleSI6ImYxYmJiNjVhLTZlYzQtNDg4Ni1hY2M3LTdkZjdmYTkxZjA0YyJ9.2XbJLwaH0AcO9GmF4c9rYdGM1vOnRkWV0_M_G_RTfJNR28k4zwPCUDBXbnn5BPFglD0zNgiJDQM-I3kzB8s8Fg
15:26:39.615 [http-nio-9587-exec-8] INFO  c.r.f.w.s.TokenService - [getToken,237] - user: madaosen, backend Token: Bearer eyJhbGciOiJIUzUxMiJ9.eyJsb2dpbl91c2VyX2tleSI6ImYxYmJiNjVhLTZlYzQtNDg4Ni1hY2M3LTdkZjdmYTkxZjA0YyJ9.2XbJLwaH0AcO9GmF4c9rYdGM1vOnRkWV0_M_G_RTfJNR28k4zwPCUDBXbnn5BPFglD0zNgiJDQM-I3kzB8s8Fg
15:26:40.818 [http-nio-9587-exec-10] INFO  c.r.f.w.s.TokenService - [getToken,237] - user: madaosen, backend Token: Bearer eyJhbGciOiJIUzUxMiJ9.eyJsb2dpbl91c2VyX2tleSI6ImYxYmJiNjVhLTZlYzQtNDg4Ni1hY2M3LTdkZjdmYTkxZjA0YyJ9.2XbJLwaH0AcO9GmF4c9rYdGM1vOnRkWV0_M_G_RTfJNR28k4zwPCUDBXbnn5BPFglD0zNgiJDQM-I3kzB8s8Fg
15:26:42.019 [http-nio-9587-exec-2] INFO  c.r.f.w.s.TokenService - [getToken,237] - user: madaosen, backend Token: Bearer eyJhbGciOiJIUzUxMiJ9.eyJsb2dpbl91c2VyX2tleSI6ImYxYmJiNjVhLTZlYzQtNDg4Ni1hY2M3LTdkZjdmYTkxZjA0YyJ9.2XbJLwaH0AcO9GmF4c9rYdGM1vOnRkWV0_M_G_RTfJNR28k4zwPCUDBXbnn5BPFglD0zNgiJDQM-I3kzB8s8Fg
15:26:42.357 [http-nio-9587-exec-6] INFO  c.r.f.w.s.TokenService - [getToken,237] - user: madaosen, backend Token: Bearer eyJhbGciOiJIUzUxMiJ9.eyJsb2dpbl91c2VyX2tleSI6ImYxYmJiNjVhLTZlYzQtNDg4Ni1hY2M3LTdkZjdmYTkxZjA0YyJ9.2XbJLwaH0AcO9GmF4c9rYdGM1vOnRkWV0_M_G_RTfJNR28k4zwPCUDBXbnn5BPFglD0zNgiJDQM-I3kzB8s8Fg
15:26:42.399 [http-nio-9587-exec-4] INFO  c.r.f.w.s.TokenService - [getToken,237] - user: madaosen, backend Token: Bearer eyJhbGciOiJIUzUxMiJ9.eyJsb2dpbl91c2VyX2tleSI6ImYxYmJiNjVhLTZlYzQtNDg4Ni1hY2M3LTdkZjdmYTkxZjA0YyJ9.2XbJLwaH0AcO9GmF4c9rYdGM1vOnRkWV0_M_G_RTfJNR28k4zwPCUDBXbnn5BPFglD0zNgiJDQM-I3kzB8s8Fg
15:26:42.735 [http-nio-9587-exec-1] INFO  c.r.f.w.s.TokenService - [getToken,237] - user: madaosen, backend Token: Bearer eyJhbGciOiJIUzUxMiJ9.eyJsb2dpbl91c2VyX2tleSI6ImYxYmJiNjVhLTZlYzQtNDg4Ni1hY2M3LTdkZjdmYTkxZjA0YyJ9.2XbJLwaH0AcO9GmF4c9rYdGM1vOnRkWV0_M_G_RTfJNR28k4zwPCUDBXbnn5BPFglD0zNgiJDQM-I3kzB8s8Fg
15:26:43.219 [http-nio-9587-exec-9] INFO  c.r.f.w.s.TokenService - [getToken,237] - user: madaosen, backend Token: Bearer eyJhbGciOiJIUzUxMiJ9.eyJsb2dpbl91c2VyX2tleSI6ImYxYmJiNjVhLTZlYzQtNDg4Ni1hY2M3LTdkZjdmYTkxZjA0YyJ9.2XbJLwaH0AcO9GmF4c9rYdGM1vOnRkWV0_M_G_RTfJNR28k4zwPCUDBXbnn5BPFglD0zNgiJDQM-I3kzB8s8Fg
15:26:43.558 [http-nio-9587-exec-7] INFO  c.r.f.w.s.TokenService - [getToken,237] - user: madaosen, backend Token: Bearer eyJhbGciOiJIUzUxMiJ9.eyJsb2dpbl91c2VyX2tleSI6ImYxYmJiNjVhLTZlYzQtNDg4Ni1hY2M3LTdkZjdmYTkxZjA0YyJ9.2XbJLwaH0AcO9GmF4c9rYdGM1vOnRkWV0_M_G_RTfJNR28k4zwPCUDBXbnn5BPFglD0zNgiJDQM-I3kzB8s8Fg
15:26:43.577 [http-nio-9587-exec-6] INFO  c.r.f.w.s.TokenService - [getToken,237] - user: madaosen, backend Token: Bearer eyJhbGciOiJIUzUxMiJ9.eyJsb2dpbl91c2VyX2tleSI6ImYxYmJiNjVhLTZlYzQtNDg4Ni1hY2M3LTdkZjdmYTkxZjA0YyJ9.2XbJLwaH0AcO9GmF4c9rYdGM1vOnRkWV0_M_G_RTfJNR28k4zwPCUDBXbnn5BPFglD0zNgiJDQM-I3kzB8s8Fg
15:29:53.958 [http-nio-9587-exec-7] INFO  c.r.f.w.s.TokenService - [getToken,237] - user: madaosen, backend Token: Bearer eyJhbGciOiJIUzUxMiJ9.eyJsb2dpbl91c2VyX2tleSI6ImYxYmJiNjVhLTZlYzQtNDg4Ni1hY2M3LTdkZjdmYTkxZjA0YyJ9.2XbJLwaH0AcO9GmF4c9rYdGM1vOnRkWV0_M_G_RTfJNR28k4zwPCUDBXbnn5BPFglD0zNgiJDQM-I3kzB8s8Fg
15:30:06.873 [http-nio-9587-exec-10] INFO  c.r.f.w.s.TokenService - [getToken,237] - user: madaosen, backend Token: Bearer eyJhbGciOiJIUzUxMiJ9.eyJsb2dpbl91c2VyX2tleSI6ImYxYmJiNjVhLTZlYzQtNDg4Ni1hY2M3LTdkZjdmYTkxZjA0YyJ9.2XbJLwaH0AcO9GmF4c9rYdGM1vOnRkWV0_M_G_RTfJNR28k4zwPCUDBXbnn5BPFglD0zNgiJDQM-I3kzB8s8Fg
15:30:06.878 [http-nio-9587-exec-8] INFO  c.r.f.w.s.TokenService - [getToken,237] - user: madaosen, backend Token: Bearer eyJhbGciOiJIUzUxMiJ9.eyJsb2dpbl91c2VyX2tleSI6ImYxYmJiNjVhLTZlYzQtNDg4Ni1hY2M3LTdkZjdmYTkxZjA0YyJ9.2XbJLwaH0AcO9GmF4c9rYdGM1vOnRkWV0_M_G_RTfJNR28k4zwPCUDBXbnn5BPFglD0zNgiJDQM-I3kzB8s8Fg
15:30:06.881 [http-nio-9587-exec-4] INFO  c.r.f.w.s.TokenService - [getToken,237] - user: madaosen, backend Token: Bearer eyJhbGciOiJIUzUxMiJ9.eyJsb2dpbl91c2VyX2tleSI6ImYxYmJiNjVhLTZlYzQtNDg4Ni1hY2M3LTdkZjdmYTkxZjA0YyJ9.2XbJLwaH0AcO9GmF4c9rYdGM1vOnRkWV0_M_G_RTfJNR28k4zwPCUDBXbnn5BPFglD0zNgiJDQM-I3kzB8s8Fg
15:30:06.883 [http-nio-9587-exec-1] INFO  c.r.f.w.s.TokenService - [getToken,237] - user: madaosen, backend Token: Bearer eyJhbGciOiJIUzUxMiJ9.eyJsb2dpbl91c2VyX2tleSI6ImYxYmJiNjVhLTZlYzQtNDg4Ni1hY2M3LTdkZjdmYTkxZjA0YyJ9.2XbJLwaH0AcO9GmF4c9rYdGM1vOnRkWV0_M_G_RTfJNR28k4zwPCUDBXbnn5BPFglD0zNgiJDQM-I3kzB8s8Fg
15:30:06.884 [http-nio-9587-exec-2] INFO  c.r.f.w.s.TokenService - [getToken,237] - user: madaosen, backend Token: Bearer eyJhbGciOiJIUzUxMiJ9.eyJsb2dpbl91c2VyX2tleSI6ImYxYmJiNjVhLTZlYzQtNDg4Ni1hY2M3LTdkZjdmYTkxZjA0YyJ9.2XbJLwaH0AcO9GmF4c9rYdGM1vOnRkWV0_M_G_RTfJNR28k4zwPCUDBXbnn5BPFglD0zNgiJDQM-I3kzB8s8Fg
15:30:06.885 [http-nio-9587-exec-3] INFO  c.r.f.w.s.TokenService - [getToken,237] - user: madaosen, backend Token: Bearer eyJhbGciOiJIUzUxMiJ9.eyJsb2dpbl91c2VyX2tleSI6ImYxYmJiNjVhLTZlYzQtNDg4Ni1hY2M3LTdkZjdmYTkxZjA0YyJ9.2XbJLwaH0AcO9GmF4c9rYdGM1vOnRkWV0_M_G_RTfJNR28k4zwPCUDBXbnn5BPFglD0zNgiJDQM-I3kzB8s8Fg
15:30:06.904 [http-nio-9587-exec-9] INFO  c.r.f.w.s.TokenService - [getToken,237] - user: madaosen, backend Token: Bearer eyJhbGciOiJIUzUxMiJ9.eyJsb2dpbl91c2VyX2tleSI6ImYxYmJiNjVhLTZlYzQtNDg4Ni1hY2M3LTdkZjdmYTkxZjA0YyJ9.2XbJLwaH0AcO9GmF4c9rYdGM1vOnRkWV0_M_G_RTfJNR28k4zwPCUDBXbnn5BPFglD0zNgiJDQM-I3kzB8s8Fg
15:30:06.922 [http-nio-9587-exec-5] INFO  c.r.f.w.s.TokenService - [getToken,237] - user: madaosen, backend Token: Bearer eyJhbGciOiJIUzUxMiJ9.eyJsb2dpbl91c2VyX2tleSI6ImYxYmJiNjVhLTZlYzQtNDg4Ni1hY2M3LTdkZjdmYTkxZjA0YyJ9.2XbJLwaH0AcO9GmF4c9rYdGM1vOnRkWV0_M_G_RTfJNR28k4zwPCUDBXbnn5BPFglD0zNgiJDQM-I3kzB8s8Fg
15:30:06.935 [http-nio-9587-exec-3] INFO  c.r.f.w.s.TokenService - [getToken,237] - user: madaosen, backend Token: Bearer eyJhbGciOiJIUzUxMiJ9.eyJsb2dpbl91c2VyX2tleSI6ImYxYmJiNjVhLTZlYzQtNDg4Ni1hY2M3LTdkZjdmYTkxZjA0YyJ9.2XbJLwaH0AcO9GmF4c9rYdGM1vOnRkWV0_M_G_RTfJNR28k4zwPCUDBXbnn5BPFglD0zNgiJDQM-I3kzB8s8Fg
15:30:06.986 [http-nio-9587-exec-3] INFO  c.r.f.w.s.TokenService - [getToken,237] - user: madaosen, backend Token: Bearer eyJhbGciOiJIUzUxMiJ9.eyJsb2dpbl91c2VyX2tleSI6ImYxYmJiNjVhLTZlYzQtNDg4Ni1hY2M3LTdkZjdmYTkxZjA0YyJ9.2XbJLwaH0AcO9GmF4c9rYdGM1vOnRkWV0_M_G_RTfJNR28k4zwPCUDBXbnn5BPFglD0zNgiJDQM-I3kzB8s8Fg
15:30:06.993 [http-nio-9587-exec-1] INFO  c.r.f.w.s.TokenService - [getToken,237] - user: madaosen, backend Token: Bearer eyJhbGciOiJIUzUxMiJ9.eyJsb2dpbl91c2VyX2tleSI6ImYxYmJiNjVhLTZlYzQtNDg4Ni1hY2M3LTdkZjdmYTkxZjA0YyJ9.2XbJLwaH0AcO9GmF4c9rYdGM1vOnRkWV0_M_G_RTfJNR28k4zwPCUDBXbnn5BPFglD0zNgiJDQM-I3kzB8s8Fg
15:30:07.043 [http-nio-9587-exec-8] INFO  c.r.f.w.s.TokenService - [getToken,237] - user: madaosen, backend Token: Bearer eyJhbGciOiJIUzUxMiJ9.eyJsb2dpbl91c2VyX2tleSI6ImYxYmJiNjVhLTZlYzQtNDg4Ni1hY2M3LTdkZjdmYTkxZjA0YyJ9.2XbJLwaH0AcO9GmF4c9rYdGM1vOnRkWV0_M_G_RTfJNR28k4zwPCUDBXbnn5BPFglD0zNgiJDQM-I3kzB8s8Fg
15:30:07.076 [http-nio-9587-exec-6] INFO  c.r.f.w.s.TokenService - [getToken,237] - user: madaosen, backend Token: Bearer eyJhbGciOiJIUzUxMiJ9.eyJsb2dpbl91c2VyX2tleSI6ImYxYmJiNjVhLTZlYzQtNDg4Ni1hY2M3LTdkZjdmYTkxZjA0YyJ9.2XbJLwaH0AcO9GmF4c9rYdGM1vOnRkWV0_M_G_RTfJNR28k4zwPCUDBXbnn5BPFglD0zNgiJDQM-I3kzB8s8Fg
15:30:07.178 [http-nio-9587-exec-9] INFO  c.r.f.w.s.TokenService - [getToken,237] - user: madaosen, backend Token: Bearer eyJhbGciOiJIUzUxMiJ9.eyJsb2dpbl91c2VyX2tleSI6ImYxYmJiNjVhLTZlYzQtNDg4Ni1hY2M3LTdkZjdmYTkxZjA0YyJ9.2XbJLwaH0AcO9GmF4c9rYdGM1vOnRkWV0_M_G_RTfJNR28k4zwPCUDBXbnn5BPFglD0zNgiJDQM-I3kzB8s8Fg
15:30:07.206 [http-nio-9587-exec-7] INFO  c.r.f.w.s.TokenService - [getToken,237] - user: madaosen, backend Token: Bearer eyJhbGciOiJIUzUxMiJ9.eyJsb2dpbl91c2VyX2tleSI6ImYxYmJiNjVhLTZlYzQtNDg4Ni1hY2M3LTdkZjdmYTkxZjA0YyJ9.2XbJLwaH0AcO9GmF4c9rYdGM1vOnRkWV0_M_G_RTfJNR28k4zwPCUDBXbnn5BPFglD0zNgiJDQM-I3kzB8s8Fg
15:30:07.215 [http-nio-9587-exec-5] INFO  c.r.f.w.s.TokenService - [getToken,237] - user: madaosen, backend Token: Bearer eyJhbGciOiJIUzUxMiJ9.eyJsb2dpbl91c2VyX2tleSI6ImYxYmJiNjVhLTZlYzQtNDg4Ni1hY2M3LTdkZjdmYTkxZjA0YyJ9.2XbJLwaH0AcO9GmF4c9rYdGM1vOnRkWV0_M_G_RTfJNR28k4zwPCUDBXbnn5BPFglD0zNgiJDQM-I3kzB8s8Fg
15:30:07.239 [http-nio-9587-exec-8] INFO  c.r.f.w.s.TokenService - [getToken,237] - user: madaosen, backend Token: Bearer eyJhbGciOiJIUzUxMiJ9.eyJsb2dpbl91c2VyX2tleSI6ImYxYmJiNjVhLTZlYzQtNDg4Ni1hY2M3LTdkZjdmYTkxZjA0YyJ9.2XbJLwaH0AcO9GmF4c9rYdGM1vOnRkWV0_M_G_RTfJNR28k4zwPCUDBXbnn5BPFglD0zNgiJDQM-I3kzB8s8Fg
15:30:07.263 [http-nio-9587-exec-6] INFO  c.r.f.w.s.TokenService - [getToken,237] - user: madaosen, backend Token: Bearer eyJhbGciOiJIUzUxMiJ9.eyJsb2dpbl91c2VyX2tleSI6ImYxYmJiNjVhLTZlYzQtNDg4Ni1hY2M3LTdkZjdmYTkxZjA0YyJ9.2XbJLwaH0AcO9GmF4c9rYdGM1vOnRkWV0_M_G_RTfJNR28k4zwPCUDBXbnn5BPFglD0zNgiJDQM-I3kzB8s8Fg
15:30:07.267 [http-nio-9587-exec-3] INFO  c.r.f.w.s.TokenService - [getToken,237] - user: madaosen, backend Token: Bearer eyJhbGciOiJIUzUxMiJ9.eyJsb2dpbl91c2VyX2tleSI6ImYxYmJiNjVhLTZlYzQtNDg4Ni1hY2M3LTdkZjdmYTkxZjA0YyJ9.2XbJLwaH0AcO9GmF4c9rYdGM1vOnRkWV0_M_G_RTfJNR28k4zwPCUDBXbnn5BPFglD0zNgiJDQM-I3kzB8s8Fg
15:30:07.638 [http-nio-9587-exec-9] INFO  c.r.f.w.s.TokenService - [getToken,237] - user: madaosen, backend Token: Bearer eyJhbGciOiJIUzUxMiJ9.eyJsb2dpbl91c2VyX2tleSI6ImYxYmJiNjVhLTZlYzQtNDg4Ni1hY2M3LTdkZjdmYTkxZjA0YyJ9.2XbJLwaH0AcO9GmF4c9rYdGM1vOnRkWV0_M_G_RTfJNR28k4zwPCUDBXbnn5BPFglD0zNgiJDQM-I3kzB8s8Fg
15:30:07.666 [http-nio-9587-exec-9] INFO  c.r.f.w.s.TokenService - [getToken,237] - user: madaosen, backend Token: Bearer eyJhbGciOiJIUzUxMiJ9.eyJsb2dpbl91c2VyX2tleSI6ImYxYmJiNjVhLTZlYzQtNDg4Ni1hY2M3LTdkZjdmYTkxZjA0YyJ9.2XbJLwaH0AcO9GmF4c9rYdGM1vOnRkWV0_M_G_RTfJNR28k4zwPCUDBXbnn5BPFglD0zNgiJDQM-I3kzB8s8Fg
15:30:07.666 [http-nio-9587-exec-6] INFO  c.r.f.w.s.TokenService - [getToken,237] - user: madaosen, backend Token: Bearer eyJhbGciOiJIUzUxMiJ9.eyJsb2dpbl91c2VyX2tleSI6ImYxYmJiNjVhLTZlYzQtNDg4Ni1hY2M3LTdkZjdmYTkxZjA0YyJ9.2XbJLwaH0AcO9GmF4c9rYdGM1vOnRkWV0_M_G_RTfJNR28k4zwPCUDBXbnn5BPFglD0zNgiJDQM-I3kzB8s8Fg
15:30:07.670 [http-nio-9587-exec-4] INFO  c.r.f.w.s.TokenService - [getToken,237] - user: madaosen, backend Token: Bearer eyJhbGciOiJIUzUxMiJ9.eyJsb2dpbl91c2VyX2tleSI6ImYxYmJiNjVhLTZlYzQtNDg4Ni1hY2M3LTdkZjdmYTkxZjA0YyJ9.2XbJLwaH0AcO9GmF4c9rYdGM1vOnRkWV0_M_G_RTfJNR28k4zwPCUDBXbnn5BPFglD0zNgiJDQM-I3kzB8s8Fg
15:30:07.671 [http-nio-9587-exec-8] INFO  c.r.f.w.s.TokenService - [getToken,237] - user: madaosen, backend Token: Bearer eyJhbGciOiJIUzUxMiJ9.eyJsb2dpbl91c2VyX2tleSI6ImYxYmJiNjVhLTZlYzQtNDg4Ni1hY2M3LTdkZjdmYTkxZjA0YyJ9.2XbJLwaH0AcO9GmF4c9rYdGM1vOnRkWV0_M_G_RTfJNR28k4zwPCUDBXbnn5BPFglD0zNgiJDQM-I3kzB8s8Fg
15:30:07.671 [http-nio-9587-exec-5] INFO  c.r.f.w.s.TokenService - [getToken,237] - user: madaosen, backend Token: Bearer eyJhbGciOiJIUzUxMiJ9.eyJsb2dpbl91c2VyX2tleSI6ImYxYmJiNjVhLTZlYzQtNDg4Ni1hY2M3LTdkZjdmYTkxZjA0YyJ9.2XbJLwaH0AcO9GmF4c9rYdGM1vOnRkWV0_M_G_RTfJNR28k4zwPCUDBXbnn5BPFglD0zNgiJDQM-I3kzB8s8Fg
15:30:07.705 [http-nio-9587-exec-4] INFO  c.r.f.w.s.TokenService - [getToken,237] - user: madaosen, backend Token: Bearer eyJhbGciOiJIUzUxMiJ9.eyJsb2dpbl91c2VyX2tleSI6ImYxYmJiNjVhLTZlYzQtNDg4Ni1hY2M3LTdkZjdmYTkxZjA0YyJ9.2XbJLwaH0AcO9GmF4c9rYdGM1vOnRkWV0_M_G_RTfJNR28k4zwPCUDBXbnn5BPFglD0zNgiJDQM-I3kzB8s8Fg
15:30:07.706 [http-nio-9587-exec-10] INFO  c.r.f.w.s.TokenService - [getToken,237] - user: madaosen, backend Token: Bearer eyJhbGciOiJIUzUxMiJ9.eyJsb2dpbl91c2VyX2tleSI6ImYxYmJiNjVhLTZlYzQtNDg4Ni1hY2M3LTdkZjdmYTkxZjA0YyJ9.2XbJLwaH0AcO9GmF4c9rYdGM1vOnRkWV0_M_G_RTfJNR28k4zwPCUDBXbnn5BPFglD0zNgiJDQM-I3kzB8s8Fg
15:30:07.706 [http-nio-9587-exec-2] INFO  c.r.f.w.s.TokenService - [getToken,237] - user: madaosen, backend Token: Bearer eyJhbGciOiJIUzUxMiJ9.eyJsb2dpbl91c2VyX2tleSI6ImYxYmJiNjVhLTZlYzQtNDg4Ni1hY2M3LTdkZjdmYTkxZjA0YyJ9.2XbJLwaH0AcO9GmF4c9rYdGM1vOnRkWV0_M_G_RTfJNR28k4zwPCUDBXbnn5BPFglD0zNgiJDQM-I3kzB8s8Fg
15:30:07.732 [http-nio-9587-exec-9] INFO  c.r.f.w.s.TokenService - [getToken,237] - user: madaosen, backend Token: Bearer eyJhbGciOiJIUzUxMiJ9.eyJsb2dpbl91c2VyX2tleSI6ImYxYmJiNjVhLTZlYzQtNDg4Ni1hY2M3LTdkZjdmYTkxZjA0YyJ9.2XbJLwaH0AcO9GmF4c9rYdGM1vOnRkWV0_M_G_RTfJNR28k4zwPCUDBXbnn5BPFglD0zNgiJDQM-I3kzB8s8Fg
15:30:07.785 [http-nio-9587-exec-10] INFO  c.r.f.w.s.TokenService - [getToken,237] - user: madaosen, backend Token: Bearer eyJhbGciOiJIUzUxMiJ9.eyJsb2dpbl91c2VyX2tleSI6ImYxYmJiNjVhLTZlYzQtNDg4Ni1hY2M3LTdkZjdmYTkxZjA0YyJ9.2XbJLwaH0AcO9GmF4c9rYdGM1vOnRkWV0_M_G_RTfJNR28k4zwPCUDBXbnn5BPFglD0zNgiJDQM-I3kzB8s8Fg
15:30:07.785 [http-nio-9587-exec-4] INFO  c.r.f.w.s.TokenService - [getToken,237] - user: madaosen, backend Token: Bearer eyJhbGciOiJIUzUxMiJ9.eyJsb2dpbl91c2VyX2tleSI6ImYxYmJiNjVhLTZlYzQtNDg4Ni1hY2M3LTdkZjdmYTkxZjA0YyJ9.2XbJLwaH0AcO9GmF4c9rYdGM1vOnRkWV0_M_G_RTfJNR28k4zwPCUDBXbnn5BPFglD0zNgiJDQM-I3kzB8s8Fg
15:30:07.785 [http-nio-9587-exec-1] INFO  c.r.f.w.s.TokenService - [getToken,237] - user: madaosen, backend Token: Bearer eyJhbGciOiJIUzUxMiJ9.eyJsb2dpbl91c2VyX2tleSI6ImYxYmJiNjVhLTZlYzQtNDg4Ni1hY2M3LTdkZjdmYTkxZjA0YyJ9.2XbJLwaH0AcO9GmF4c9rYdGM1vOnRkWV0_M_G_RTfJNR28k4zwPCUDBXbnn5BPFglD0zNgiJDQM-I3kzB8s8Fg
15:30:07.847 [http-nio-9587-exec-3] INFO  c.r.f.w.s.TokenService - [getToken,237] - user: madaosen, backend Token: Bearer eyJhbGciOiJIUzUxMiJ9.eyJsb2dpbl91c2VyX2tleSI6ImYxYmJiNjVhLTZlYzQtNDg4Ni1hY2M3LTdkZjdmYTkxZjA0YyJ9.2XbJLwaH0AcO9GmF4c9rYdGM1vOnRkWV0_M_G_RTfJNR28k4zwPCUDBXbnn5BPFglD0zNgiJDQM-I3kzB8s8Fg
15:30:07.870 [http-nio-9587-exec-4] INFO  c.r.f.w.s.TokenService - [getToken,237] - user: madaosen, backend Token: Bearer eyJhbGciOiJIUzUxMiJ9.eyJsb2dpbl91c2VyX2tleSI6ImYxYmJiNjVhLTZlYzQtNDg4Ni1hY2M3LTdkZjdmYTkxZjA0YyJ9.2XbJLwaH0AcO9GmF4c9rYdGM1vOnRkWV0_M_G_RTfJNR28k4zwPCUDBXbnn5BPFglD0zNgiJDQM-I3kzB8s8Fg
15:30:07.870 [http-nio-9587-exec-3] INFO  c.r.f.w.s.TokenService - [getToken,237] - user: madaosen, backend Token: Bearer eyJhbGciOiJIUzUxMiJ9.eyJsb2dpbl91c2VyX2tleSI6ImYxYmJiNjVhLTZlYzQtNDg4Ni1hY2M3LTdkZjdmYTkxZjA0YyJ9.2XbJLwaH0AcO9GmF4c9rYdGM1vOnRkWV0_M_G_RTfJNR28k4zwPCUDBXbnn5BPFglD0zNgiJDQM-I3kzB8s8Fg
15:30:07.872 [http-nio-9587-exec-8] INFO  c.r.f.w.s.TokenService - [getToken,237] - user: madaosen, backend Token: Bearer eyJhbGciOiJIUzUxMiJ9.eyJsb2dpbl91c2VyX2tleSI6ImYxYmJiNjVhLTZlYzQtNDg4Ni1hY2M3LTdkZjdmYTkxZjA0YyJ9.2XbJLwaH0AcO9GmF4c9rYdGM1vOnRkWV0_M_G_RTfJNR28k4zwPCUDBXbnn5BPFglD0zNgiJDQM-I3kzB8s8Fg
15:30:07.872 [http-nio-9587-exec-9] INFO  c.r.f.w.s.TokenService - [getToken,237] - user: madaosen, backend Token: Bearer eyJhbGciOiJIUzUxMiJ9.eyJsb2dpbl91c2VyX2tleSI6ImYxYmJiNjVhLTZlYzQtNDg4Ni1hY2M3LTdkZjdmYTkxZjA0YyJ9.2XbJLwaH0AcO9GmF4c9rYdGM1vOnRkWV0_M_G_RTfJNR28k4zwPCUDBXbnn5BPFglD0zNgiJDQM-I3kzB8s8Fg
15:30:07.878 [http-nio-9587-exec-2] INFO  c.r.f.w.s.TokenService - [getToken,237] - user: madaosen, backend Token: Bearer eyJhbGciOiJIUzUxMiJ9.eyJsb2dpbl91c2VyX2tleSI6ImYxYmJiNjVhLTZlYzQtNDg4Ni1hY2M3LTdkZjdmYTkxZjA0YyJ9.2XbJLwaH0AcO9GmF4c9rYdGM1vOnRkWV0_M_G_RTfJNR28k4zwPCUDBXbnn5BPFglD0zNgiJDQM-I3kzB8s8Fg
15:30:07.882 [http-nio-9587-exec-10] INFO  c.r.f.w.s.TokenService - [getToken,237] - user: madaosen, backend Token: Bearer eyJhbGciOiJIUzUxMiJ9.eyJsb2dpbl91c2VyX2tleSI6ImYxYmJiNjVhLTZlYzQtNDg4Ni1hY2M3LTdkZjdmYTkxZjA0YyJ9.2XbJLwaH0AcO9GmF4c9rYdGM1vOnRkWV0_M_G_RTfJNR28k4zwPCUDBXbnn5BPFglD0zNgiJDQM-I3kzB8s8Fg
15:30:07.896 [http-nio-9587-exec-5] INFO  c.r.f.w.s.TokenService - [getToken,237] - user: madaosen, backend Token: Bearer eyJhbGciOiJIUzUxMiJ9.eyJsb2dpbl91c2VyX2tleSI6ImYxYmJiNjVhLTZlYzQtNDg4Ni1hY2M3LTdkZjdmYTkxZjA0YyJ9.2XbJLwaH0AcO9GmF4c9rYdGM1vOnRkWV0_M_G_RTfJNR28k4zwPCUDBXbnn5BPFglD0zNgiJDQM-I3kzB8s8Fg
15:30:07.896 [http-nio-9587-exec-1] INFO  c.r.f.w.s.TokenService - [getToken,237] - user: madaosen, backend Token: Bearer eyJhbGciOiJIUzUxMiJ9.eyJsb2dpbl91c2VyX2tleSI6ImYxYmJiNjVhLTZlYzQtNDg4Ni1hY2M3LTdkZjdmYTkxZjA0YyJ9.2XbJLwaH0AcO9GmF4c9rYdGM1vOnRkWV0_M_G_RTfJNR28k4zwPCUDBXbnn5BPFglD0zNgiJDQM-I3kzB8s8Fg
15:30:07.917 [http-nio-9587-exec-6] INFO  c.r.f.w.s.TokenService - [getToken,237] - user: madaosen, backend Token: Bearer eyJhbGciOiJIUzUxMiJ9.eyJsb2dpbl91c2VyX2tleSI6ImYxYmJiNjVhLTZlYzQtNDg4Ni1hY2M3LTdkZjdmYTkxZjA0YyJ9.2XbJLwaH0AcO9GmF4c9rYdGM1vOnRkWV0_M_G_RTfJNR28k4zwPCUDBXbnn5BPFglD0zNgiJDQM-I3kzB8s8Fg
15:30:07.934 [http-nio-9587-exec-10] INFO  c.r.f.w.s.TokenService - [getToken,237] - user: madaosen, backend Token: Bearer eyJhbGciOiJIUzUxMiJ9.eyJsb2dpbl91c2VyX2tleSI6ImYxYmJiNjVhLTZlYzQtNDg4Ni1hY2M3LTdkZjdmYTkxZjA0YyJ9.2XbJLwaH0AcO9GmF4c9rYdGM1vOnRkWV0_M_G_RTfJNR28k4zwPCUDBXbnn5BPFglD0zNgiJDQM-I3kzB8s8Fg
15:30:07.934 [http-nio-9587-exec-2] INFO  c.r.f.w.s.TokenService - [getToken,237] - user: madaosen, backend Token: Bearer eyJhbGciOiJIUzUxMiJ9.eyJsb2dpbl91c2VyX2tleSI6ImYxYmJiNjVhLTZlYzQtNDg4Ni1hY2M3LTdkZjdmYTkxZjA0YyJ9.2XbJLwaH0AcO9GmF4c9rYdGM1vOnRkWV0_M_G_RTfJNR28k4zwPCUDBXbnn5BPFglD0zNgiJDQM-I3kzB8s8Fg
15:30:07.934 [http-nio-9587-exec-4] INFO  c.r.f.w.s.TokenService - [getToken,237] - user: madaosen, backend Token: Bearer eyJhbGciOiJIUzUxMiJ9.eyJsb2dpbl91c2VyX2tleSI6ImYxYmJiNjVhLTZlYzQtNDg4Ni1hY2M3LTdkZjdmYTkxZjA0YyJ9.2XbJLwaH0AcO9GmF4c9rYdGM1vOnRkWV0_M_G_RTfJNR28k4zwPCUDBXbnn5BPFglD0zNgiJDQM-I3kzB8s8Fg
15:30:08.044 [http-nio-9587-exec-5] INFO  c.r.f.w.s.TokenService - [getToken,237] - user: madaosen, backend Token: Bearer eyJhbGciOiJIUzUxMiJ9.eyJsb2dpbl91c2VyX2tleSI6ImYxYmJiNjVhLTZlYzQtNDg4Ni1hY2M3LTdkZjdmYTkxZjA0YyJ9.2XbJLwaH0AcO9GmF4c9rYdGM1vOnRkWV0_M_G_RTfJNR28k4zwPCUDBXbnn5BPFglD0zNgiJDQM-I3kzB8s8Fg
15:38:20.165 [http-nio-9587-exec-2] INFO  c.r.f.w.s.TokenService - [getToken,237] - user: madaosen, backend Token: Bearer eyJhbGciOiJIUzUxMiJ9.eyJsb2dpbl91c2VyX2tleSI6ImYxYmJiNjVhLTZlYzQtNDg4Ni1hY2M3LTdkZjdmYTkxZjA0YyJ9.2XbJLwaH0AcO9GmF4c9rYdGM1vOnRkWV0_M_G_RTfJNR28k4zwPCUDBXbnn5BPFglD0zNgiJDQM-I3kzB8s8Fg
15:38:24.073 [http-nio-9587-exec-9] INFO  c.r.f.w.s.TokenService - [getToken,237] - user: madaosen, backend Token: Bearer eyJhbGciOiJIUzUxMiJ9.eyJsb2dpbl91c2VyX2tleSI6ImYxYmJiNjVhLTZlYzQtNDg4Ni1hY2M3LTdkZjdmYTkxZjA0YyJ9.2XbJLwaH0AcO9GmF4c9rYdGM1vOnRkWV0_M_G_RTfJNR28k4zwPCUDBXbnn5BPFglD0zNgiJDQM-I3kzB8s8Fg
15:38:24.080 [http-nio-9587-exec-4] INFO  c.r.f.w.s.TokenService - [getToken,237] - user: madaosen, backend Token: Bearer eyJhbGciOiJIUzUxMiJ9.eyJsb2dpbl91c2VyX2tleSI6ImYxYmJiNjVhLTZlYzQtNDg4Ni1hY2M3LTdkZjdmYTkxZjA0YyJ9.2XbJLwaH0AcO9GmF4c9rYdGM1vOnRkWV0_M_G_RTfJNR28k4zwPCUDBXbnn5BPFglD0zNgiJDQM-I3kzB8s8Fg
15:38:24.083 [http-nio-9587-exec-2] INFO  c.r.f.w.s.TokenService - [getToken,237] - user: madaosen, backend Token: Bearer eyJhbGciOiJIUzUxMiJ9.eyJsb2dpbl91c2VyX2tleSI6ImYxYmJiNjVhLTZlYzQtNDg4Ni1hY2M3LTdkZjdmYTkxZjA0YyJ9.2XbJLwaH0AcO9GmF4c9rYdGM1vOnRkWV0_M_G_RTfJNR28k4zwPCUDBXbnn5BPFglD0zNgiJDQM-I3kzB8s8Fg
15:38:24.083 [http-nio-9587-exec-8] INFO  c.r.f.w.s.TokenService - [getToken,237] - user: madaosen, backend Token: Bearer eyJhbGciOiJIUzUxMiJ9.eyJsb2dpbl91c2VyX2tleSI6ImYxYmJiNjVhLTZlYzQtNDg4Ni1hY2M3LTdkZjdmYTkxZjA0YyJ9.2XbJLwaH0AcO9GmF4c9rYdGM1vOnRkWV0_M_G_RTfJNR28k4zwPCUDBXbnn5BPFglD0zNgiJDQM-I3kzB8s8Fg
15:38:24.083 [http-nio-9587-exec-3] INFO  c.r.f.w.s.TokenService - [getToken,237] - user: madaosen, backend Token: Bearer eyJhbGciOiJIUzUxMiJ9.eyJsb2dpbl91c2VyX2tleSI6ImYxYmJiNjVhLTZlYzQtNDg4Ni1hY2M3LTdkZjdmYTkxZjA0YyJ9.2XbJLwaH0AcO9GmF4c9rYdGM1vOnRkWV0_M_G_RTfJNR28k4zwPCUDBXbnn5BPFglD0zNgiJDQM-I3kzB8s8Fg
15:38:24.083 [http-nio-9587-exec-10] INFO  c.r.f.w.s.TokenService - [getToken,237] - user: madaosen, backend Token: Bearer eyJhbGciOiJIUzUxMiJ9.eyJsb2dpbl91c2VyX2tleSI6ImYxYmJiNjVhLTZlYzQtNDg4Ni1hY2M3LTdkZjdmYTkxZjA0YyJ9.2XbJLwaH0AcO9GmF4c9rYdGM1vOnRkWV0_M_G_RTfJNR28k4zwPCUDBXbnn5BPFglD0zNgiJDQM-I3kzB8s8Fg
15:38:24.117 [http-nio-9587-exec-6] INFO  c.r.f.w.s.TokenService - [getToken,237] - user: madaosen, backend Token: Bearer eyJhbGciOiJIUzUxMiJ9.eyJsb2dpbl91c2VyX2tleSI6ImYxYmJiNjVhLTZlYzQtNDg4Ni1hY2M3LTdkZjdmYTkxZjA0YyJ9.2XbJLwaH0AcO9GmF4c9rYdGM1vOnRkWV0_M_G_RTfJNR28k4zwPCUDBXbnn5BPFglD0zNgiJDQM-I3kzB8s8Fg
15:38:24.117 [http-nio-9587-exec-7] INFO  c.r.f.w.s.TokenService - [getToken,237] - user: madaosen, backend Token: Bearer eyJhbGciOiJIUzUxMiJ9.eyJsb2dpbl91c2VyX2tleSI6ImYxYmJiNjVhLTZlYzQtNDg4Ni1hY2M3LTdkZjdmYTkxZjA0YyJ9.2XbJLwaH0AcO9GmF4c9rYdGM1vOnRkWV0_M_G_RTfJNR28k4zwPCUDBXbnn5BPFglD0zNgiJDQM-I3kzB8s8Fg
15:38:24.130 [http-nio-9587-exec-5] INFO  c.r.f.w.s.TokenService - [getToken,237] - user: madaosen, backend Token: Bearer eyJhbGciOiJIUzUxMiJ9.eyJsb2dpbl91c2VyX2tleSI6ImYxYmJiNjVhLTZlYzQtNDg4Ni1hY2M3LTdkZjdmYTkxZjA0YyJ9.2XbJLwaH0AcO9GmF4c9rYdGM1vOnRkWV0_M_G_RTfJNR28k4zwPCUDBXbnn5BPFglD0zNgiJDQM-I3kzB8s8Fg
15:38:24.137 [http-nio-9587-exec-1] INFO  c.r.f.w.s.TokenService - [getToken,237] - user: madaosen, backend Token: Bearer eyJhbGciOiJIUzUxMiJ9.eyJsb2dpbl91c2VyX2tleSI6ImYxYmJiNjVhLTZlYzQtNDg4Ni1hY2M3LTdkZjdmYTkxZjA0YyJ9.2XbJLwaH0AcO9GmF4c9rYdGM1vOnRkWV0_M_G_RTfJNR28k4zwPCUDBXbnn5BPFglD0zNgiJDQM-I3kzB8s8Fg
15:38:24.157 [http-nio-9587-exec-8] INFO  c.r.f.w.s.TokenService - [getToken,237] - user: madaosen, backend Token: Bearer eyJhbGciOiJIUzUxMiJ9.eyJsb2dpbl91c2VyX2tleSI6ImYxYmJiNjVhLTZlYzQtNDg4Ni1hY2M3LTdkZjdmYTkxZjA0YyJ9.2XbJLwaH0AcO9GmF4c9rYdGM1vOnRkWV0_M_G_RTfJNR28k4zwPCUDBXbnn5BPFglD0zNgiJDQM-I3kzB8s8Fg
15:38:24.162 [http-nio-9587-exec-3] INFO  c.r.f.w.s.TokenService - [getToken,237] - user: madaosen, backend Token: Bearer eyJhbGciOiJIUzUxMiJ9.eyJsb2dpbl91c2VyX2tleSI6ImYxYmJiNjVhLTZlYzQtNDg4Ni1hY2M3LTdkZjdmYTkxZjA0YyJ9.2XbJLwaH0AcO9GmF4c9rYdGM1vOnRkWV0_M_G_RTfJNR28k4zwPCUDBXbnn5BPFglD0zNgiJDQM-I3kzB8s8Fg
15:38:24.200 [http-nio-9587-exec-6] INFO  c.r.f.w.s.TokenService - [getToken,237] - user: madaosen, backend Token: Bearer eyJhbGciOiJIUzUxMiJ9.eyJsb2dpbl91c2VyX2tleSI6ImYxYmJiNjVhLTZlYzQtNDg4Ni1hY2M3LTdkZjdmYTkxZjA0YyJ9.2XbJLwaH0AcO9GmF4c9rYdGM1vOnRkWV0_M_G_RTfJNR28k4zwPCUDBXbnn5BPFglD0zNgiJDQM-I3kzB8s8Fg
15:38:24.219 [http-nio-9587-exec-7] INFO  c.r.f.w.s.TokenService - [getToken,237] - user: madaosen, backend Token: Bearer eyJhbGciOiJIUzUxMiJ9.eyJsb2dpbl91c2VyX2tleSI6ImYxYmJiNjVhLTZlYzQtNDg4Ni1hY2M3LTdkZjdmYTkxZjA0YyJ9.2XbJLwaH0AcO9GmF4c9rYdGM1vOnRkWV0_M_G_RTfJNR28k4zwPCUDBXbnn5BPFglD0zNgiJDQM-I3kzB8s8Fg
15:38:24.221 [http-nio-9587-exec-10] INFO  c.r.f.w.s.TokenService - [getToken,237] - user: madaosen, backend Token: Bearer eyJhbGciOiJIUzUxMiJ9.eyJsb2dpbl91c2VyX2tleSI6ImYxYmJiNjVhLTZlYzQtNDg4Ni1hY2M3LTdkZjdmYTkxZjA0YyJ9.2XbJLwaH0AcO9GmF4c9rYdGM1vOnRkWV0_M_G_RTfJNR28k4zwPCUDBXbnn5BPFglD0zNgiJDQM-I3kzB8s8Fg
15:38:24.224 [http-nio-9587-exec-1] INFO  c.r.f.w.s.TokenService - [getToken,237] - user: madaosen, backend Token: Bearer eyJhbGciOiJIUzUxMiJ9.eyJsb2dpbl91c2VyX2tleSI6ImYxYmJiNjVhLTZlYzQtNDg4Ni1hY2M3LTdkZjdmYTkxZjA0YyJ9.2XbJLwaH0AcO9GmF4c9rYdGM1vOnRkWV0_M_G_RTfJNR28k4zwPCUDBXbnn5BPFglD0zNgiJDQM-I3kzB8s8Fg
15:38:24.230 [http-nio-9587-exec-5] INFO  c.r.f.w.s.TokenService - [getToken,237] - user: madaosen, backend Token: Bearer eyJhbGciOiJIUzUxMiJ9.eyJsb2dpbl91c2VyX2tleSI6ImYxYmJiNjVhLTZlYzQtNDg4Ni1hY2M3LTdkZjdmYTkxZjA0YyJ9.2XbJLwaH0AcO9GmF4c9rYdGM1vOnRkWV0_M_G_RTfJNR28k4zwPCUDBXbnn5BPFglD0zNgiJDQM-I3kzB8s8Fg
15:38:24.246 [http-nio-9587-exec-6] INFO  c.r.f.w.s.TokenService - [getToken,237] - user: madaosen, backend Token: Bearer eyJhbGciOiJIUzUxMiJ9.eyJsb2dpbl91c2VyX2tleSI6ImYxYmJiNjVhLTZlYzQtNDg4Ni1hY2M3LTdkZjdmYTkxZjA0YyJ9.2XbJLwaH0AcO9GmF4c9rYdGM1vOnRkWV0_M_G_RTfJNR28k4zwPCUDBXbnn5BPFglD0zNgiJDQM-I3kzB8s8Fg
15:38:24.260 [http-nio-9587-exec-4] INFO  c.r.f.w.s.TokenService - [getToken,237] - user: madaosen, backend Token: Bearer eyJhbGciOiJIUzUxMiJ9.eyJsb2dpbl91c2VyX2tleSI6ImYxYmJiNjVhLTZlYzQtNDg4Ni1hY2M3LTdkZjdmYTkxZjA0YyJ9.2XbJLwaH0AcO9GmF4c9rYdGM1vOnRkWV0_M_G_RTfJNR28k4zwPCUDBXbnn5BPFglD0zNgiJDQM-I3kzB8s8Fg
15:38:24.433 [http-nio-9587-exec-5] INFO  c.r.f.w.s.TokenService - [getToken,237] - user: madaosen, backend Token: Bearer eyJhbGciOiJIUzUxMiJ9.eyJsb2dpbl91c2VyX2tleSI6ImYxYmJiNjVhLTZlYzQtNDg4Ni1hY2M3LTdkZjdmYTkxZjA0YyJ9.2XbJLwaH0AcO9GmF4c9rYdGM1vOnRkWV0_M_G_RTfJNR28k4zwPCUDBXbnn5BPFglD0zNgiJDQM-I3kzB8s8Fg
15:38:24.435 [http-nio-9587-exec-6] INFO  c.r.f.w.s.TokenService - [getToken,237] - user: madaosen, backend Token: Bearer eyJhbGciOiJIUzUxMiJ9.eyJsb2dpbl91c2VyX2tleSI6ImYxYmJiNjVhLTZlYzQtNDg4Ni1hY2M3LTdkZjdmYTkxZjA0YyJ9.2XbJLwaH0AcO9GmF4c9rYdGM1vOnRkWV0_M_G_RTfJNR28k4zwPCUDBXbnn5BPFglD0zNgiJDQM-I3kzB8s8Fg
15:38:24.456 [http-nio-9587-exec-7] INFO  c.r.f.w.s.TokenService - [getToken,237] - user: madaosen, backend Token: Bearer eyJhbGciOiJIUzUxMiJ9.eyJsb2dpbl91c2VyX2tleSI6ImYxYmJiNjVhLTZlYzQtNDg4Ni1hY2M3LTdkZjdmYTkxZjA0YyJ9.2XbJLwaH0AcO9GmF4c9rYdGM1vOnRkWV0_M_G_RTfJNR28k4zwPCUDBXbnn5BPFglD0zNgiJDQM-I3kzB8s8Fg
15:38:24.473 [http-nio-9587-exec-10] INFO  c.r.f.w.s.TokenService - [getToken,237] - user: madaosen, backend Token: Bearer eyJhbGciOiJIUzUxMiJ9.eyJsb2dpbl91c2VyX2tleSI6ImYxYmJiNjVhLTZlYzQtNDg4Ni1hY2M3LTdkZjdmYTkxZjA0YyJ9.2XbJLwaH0AcO9GmF4c9rYdGM1vOnRkWV0_M_G_RTfJNR28k4zwPCUDBXbnn5BPFglD0zNgiJDQM-I3kzB8s8Fg
15:38:24.473 [http-nio-9587-exec-9] INFO  c.r.f.w.s.TokenService - [getToken,237] - user: madaosen, backend Token: Bearer eyJhbGciOiJIUzUxMiJ9.eyJsb2dpbl91c2VyX2tleSI6ImYxYmJiNjVhLTZlYzQtNDg4Ni1hY2M3LTdkZjdmYTkxZjA0YyJ9.2XbJLwaH0AcO9GmF4c9rYdGM1vOnRkWV0_M_G_RTfJNR28k4zwPCUDBXbnn5BPFglD0zNgiJDQM-I3kzB8s8Fg
15:38:24.473 [http-nio-9587-exec-5] INFO  c.r.f.w.s.TokenService - [getToken,237] - user: madaosen, backend Token: Bearer eyJhbGciOiJIUzUxMiJ9.eyJsb2dpbl91c2VyX2tleSI6ImYxYmJiNjVhLTZlYzQtNDg4Ni1hY2M3LTdkZjdmYTkxZjA0YyJ9.2XbJLwaH0AcO9GmF4c9rYdGM1vOnRkWV0_M_G_RTfJNR28k4zwPCUDBXbnn5BPFglD0zNgiJDQM-I3kzB8s8Fg
15:38:24.542 [http-nio-9587-exec-7] INFO  c.r.f.w.s.TokenService - [getToken,237] - user: madaosen, backend Token: Bearer eyJhbGciOiJIUzUxMiJ9.eyJsb2dpbl91c2VyX2tleSI6ImYxYmJiNjVhLTZlYzQtNDg4Ni1hY2M3LTdkZjdmYTkxZjA0YyJ9.2XbJLwaH0AcO9GmF4c9rYdGM1vOnRkWV0_M_G_RTfJNR28k4zwPCUDBXbnn5BPFglD0zNgiJDQM-I3kzB8s8Fg
15:38:24.542 [http-nio-9587-exec-3] INFO  c.r.f.w.s.TokenService - [getToken,237] - user: madaosen, backend Token: Bearer eyJhbGciOiJIUzUxMiJ9.eyJsb2dpbl91c2VyX2tleSI6ImYxYmJiNjVhLTZlYzQtNDg4Ni1hY2M3LTdkZjdmYTkxZjA0YyJ9.2XbJLwaH0AcO9GmF4c9rYdGM1vOnRkWV0_M_G_RTfJNR28k4zwPCUDBXbnn5BPFglD0zNgiJDQM-I3kzB8s8Fg
15:38:24.566 [http-nio-9587-exec-2] INFO  c.r.f.w.s.TokenService - [getToken,237] - user: madaosen, backend Token: Bearer eyJhbGciOiJIUzUxMiJ9.eyJsb2dpbl91c2VyX2tleSI6ImYxYmJiNjVhLTZlYzQtNDg4Ni1hY2M3LTdkZjdmYTkxZjA0YyJ9.2XbJLwaH0AcO9GmF4c9rYdGM1vOnRkWV0_M_G_RTfJNR28k4zwPCUDBXbnn5BPFglD0zNgiJDQM-I3kzB8s8Fg
15:38:24.584 [http-nio-9587-exec-4] INFO  c.r.f.w.s.TokenService - [getToken,237] - user: madaosen, backend Token: Bearer eyJhbGciOiJIUzUxMiJ9.eyJsb2dpbl91c2VyX2tleSI6ImYxYmJiNjVhLTZlYzQtNDg4Ni1hY2M3LTdkZjdmYTkxZjA0YyJ9.2XbJLwaH0AcO9GmF4c9rYdGM1vOnRkWV0_M_G_RTfJNR28k4zwPCUDBXbnn5BPFglD0zNgiJDQM-I3kzB8s8Fg
15:38:24.584 [http-nio-9587-exec-6] INFO  c.r.f.w.s.TokenService - [getToken,237] - user: madaosen, backend Token: Bearer eyJhbGciOiJIUzUxMiJ9.eyJsb2dpbl91c2VyX2tleSI6ImYxYmJiNjVhLTZlYzQtNDg4Ni1hY2M3LTdkZjdmYTkxZjA0YyJ9.2XbJLwaH0AcO9GmF4c9rYdGM1vOnRkWV0_M_G_RTfJNR28k4zwPCUDBXbnn5BPFglD0zNgiJDQM-I3kzB8s8Fg
15:38:24.584 [http-nio-9587-exec-1] INFO  c.r.f.w.s.TokenService - [getToken,237] - user: madaosen, backend Token: Bearer eyJhbGciOiJIUzUxMiJ9.eyJsb2dpbl91c2VyX2tleSI6ImYxYmJiNjVhLTZlYzQtNDg4Ni1hY2M3LTdkZjdmYTkxZjA0YyJ9.2XbJLwaH0AcO9GmF4c9rYdGM1vOnRkWV0_M_G_RTfJNR28k4zwPCUDBXbnn5BPFglD0zNgiJDQM-I3kzB8s8Fg
15:38:24.669 [http-nio-9587-exec-3] INFO  c.r.f.w.s.TokenService - [getToken,237] - user: madaosen, backend Token: Bearer eyJhbGciOiJIUzUxMiJ9.eyJsb2dpbl91c2VyX2tleSI6ImYxYmJiNjVhLTZlYzQtNDg4Ni1hY2M3LTdkZjdmYTkxZjA0YyJ9.2XbJLwaH0AcO9GmF4c9rYdGM1vOnRkWV0_M_G_RTfJNR28k4zwPCUDBXbnn5BPFglD0zNgiJDQM-I3kzB8s8Fg
15:38:34.918 [http-nio-9587-exec-2] INFO  c.r.f.w.s.TokenService - [getToken,237] - user: madaosen, backend Token: Bearer eyJhbGciOiJIUzUxMiJ9.eyJsb2dpbl91c2VyX2tleSI6ImYxYmJiNjVhLTZlYzQtNDg4Ni1hY2M3LTdkZjdmYTkxZjA0YyJ9.2XbJLwaH0AcO9GmF4c9rYdGM1vOnRkWV0_M_G_RTfJNR28k4zwPCUDBXbnn5BPFglD0zNgiJDQM-I3kzB8s8Fg
15:38:44.335 [http-nio-9587-exec-8] INFO  c.r.f.w.s.TokenService - [getToken,237] - user: madaosen, backend Token: Bearer eyJhbGciOiJIUzUxMiJ9.eyJsb2dpbl91c2VyX2tleSI6ImYxYmJiNjVhLTZlYzQtNDg4Ni1hY2M3LTdkZjdmYTkxZjA0YyJ9.2XbJLwaH0AcO9GmF4c9rYdGM1vOnRkWV0_M_G_RTfJNR28k4zwPCUDBXbnn5BPFglD0zNgiJDQM-I3kzB8s8Fg
15:38:44.337 [http-nio-9587-exec-6] INFO  c.r.f.w.s.TokenService - [getToken,237] - user: madaosen, backend Token: Bearer eyJhbGciOiJIUzUxMiJ9.eyJsb2dpbl91c2VyX2tleSI6ImYxYmJiNjVhLTZlYzQtNDg4Ni1hY2M3LTdkZjdmYTkxZjA0YyJ9.2XbJLwaH0AcO9GmF4c9rYdGM1vOnRkWV0_M_G_RTfJNR28k4zwPCUDBXbnn5BPFglD0zNgiJDQM-I3kzB8s8Fg
15:38:44.337 [http-nio-9587-exec-10] INFO  c.r.f.w.s.TokenService - [getToken,237] - user: madaosen, backend Token: Bearer eyJhbGciOiJIUzUxMiJ9.eyJsb2dpbl91c2VyX2tleSI6ImYxYmJiNjVhLTZlYzQtNDg4Ni1hY2M3LTdkZjdmYTkxZjA0YyJ9.2XbJLwaH0AcO9GmF4c9rYdGM1vOnRkWV0_M_G_RTfJNR28k4zwPCUDBXbnn5BPFglD0zNgiJDQM-I3kzB8s8Fg
15:38:44.338 [http-nio-9587-exec-1] INFO  c.r.f.w.s.TokenService - [getToken,237] - user: madaosen, backend Token: Bearer eyJhbGciOiJIUzUxMiJ9.eyJsb2dpbl91c2VyX2tleSI6ImYxYmJiNjVhLTZlYzQtNDg4Ni1hY2M3LTdkZjdmYTkxZjA0YyJ9.2XbJLwaH0AcO9GmF4c9rYdGM1vOnRkWV0_M_G_RTfJNR28k4zwPCUDBXbnn5BPFglD0zNgiJDQM-I3kzB8s8Fg
15:38:44.338 [http-nio-9587-exec-9] INFO  c.r.f.w.s.TokenService - [getToken,237] - user: madaosen, backend Token: Bearer eyJhbGciOiJIUzUxMiJ9.eyJsb2dpbl91c2VyX2tleSI6ImYxYmJiNjVhLTZlYzQtNDg4Ni1hY2M3LTdkZjdmYTkxZjA0YyJ9.2XbJLwaH0AcO9GmF4c9rYdGM1vOnRkWV0_M_G_RTfJNR28k4zwPCUDBXbnn5BPFglD0zNgiJDQM-I3kzB8s8Fg
15:38:44.340 [http-nio-9587-exec-5] INFO  c.r.f.w.s.TokenService - [getToken,237] - user: madaosen, backend Token: Bearer eyJhbGciOiJIUzUxMiJ9.eyJsb2dpbl91c2VyX2tleSI6ImYxYmJiNjVhLTZlYzQtNDg4Ni1hY2M3LTdkZjdmYTkxZjA0YyJ9.2XbJLwaH0AcO9GmF4c9rYdGM1vOnRkWV0_M_G_RTfJNR28k4zwPCUDBXbnn5BPFglD0zNgiJDQM-I3kzB8s8Fg
15:38:44.356 [http-nio-9587-exec-2] INFO  c.r.f.w.s.TokenService - [getToken,237] - user: madaosen, backend Token: Bearer eyJhbGciOiJIUzUxMiJ9.eyJsb2dpbl91c2VyX2tleSI6ImYxYmJiNjVhLTZlYzQtNDg4Ni1hY2M3LTdkZjdmYTkxZjA0YyJ9.2XbJLwaH0AcO9GmF4c9rYdGM1vOnRkWV0_M_G_RTfJNR28k4zwPCUDBXbnn5BPFglD0zNgiJDQM-I3kzB8s8Fg
15:38:44.358 [http-nio-9587-exec-4] INFO  c.r.f.w.s.TokenService - [getToken,237] - user: madaosen, backend Token: Bearer eyJhbGciOiJIUzUxMiJ9.eyJsb2dpbl91c2VyX2tleSI6ImYxYmJiNjVhLTZlYzQtNDg4Ni1hY2M3LTdkZjdmYTkxZjA0YyJ9.2XbJLwaH0AcO9GmF4c9rYdGM1vOnRkWV0_M_G_RTfJNR28k4zwPCUDBXbnn5BPFglD0zNgiJDQM-I3kzB8s8Fg
15:38:44.368 [http-nio-9587-exec-3] INFO  c.r.f.w.s.TokenService - [getToken,237] - user: madaosen, backend Token: Bearer eyJhbGciOiJIUzUxMiJ9.eyJsb2dpbl91c2VyX2tleSI6ImYxYmJiNjVhLTZlYzQtNDg4Ni1hY2M3LTdkZjdmYTkxZjA0YyJ9.2XbJLwaH0AcO9GmF4c9rYdGM1vOnRkWV0_M_G_RTfJNR28k4zwPCUDBXbnn5BPFglD0zNgiJDQM-I3kzB8s8Fg
15:38:44.384 [http-nio-9587-exec-7] INFO  c.r.f.w.s.TokenService - [getToken,237] - user: madaosen, backend Token: Bearer eyJhbGciOiJIUzUxMiJ9.eyJsb2dpbl91c2VyX2tleSI6ImYxYmJiNjVhLTZlYzQtNDg4Ni1hY2M3LTdkZjdmYTkxZjA0YyJ9.2XbJLwaH0AcO9GmF4c9rYdGM1vOnRkWV0_M_G_RTfJNR28k4zwPCUDBXbnn5BPFglD0zNgiJDQM-I3kzB8s8Fg
15:38:44.411 [http-nio-9587-exec-6] INFO  c.r.f.w.s.TokenService - [getToken,237] - user: madaosen, backend Token: Bearer eyJhbGciOiJIUzUxMiJ9.eyJsb2dpbl91c2VyX2tleSI6ImYxYmJiNjVhLTZlYzQtNDg4Ni1hY2M3LTdkZjdmYTkxZjA0YyJ9.2XbJLwaH0AcO9GmF4c9rYdGM1vOnRkWV0_M_G_RTfJNR28k4zwPCUDBXbnn5BPFglD0zNgiJDQM-I3kzB8s8Fg
15:38:44.422 [http-nio-9587-exec-5] INFO  c.r.f.w.s.TokenService - [getToken,237] - user: madaosen, backend Token: Bearer eyJhbGciOiJIUzUxMiJ9.eyJsb2dpbl91c2VyX2tleSI6ImYxYmJiNjVhLTZlYzQtNDg4Ni1hY2M3LTdkZjdmYTkxZjA0YyJ9.2XbJLwaH0AcO9GmF4c9rYdGM1vOnRkWV0_M_G_RTfJNR28k4zwPCUDBXbnn5BPFglD0zNgiJDQM-I3kzB8s8Fg
15:38:44.429 [http-nio-9587-exec-2] INFO  c.r.f.w.s.TokenService - [getToken,237] - user: madaosen, backend Token: Bearer eyJhbGciOiJIUzUxMiJ9.eyJsb2dpbl91c2VyX2tleSI6ImYxYmJiNjVhLTZlYzQtNDg4Ni1hY2M3LTdkZjdmYTkxZjA0YyJ9.2XbJLwaH0AcO9GmF4c9rYdGM1vOnRkWV0_M_G_RTfJNR28k4zwPCUDBXbnn5BPFglD0zNgiJDQM-I3kzB8s8Fg
15:38:44.445 [http-nio-9587-exec-3] INFO  c.r.f.w.s.TokenService - [getToken,237] - user: madaosen, backend Token: Bearer eyJhbGciOiJIUzUxMiJ9.eyJsb2dpbl91c2VyX2tleSI6ImYxYmJiNjVhLTZlYzQtNDg4Ni1hY2M3LTdkZjdmYTkxZjA0YyJ9.2XbJLwaH0AcO9GmF4c9rYdGM1vOnRkWV0_M_G_RTfJNR28k4zwPCUDBXbnn5BPFglD0zNgiJDQM-I3kzB8s8Fg
15:38:44.463 [http-nio-9587-exec-9] INFO  c.r.f.w.s.TokenService - [getToken,237] - user: madaosen, backend Token: Bearer eyJhbGciOiJIUzUxMiJ9.eyJsb2dpbl91c2VyX2tleSI6ImYxYmJiNjVhLTZlYzQtNDg4Ni1hY2M3LTdkZjdmYTkxZjA0YyJ9.2XbJLwaH0AcO9GmF4c9rYdGM1vOnRkWV0_M_G_RTfJNR28k4zwPCUDBXbnn5BPFglD0zNgiJDQM-I3kzB8s8Fg
15:38:44.502 [http-nio-9587-exec-4] INFO  c.r.f.w.s.TokenService - [getToken,237] - user: madaosen, backend Token: Bearer eyJhbGciOiJIUzUxMiJ9.eyJsb2dpbl91c2VyX2tleSI6ImYxYmJiNjVhLTZlYzQtNDg4Ni1hY2M3LTdkZjdmYTkxZjA0YyJ9.2XbJLwaH0AcO9GmF4c9rYdGM1vOnRkWV0_M_G_RTfJNR28k4zwPCUDBXbnn5BPFglD0zNgiJDQM-I3kzB8s8Fg
15:38:44.508 [http-nio-9587-exec-6] INFO  c.r.f.w.s.TokenService - [getToken,237] - user: madaosen, backend Token: Bearer eyJhbGciOiJIUzUxMiJ9.eyJsb2dpbl91c2VyX2tleSI6ImYxYmJiNjVhLTZlYzQtNDg4Ni1hY2M3LTdkZjdmYTkxZjA0YyJ9.2XbJLwaH0AcO9GmF4c9rYdGM1vOnRkWV0_M_G_RTfJNR28k4zwPCUDBXbnn5BPFglD0zNgiJDQM-I3kzB8s8Fg
15:38:44.510 [http-nio-9587-exec-2] INFO  c.r.f.w.s.TokenService - [getToken,237] - user: madaosen, backend Token: Bearer eyJhbGciOiJIUzUxMiJ9.eyJsb2dpbl91c2VyX2tleSI6ImYxYmJiNjVhLTZlYzQtNDg4Ni1hY2M3LTdkZjdmYTkxZjA0YyJ9.2XbJLwaH0AcO9GmF4c9rYdGM1vOnRkWV0_M_G_RTfJNR28k4zwPCUDBXbnn5BPFglD0zNgiJDQM-I3kzB8s8Fg
15:38:44.519 [http-nio-9587-exec-8] INFO  c.r.f.w.s.TokenService - [getToken,237] - user: madaosen, backend Token: Bearer eyJhbGciOiJIUzUxMiJ9.eyJsb2dpbl91c2VyX2tleSI6ImYxYmJiNjVhLTZlYzQtNDg4Ni1hY2M3LTdkZjdmYTkxZjA0YyJ9.2XbJLwaH0AcO9GmF4c9rYdGM1vOnRkWV0_M_G_RTfJNR28k4zwPCUDBXbnn5BPFglD0zNgiJDQM-I3kzB8s8Fg
15:38:44.792 [http-nio-9587-exec-10] INFO  c.r.f.w.s.TokenService - [getToken,237] - user: madaosen, backend Token: Bearer eyJhbGciOiJIUzUxMiJ9.eyJsb2dpbl91c2VyX2tleSI6ImYxYmJiNjVhLTZlYzQtNDg4Ni1hY2M3LTdkZjdmYTkxZjA0YyJ9.2XbJLwaH0AcO9GmF4c9rYdGM1vOnRkWV0_M_G_RTfJNR28k4zwPCUDBXbnn5BPFglD0zNgiJDQM-I3kzB8s8Fg
15:38:44.796 [http-nio-9587-exec-8] INFO  c.r.f.w.s.TokenService - [getToken,237] - user: madaosen, backend Token: Bearer eyJhbGciOiJIUzUxMiJ9.eyJsb2dpbl91c2VyX2tleSI6ImYxYmJiNjVhLTZlYzQtNDg4Ni1hY2M3LTdkZjdmYTkxZjA0YyJ9.2XbJLwaH0AcO9GmF4c9rYdGM1vOnRkWV0_M_G_RTfJNR28k4zwPCUDBXbnn5BPFglD0zNgiJDQM-I3kzB8s8Fg
15:38:44.797 [http-nio-9587-exec-6] INFO  c.r.f.w.s.TokenService - [getToken,237] - user: madaosen, backend Token: Bearer eyJhbGciOiJIUzUxMiJ9.eyJsb2dpbl91c2VyX2tleSI6ImYxYmJiNjVhLTZlYzQtNDg4Ni1hY2M3LTdkZjdmYTkxZjA0YyJ9.2XbJLwaH0AcO9GmF4c9rYdGM1vOnRkWV0_M_G_RTfJNR28k4zwPCUDBXbnn5BPFglD0zNgiJDQM-I3kzB8s8Fg
15:38:44.798 [http-nio-9587-exec-3] INFO  c.r.f.w.s.TokenService - [getToken,237] - user: madaosen, backend Token: Bearer eyJhbGciOiJIUzUxMiJ9.eyJsb2dpbl91c2VyX2tleSI6ImYxYmJiNjVhLTZlYzQtNDg4Ni1hY2M3LTdkZjdmYTkxZjA0YyJ9.2XbJLwaH0AcO9GmF4c9rYdGM1vOnRkWV0_M_G_RTfJNR28k4zwPCUDBXbnn5BPFglD0zNgiJDQM-I3kzB8s8Fg
15:38:44.798 [http-nio-9587-exec-5] INFO  c.r.f.w.s.TokenService - [getToken,237] - user: madaosen, backend Token: Bearer eyJhbGciOiJIUzUxMiJ9.eyJsb2dpbl91c2VyX2tleSI6ImYxYmJiNjVhLTZlYzQtNDg4Ni1hY2M3LTdkZjdmYTkxZjA0YyJ9.2XbJLwaH0AcO9GmF4c9rYdGM1vOnRkWV0_M_G_RTfJNR28k4zwPCUDBXbnn5BPFglD0zNgiJDQM-I3kzB8s8Fg
15:38:44.819 [http-nio-9587-exec-2] INFO  c.r.f.w.s.TokenService - [getToken,237] - user: madaosen, backend Token: Bearer eyJhbGciOiJIUzUxMiJ9.eyJsb2dpbl91c2VyX2tleSI6ImYxYmJiNjVhLTZlYzQtNDg4Ni1hY2M3LTdkZjdmYTkxZjA0YyJ9.2XbJLwaH0AcO9GmF4c9rYdGM1vOnRkWV0_M_G_RTfJNR28k4zwPCUDBXbnn5BPFglD0zNgiJDQM-I3kzB8s8Fg
15:38:44.820 [http-nio-9587-exec-7] INFO  c.r.f.w.s.TokenService - [getToken,237] - user: madaosen, backend Token: Bearer eyJhbGciOiJIUzUxMiJ9.eyJsb2dpbl91c2VyX2tleSI6ImYxYmJiNjVhLTZlYzQtNDg4Ni1hY2M3LTdkZjdmYTkxZjA0YyJ9.2XbJLwaH0AcO9GmF4c9rYdGM1vOnRkWV0_M_G_RTfJNR28k4zwPCUDBXbnn5BPFglD0zNgiJDQM-I3kzB8s8Fg
15:38:44.821 [http-nio-9587-exec-4] INFO  c.r.f.w.s.TokenService - [getToken,237] - user: madaosen, backend Token: Bearer eyJhbGciOiJIUzUxMiJ9.eyJsb2dpbl91c2VyX2tleSI6ImYxYmJiNjVhLTZlYzQtNDg4Ni1hY2M3LTdkZjdmYTkxZjA0YyJ9.2XbJLwaH0AcO9GmF4c9rYdGM1vOnRkWV0_M_G_RTfJNR28k4zwPCUDBXbnn5BPFglD0zNgiJDQM-I3kzB8s8Fg
15:38:44.822 [http-nio-9587-exec-9] INFO  c.r.f.w.s.TokenService - [getToken,237] - user: madaosen, backend Token: Bearer eyJhbGciOiJIUzUxMiJ9.eyJsb2dpbl91c2VyX2tleSI6ImYxYmJiNjVhLTZlYzQtNDg4Ni1hY2M3LTdkZjdmYTkxZjA0YyJ9.2XbJLwaH0AcO9GmF4c9rYdGM1vOnRkWV0_M_G_RTfJNR28k4zwPCUDBXbnn5BPFglD0zNgiJDQM-I3kzB8s8Fg
15:38:44.847 [http-nio-9587-exec-8] INFO  c.r.f.w.s.TokenService - [getToken,237] - user: madaosen, backend Token: Bearer eyJhbGciOiJIUzUxMiJ9.eyJsb2dpbl91c2VyX2tleSI6ImYxYmJiNjVhLTZlYzQtNDg4Ni1hY2M3LTdkZjdmYTkxZjA0YyJ9.2XbJLwaH0AcO9GmF4c9rYdGM1vOnRkWV0_M_G_RTfJNR28k4zwPCUDBXbnn5BPFglD0zNgiJDQM-I3kzB8s8Fg
15:38:44.872 [http-nio-9587-exec-7] INFO  c.r.f.w.s.TokenService - [getToken,237] - user: madaosen, backend Token: Bearer eyJhbGciOiJIUzUxMiJ9.eyJsb2dpbl91c2VyX2tleSI6ImYxYmJiNjVhLTZlYzQtNDg4Ni1hY2M3LTdkZjdmYTkxZjA0YyJ9.2XbJLwaH0AcO9GmF4c9rYdGM1vOnRkWV0_M_G_RTfJNR28k4zwPCUDBXbnn5BPFglD0zNgiJDQM-I3kzB8s8Fg
15:38:44.872 [http-nio-9587-exec-2] INFO  c.r.f.w.s.TokenService - [getToken,237] - user: madaosen, backend Token: Bearer eyJhbGciOiJIUzUxMiJ9.eyJsb2dpbl91c2VyX2tleSI6ImYxYmJiNjVhLTZlYzQtNDg4Ni1hY2M3LTdkZjdmYTkxZjA0YyJ9.2XbJLwaH0AcO9GmF4c9rYdGM1vOnRkWV0_M_G_RTfJNR28k4zwPCUDBXbnn5BPFglD0zNgiJDQM-I3kzB8s8Fg
15:38:44.872 [http-nio-9587-exec-4] INFO  c.r.f.w.s.TokenService - [getToken,237] - user: madaosen, backend Token: Bearer eyJhbGciOiJIUzUxMiJ9.eyJsb2dpbl91c2VyX2tleSI6ImYxYmJiNjVhLTZlYzQtNDg4Ni1hY2M3LTdkZjdmYTkxZjA0YyJ9.2XbJLwaH0AcO9GmF4c9rYdGM1vOnRkWV0_M_G_RTfJNR28k4zwPCUDBXbnn5BPFglD0zNgiJDQM-I3kzB8s8Fg
15:38:44.988 [http-nio-9587-exec-10] INFO  c.r.f.w.s.TokenService - [getToken,237] - user: madaosen, backend Token: Bearer eyJhbGciOiJIUzUxMiJ9.eyJsb2dpbl91c2VyX2tleSI6ImYxYmJiNjVhLTZlYzQtNDg4Ni1hY2M3LTdkZjdmYTkxZjA0YyJ9.2XbJLwaH0AcO9GmF4c9rYdGM1vOnRkWV0_M_G_RTfJNR28k4zwPCUDBXbnn5BPFglD0zNgiJDQM-I3kzB8s8Fg
15:38:45.010 [http-nio-9587-exec-4] INFO  c.r.f.w.s.TokenService - [getToken,237] - user: madaosen, backend Token: Bearer eyJhbGciOiJIUzUxMiJ9.eyJsb2dpbl91c2VyX2tleSI6ImYxYmJiNjVhLTZlYzQtNDg4Ni1hY2M3LTdkZjdmYTkxZjA0YyJ9.2XbJLwaH0AcO9GmF4c9rYdGM1vOnRkWV0_M_G_RTfJNR28k4zwPCUDBXbnn5BPFglD0zNgiJDQM-I3kzB8s8Fg
15:38:45.019 [http-nio-9587-exec-6] INFO  c.r.f.w.s.TokenService - [getToken,237] - user: madaosen, backend Token: Bearer eyJhbGciOiJIUzUxMiJ9.eyJsb2dpbl91c2VyX2tleSI6ImYxYmJiNjVhLTZlYzQtNDg4Ni1hY2M3LTdkZjdmYTkxZjA0YyJ9.2XbJLwaH0AcO9GmF4c9rYdGM1vOnRkWV0_M_G_RTfJNR28k4zwPCUDBXbnn5BPFglD0zNgiJDQM-I3kzB8s8Fg
15:38:45.019 [http-nio-9587-exec-3] INFO  c.r.f.w.s.TokenService - [getToken,237] - user: madaosen, backend Token: Bearer eyJhbGciOiJIUzUxMiJ9.eyJsb2dpbl91c2VyX2tleSI6ImYxYmJiNjVhLTZlYzQtNDg4Ni1hY2M3LTdkZjdmYTkxZjA0YyJ9.2XbJLwaH0AcO9GmF4c9rYdGM1vOnRkWV0_M_G_RTfJNR28k4zwPCUDBXbnn5BPFglD0zNgiJDQM-I3kzB8s8Fg
15:38:45.019 [http-nio-9587-exec-7] INFO  c.r.f.w.s.TokenService - [getToken,237] - user: madaosen, backend Token: Bearer eyJhbGciOiJIUzUxMiJ9.eyJsb2dpbl91c2VyX2tleSI6ImYxYmJiNjVhLTZlYzQtNDg4Ni1hY2M3LTdkZjdmYTkxZjA0YyJ9.2XbJLwaH0AcO9GmF4c9rYdGM1vOnRkWV0_M_G_RTfJNR28k4zwPCUDBXbnn5BPFglD0zNgiJDQM-I3kzB8s8Fg
15:38:45.020 [http-nio-9587-exec-5] INFO  c.r.f.w.s.TokenService - [getToken,237] - user: madaosen, backend Token: Bearer eyJhbGciOiJIUzUxMiJ9.eyJsb2dpbl91c2VyX2tleSI6ImYxYmJiNjVhLTZlYzQtNDg4Ni1hY2M3LTdkZjdmYTkxZjA0YyJ9.2XbJLwaH0AcO9GmF4c9rYdGM1vOnRkWV0_M_G_RTfJNR28k4zwPCUDBXbnn5BPFglD0zNgiJDQM-I3kzB8s8Fg
15:38:45.033 [http-nio-9587-exec-1] INFO  c.r.f.w.s.TokenService - [getToken,237] - user: madaosen, backend Token: Bearer eyJhbGciOiJIUzUxMiJ9.eyJsb2dpbl91c2VyX2tleSI6ImYxYmJiNjVhLTZlYzQtNDg4Ni1hY2M3LTdkZjdmYTkxZjA0YyJ9.2XbJLwaH0AcO9GmF4c9rYdGM1vOnRkWV0_M_G_RTfJNR28k4zwPCUDBXbnn5BPFglD0zNgiJDQM-I3kzB8s8Fg
15:38:45.038 [http-nio-9587-exec-8] INFO  c.r.f.w.s.TokenService - [getToken,237] - user: madaosen, backend Token: Bearer eyJhbGciOiJIUzUxMiJ9.eyJsb2dpbl91c2VyX2tleSI6ImYxYmJiNjVhLTZlYzQtNDg4Ni1hY2M3LTdkZjdmYTkxZjA0YyJ9.2XbJLwaH0AcO9GmF4c9rYdGM1vOnRkWV0_M_G_RTfJNR28k4zwPCUDBXbnn5BPFglD0zNgiJDQM-I3kzB8s8Fg
15:38:45.038 [http-nio-9587-exec-2] INFO  c.r.f.w.s.TokenService - [getToken,237] - user: madaosen, backend Token: Bearer eyJhbGciOiJIUzUxMiJ9.eyJsb2dpbl91c2VyX2tleSI6ImYxYmJiNjVhLTZlYzQtNDg4Ni1hY2M3LTdkZjdmYTkxZjA0YyJ9.2XbJLwaH0AcO9GmF4c9rYdGM1vOnRkWV0_M_G_RTfJNR28k4zwPCUDBXbnn5BPFglD0zNgiJDQM-I3kzB8s8Fg
15:38:45.038 [http-nio-9587-exec-9] INFO  c.r.f.w.s.TokenService - [getToken,237] - user: madaosen, backend Token: Bearer eyJhbGciOiJIUzUxMiJ9.eyJsb2dpbl91c2VyX2tleSI6ImYxYmJiNjVhLTZlYzQtNDg4Ni1hY2M3LTdkZjdmYTkxZjA0YyJ9.2XbJLwaH0AcO9GmF4c9rYdGM1vOnRkWV0_M_G_RTfJNR28k4zwPCUDBXbnn5BPFglD0zNgiJDQM-I3kzB8s8Fg
15:38:45.059 [http-nio-9587-exec-6] INFO  c.r.f.w.s.TokenService - [getToken,237] - user: madaosen, backend Token: Bearer eyJhbGciOiJIUzUxMiJ9.eyJsb2dpbl91c2VyX2tleSI6ImYxYmJiNjVhLTZlYzQtNDg4Ni1hY2M3LTdkZjdmYTkxZjA0YyJ9.2XbJLwaH0AcO9GmF4c9rYdGM1vOnRkWV0_M_G_RTfJNR28k4zwPCUDBXbnn5BPFglD0zNgiJDQM-I3kzB8s8Fg
15:38:45.076 [http-nio-9587-exec-8] INFO  c.r.f.w.s.TokenService - [getToken,237] - user: madaosen, backend Token: Bearer eyJhbGciOiJIUzUxMiJ9.eyJsb2dpbl91c2VyX2tleSI6ImYxYmJiNjVhLTZlYzQtNDg4Ni1hY2M3LTdkZjdmYTkxZjA0YyJ9.2XbJLwaH0AcO9GmF4c9rYdGM1vOnRkWV0_M_G_RTfJNR28k4zwPCUDBXbnn5BPFglD0zNgiJDQM-I3kzB8s8Fg
15:38:45.076 [http-nio-9587-exec-1] INFO  c.r.f.w.s.TokenService - [getToken,237] - user: madaosen, backend Token: Bearer eyJhbGciOiJIUzUxMiJ9.eyJsb2dpbl91c2VyX2tleSI6ImYxYmJiNjVhLTZlYzQtNDg4Ni1hY2M3LTdkZjdmYTkxZjA0YyJ9.2XbJLwaH0AcO9GmF4c9rYdGM1vOnRkWV0_M_G_RTfJNR28k4zwPCUDBXbnn5BPFglD0zNgiJDQM-I3kzB8s8Fg
15:38:45.076 [http-nio-9587-exec-9] INFO  c.r.f.w.s.TokenService - [getToken,237] - user: madaosen, backend Token: Bearer eyJhbGciOiJIUzUxMiJ9.eyJsb2dpbl91c2VyX2tleSI6ImYxYmJiNjVhLTZlYzQtNDg4Ni1hY2M3LTdkZjdmYTkxZjA0YyJ9.2XbJLwaH0AcO9GmF4c9rYdGM1vOnRkWV0_M_G_RTfJNR28k4zwPCUDBXbnn5BPFglD0zNgiJDQM-I3kzB8s8Fg
15:59:28.628 [http-nio-9587-exec-8] INFO  c.r.f.w.s.TokenService - [getToken,237] - user: madaosen, backend Token: Bearer eyJhbGciOiJIUzUxMiJ9.eyJsb2dpbl91c2VyX2tleSI6ImYxYmJiNjVhLTZlYzQtNDg4Ni1hY2M3LTdkZjdmYTkxZjA0YyJ9.2XbJLwaH0AcO9GmF4c9rYdGM1vOnRkWV0_M_G_RTfJNR28k4zwPCUDBXbnn5BPFglD0zNgiJDQM-I3kzB8s8Fg
15:59:39.084 [http-nio-9587-exec-3] INFO  c.r.f.w.s.TokenService - [getToken,237] - user: madaosen, backend Token: Bearer eyJhbGciOiJIUzUxMiJ9.eyJsb2dpbl91c2VyX2tleSI6ImYxYmJiNjVhLTZlYzQtNDg4Ni1hY2M3LTdkZjdmYTkxZjA0YyJ9.2XbJLwaH0AcO9GmF4c9rYdGM1vOnRkWV0_M_G_RTfJNR28k4zwPCUDBXbnn5BPFglD0zNgiJDQM-I3kzB8s8Fg
15:59:39.086 [http-nio-9587-exec-4] INFO  c.r.f.w.s.TokenService - [getToken,237] - user: madaosen, backend Token: Bearer eyJhbGciOiJIUzUxMiJ9.eyJsb2dpbl91c2VyX2tleSI6ImYxYmJiNjVhLTZlYzQtNDg4Ni1hY2M3LTdkZjdmYTkxZjA0YyJ9.2XbJLwaH0AcO9GmF4c9rYdGM1vOnRkWV0_M_G_RTfJNR28k4zwPCUDBXbnn5BPFglD0zNgiJDQM-I3kzB8s8Fg
15:59:39.087 [http-nio-9587-exec-2] INFO  c.r.f.w.s.TokenService - [getToken,237] - user: madaosen, backend Token: Bearer eyJhbGciOiJIUzUxMiJ9.eyJsb2dpbl91c2VyX2tleSI6ImYxYmJiNjVhLTZlYzQtNDg4Ni1hY2M3LTdkZjdmYTkxZjA0YyJ9.2XbJLwaH0AcO9GmF4c9rYdGM1vOnRkWV0_M_G_RTfJNR28k4zwPCUDBXbnn5BPFglD0zNgiJDQM-I3kzB8s8Fg
15:59:39.089 [http-nio-9587-exec-6] INFO  c.r.f.w.s.TokenService - [getToken,237] - user: madaosen, backend Token: Bearer eyJhbGciOiJIUzUxMiJ9.eyJsb2dpbl91c2VyX2tleSI6ImYxYmJiNjVhLTZlYzQtNDg4Ni1hY2M3LTdkZjdmYTkxZjA0YyJ9.2XbJLwaH0AcO9GmF4c9rYdGM1vOnRkWV0_M_G_RTfJNR28k4zwPCUDBXbnn5BPFglD0zNgiJDQM-I3kzB8s8Fg
15:59:39.089 [http-nio-9587-exec-5] INFO  c.r.f.w.s.TokenService - [getToken,237] - user: madaosen, backend Token: Bearer eyJhbGciOiJIUzUxMiJ9.eyJsb2dpbl91c2VyX2tleSI6ImYxYmJiNjVhLTZlYzQtNDg4Ni1hY2M3LTdkZjdmYTkxZjA0YyJ9.2XbJLwaH0AcO9GmF4c9rYdGM1vOnRkWV0_M_G_RTfJNR28k4zwPCUDBXbnn5BPFglD0zNgiJDQM-I3kzB8s8Fg
15:59:39.090 [http-nio-9587-exec-9] INFO  c.r.f.w.s.TokenService - [getToken,237] - user: madaosen, backend Token: Bearer eyJhbGciOiJIUzUxMiJ9.eyJsb2dpbl91c2VyX2tleSI6ImYxYmJiNjVhLTZlYzQtNDg4Ni1hY2M3LTdkZjdmYTkxZjA0YyJ9.2XbJLwaH0AcO9GmF4c9rYdGM1vOnRkWV0_M_G_RTfJNR28k4zwPCUDBXbnn5BPFglD0zNgiJDQM-I3kzB8s8Fg
15:59:39.118 [http-nio-9587-exec-10] INFO  c.r.f.w.s.TokenService - [getToken,237] - user: madaosen, backend Token: Bearer eyJhbGciOiJIUzUxMiJ9.eyJsb2dpbl91c2VyX2tleSI6ImYxYmJiNjVhLTZlYzQtNDg4Ni1hY2M3LTdkZjdmYTkxZjA0YyJ9.2XbJLwaH0AcO9GmF4c9rYdGM1vOnRkWV0_M_G_RTfJNR28k4zwPCUDBXbnn5BPFglD0zNgiJDQM-I3kzB8s8Fg
15:59:39.119 [http-nio-9587-exec-1] INFO  c.r.f.w.s.TokenService - [getToken,237] - user: madaosen, backend Token: Bearer eyJhbGciOiJIUzUxMiJ9.eyJsb2dpbl91c2VyX2tleSI6ImYxYmJiNjVhLTZlYzQtNDg4Ni1hY2M3LTdkZjdmYTkxZjA0YyJ9.2XbJLwaH0AcO9GmF4c9rYdGM1vOnRkWV0_M_G_RTfJNR28k4zwPCUDBXbnn5BPFglD0zNgiJDQM-I3kzB8s8Fg
15:59:39.127 [http-nio-9587-exec-8] INFO  c.r.f.w.s.TokenService - [getToken,237] - user: madaosen, backend Token: Bearer eyJhbGciOiJIUzUxMiJ9.eyJsb2dpbl91c2VyX2tleSI6ImYxYmJiNjVhLTZlYzQtNDg4Ni1hY2M3LTdkZjdmYTkxZjA0YyJ9.2XbJLwaH0AcO9GmF4c9rYdGM1vOnRkWV0_M_G_RTfJNR28k4zwPCUDBXbnn5BPFglD0zNgiJDQM-I3kzB8s8Fg
15:59:39.161 [http-nio-9587-exec-4] INFO  c.r.f.w.s.TokenService - [getToken,237] - user: madaosen, backend Token: Bearer eyJhbGciOiJIUzUxMiJ9.eyJsb2dpbl91c2VyX2tleSI6ImYxYmJiNjVhLTZlYzQtNDg4Ni1hY2M3LTdkZjdmYTkxZjA0YyJ9.2XbJLwaH0AcO9GmF4c9rYdGM1vOnRkWV0_M_G_RTfJNR28k4zwPCUDBXbnn5BPFglD0zNgiJDQM-I3kzB8s8Fg
15:59:39.167 [http-nio-9587-exec-9] INFO  c.r.f.w.s.TokenService - [getToken,237] - user: madaosen, backend Token: Bearer eyJhbGciOiJIUzUxMiJ9.eyJsb2dpbl91c2VyX2tleSI6ImYxYmJiNjVhLTZlYzQtNDg4Ni1hY2M3LTdkZjdmYTkxZjA0YyJ9.2XbJLwaH0AcO9GmF4c9rYdGM1vOnRkWV0_M_G_RTfJNR28k4zwPCUDBXbnn5BPFglD0zNgiJDQM-I3kzB8s8Fg
15:59:39.187 [http-nio-9587-exec-10] INFO  c.r.f.w.s.TokenService - [getToken,237] - user: madaosen, backend Token: Bearer eyJhbGciOiJIUzUxMiJ9.eyJsb2dpbl91c2VyX2tleSI6ImYxYmJiNjVhLTZlYzQtNDg4Ni1hY2M3LTdkZjdmYTkxZjA0YyJ9.2XbJLwaH0AcO9GmF4c9rYdGM1vOnRkWV0_M_G_RTfJNR28k4zwPCUDBXbnn5BPFglD0zNgiJDQM-I3kzB8s8Fg
15:59:39.189 [http-nio-9587-exec-7] INFO  c.r.f.w.s.TokenService - [getToken,237] - user: madaosen, backend Token: Bearer eyJhbGciOiJIUzUxMiJ9.eyJsb2dpbl91c2VyX2tleSI6ImYxYmJiNjVhLTZlYzQtNDg4Ni1hY2M3LTdkZjdmYTkxZjA0YyJ9.2XbJLwaH0AcO9GmF4c9rYdGM1vOnRkWV0_M_G_RTfJNR28k4zwPCUDBXbnn5BPFglD0zNgiJDQM-I3kzB8s8Fg
15:59:39.253 [http-nio-9587-exec-8] INFO  c.r.f.w.s.TokenService - [getToken,237] - user: madaosen, backend Token: Bearer eyJhbGciOiJIUzUxMiJ9.eyJsb2dpbl91c2VyX2tleSI6ImYxYmJiNjVhLTZlYzQtNDg4Ni1hY2M3LTdkZjdmYTkxZjA0YyJ9.2XbJLwaH0AcO9GmF4c9rYdGM1vOnRkWV0_M_G_RTfJNR28k4zwPCUDBXbnn5BPFglD0zNgiJDQM-I3kzB8s8Fg
15:59:39.256 [http-nio-9587-exec-6] INFO  c.r.f.w.s.TokenService - [getToken,237] - user: madaosen, backend Token: Bearer eyJhbGciOiJIUzUxMiJ9.eyJsb2dpbl91c2VyX2tleSI6ImYxYmJiNjVhLTZlYzQtNDg4Ni1hY2M3LTdkZjdmYTkxZjA0YyJ9.2XbJLwaH0AcO9GmF4c9rYdGM1vOnRkWV0_M_G_RTfJNR28k4zwPCUDBXbnn5BPFglD0zNgiJDQM-I3kzB8s8Fg
15:59:39.276 [http-nio-9587-exec-9] INFO  c.r.f.w.s.TokenService - [getToken,237] - user: madaosen, backend Token: Bearer eyJhbGciOiJIUzUxMiJ9.eyJsb2dpbl91c2VyX2tleSI6ImYxYmJiNjVhLTZlYzQtNDg4Ni1hY2M3LTdkZjdmYTkxZjA0YyJ9.2XbJLwaH0AcO9GmF4c9rYdGM1vOnRkWV0_M_G_RTfJNR28k4zwPCUDBXbnn5BPFglD0zNgiJDQM-I3kzB8s8Fg
15:59:39.293 [http-nio-9587-exec-1] INFO  c.r.f.w.s.TokenService - [getToken,237] - user: madaosen, backend Token: Bearer eyJhbGciOiJIUzUxMiJ9.eyJsb2dpbl91c2VyX2tleSI6ImYxYmJiNjVhLTZlYzQtNDg4Ni1hY2M3LTdkZjdmYTkxZjA0YyJ9.2XbJLwaH0AcO9GmF4c9rYdGM1vOnRkWV0_M_G_RTfJNR28k4zwPCUDBXbnn5BPFglD0zNgiJDQM-I3kzB8s8Fg
15:59:39.302 [http-nio-9587-exec-2] INFO  c.r.f.w.s.TokenService - [getToken,237] - user: madaosen, backend Token: Bearer eyJhbGciOiJIUzUxMiJ9.eyJsb2dpbl91c2VyX2tleSI6ImYxYmJiNjVhLTZlYzQtNDg4Ni1hY2M3LTdkZjdmYTkxZjA0YyJ9.2XbJLwaH0AcO9GmF4c9rYdGM1vOnRkWV0_M_G_RTfJNR28k4zwPCUDBXbnn5BPFglD0zNgiJDQM-I3kzB8s8Fg
15:59:39.321 [http-nio-9587-exec-7] INFO  c.r.f.w.s.TokenService - [getToken,237] - user: madaosen, backend Token: Bearer eyJhbGciOiJIUzUxMiJ9.eyJsb2dpbl91c2VyX2tleSI6ImYxYmJiNjVhLTZlYzQtNDg4Ni1hY2M3LTdkZjdmYTkxZjA0YyJ9.2XbJLwaH0AcO9GmF4c9rYdGM1vOnRkWV0_M_G_RTfJNR28k4zwPCUDBXbnn5BPFglD0zNgiJDQM-I3kzB8s8Fg
15:59:39.738 [http-nio-9587-exec-9] INFO  c.r.f.w.s.TokenService - [getToken,237] - user: madaosen, backend Token: Bearer eyJhbGciOiJIUzUxMiJ9.eyJsb2dpbl91c2VyX2tleSI6ImYxYmJiNjVhLTZlYzQtNDg4Ni1hY2M3LTdkZjdmYTkxZjA0YyJ9.2XbJLwaH0AcO9GmF4c9rYdGM1vOnRkWV0_M_G_RTfJNR28k4zwPCUDBXbnn5BPFglD0zNgiJDQM-I3kzB8s8Fg
15:59:39.760 [http-nio-9587-exec-9] INFO  c.r.f.w.s.TokenService - [getToken,237] - user: madaosen, backend Token: Bearer eyJhbGciOiJIUzUxMiJ9.eyJsb2dpbl91c2VyX2tleSI6ImYxYmJiNjVhLTZlYzQtNDg4Ni1hY2M3LTdkZjdmYTkxZjA0YyJ9.2XbJLwaH0AcO9GmF4c9rYdGM1vOnRkWV0_M_G_RTfJNR28k4zwPCUDBXbnn5BPFglD0zNgiJDQM-I3kzB8s8Fg
15:59:39.761 [http-nio-9587-exec-1] INFO  c.r.f.w.s.TokenService - [getToken,237] - user: madaosen, backend Token: Bearer eyJhbGciOiJIUzUxMiJ9.eyJsb2dpbl91c2VyX2tleSI6ImYxYmJiNjVhLTZlYzQtNDg4Ni1hY2M3LTdkZjdmYTkxZjA0YyJ9.2XbJLwaH0AcO9GmF4c9rYdGM1vOnRkWV0_M_G_RTfJNR28k4zwPCUDBXbnn5BPFglD0zNgiJDQM-I3kzB8s8Fg
15:59:39.764 [http-nio-9587-exec-2] INFO  c.r.f.w.s.TokenService - [getToken,237] - user: madaosen, backend Token: Bearer eyJhbGciOiJIUzUxMiJ9.eyJsb2dpbl91c2VyX2tleSI6ImYxYmJiNjVhLTZlYzQtNDg4Ni1hY2M3LTdkZjdmYTkxZjA0YyJ9.2XbJLwaH0AcO9GmF4c9rYdGM1vOnRkWV0_M_G_RTfJNR28k4zwPCUDBXbnn5BPFglD0zNgiJDQM-I3kzB8s8Fg
15:59:39.765 [http-nio-9587-exec-4] INFO  c.r.f.w.s.TokenService - [getToken,237] - user: madaosen, backend Token: Bearer eyJhbGciOiJIUzUxMiJ9.eyJsb2dpbl91c2VyX2tleSI6ImYxYmJiNjVhLTZlYzQtNDg4Ni1hY2M3LTdkZjdmYTkxZjA0YyJ9.2XbJLwaH0AcO9GmF4c9rYdGM1vOnRkWV0_M_G_RTfJNR28k4zwPCUDBXbnn5BPFglD0zNgiJDQM-I3kzB8s8Fg
15:59:39.772 [http-nio-9587-exec-7] INFO  c.r.f.w.s.TokenService - [getToken,237] - user: madaosen, backend Token: Bearer eyJhbGciOiJIUzUxMiJ9.eyJsb2dpbl91c2VyX2tleSI6ImYxYmJiNjVhLTZlYzQtNDg4Ni1hY2M3LTdkZjdmYTkxZjA0YyJ9.2XbJLwaH0AcO9GmF4c9rYdGM1vOnRkWV0_M_G_RTfJNR28k4zwPCUDBXbnn5BPFglD0zNgiJDQM-I3kzB8s8Fg
15:59:39.784 [http-nio-9587-exec-3] INFO  c.r.f.w.s.TokenService - [getToken,237] - user: madaosen, backend Token: Bearer eyJhbGciOiJIUzUxMiJ9.eyJsb2dpbl91c2VyX2tleSI6ImYxYmJiNjVhLTZlYzQtNDg4Ni1hY2M3LTdkZjdmYTkxZjA0YyJ9.2XbJLwaH0AcO9GmF4c9rYdGM1vOnRkWV0_M_G_RTfJNR28k4zwPCUDBXbnn5BPFglD0zNgiJDQM-I3kzB8s8Fg
15:59:39.785 [http-nio-9587-exec-2] INFO  c.r.f.w.s.TokenService - [getToken,237] - user: madaosen, backend Token: Bearer eyJhbGciOiJIUzUxMiJ9.eyJsb2dpbl91c2VyX2tleSI6ImYxYmJiNjVhLTZlYzQtNDg4Ni1hY2M3LTdkZjdmYTkxZjA0YyJ9.2XbJLwaH0AcO9GmF4c9rYdGM1vOnRkWV0_M_G_RTfJNR28k4zwPCUDBXbnn5BPFglD0zNgiJDQM-I3kzB8s8Fg
15:59:39.786 [http-nio-9587-exec-10] INFO  c.r.f.w.s.TokenService - [getToken,237] - user: madaosen, backend Token: Bearer eyJhbGciOiJIUzUxMiJ9.eyJsb2dpbl91c2VyX2tleSI6ImYxYmJiNjVhLTZlYzQtNDg4Ni1hY2M3LTdkZjdmYTkxZjA0YyJ9.2XbJLwaH0AcO9GmF4c9rYdGM1vOnRkWV0_M_G_RTfJNR28k4zwPCUDBXbnn5BPFglD0zNgiJDQM-I3kzB8s8Fg
15:59:39.812 [http-nio-9587-exec-9] INFO  c.r.f.w.s.TokenService - [getToken,237] - user: madaosen, backend Token: Bearer eyJhbGciOiJIUzUxMiJ9.eyJsb2dpbl91c2VyX2tleSI6ImYxYmJiNjVhLTZlYzQtNDg4Ni1hY2M3LTdkZjdmYTkxZjA0YyJ9.2XbJLwaH0AcO9GmF4c9rYdGM1vOnRkWV0_M_G_RTfJNR28k4zwPCUDBXbnn5BPFglD0zNgiJDQM-I3kzB8s8Fg
15:59:39.828 [http-nio-9587-exec-4] INFO  c.r.f.w.s.TokenService - [getToken,237] - user: madaosen, backend Token: Bearer eyJhbGciOiJIUzUxMiJ9.eyJsb2dpbl91c2VyX2tleSI6ImYxYmJiNjVhLTZlYzQtNDg4Ni1hY2M3LTdkZjdmYTkxZjA0YyJ9.2XbJLwaH0AcO9GmF4c9rYdGM1vOnRkWV0_M_G_RTfJNR28k4zwPCUDBXbnn5BPFglD0zNgiJDQM-I3kzB8s8Fg
15:59:39.829 [http-nio-9587-exec-2] INFO  c.r.f.w.s.TokenService - [getToken,237] - user: madaosen, backend Token: Bearer eyJhbGciOiJIUzUxMiJ9.eyJsb2dpbl91c2VyX2tleSI6ImYxYmJiNjVhLTZlYzQtNDg4Ni1hY2M3LTdkZjdmYTkxZjA0YyJ9.2XbJLwaH0AcO9GmF4c9rYdGM1vOnRkWV0_M_G_RTfJNR28k4zwPCUDBXbnn5BPFglD0zNgiJDQM-I3kzB8s8Fg
15:59:39.829 [http-nio-9587-exec-3] INFO  c.r.f.w.s.TokenService - [getToken,237] - user: madaosen, backend Token: Bearer eyJhbGciOiJIUzUxMiJ9.eyJsb2dpbl91c2VyX2tleSI6ImYxYmJiNjVhLTZlYzQtNDg4Ni1hY2M3LTdkZjdmYTkxZjA0YyJ9.2XbJLwaH0AcO9GmF4c9rYdGM1vOnRkWV0_M_G_RTfJNR28k4zwPCUDBXbnn5BPFglD0zNgiJDQM-I3kzB8s8Fg
15:59:39.939 [http-nio-9587-exec-8] INFO  c.r.f.w.s.TokenService - [getToken,237] - user: madaosen, backend Token: Bearer eyJhbGciOiJIUzUxMiJ9.eyJsb2dpbl91c2VyX2tleSI6ImYxYmJiNjVhLTZlYzQtNDg4Ni1hY2M3LTdkZjdmYTkxZjA0YyJ9.2XbJLwaH0AcO9GmF4c9rYdGM1vOnRkWV0_M_G_RTfJNR28k4zwPCUDBXbnn5BPFglD0zNgiJDQM-I3kzB8s8Fg
15:59:39.986 [http-nio-9587-exec-1] INFO  c.r.f.w.s.TokenService - [getToken,237] - user: madaosen, backend Token: Bearer eyJhbGciOiJIUzUxMiJ9.eyJsb2dpbl91c2VyX2tleSI6ImYxYmJiNjVhLTZlYzQtNDg4Ni1hY2M3LTdkZjdmYTkxZjA0YyJ9.2XbJLwaH0AcO9GmF4c9rYdGM1vOnRkWV0_M_G_RTfJNR28k4zwPCUDBXbnn5BPFglD0zNgiJDQM-I3kzB8s8Fg
15:59:40.005 [http-nio-9587-exec-1] INFO  c.r.f.w.s.TokenService - [getToken,237] - user: madaosen, backend Token: Bearer eyJhbGciOiJIUzUxMiJ9.eyJsb2dpbl91c2VyX2tleSI6ImYxYmJiNjVhLTZlYzQtNDg4Ni1hY2M3LTdkZjdmYTkxZjA0YyJ9.2XbJLwaH0AcO9GmF4c9rYdGM1vOnRkWV0_M_G_RTfJNR28k4zwPCUDBXbnn5BPFglD0zNgiJDQM-I3kzB8s8Fg
15:59:40.005 [http-nio-9587-exec-7] INFO  c.r.f.w.s.TokenService - [getToken,237] - user: madaosen, backend Token: Bearer eyJhbGciOiJIUzUxMiJ9.eyJsb2dpbl91c2VyX2tleSI6ImYxYmJiNjVhLTZlYzQtNDg4Ni1hY2M3LTdkZjdmYTkxZjA0YyJ9.2XbJLwaH0AcO9GmF4c9rYdGM1vOnRkWV0_M_G_RTfJNR28k4zwPCUDBXbnn5BPFglD0zNgiJDQM-I3kzB8s8Fg
15:59:40.009 [http-nio-9587-exec-6] INFO  c.r.f.w.s.TokenService - [getToken,237] - user: madaosen, backend Token: Bearer eyJhbGciOiJIUzUxMiJ9.eyJsb2dpbl91c2VyX2tleSI6ImYxYmJiNjVhLTZlYzQtNDg4Ni1hY2M3LTdkZjdmYTkxZjA0YyJ9.2XbJLwaH0AcO9GmF4c9rYdGM1vOnRkWV0_M_G_RTfJNR28k4zwPCUDBXbnn5BPFglD0zNgiJDQM-I3kzB8s8Fg
15:59:40.009 [http-nio-9587-exec-4] INFO  c.r.f.w.s.TokenService - [getToken,237] - user: madaosen, backend Token: Bearer eyJhbGciOiJIUzUxMiJ9.eyJsb2dpbl91c2VyX2tleSI6ImYxYmJiNjVhLTZlYzQtNDg4Ni1hY2M3LTdkZjdmYTkxZjA0YyJ9.2XbJLwaH0AcO9GmF4c9rYdGM1vOnRkWV0_M_G_RTfJNR28k4zwPCUDBXbnn5BPFglD0zNgiJDQM-I3kzB8s8Fg
15:59:40.010 [http-nio-9587-exec-3] INFO  c.r.f.w.s.TokenService - [getToken,237] - user: madaosen, backend Token: Bearer eyJhbGciOiJIUzUxMiJ9.eyJsb2dpbl91c2VyX2tleSI6ImYxYmJiNjVhLTZlYzQtNDg4Ni1hY2M3LTdkZjdmYTkxZjA0YyJ9.2XbJLwaH0AcO9GmF4c9rYdGM1vOnRkWV0_M_G_RTfJNR28k4zwPCUDBXbnn5BPFglD0zNgiJDQM-I3kzB8s8Fg
15:59:40.011 [http-nio-9587-exec-2] INFO  c.r.f.w.s.TokenService - [getToken,237] - user: madaosen, backend Token: Bearer eyJhbGciOiJIUzUxMiJ9.eyJsb2dpbl91c2VyX2tleSI6ImYxYmJiNjVhLTZlYzQtNDg4Ni1hY2M3LTdkZjdmYTkxZjA0YyJ9.2XbJLwaH0AcO9GmF4c9rYdGM1vOnRkWV0_M_G_RTfJNR28k4zwPCUDBXbnn5BPFglD0zNgiJDQM-I3kzB8s8Fg
15:59:40.023 [http-nio-9587-exec-5] INFO  c.r.f.w.s.TokenService - [getToken,237] - user: madaosen, backend Token: Bearer eyJhbGciOiJIUzUxMiJ9.eyJsb2dpbl91c2VyX2tleSI6ImYxYmJiNjVhLTZlYzQtNDg4Ni1hY2M3LTdkZjdmYTkxZjA0YyJ9.2XbJLwaH0AcO9GmF4c9rYdGM1vOnRkWV0_M_G_RTfJNR28k4zwPCUDBXbnn5BPFglD0zNgiJDQM-I3kzB8s8Fg
15:59:40.023 [http-nio-9587-exec-10] INFO  c.r.f.w.s.TokenService - [getToken,237] - user: madaosen, backend Token: Bearer eyJhbGciOiJIUzUxMiJ9.eyJsb2dpbl91c2VyX2tleSI6ImYxYmJiNjVhLTZlYzQtNDg4Ni1hY2M3LTdkZjdmYTkxZjA0YyJ9.2XbJLwaH0AcO9GmF4c9rYdGM1vOnRkWV0_M_G_RTfJNR28k4zwPCUDBXbnn5BPFglD0zNgiJDQM-I3kzB8s8Fg
15:59:40.050 [http-nio-9587-exec-8] INFO  c.r.f.w.s.TokenService - [getToken,237] - user: madaosen, backend Token: Bearer eyJhbGciOiJIUzUxMiJ9.eyJsb2dpbl91c2VyX2tleSI6ImYxYmJiNjVhLTZlYzQtNDg4Ni1hY2M3LTdkZjdmYTkxZjA0YyJ9.2XbJLwaH0AcO9GmF4c9rYdGM1vOnRkWV0_M_G_RTfJNR28k4zwPCUDBXbnn5BPFglD0zNgiJDQM-I3kzB8s8Fg
15:59:40.065 [http-nio-9587-exec-2] INFO  c.r.f.w.s.TokenService - [getToken,237] - user: madaosen, backend Token: Bearer eyJhbGciOiJIUzUxMiJ9.eyJsb2dpbl91c2VyX2tleSI6ImYxYmJiNjVhLTZlYzQtNDg4Ni1hY2M3LTdkZjdmYTkxZjA0YyJ9.2XbJLwaH0AcO9GmF4c9rYdGM1vOnRkWV0_M_G_RTfJNR28k4zwPCUDBXbnn5BPFglD0zNgiJDQM-I3kzB8s8Fg
15:59:40.065 [http-nio-9587-exec-6] INFO  c.r.f.w.s.TokenService - [getToken,237] - user: madaosen, backend Token: Bearer eyJhbGciOiJIUzUxMiJ9.eyJsb2dpbl91c2VyX2tleSI6ImYxYmJiNjVhLTZlYzQtNDg4Ni1hY2M3LTdkZjdmYTkxZjA0YyJ9.2XbJLwaH0AcO9GmF4c9rYdGM1vOnRkWV0_M_G_RTfJNR28k4zwPCUDBXbnn5BPFglD0zNgiJDQM-I3kzB8s8Fg
15:59:40.065 [http-nio-9587-exec-3] INFO  c.r.f.w.s.TokenService - [getToken,237] - user: madaosen, backend Token: Bearer eyJhbGciOiJIUzUxMiJ9.eyJsb2dpbl91c2VyX2tleSI6ImYxYmJiNjVhLTZlYzQtNDg4Ni1hY2M3LTdkZjdmYTkxZjA0YyJ9.2XbJLwaH0AcO9GmF4c9rYdGM1vOnRkWV0_M_G_RTfJNR28k4zwPCUDBXbnn5BPFglD0zNgiJDQM-I3kzB8s8Fg
15:59:43.727 [http-nio-9587-exec-10] INFO  c.r.f.w.s.TokenService - [getToken,237] - user: madaosen, backend Token: Bearer eyJhbGciOiJIUzUxMiJ9.eyJsb2dpbl91c2VyX2tleSI6ImYxYmJiNjVhLTZlYzQtNDg4Ni1hY2M3LTdkZjdmYTkxZjA0YyJ9.2XbJLwaH0AcO9GmF4c9rYdGM1vOnRkWV0_M_G_RTfJNR28k4zwPCUDBXbnn5BPFglD0zNgiJDQM-I3kzB8s8Fg
16:00:00.002 [schedule-pool-1] INFO  c.r.w.s.ProjectAlarmTask - [checkProjectHandleExpireSendMail,26] - ==========>projectAlarmTask.checkProjectHandleExpireSendMail  start ---------- 
16:00:00.002 [schedule-pool-4] INFO  c.r.w.s.ProjectStopTask - [checkProjectSubmitExpire,19] - ==========>ProjectStopTask.checkProjectSubmitExpire  start ---------- 
16:00:00.002 [schedule-pool-3] INFO  c.r.w.s.ProjectAlarmTask - [checkProjectHandleExpire,18] - ==========>projectAlarmTask.checkProjectHandleExpire  start ---------- 
16:00:00.002 [schedule-pool-2] INFO  c.r.w.s.ScienceTechnologyReportTask - [syncScienceTechnologyReportRdInvestment,19] - ==========>ScienceTechnologyReportTask.syncScienceTechnologyReportRdInvestment  start ---------- 
16:00:00.004 [schedule-pool-2] INFO  c.r.w.s.ScienceTechnologyReportTask - [syncScienceTechnologyReportRdInvestment,21] - ==========>ScienceTechnologyReportTask.syncScienceTechnologyReportRdInvestment  end ---------- 
16:00:00.040 [schedule-pool-4] INFO  c.r.w.s.i.ProjectInfoServiceImpl - [checkProjectSubmitExpire,4976] - ==========>项目中止检查定时任务；项目中止成功
16:00:00.041 [schedule-pool-3] INFO  c.r.w.s.i.ProjectAlarmServiceImpl - [checkProjectHandleExpire,268] - ==========>项目告警检查定时任务；项目告警成功
16:00:00.041 [schedule-pool-1] INFO  c.r.w.s.i.ProjectAlarmServiceImpl - [checkProjectHandleExpireSendMail,134] - ==========>项目处理超时发送邮件定时任务；执行成功
16:00:00.042 [schedule-pool-4] INFO  c.r.w.s.ProjectStopTask - [checkProjectSubmitExpire,21] - ==========>ProjectStopTask.checkProjectSubmitExpire  end ---------- 
16:00:00.042 [schedule-pool-3] INFO  c.r.w.s.ProjectAlarmTask - [checkProjectHandleExpire,20] - ==========>checkProjectHandleExpire.checkProjectHandleExpire  end ---------- 
16:00:00.042 [schedule-pool-1] INFO  c.r.w.s.ProjectAlarmTask - [checkProjectHandleExpireSendMail,28] - ==========>checkProjectHandleExpire.checkProjectHandleExpireSendMail  end ---------- 
16:15:22.496 [http-nio-9587-exec-3] INFO  c.r.f.w.s.TokenService - [getToken,237] - user: madaosen, backend Token: Bearer eyJhbGciOiJIUzUxMiJ9.eyJsb2dpbl91c2VyX2tleSI6ImYxYmJiNjVhLTZlYzQtNDg4Ni1hY2M3LTdkZjdmYTkxZjA0YyJ9.2XbJLwaH0AcO9GmF4c9rYdGM1vOnRkWV0_M_G_RTfJNR28k4zwPCUDBXbnn5BPFglD0zNgiJDQM-I3kzB8s8Fg
16:15:22.720 [http-nio-9587-exec-3] INFO  c.r.w.l.TaskEventV2Listener - [onEvent,105] - EVENT :TASK_ASSIGNED
16:15:22.790 [http-nio-9587-exec-3] INFO  c.r.w.l.TaskEventV2Listener - [onEvent,105] - EVENT :TASK_COMPLETED
16:15:22.792 [http-nio-9587-exec-3] INFO  c.r.w.l.TaskEventV2Listener - [onEvent,121] - username :zy01
16:15:22.929 [http-nio-9587-exec-3] INFO  c.r.w.l.TaskEventV2Listener - [onEvent,121] - username :pfpm01
16:15:23.026 [http-nio-9587-exec-3] INFO  c.r.w.l.TaskEventV2Listener - [onEvent,121] - username :31027380
16:15:23.102 [http-nio-9587-exec-3] INFO  c.r.w.l.TaskEventV2Listener - [onEvent,121] - username :31001583
16:15:23.103 [http-nio-9587-exec-3] INFO  c.r.w.l.TaskEventV2Listener - [onEvent,121] - username :31071988
16:15:23.185 [http-nio-9587-exec-3] INFO  c.r.w.l.TaskEventV2Listener - [onEvent,121] - username :madaosen
16:15:23.261 [http-nio-9587-exec-3] INFO  c.r.w.l.TaskEventV2Listener - [onEvent,121] - username :mds01
16:15:23.343 [http-nio-9587-exec-3] INFO  c.r.w.l.TaskEventV2Listener - [onEvent,121] - username :daiqi
16:15:23.415 [http-nio-9587-exec-3] INFO  c.r.w.l.TaskEventV2Listener - [onEvent,121] - username :ceshi_shenhe
16:15:23.487 [http-nio-9587-exec-3] INFO  c.r.w.l.TaskEventV2Listener - [onEvent,121] - username :xiaoneng
16:15:23.560 [http-nio-9587-exec-3] INFO  c.r.w.l.TaskEventV2Listener - [onEvent,121] - username :enci
16:15:23.749 [http-nio-9587-exec-3] INFO  c.r.w.l.TaskEventV2Listener - [onEvent,105] - EVENT :TASK_CREATED
16:15:23.751 [http-nio-9587-exec-3] INFO  c.r.f.w.s.TokenService - [getToken,237] - user: madaosen, backend Token: Bearer eyJhbGciOiJIUzUxMiJ9.eyJsb2dpbl91c2VyX2tleSI6ImYxYmJiNjVhLTZlYzQtNDg4Ni1hY2M3LTdkZjdmYTkxZjA0YyJ9.2XbJLwaH0AcO9GmF4c9rYdGM1vOnRkWV0_M_G_RTfJNR28k4zwPCUDBXbnn5BPFglD0zNgiJDQM-I3kzB8s8Fg
16:15:23.758 [http-nio-9587-exec-3] INFO  c.r.w.s.i.AiAgentTaskExecutionServiceImpl - [createWorkflowNodeTasks,320] - 审批流程节点未绑定自动执行且已启用的Agent，projectId=2094616833662640128, nodeId=DirectorVerifyProjectApproval
16:15:23.759 [http-nio-9587-exec-3] INFO  c.r.w.l.TaskEventV2Listener - [onEvent,127] - username :31070911
16:15:23.833 [http-nio-9587-exec-3] INFO  c.r.w.l.TaskEventV2Listener - [createOaTask,240] - task0: Task{createDate='2026-09-04 16:15:23', createOrg='45', createUser='madaosen', createUserName='madaosen', expiryDate='null', kindName='null', moduleName='null', needInputPwd='null', oaIId='null', oaMkId='null', receiveUser='31070911', receiveUserName='邵文艳', synId='null', synType='1', taskId='c71c201d-a838-11f1-b9a3-da3bbfe162e3', tasksType='1', title='全生命周期平台督办：负责人审核项目批复--测试流程表单', type='0', url='http://www.sh.ctc.com/EFFPRO2/oa_verify?taskId=c71a997c-a838-11f1-b9a3-da3bbfe162e3&redirect=%2FEFFPRO2%2Fproject%2FagencyProject%2FdetailPage%3Fid%3D2094616833662640128'}
16:15:23.844 [http-nio-9587-exec-3] INFO  c.r.w.l.TaskEventV2Listener - [onEvent,127] - username :31071988
16:15:23.918 [http-nio-9587-exec-3] INFO  c.r.w.l.TaskEventV2Listener - [createOaTask,240] - task0: Task{createDate='2026-09-04 16:15:23', createOrg='45', createUser='madaosen', createUserName='madaosen', expiryDate='null', kindName='null', moduleName='null', needInputPwd='null', oaIId='null', oaMkId='null', receiveUser='31071988', receiveUserName='戴美2', synId='null', synType='1', taskId='c71c472f-a838-11f1-b9a3-da3bbfe162e3', tasksType='1', title='全生命周期平台督办：负责人审核项目批复--测试流程表单', type='0', url='http://www.sh.ctc.com/EFFPRO2/oa_verify?taskId=c71a997c-a838-11f1-b9a3-da3bbfe162e3&redirect=%2FEFFPRO2%2Fproject%2FagencyProject%2FdetailPage%3Fid%3D2094616833662640128'}
16:15:23.920 [http-nio-9587-exec-3] INFO  c.r.w.l.TaskEventV2Listener - [onEvent,127] - username :madaosen
16:15:23.993 [http-nio-9587-exec-3] INFO  c.r.w.l.TaskEventV2Listener - [createOaTask,240] - task0: Task{createDate='2026-09-04 16:15:23', createOrg='45', createUser='madaosen', createUserName='madaosen', expiryDate='null', kindName='null', moduleName='null', needInputPwd='null', oaIId='null', oaMkId='null', receiveUser='madaosen', receiveUserName='madaosen', synId='null', synType='1', taskId='c71c4730-a838-11f1-b9a3-da3bbfe162e3', tasksType='1', title='全生命周期平台督办：负责人审核项目批复--测试流程表单', type='0', url='http://www.sh.ctc.com/EFFPRO2/oa_verify?taskId=c71a997c-a838-11f1-b9a3-da3bbfe162e3&redirect=%2FEFFPRO2%2Fproject%2FagencyProject%2FdetailPage%3Fid%3D2094616833662640128'}
16:15:23.994 [http-nio-9587-exec-3] INFO  c.r.w.l.TaskEventV2Listener - [onEvent,127] - username :mds01
16:15:24.070 [http-nio-9587-exec-3] INFO  c.r.w.l.TaskEventV2Listener - [createOaTask,240] - task0: Task{createDate='2026-09-04 16:15:23', createOrg='45', createUser='madaosen', createUserName='madaosen', expiryDate='null', kindName='null', moduleName='null', needInputPwd='null', oaIId='null', oaMkId='null', receiveUser='mds01', receiveUserName='mds01', synId='null', synType='1', taskId='c71c4731-a838-11f1-b9a3-da3bbfe162e3', tasksType='1', title='全生命周期平台督办：负责人审核项目批复--测试流程表单', type='0', url='http://www.sh.ctc.com/EFFPRO2/oa_verify?taskId=c71a997c-a838-11f1-b9a3-da3bbfe162e3&redirect=%2FEFFPRO2%2Fproject%2FagencyProject%2FdetailPage%3Fid%3D2094616833662640128'}
16:15:24.071 [http-nio-9587-exec-3] INFO  c.r.w.l.TaskEventV2Listener - [onEvent,127] - username :daiqi
16:15:24.141 [http-nio-9587-exec-3] INFO  c.r.w.l.TaskEventV2Listener - [createOaTask,240] - task0: Task{createDate='2026-09-04 16:15:24', createOrg='45', createUser='madaosen', createUserName='madaosen', expiryDate='null', kindName='null', moduleName='null', needInputPwd='null', oaIId='null', oaMkId='null', receiveUser='daiqi', receiveUserName='daiqi', synId='null', synType='1', taskId='c71c4732-a838-11f1-b9a3-da3bbfe162e3', tasksType='1', title='全生命周期平台督办：负责人审核项目批复--测试流程表单', type='0', url='http://www.sh.ctc.com/EFFPRO2/oa_verify?taskId=c71a997c-a838-11f1-b9a3-da3bbfe162e3&redirect=%2FEFFPRO2%2Fproject%2FagencyProject%2FdetailPage%3Fid%3D2094616833662640128'}
16:15:24.144 [http-nio-9587-exec-3] INFO  c.r.w.l.TaskEventV2Listener - [onEvent,127] - username :ceshi_shenhe
16:15:24.217 [http-nio-9587-exec-3] INFO  c.r.w.l.TaskEventV2Listener - [createOaTask,240] - task0: Task{createDate='2026-09-04 16:15:24', createOrg='45', createUser='madaosen', createUserName='madaosen', expiryDate='null', kindName='null', moduleName='null', needInputPwd='null', oaIId='null', oaMkId='null', receiveUser='ceshi_shenhe', receiveUserName='融创单位审核员', synId='null', synType='1', taskId='c71c4733-a838-11f1-b9a3-da3bbfe162e3', tasksType='1', title='全生命周期平台督办：负责人审核项目批复--测试流程表单', type='0', url='http://www.sh.ctc.com/EFFPRO2/oa_verify?taskId=c71a997c-a838-11f1-b9a3-da3bbfe162e3&redirect=%2FEFFPRO2%2Fproject%2FagencyProject%2FdetailPage%3Fid%3D2094616833662640128'}
16:15:24.219 [http-nio-9587-exec-3] INFO  c.r.w.l.TaskEventV2Listener - [onEvent,127] - username :xiaoneng
16:15:24.292 [http-nio-9587-exec-3] INFO  c.r.w.l.TaskEventV2Listener - [createOaTask,240] - task0: Task{createDate='2026-09-04 16:15:24', createOrg='45', createUser='madaosen', createUserName='madaosen', expiryDate='null', kindName='null', moduleName='null', needInputPwd='null', oaIId='null', oaMkId='null', receiveUser='xiaoneng', receiveUserName='小能', synId='null', synType='1', taskId='c71c4734-a838-11f1-b9a3-da3bbfe162e3', tasksType='1', title='全生命周期平台督办：负责人审核项目批复--测试流程表单', type='0', url='http://www.sh.ctc.com/EFFPRO2/oa_verify?taskId=c71a997c-a838-11f1-b9a3-da3bbfe162e3&redirect=%2FEFFPRO2%2Fproject%2FagencyProject%2FdetailPage%3Fid%3D2094616833662640128'}
16:15:24.294 [http-nio-9587-exec-3] INFO  c.r.w.l.TaskEventV2Listener - [onEvent,127] - username :enci
16:15:24.377 [http-nio-9587-exec-3] INFO  c.r.w.l.TaskEventV2Listener - [createOaTask,240] - task0: Task{createDate='2026-09-04 16:15:24', createOrg='45', createUser='madaosen', createUserName='madaosen', expiryDate='null', kindName='null', moduleName='null', needInputPwd='null', oaIId='null', oaMkId='null', receiveUser='enci', receiveUserName='enci', synId='null', synType='1', taskId='c71c4735-a838-11f1-b9a3-da3bbfe162e3', tasksType='1', title='全生命周期平台督办：负责人审核项目批复--测试流程表单', type='0', url='http://www.sh.ctc.com/EFFPRO2/oa_verify?taskId=c71a997c-a838-11f1-b9a3-da3bbfe162e3&redirect=%2FEFFPRO2%2Fproject%2FagencyProject%2FdetailPage%3Fid%3D2094616833662640128'}
16:15:24.525 [http-nio-9587-exec-8] INFO  c.r.f.w.s.TokenService - [getToken,237] - user: madaosen, backend Token: Bearer eyJhbGciOiJIUzUxMiJ9.eyJsb2dpbl91c2VyX2tleSI6ImYxYmJiNjVhLTZlYzQtNDg4Ni1hY2M3LTdkZjdmYTkxZjA0YyJ9.2XbJLwaH0AcO9GmF4c9rYdGM1vOnRkWV0_M_G_RTfJNR28k4zwPCUDBXbnn5BPFglD0zNgiJDQM-I3kzB8s8Fg
16:15:24.527 [http-nio-9587-exec-1] INFO  c.r.f.w.s.TokenService - [getToken,237] - user: madaosen, backend Token: Bearer eyJhbGciOiJIUzUxMiJ9.eyJsb2dpbl91c2VyX2tleSI6ImYxYmJiNjVhLTZlYzQtNDg4Ni1hY2M3LTdkZjdmYTkxZjA0YyJ9.2XbJLwaH0AcO9GmF4c9rYdGM1vOnRkWV0_M_G_RTfJNR28k4zwPCUDBXbnn5BPFglD0zNgiJDQM-I3kzB8s8Fg
16:15:24.529 [http-nio-9587-exec-7] INFO  c.r.f.w.s.TokenService - [getToken,237] - user: madaosen, backend Token: Bearer eyJhbGciOiJIUzUxMiJ9.eyJsb2dpbl91c2VyX2tleSI6ImYxYmJiNjVhLTZlYzQtNDg4Ni1hY2M3LTdkZjdmYTkxZjA0YyJ9.2XbJLwaH0AcO9GmF4c9rYdGM1vOnRkWV0_M_G_RTfJNR28k4zwPCUDBXbnn5BPFglD0zNgiJDQM-I3kzB8s8Fg
16:15:24.530 [http-nio-9587-exec-2] INFO  c.r.f.w.s.TokenService - [getToken,237] - user: madaosen, backend Token: Bearer eyJhbGciOiJIUzUxMiJ9.eyJsb2dpbl91c2VyX2tleSI6ImYxYmJiNjVhLTZlYzQtNDg4Ni1hY2M3LTdkZjdmYTkxZjA0YyJ9.2XbJLwaH0AcO9GmF4c9rYdGM1vOnRkWV0_M_G_RTfJNR28k4zwPCUDBXbnn5BPFglD0zNgiJDQM-I3kzB8s8Fg
16:15:32.938 [http-nio-9587-exec-3] INFO  c.r.f.w.s.TokenService - [getToken,237] - user: madaosen, backend Token: Bearer eyJhbGciOiJIUzUxMiJ9.eyJsb2dpbl91c2VyX2tleSI6ImYxYmJiNjVhLTZlYzQtNDg4Ni1hY2M3LTdkZjdmYTkxZjA0YyJ9.2XbJLwaH0AcO9GmF4c9rYdGM1vOnRkWV0_M_G_RTfJNR28k4zwPCUDBXbnn5BPFglD0zNgiJDQM-I3kzB8s8Fg
16:15:33.207 [http-nio-9587-exec-9] INFO  c.r.f.w.s.TokenService - [getToken,237] - user: madaosen, backend Token: Bearer eyJhbGciOiJIUzUxMiJ9.eyJsb2dpbl91c2VyX2tleSI6ImYxYmJiNjVhLTZlYzQtNDg4Ni1hY2M3LTdkZjdmYTkxZjA0YyJ9.2XbJLwaH0AcO9GmF4c9rYdGM1vOnRkWV0_M_G_RTfJNR28k4zwPCUDBXbnn5BPFglD0zNgiJDQM-I3kzB8s8Fg
16:15:33.211 [http-nio-9587-exec-1] INFO  c.r.f.w.s.TokenService - [getToken,237] - user: madaosen, backend Token: Bearer eyJhbGciOiJIUzUxMiJ9.eyJsb2dpbl91c2VyX2tleSI6ImYxYmJiNjVhLTZlYzQtNDg4Ni1hY2M3LTdkZjdmYTkxZjA0YyJ9.2XbJLwaH0AcO9GmF4c9rYdGM1vOnRkWV0_M_G_RTfJNR28k4zwPCUDBXbnn5BPFglD0zNgiJDQM-I3kzB8s8Fg
16:15:33.211 [http-nio-9587-exec-7] INFO  c.r.f.w.s.TokenService - [getToken,237] - user: madaosen, backend Token: Bearer eyJhbGciOiJIUzUxMiJ9.eyJsb2dpbl91c2VyX2tleSI6ImYxYmJiNjVhLTZlYzQtNDg4Ni1hY2M3LTdkZjdmYTkxZjA0YyJ9.2XbJLwaH0AcO9GmF4c9rYdGM1vOnRkWV0_M_G_RTfJNR28k4zwPCUDBXbnn5BPFglD0zNgiJDQM-I3kzB8s8Fg
16:15:33.228 [http-nio-9587-exec-8] INFO  c.r.f.w.s.TokenService - [getToken,237] - user: madaosen, backend Token: Bearer eyJhbGciOiJIUzUxMiJ9.eyJsb2dpbl91c2VyX2tleSI6ImYxYmJiNjVhLTZlYzQtNDg4Ni1hY2M3LTdkZjdmYTkxZjA0YyJ9.2XbJLwaH0AcO9GmF4c9rYdGM1vOnRkWV0_M_G_RTfJNR28k4zwPCUDBXbnn5BPFglD0zNgiJDQM-I3kzB8s8Fg
16:15:33.487 [http-nio-9587-exec-8] INFO  c.r.w.s.i.DigitalEmployeeAgentServiceImpl - [prepareChat,584] - [DEBUG] 数字员工实际发送prompt employeeCode=kcts-todo-employee conversationId=kcts-demo-1788506785300-849cf273 prompt=@待办数字员工

以下 JSON 中 currentUser 由科创智方服务端生成；clientReferences 仅是界面引用线索，涉及读取或写入业务数据时必须再次调用科创智方受控接口校验。附件 fileId 也必须按当前用户和 conversationId 校验后才能读取。
{"conversationId":"kcts-demo-1788506785300-849cf273","attachments":[],"currentUser":{"roleIds":["operational_improvement_planner_role","pf_unit_dept_leader_role","annual_project_approval_fill_role","fill_role","rd_unit_director_role","unit_verify_role","chief_engineer_leader_role","ai_audit_rule","product_innovation_accept_role","chief_engineer_director_role","workflow_user_update_role","email","rd_unit_leader_role","professional_leader_role","pf_project_manager_role","verify_role","software_cost_manager_role","allocation_role","prospective_study_planner_role","project_read_all_role","science_technology_fill_role","pf_director_role","self_develop_planner_role","hgbz","science_technology_read_role","chief_engineer_manager_role","product_innovation_planner_role","other_accept_role"],"userName":"madaosen","userId":"460","displayName":"madaosen","roleId":"fill_role"},"clientReferences":{"businessReferences":[{"id":"todo:2094616833662640128:c71a997c-a838-11f1-b9a3-da3bbfe162e3","kind":"todo","name":"负责人审核项目批复","projectId":"2094616833662640128","projectName":"测试流程表单","status":"负责人审核项目批复","taskId":"c71a997c-a838-11f1-b9a3-da3bbfe162e3","taskKey":"DirectorVerifyProjectApproval"}]},"todoContext":{"schemaVersion":"1.0","status":"ready","task":{"taskId":"c71a997c-a838-11f1-b9a3-da3bbfe162e3","taskKey":"DirectorVerifyProjectApproval","taskName":"负责人审核项目批复","projectId":"2094616833662640128","projectName":"测试流程表单","roleLabel":"当前办理人","actionType":"approval","canReject":true},"confirmation":{"required":true,"submitBy":"browser_session","submitToolAllowed":false,"label":"确认办理"},"project":{"id":"2094616833662640128","name":"测试流程表单","projectCategory":"prospective_study","projectCategoryName":"前瞻研究","projectProfessionalField":"1","projectProfessionalFieldName":"前瞻研究","isPlanProject":"2031546865748692995","isSelfDeveloped":0,"isBaseCutting":0,"requirementUnit":"zqj","requirementUnitName":"中区局","undertakeUnit":"SHGSRHCXYFJD","undertakeUnitName":"上海公司融合创新研发基地","operationUnit":"shgsrhcxyfjd","planStartDate":"2026-09-16","planEndDate":"2027-01-23"},"formSchema":[{"controlId":"FormProperty_1k0lre6","controlType":"radio","label":"审批意见","value":"","displayValue":"","required":false,"modelMaySuggest":true,"humanConfirmationRequired":true,"options":[{"value":"0","label":"同意"},{"value":"1","label":"不同意"}]},{"controlId":"FormProperty_29u8c4m","controlType":"textarea","label":"处理意见","value":"","displayValue":"","required":false,"modelMaySuggest":true,"humanConfirmationRequired":true,"options":[]},{"controlId":"rd_intelligent_compute_resource","controlType":"double","label":"研发用智算资源(单位:元)","value":"","displayValue":"","required":false,"modelMaySuggest":true,"humanConfirmationRequired":true,"options":[]}],"responseContract":{"type":"kcts.todo_form_patch","patchKey":"formPatch","knownControlIds":["FormProperty_1k0lre6","FormProperty_29u8c4m","rd_intelligent_compute_resource"],"rules":["只能建议 formSchema 中存在的 controlId","select 和 radio 只能使用 options 中的 value","没有充分依据的字段必须留空并加入 missingFields","不得调用工具或接口提交审批，最终提交必须由浏览器当前登录用户确认"]}}}

本轮是科创智方待办辅助，todoContext 是服务端权威上下文。仅使用其中 project、formSchema 和节点 signals；不调用工具，不伪造控件或人员，不替用户提交。审批意见 radio 只用 decisionSuggestion 表达，不列入 formPatch 或 missingFields。处理意见限60个汉字；其他当前结论下的必填项无法确定时才列入 missingFields，此时 status=needs_input 且不建议 approve。只返回符合 responseContract 的一个 kcts.todo_form_patch JSON 对象，不要 Markdown 或额外说明。
16:15:34.434 [http-nio-9587-exec-3] INFO  c.r.f.w.s.TokenService - [getToken,237] - user: madaosen, backend Token: Bearer eyJhbGciOiJIUzUxMiJ9.eyJsb2dpbl91c2VyX2tleSI6ImYxYmJiNjVhLTZlYzQtNDg4Ni1hY2M3LTdkZjdmYTkxZjA0YyJ9.2XbJLwaH0AcO9GmF4c9rYdGM1vOnRkWV0_M_G_RTfJNR28k4zwPCUDBXbnn5BPFglD0zNgiJDQM-I3kzB8s8Fg
16:15:35.635 [http-nio-9587-exec-10] INFO  c.r.f.w.s.TokenService - [getToken,237] - user: madaosen, backend Token: Bearer eyJhbGciOiJIUzUxMiJ9.eyJsb2dpbl91c2VyX2tleSI6ImYxYmJiNjVhLTZlYzQtNDg4Ni1hY2M3LTdkZjdmYTkxZjA0YyJ9.2XbJLwaH0AcO9GmF4c9rYdGM1vOnRkWV0_M_G_RTfJNR28k4zwPCUDBXbnn5BPFglD0zNgiJDQM-I3kzB8s8Fg
16:15:36.830 [http-nio-9587-exec-9] INFO  c.r.f.w.s.TokenService - [getToken,237] - user: madaosen, backend Token: Bearer eyJhbGciOiJIUzUxMiJ9.eyJsb2dpbl91c2VyX2tleSI6ImYxYmJiNjVhLTZlYzQtNDg4Ni1hY2M3LTdkZjdmYTkxZjA0YyJ9.2XbJLwaH0AcO9GmF4c9rYdGM1vOnRkWV0_M_G_RTfJNR28k4zwPCUDBXbnn5BPFglD0zNgiJDQM-I3kzB8s8Fg
16:15:38.033 [http-nio-9587-exec-1] INFO  c.r.f.w.s.TokenService - [getToken,237] - user: madaosen, backend Token: Bearer eyJhbGciOiJIUzUxMiJ9.eyJsb2dpbl91c2VyX2tleSI6ImYxYmJiNjVhLTZlYzQtNDg4Ni1hY2M3LTdkZjdmYTkxZjA0YyJ9.2XbJLwaH0AcO9GmF4c9rYdGM1vOnRkWV0_M_G_RTfJNR28k4zwPCUDBXbnn5BPFglD0zNgiJDQM-I3kzB8s8Fg
16:15:39.233 [http-nio-9587-exec-8] INFO  c.r.f.w.s.TokenService - [getToken,237] - user: madaosen, backend Token: Bearer eyJhbGciOiJIUzUxMiJ9.eyJsb2dpbl91c2VyX2tleSI6ImYxYmJiNjVhLTZlYzQtNDg4Ni1hY2M3LTdkZjdmYTkxZjA0YyJ9.2XbJLwaH0AcO9GmF4c9rYdGM1vOnRkWV0_M_G_RTfJNR28k4zwPCUDBXbnn5BPFglD0zNgiJDQM-I3kzB8s8Fg
16:15:40.434 [http-nio-9587-exec-3] INFO  c.r.f.w.s.TokenService - [getToken,237] - user: madaosen, backend Token: Bearer eyJhbGciOiJIUzUxMiJ9.eyJsb2dpbl91c2VyX2tleSI6ImYxYmJiNjVhLTZlYzQtNDg4Ni1hY2M3LTdkZjdmYTkxZjA0YyJ9.2XbJLwaH0AcO9GmF4c9rYdGM1vOnRkWV0_M_G_RTfJNR28k4zwPCUDBXbnn5BPFglD0zNgiJDQM-I3kzB8s8Fg
16:15:41.631 [http-nio-9587-exec-10] INFO  c.r.f.w.s.TokenService - [getToken,237] - user: madaosen, backend Token: Bearer eyJhbGciOiJIUzUxMiJ9.eyJsb2dpbl91c2VyX2tleSI6ImYxYmJiNjVhLTZlYzQtNDg4Ni1hY2M3LTdkZjdmYTkxZjA0YyJ9.2XbJLwaH0AcO9GmF4c9rYdGM1vOnRkWV0_M_G_RTfJNR28k4zwPCUDBXbnn5BPFglD0zNgiJDQM-I3kzB8s8Fg
16:15:42.088 [http-nio-9587-exec-7] INFO  c.r.f.w.s.TokenService - [getToken,237] - user: madaosen, backend Token: Bearer eyJhbGciOiJIUzUxMiJ9.eyJsb2dpbl91c2VyX2tleSI6ImYxYmJiNjVhLTZlYzQtNDg4Ni1hY2M3LTdkZjdmYTkxZjA0YyJ9.2XbJLwaH0AcO9GmF4c9rYdGM1vOnRkWV0_M_G_RTfJNR28k4zwPCUDBXbnn5BPFglD0zNgiJDQM-I3kzB8s8Fg
16:15:42.120 [http-nio-9587-exec-2] INFO  c.r.f.w.s.TokenService - [getToken,237] - user: madaosen, backend Token: Bearer eyJhbGciOiJIUzUxMiJ9.eyJsb2dpbl91c2VyX2tleSI6ImYxYmJiNjVhLTZlYzQtNDg4Ni1hY2M3LTdkZjdmYTkxZjA0YyJ9.2XbJLwaH0AcO9GmF4c9rYdGM1vOnRkWV0_M_G_RTfJNR28k4zwPCUDBXbnn5BPFglD0zNgiJDQM-I3kzB8s8Fg
16:15:42.447 [http-nio-9587-exec-6] INFO  c.r.f.w.s.TokenService - [getToken,237] - user: madaosen, backend Token: Bearer eyJhbGciOiJIUzUxMiJ9.eyJsb2dpbl91c2VyX2tleSI6ImYxYmJiNjVhLTZlYzQtNDg4Ni1hY2M3LTdkZjdmYTkxZjA0YyJ9.2XbJLwaH0AcO9GmF4c9rYdGM1vOnRkWV0_M_G_RTfJNR28k4zwPCUDBXbnn5BPFglD0zNgiJDQM-I3kzB8s8Fg
16:15:42.830 [http-nio-9587-exec-4] INFO  c.r.f.w.s.TokenService - [getToken,237] - user: madaosen, backend Token: Bearer eyJhbGciOiJIUzUxMiJ9.eyJsb2dpbl91c2VyX2tleSI6ImYxYmJiNjVhLTZlYzQtNDg4Ni1hY2M3LTdkZjdmYTkxZjA0YyJ9.2XbJLwaH0AcO9GmF4c9rYdGM1vOnRkWV0_M_G_RTfJNR28k4zwPCUDBXbnn5BPFglD0zNgiJDQM-I3kzB8s8Fg
16:15:43.269 [http-nio-9587-exec-5] INFO  c.r.f.w.s.TokenService - [getToken,237] - user: madaosen, backend Token: Bearer eyJhbGciOiJIUzUxMiJ9.eyJsb2dpbl91c2VyX2tleSI6ImYxYmJiNjVhLTZlYzQtNDg4Ni1hY2M3LTdkZjdmYTkxZjA0YyJ9.2XbJLwaH0AcO9GmF4c9rYdGM1vOnRkWV0_M_G_RTfJNR28k4zwPCUDBXbnn5BPFglD0zNgiJDQM-I3kzB8s8Fg
16:15:43.288 [http-nio-9587-exec-7] INFO  c.r.f.w.s.TokenService - [getToken,237] - user: madaosen, backend Token: Bearer eyJhbGciOiJIUzUxMiJ9.eyJsb2dpbl91c2VyX2tleSI6ImYxYmJiNjVhLTZlYzQtNDg4Ni1hY2M3LTdkZjdmYTkxZjA0YyJ9.2XbJLwaH0AcO9GmF4c9rYdGM1vOnRkWV0_M_G_RTfJNR28k4zwPCUDBXbnn5BPFglD0zNgiJDQM-I3kzB8s8Fg
16:16:27.624 [http-nio-9587-exec-8] INFO  c.r.f.w.s.TokenService - [getToken,237] - user: madaosen, backend Token: Bearer eyJhbGciOiJIUzUxMiJ9.eyJsb2dpbl91c2VyX2tleSI6ImYxYmJiNjVhLTZlYzQtNDg4Ni1hY2M3LTdkZjdmYTkxZjA0YyJ9.2XbJLwaH0AcO9GmF4c9rYdGM1vOnRkWV0_M_G_RTfJNR28k4zwPCUDBXbnn5BPFglD0zNgiJDQM-I3kzB8s8Fg
16:16:27.648 [http-nio-9587-exec-8] INFO  c.r.w.l.TaskEventV2Listener - [onEvent,105] - EVENT :TASK_ASSIGNED
16:16:27.667 [http-nio-9587-exec-8] INFO  c.r.w.l.TaskEventV2Listener - [onEvent,105] - EVENT :TASK_COMPLETED
16:16:27.667 [http-nio-9587-exec-8] INFO  c.r.w.l.TaskEventV2Listener - [onEvent,121] - username :31070911
16:16:27.743 [http-nio-9587-exec-8] INFO  c.r.w.l.TaskEventV2Listener - [onEvent,121] - username :31071988
16:16:27.808 [http-nio-9587-exec-8] INFO  c.r.w.l.TaskEventV2Listener - [onEvent,121] - username :madaosen
16:16:27.880 [http-nio-9587-exec-8] INFO  c.r.w.l.TaskEventV2Listener - [onEvent,121] - username :mds01
16:16:27.946 [http-nio-9587-exec-8] INFO  c.r.w.l.TaskEventV2Listener - [onEvent,121] - username :daiqi
16:16:28.021 [http-nio-9587-exec-8] INFO  c.r.w.l.TaskEventV2Listener - [onEvent,121] - username :ceshi_shenhe
16:16:28.094 [http-nio-9587-exec-8] INFO  c.r.w.l.TaskEventV2Listener - [onEvent,121] - username :xiaoneng
16:16:28.168 [http-nio-9587-exec-8] INFO  c.r.w.l.TaskEventV2Listener - [onEvent,121] - username :enci
16:16:28.262 [http-nio-9587-exec-8] INFO  c.r.w.l.TaskEventV2Listener - [onEvent,105] - EVENT :TASK_CREATED
16:16:28.264 [http-nio-9587-exec-8] INFO  c.r.f.w.s.TokenService - [getToken,237] - user: madaosen, backend Token: Bearer eyJhbGciOiJIUzUxMiJ9.eyJsb2dpbl91c2VyX2tleSI6ImYxYmJiNjVhLTZlYzQtNDg4Ni1hY2M3LTdkZjdmYTkxZjA0YyJ9.2XbJLwaH0AcO9GmF4c9rYdGM1vOnRkWV0_M_G_RTfJNR28k4zwPCUDBXbnn5BPFglD0zNgiJDQM-I3kzB8s8Fg
16:16:28.267 [http-nio-9587-exec-8] INFO  c.r.w.s.i.AiAgentTaskExecutionServiceImpl - [createWorkflowNodeTasks,320] - 审批流程节点未绑定自动执行且已启用的Agent，projectId=2094616833662640128, nodeId=PmFillProjectInfo
16:16:28.267 [http-nio-9587-exec-8] INFO  c.r.w.l.TaskEventV2Listener - [onEvent,127] - username :zy01
16:16:28.339 [http-nio-9587-exec-8] INFO  c.r.w.l.TaskEventV2Listener - [createOaTask,240] - task0: Task{createDate='2026-09-04 16:16:28', createOrg='45', createUser='madaosen', createUserName='madaosen', expiryDate='null', kindName='null', moduleName='null', needInputPwd='null', oaIId='null', oaMkId='null', receiveUser='zy01', receiveUserName='戴美', synId='null', synType='1', taskId='ed918de3-a838-11f1-b9a3-da3bbfe162e3', tasksType='1', title='全生命周期平台督办：项目管理员输入项目信息--测试流程表单', type='0', url='http://www.sh.ctc.com/EFFPRO2/oa_verify?taskId=ed913fc2-a838-11f1-b9a3-da3bbfe162e3&redirect=%2FEFFPRO2%2Fproject%2FagencyProject%2FdetailPage%3Fid%3D2094616833662640128'}
16:16:28.341 [http-nio-9587-exec-8] INFO  c.r.w.l.TaskEventV2Listener - [onEvent,127] - username :pfpm01
16:16:28.412 [http-nio-9587-exec-8] INFO  c.r.w.l.TaskEventV2Listener - [createOaTask,240] - task0: Task{createDate='2026-09-04 16:16:28', createOrg='45', createUser='madaosen', createUserName='madaosen', expiryDate='null', kindName='null', moduleName='null', needInputPwd='null', oaIId='null', oaMkId='null', receiveUser='pfpm01', receiveUserName='葛云萍', synId='null', synType='1', taskId='ed91b4f4-a838-11f1-b9a3-da3bbfe162e3', tasksType='1', title='全生命周期平台督办：项目管理员输入项目信息--测试流程表单', type='0', url='http://www.sh.ctc.com/EFFPRO2/oa_verify?taskId=ed913fc2-a838-11f1-b9a3-da3bbfe162e3&redirect=%2FEFFPRO2%2Fproject%2FagencyProject%2FdetailPage%3Fid%3D2094616833662640128'}
16:16:28.415 [http-nio-9587-exec-8] INFO  c.r.w.l.TaskEventV2Listener - [onEvent,127] - username :31027380
16:16:28.484 [http-nio-9587-exec-8] INFO  c.r.w.l.TaskEventV2Listener - [createOaTask,240] - task0: Task{createDate='2026-09-04 16:16:28', createOrg='45', createUser='madaosen', createUserName='madaosen', expiryDate='null', kindName='null', moduleName='null', needInputPwd='null', oaIId='null', oaMkId='null', receiveUser='31027380', receiveUserName='林赟炜', synId='null', synType='1', taskId='ed91b4f5-a838-11f1-b9a3-da3bbfe162e3', tasksType='1', title='全生命周期平台督办：项目管理员输入项目信息--测试流程表单', type='0', url='http://www.sh.ctc.com/EFFPRO2/oa_verify?taskId=ed913fc2-a838-11f1-b9a3-da3bbfe162e3&redirect=%2FEFFPRO2%2Fproject%2FagencyProject%2FdetailPage%3Fid%3D2094616833662640128'}
16:16:28.485 [http-nio-9587-exec-8] INFO  c.r.w.l.TaskEventV2Listener - [onEvent,127] - username :31001583
16:16:28.486 [http-nio-9587-exec-8] INFO  c.r.w.l.TaskEventV2Listener - [onEvent,127] - username :31071988
16:16:28.557 [http-nio-9587-exec-8] INFO  c.r.w.l.TaskEventV2Listener - [createOaTask,240] - task0: Task{createDate='2026-09-04 16:16:28', createOrg='45', createUser='madaosen', createUserName='madaosen', expiryDate='null', kindName='null', moduleName='null', needInputPwd='null', oaIId='null', oaMkId='null', receiveUser='31071988', receiveUserName='戴美2', synId='null', synType='1', taskId='ed91b4f7-a838-11f1-b9a3-da3bbfe162e3', tasksType='1', title='全生命周期平台督办：项目管理员输入项目信息--测试流程表单', type='0', url='http://www.sh.ctc.com/EFFPRO2/oa_verify?taskId=ed913fc2-a838-11f1-b9a3-da3bbfe162e3&redirect=%2FEFFPRO2%2Fproject%2FagencyProject%2FdetailPage%3Fid%3D2094616833662640128'}
16:16:28.558 [http-nio-9587-exec-8] INFO  c.r.w.l.TaskEventV2Listener - [onEvent,127] - username :madaosen
16:16:28.625 [http-nio-9587-exec-8] INFO  c.r.w.l.TaskEventV2Listener - [createOaTask,240] - task0: Task{createDate='2026-09-04 16:16:28', createOrg='45', createUser='madaosen', createUserName='madaosen', expiryDate='null', kindName='null', moduleName='null', needInputPwd='null', oaIId='null', oaMkId='null', receiveUser='madaosen', receiveUserName='madaosen', synId='null', synType='1', taskId='ed91b4f8-a838-11f1-b9a3-da3bbfe162e3', tasksType='1', title='全生命周期平台督办：项目管理员输入项目信息--测试流程表单', type='0', url='http://www.sh.ctc.com/EFFPRO2/oa_verify?taskId=ed913fc2-a838-11f1-b9a3-da3bbfe162e3&redirect=%2FEFFPRO2%2Fproject%2FagencyProject%2FdetailPage%3Fid%3D2094616833662640128'}
16:16:28.627 [http-nio-9587-exec-8] INFO  c.r.w.l.TaskEventV2Listener - [onEvent,127] - username :mds01
16:16:28.703 [http-nio-9587-exec-8] INFO  c.r.w.l.TaskEventV2Listener - [createOaTask,240] - task0: Task{createDate='2026-09-04 16:16:28', createOrg='45', createUser='madaosen', createUserName='madaosen', expiryDate='null', kindName='null', moduleName='null', needInputPwd='null', oaIId='null', oaMkId='null', receiveUser='mds01', receiveUserName='mds01', synId='null', synType='1', taskId='ed91b4f9-a838-11f1-b9a3-da3bbfe162e3', tasksType='1', title='全生命周期平台督办：项目管理员输入项目信息--测试流程表单', type='0', url='http://www.sh.ctc.com/EFFPRO2/oa_verify?taskId=ed913fc2-a838-11f1-b9a3-da3bbfe162e3&redirect=%2FEFFPRO2%2Fproject%2FagencyProject%2FdetailPage%3Fid%3D2094616833662640128'}
16:16:28.705 [http-nio-9587-exec-8] INFO  c.r.w.l.TaskEventV2Listener - [onEvent,127] - username :daiqi
16:16:28.781 [http-nio-9587-exec-8] INFO  c.r.w.l.TaskEventV2Listener - [createOaTask,240] - task0: Task{createDate='2026-09-04 16:16:28', createOrg='45', createUser='madaosen', createUserName='madaosen', expiryDate='null', kindName='null', moduleName='null', needInputPwd='null', oaIId='null', oaMkId='null', receiveUser='daiqi', receiveUserName='daiqi', synId='null', synType='1', taskId='ed91b4fa-a838-11f1-b9a3-da3bbfe162e3', tasksType='1', title='全生命周期平台督办：项目管理员输入项目信息--测试流程表单', type='0', url='http://www.sh.ctc.com/EFFPRO2/oa_verify?taskId=ed913fc2-a838-11f1-b9a3-da3bbfe162e3&redirect=%2FEFFPRO2%2Fproject%2FagencyProject%2FdetailPage%3Fid%3D2094616833662640128'}
16:16:28.783 [http-nio-9587-exec-8] INFO  c.r.w.l.TaskEventV2Listener - [onEvent,127] - username :ceshi_shenhe
16:16:28.859 [http-nio-9587-exec-8] INFO  c.r.w.l.TaskEventV2Listener - [createOaTask,240] - task0: Task{createDate='2026-09-04 16:16:28', createOrg='45', createUser='madaosen', createUserName='madaosen', expiryDate='null', kindName='null', moduleName='null', needInputPwd='null', oaIId='null', oaMkId='null', receiveUser='ceshi_shenhe', receiveUserName='融创单位审核员', synId='null', synType='1', taskId='ed91b4fb-a838-11f1-b9a3-da3bbfe162e3', tasksType='1', title='全生命周期平台督办：项目管理员输入项目信息--测试流程表单', type='0', url='http://www.sh.ctc.com/EFFPRO2/oa_verify?taskId=ed913fc2-a838-11f1-b9a3-da3bbfe162e3&redirect=%2FEFFPRO2%2Fproject%2FagencyProject%2FdetailPage%3Fid%3D2094616833662640128'}
16:16:28.861 [http-nio-9587-exec-8] INFO  c.r.w.l.TaskEventV2Listener - [onEvent,127] - username :xiaoneng
16:16:28.936 [http-nio-9587-exec-8] INFO  c.r.w.l.TaskEventV2Listener - [createOaTask,240] - task0: Task{createDate='2026-09-04 16:16:28', createOrg='45', createUser='madaosen', createUserName='madaosen', expiryDate='null', kindName='null', moduleName='null', needInputPwd='null', oaIId='null', oaMkId='null', receiveUser='xiaoneng', receiveUserName='小能', synId='null', synType='1', taskId='ed91b4fc-a838-11f1-b9a3-da3bbfe162e3', tasksType='1', title='全生命周期平台督办：项目管理员输入项目信息--测试流程表单', type='0', url='http://www.sh.ctc.com/EFFPRO2/oa_verify?taskId=ed913fc2-a838-11f1-b9a3-da3bbfe162e3&redirect=%2FEFFPRO2%2Fproject%2FagencyProject%2FdetailPage%3Fid%3D2094616833662640128'}
16:16:28.938 [http-nio-9587-exec-8] INFO  c.r.w.l.TaskEventV2Listener - [onEvent,127] - username :enci
16:16:29.009 [http-nio-9587-exec-8] INFO  c.r.w.l.TaskEventV2Listener - [createOaTask,240] - task0: Task{createDate='2026-09-04 16:16:28', createOrg='45', createUser='madaosen', createUserName='madaosen', expiryDate='null', kindName='null', moduleName='null', needInputPwd='null', oaIId='null', oaMkId='null', receiveUser='enci', receiveUserName='enci', synId='null', synType='1', taskId='ed91b4fd-a838-11f1-b9a3-da3bbfe162e3', tasksType='1', title='全生命周期平台督办：项目管理员输入项目信息--测试流程表单', type='0', url='http://www.sh.ctc.com/EFFPRO2/oa_verify?taskId=ed913fc2-a838-11f1-b9a3-da3bbfe162e3&redirect=%2FEFFPRO2%2Fproject%2FagencyProject%2FdetailPage%3Fid%3D2094616833662640128'}
16:16:29.058 [http-nio-9587-exec-9] INFO  c.r.f.w.s.TokenService - [getToken,237] - user: madaosen, backend Token: Bearer eyJhbGciOiJIUzUxMiJ9.eyJsb2dpbl91c2VyX2tleSI6ImYxYmJiNjVhLTZlYzQtNDg4Ni1hY2M3LTdkZjdmYTkxZjA0YyJ9.2XbJLwaH0AcO9GmF4c9rYdGM1vOnRkWV0_M_G_RTfJNR28k4zwPCUDBXbnn5BPFglD0zNgiJDQM-I3kzB8s8Fg
16:16:29.058 [http-nio-9587-exec-10] INFO  c.r.f.w.s.TokenService - [getToken,237] - user: madaosen, backend Token: Bearer eyJhbGciOiJIUzUxMiJ9.eyJsb2dpbl91c2VyX2tleSI6ImYxYmJiNjVhLTZlYzQtNDg4Ni1hY2M3LTdkZjdmYTkxZjA0YyJ9.2XbJLwaH0AcO9GmF4c9rYdGM1vOnRkWV0_M_G_RTfJNR28k4zwPCUDBXbnn5BPFglD0zNgiJDQM-I3kzB8s8Fg
16:16:29.058 [http-nio-9587-exec-7] INFO  c.r.f.w.s.TokenService - [getToken,237] - user: madaosen, backend Token: Bearer eyJhbGciOiJIUzUxMiJ9.eyJsb2dpbl91c2VyX2tleSI6ImYxYmJiNjVhLTZlYzQtNDg4Ni1hY2M3LTdkZjdmYTkxZjA0YyJ9.2XbJLwaH0AcO9GmF4c9rYdGM1vOnRkWV0_M_G_RTfJNR28k4zwPCUDBXbnn5BPFglD0zNgiJDQM-I3kzB8s8Fg
16:16:29.058 [http-nio-9587-exec-1] INFO  c.r.f.w.s.TokenService - [getToken,237] - user: madaosen, backend Token: Bearer eyJhbGciOiJIUzUxMiJ9.eyJsb2dpbl91c2VyX2tleSI6ImYxYmJiNjVhLTZlYzQtNDg4Ni1hY2M3LTdkZjdmYTkxZjA0YyJ9.2XbJLwaH0AcO9GmF4c9rYdGM1vOnRkWV0_M_G_RTfJNR28k4zwPCUDBXbnn5BPFglD0zNgiJDQM-I3kzB8s8Fg
16:16:33.660 [http-nio-9587-exec-8] INFO  c.r.f.w.s.TokenService - [getToken,237] - user: madaosen, backend Token: Bearer eyJhbGciOiJIUzUxMiJ9.eyJsb2dpbl91c2VyX2tleSI6ImYxYmJiNjVhLTZlYzQtNDg4Ni1hY2M3LTdkZjdmYTkxZjA0YyJ9.2XbJLwaH0AcO9GmF4c9rYdGM1vOnRkWV0_M_G_RTfJNR28k4zwPCUDBXbnn5BPFglD0zNgiJDQM-I3kzB8s8Fg
16:16:33.974 [http-nio-9587-exec-5] INFO  c.r.f.w.s.TokenService - [getToken,237] - user: madaosen, backend Token: Bearer eyJhbGciOiJIUzUxMiJ9.eyJsb2dpbl91c2VyX2tleSI6ImYxYmJiNjVhLTZlYzQtNDg4Ni1hY2M3LTdkZjdmYTkxZjA0YyJ9.2XbJLwaH0AcO9GmF4c9rYdGM1vOnRkWV0_M_G_RTfJNR28k4zwPCUDBXbnn5BPFglD0zNgiJDQM-I3kzB8s8Fg
16:16:33.975 [http-nio-9587-exec-9] INFO  c.r.f.w.s.TokenService - [getToken,237] - user: madaosen, backend Token: Bearer eyJhbGciOiJIUzUxMiJ9.eyJsb2dpbl91c2VyX2tleSI6ImYxYmJiNjVhLTZlYzQtNDg4Ni1hY2M3LTdkZjdmYTkxZjA0YyJ9.2XbJLwaH0AcO9GmF4c9rYdGM1vOnRkWV0_M_G_RTfJNR28k4zwPCUDBXbnn5BPFglD0zNgiJDQM-I3kzB8s8Fg
16:16:33.975 [http-nio-9587-exec-7] INFO  c.r.f.w.s.TokenService - [getToken,237] - user: madaosen, backend Token: Bearer eyJhbGciOiJIUzUxMiJ9.eyJsb2dpbl91c2VyX2tleSI6ImYxYmJiNjVhLTZlYzQtNDg4Ni1hY2M3LTdkZjdmYTkxZjA0YyJ9.2XbJLwaH0AcO9GmF4c9rYdGM1vOnRkWV0_M_G_RTfJNR28k4zwPCUDBXbnn5BPFglD0zNgiJDQM-I3kzB8s8Fg
16:16:33.998 [http-nio-9587-exec-10] INFO  c.r.f.w.s.TokenService - [getToken,237] - user: madaosen, backend Token: Bearer eyJhbGciOiJIUzUxMiJ9.eyJsb2dpbl91c2VyX2tleSI6ImYxYmJiNjVhLTZlYzQtNDg4Ni1hY2M3LTdkZjdmYTkxZjA0YyJ9.2XbJLwaH0AcO9GmF4c9rYdGM1vOnRkWV0_M_G_RTfJNR28k4zwPCUDBXbnn5BPFglD0zNgiJDQM-I3kzB8s8Fg
16:16:34.360 [http-nio-9587-exec-10] INFO  c.r.w.s.i.DigitalEmployeeAgentServiceImpl - [prepareChat,584] - [DEBUG] 数字员工实际发送prompt employeeCode=kcts-todo-employee conversationId=kcts-demo-1788506785300-849cf273 prompt=@待办数字员工

以下 JSON 中 currentUser 由科创智方服务端生成；clientReferences 仅是界面引用线索，涉及读取或写入业务数据时必须再次调用科创智方受控接口校验。附件 fileId 也必须按当前用户和 conversationId 校验后才能读取。
{"conversationId":"kcts-demo-1788506785300-849cf273","attachments":[],"currentUser":{"roleIds":["operational_improvement_planner_role","pf_unit_dept_leader_role","annual_project_approval_fill_role","fill_role","rd_unit_director_role","unit_verify_role","chief_engineer_leader_role","ai_audit_rule","product_innovation_accept_role","chief_engineer_director_role","workflow_user_update_role","email","rd_unit_leader_role","professional_leader_role","pf_project_manager_role","verify_role","software_cost_manager_role","allocation_role","prospective_study_planner_role","project_read_all_role","science_technology_fill_role","pf_director_role","self_develop_planner_role","hgbz","science_technology_read_role","chief_engineer_manager_role","product_innovation_planner_role","other_accept_role"],"userName":"madaosen","userId":"460","displayName":"madaosen","roleId":"fill_role"},"clientReferences":{"businessReferences":[{"id":"todo:2094616833662640128:ed913fc2-a838-11f1-b9a3-da3bbfe162e3","kind":"todo","name":"项目管理员输入项目信息","projectId":"2094616833662640128","projectName":"测试流程表单","status":"项目管理员输入项目信息","taskId":"ed913fc2-a838-11f1-b9a3-da3bbfe162e3","taskKey":"PmFillProjectInfo"}]},"todoContext":{"schemaVersion":"1.0","status":"ready","task":{"taskId":"ed913fc2-a838-11f1-b9a3-da3bbfe162e3","taskKey":"PmFillProjectInfo","taskName":"项目管理员输入项目信息","projectId":"2094616833662640128","projectName":"测试流程表单","roleLabel":"当前办理人","actionType":"submit","canReject":false},"confirmation":{"required":true,"submitBy":"browser_session","submitToolAllowed":false,"label":"确认提交"},"project":{"id":"2094616833662640128","name":"测试流程表单","projectCategory":"prospective_study","projectCategoryName":"前瞻研究","projectProfessionalField":"1","projectProfessionalFieldName":"前瞻研究","isPlanProject":"2031546865748692995","isSelfDeveloped":0,"isBaseCutting":0,"requirementUnit":"zqj","requirementUnitName":"中区局","undertakeUnit":"SHGSRHCXYFJD","undertakeUnitName":"上海公司融合创新研发基地","operationUnit":"shgsrhcxyfjd","planStartDate":"2026-09-16","planEndDate":"2027-01-23"},"formSchema":[{"controlId":"project_name","controlType":"string","label":"项目名称","value":"","displayValue":"","required":true,"modelMaySuggest":true,"humanConfirmationRequired":true,"options":[]},{"controlId":"cost_budget","controlType":"double","label":"成本预算","value":"","displayValue":"","required":true,"modelMaySuggest":true,"humanConfirmationRequired":true,"options":[]},{"controlId":"cost_budget_current_year","controlType":"double","label":"本年下达成本预算","value":"","displayValue":"","required":true,"modelMaySuggest":true,"humanConfirmationRequired":true,"options":[]},{"controlId":"capital_budget","controlType":"double","label":"资本预算","value":"","displayValue":"","required":true,"modelMaySuggest":true,"humanConfirmationRequired":true,"options":[]},{"controlId":"is_additional_deduction","controlType":"radio","label":"是否加计扣除","value":"","displayValue":"","required":true,"modelMaySuggest":true,"humanConfirmationRequired":true,"options":[{"value":"0","label":"是"},{"value":"1","label":"否"}]},{"controlId":"project_intro","controlType":"textarea","label":"项目简要说明","value":"","displayValue":"","required":false,"modelMaySuggest":true,"humanConfirmationRequired":true,"options":[]},{"controlId":"project_complete_date","controlType":"datetime","label":"项目完成时间","value":"","displayValue":"","required":true,"modelMaySuggest":true,"humanConfirmationRequired":true,"options":[]},{"controlId":"rd_intelligent_compute_resource","controlType":"double","label":"研发用智算资源(单位:元)","value":"","displayValue":"","required":false,"modelMaySuggest":true,"humanConfirmationRequired":true,"options":[]}],"pmFillSignals":{"sourceFound":true,"source":"project_reply_or_project_info_second","prefillValues":{"project_name":{"value":"测试1111","displayValue":"测试1111","source":"project_reply.project_name"},"cost_budget":{"value":"222222","displayValue":"222222","source":"project_reply.cost_budget"},"cost_budget_current_year":{"value":"33333","displayValue":"33333","source":"project_reply.cost_budget_current_year"},"capital_budget":{"value":"333333","displayValue":"333333","source":"project_reply.capital_budget"},"is_additional_deduction":{"value":"0","displayValue":"0","source":"project_reply.is_additional_deduction"},"project_complete_date":{"value":"2026-12-13 00:00:00","displayValue":"2026-12-13 00:00:00","source":"project_reply.project_complete_date"},"rd_intelligent_compute_resource":{"value":"222222217","displayValue":"222222217","source":"act_workflow_formdata.rd_intelligent_compute_resource"}},"requiredControlIds":["project_name","cost_budget","cost_budget_current_year","capital_budget","is_additional_deduction","project_complete_date"],"missingRequiredFields":[]},"responseContract":{"type":"kcts.todo_form_patch","patchKey":"formPatch","knownControlIds":["project_name","cost_budget","cost_budget_current_year","capital_budget","is_additional_deduction","project_intro","project_complete_date","rd_intelligent_compute_resource"],"rules":["只能建议 formSchema 中存在的 controlId","select 和 radio 只能使用 options 中的 value","没有充分依据的字段必须留空并加入 missingFields","不得调用工具或接口提交审批，最终提交必须由浏览器当前登录用户确认"]}}}

本轮是科创智方待办辅助，todoContext 是服务端权威上下文。仅使用其中 project、formSchema 和节点 signals；不调用工具，不伪造控件或人员，不替用户提交。审批意见 radio 只用 decisionSuggestion 表达，不列入 formPatch 或 missingFields。处理意见限60个汉字；其他当前结论下的必填项无法确定时才列入 missingFields，此时 status=needs_input 且不建议 approve。只返回符合 responseContract 的一个 kcts.todo_form_patch JSON 对象，不要 Markdown 或额外说明。
16:16:35.199 [http-nio-9587-exec-8] INFO  c.r.f.w.s.TokenService - [getToken,237] - user: madaosen, backend Token: Bearer eyJhbGciOiJIUzUxMiJ9.eyJsb2dpbl91c2VyX2tleSI6ImYxYmJiNjVhLTZlYzQtNDg4Ni1hY2M3LTdkZjdmYTkxZjA0YyJ9.2XbJLwaH0AcO9GmF4c9rYdGM1vOnRkWV0_M_G_RTfJNR28k4zwPCUDBXbnn5BPFglD0zNgiJDQM-I3kzB8s8Fg
16:16:36.400 [http-nio-9587-exec-6] INFO  c.r.f.w.s.TokenService - [getToken,237] - user: madaosen, backend Token: Bearer eyJhbGciOiJIUzUxMiJ9.eyJsb2dpbl91c2VyX2tleSI6ImYxYmJiNjVhLTZlYzQtNDg4Ni1hY2M3LTdkZjdmYTkxZjA0YyJ9.2XbJLwaH0AcO9GmF4c9rYdGM1vOnRkWV0_M_G_RTfJNR28k4zwPCUDBXbnn5BPFglD0zNgiJDQM-I3kzB8s8Fg
16:16:37.601 [http-nio-9587-exec-5] INFO  c.r.f.w.s.TokenService - [getToken,237] - user: madaosen, backend Token: Bearer eyJhbGciOiJIUzUxMiJ9.eyJsb2dpbl91c2VyX2tleSI6ImYxYmJiNjVhLTZlYzQtNDg4Ni1hY2M3LTdkZjdmYTkxZjA0YyJ9.2XbJLwaH0AcO9GmF4c9rYdGM1vOnRkWV0_M_G_RTfJNR28k4zwPCUDBXbnn5BPFglD0zNgiJDQM-I3kzB8s8Fg
16:16:38.801 [http-nio-9587-exec-9] INFO  c.r.f.w.s.TokenService - [getToken,237] - user: madaosen, backend Token: Bearer eyJhbGciOiJIUzUxMiJ9.eyJsb2dpbl91c2VyX2tleSI6ImYxYmJiNjVhLTZlYzQtNDg4Ni1hY2M3LTdkZjdmYTkxZjA0YyJ9.2XbJLwaH0AcO9GmF4c9rYdGM1vOnRkWV0_M_G_RTfJNR28k4zwPCUDBXbnn5BPFglD0zNgiJDQM-I3kzB8s8Fg
16:16:40.004 [http-nio-9587-exec-10] INFO  c.r.f.w.s.TokenService - [getToken,237] - user: madaosen, backend Token: Bearer eyJhbGciOiJIUzUxMiJ9.eyJsb2dpbl91c2VyX2tleSI6ImYxYmJiNjVhLTZlYzQtNDg4Ni1hY2M3LTdkZjdmYTkxZjA0YyJ9.2XbJLwaH0AcO9GmF4c9rYdGM1vOnRkWV0_M_G_RTfJNR28k4zwPCUDBXbnn5BPFglD0zNgiJDQM-I3kzB8s8Fg
16:16:41.199 [http-nio-9587-exec-8] INFO  c.r.f.w.s.TokenService - [getToken,237] - user: madaosen, backend Token: Bearer eyJhbGciOiJIUzUxMiJ9.eyJsb2dpbl91c2VyX2tleSI6ImYxYmJiNjVhLTZlYzQtNDg4Ni1hY2M3LTdkZjdmYTkxZjA0YyJ9.2XbJLwaH0AcO9GmF4c9rYdGM1vOnRkWV0_M_G_RTfJNR28k4zwPCUDBXbnn5BPFglD0zNgiJDQM-I3kzB8s8Fg
16:16:42.051 [http-nio-9587-exec-3] INFO  c.r.f.w.s.TokenService - [getToken,237] - user: madaosen, backend Token: Bearer eyJhbGciOiJIUzUxMiJ9.eyJsb2dpbl91c2VyX2tleSI6ImYxYmJiNjVhLTZlYzQtNDg4Ni1hY2M3LTdkZjdmYTkxZjA0YyJ9.2XbJLwaH0AcO9GmF4c9rYdGM1vOnRkWV0_M_G_RTfJNR28k4zwPCUDBXbnn5BPFglD0zNgiJDQM-I3kzB8s8Fg
16:16:42.089 [http-nio-9587-exec-7] INFO  c.r.f.w.s.TokenService - [getToken,237] - user: madaosen, backend Token: Bearer eyJhbGciOiJIUzUxMiJ9.eyJsb2dpbl91c2VyX2tleSI6ImYxYmJiNjVhLTZlYzQtNDg4Ni1hY2M3LTdkZjdmYTkxZjA0YyJ9.2XbJLwaH0AcO9GmF4c9rYdGM1vOnRkWV0_M_G_RTfJNR28k4zwPCUDBXbnn5BPFglD0zNgiJDQM-I3kzB8s8Fg
16:16:42.399 [http-nio-9587-exec-1] INFO  c.r.f.w.s.TokenService - [getToken,237] - user: madaosen, backend Token: Bearer eyJhbGciOiJIUzUxMiJ9.eyJsb2dpbl91c2VyX2tleSI6ImYxYmJiNjVhLTZlYzQtNDg4Ni1hY2M3LTdkZjdmYTkxZjA0YyJ9.2XbJLwaH0AcO9GmF4c9rYdGM1vOnRkWV0_M_G_RTfJNR28k4zwPCUDBXbnn5BPFglD0zNgiJDQM-I3kzB8s8Fg
16:16:42.447 [http-nio-9587-exec-2] INFO  c.r.f.w.s.TokenService - [getToken,237] - user: madaosen, backend Token: Bearer eyJhbGciOiJIUzUxMiJ9.eyJsb2dpbl91c2VyX2tleSI6ImYxYmJiNjVhLTZlYzQtNDg4Ni1hY2M3LTdkZjdmYTkxZjA0YyJ9.2XbJLwaH0AcO9GmF4c9rYdGM1vOnRkWV0_M_G_RTfJNR28k4zwPCUDBXbnn5BPFglD0zNgiJDQM-I3kzB8s8Fg
16:16:43.265 [http-nio-9587-exec-4] INFO  c.r.f.w.s.TokenService - [getToken,237] - user: madaosen, backend Token: Bearer eyJhbGciOiJIUzUxMiJ9.eyJsb2dpbl91c2VyX2tleSI6ImYxYmJiNjVhLTZlYzQtNDg4Ni1hY2M3LTdkZjdmYTkxZjA0YyJ9.2XbJLwaH0AcO9GmF4c9rYdGM1vOnRkWV0_M_G_RTfJNR28k4zwPCUDBXbnn5BPFglD0zNgiJDQM-I3kzB8s8Fg
16:16:43.281 [http-nio-9587-exec-3] INFO  c.r.f.w.s.TokenService - [getToken,237] - user: madaosen, backend Token: Bearer eyJhbGciOiJIUzUxMiJ9.eyJsb2dpbl91c2VyX2tleSI6ImYxYmJiNjVhLTZlYzQtNDg4Ni1hY2M3LTdkZjdmYTkxZjA0YyJ9.2XbJLwaH0AcO9GmF4c9rYdGM1vOnRkWV0_M_G_RTfJNR28k4zwPCUDBXbnn5BPFglD0zNgiJDQM-I3kzB8s8Fg
16:31:25.566 [http-nio-9587-exec-2] INFO  c.r.f.w.s.TokenService - [getToken,237] - user: madaosen, backend Token: Bearer eyJhbGciOiJIUzUxMiJ9.eyJsb2dpbl91c2VyX2tleSI6ImYxYmJiNjVhLTZlYzQtNDg4Ni1hY2M3LTdkZjdmYTkxZjA0YyJ9.2XbJLwaH0AcO9GmF4c9rYdGM1vOnRkWV0_M_G_RTfJNR28k4zwPCUDBXbnn5BPFglD0zNgiJDQM-I3kzB8s8Fg
16:31:25.927 [http-nio-9587-exec-3] INFO  c.r.f.w.s.TokenService - [getToken,237] - user: madaosen, backend Token: Bearer eyJhbGciOiJIUzUxMiJ9.eyJsb2dpbl91c2VyX2tleSI6ImYxYmJiNjVhLTZlYzQtNDg4Ni1hY2M3LTdkZjdmYTkxZjA0YyJ9.2XbJLwaH0AcO9GmF4c9rYdGM1vOnRkWV0_M_G_RTfJNR28k4zwPCUDBXbnn5BPFglD0zNgiJDQM-I3kzB8s8Fg
16:31:25.930 [http-nio-9587-exec-5] INFO  c.r.f.w.s.TokenService - [getToken,237] - user: madaosen, backend Token: Bearer eyJhbGciOiJIUzUxMiJ9.eyJsb2dpbl91c2VyX2tleSI6ImYxYmJiNjVhLTZlYzQtNDg4Ni1hY2M3LTdkZjdmYTkxZjA0YyJ9.2XbJLwaH0AcO9GmF4c9rYdGM1vOnRkWV0_M_G_RTfJNR28k4zwPCUDBXbnn5BPFglD0zNgiJDQM-I3kzB8s8Fg
16:31:25.931 [http-nio-9587-exec-7] INFO  c.r.f.w.s.TokenService - [getToken,237] - user: madaosen, backend Token: Bearer eyJhbGciOiJIUzUxMiJ9.eyJsb2dpbl91c2VyX2tleSI6ImYxYmJiNjVhLTZlYzQtNDg4Ni1hY2M3LTdkZjdmYTkxZjA0YyJ9.2XbJLwaH0AcO9GmF4c9rYdGM1vOnRkWV0_M_G_RTfJNR28k4zwPCUDBXbnn5BPFglD0zNgiJDQM-I3kzB8s8Fg
16:31:25.950 [http-nio-9587-exec-1] INFO  c.r.f.w.s.TokenService - [getToken,237] - user: madaosen, backend Token: Bearer eyJhbGciOiJIUzUxMiJ9.eyJsb2dpbl91c2VyX2tleSI6ImYxYmJiNjVhLTZlYzQtNDg4Ni1hY2M3LTdkZjdmYTkxZjA0YyJ9.2XbJLwaH0AcO9GmF4c9rYdGM1vOnRkWV0_M_G_RTfJNR28k4zwPCUDBXbnn5BPFglD0zNgiJDQM-I3kzB8s8Fg
16:31:26.301 [http-nio-9587-exec-1] INFO  c.r.w.s.i.DigitalEmployeeAgentServiceImpl - [prepareChat,584] - [DEBUG] 数字员工实际发送prompt employeeCode=kcts-todo-employee conversationId=kcts-demo-1788506785300-849cf273 prompt=@待办数字员工

以下 JSON 中 currentUser 由科创智方服务端生成；clientReferences 仅是界面引用线索，涉及读取或写入业务数据时必须再次调用科创智方受控接口校验。附件 fileId 也必须按当前用户和 conversationId 校验后才能读取。
{"conversationId":"kcts-demo-1788506785300-849cf273","attachments":[],"currentUser":{"roleIds":["operational_improvement_planner_role","pf_unit_dept_leader_role","annual_project_approval_fill_role","fill_role","rd_unit_director_role","unit_verify_role","chief_engineer_leader_role","ai_audit_rule","product_innovation_accept_role","chief_engineer_director_role","workflow_user_update_role","email","rd_unit_leader_role","professional_leader_role","pf_project_manager_role","verify_role","software_cost_manager_role","allocation_role","prospective_study_planner_role","project_read_all_role","science_technology_fill_role","pf_director_role","self_develop_planner_role","hgbz","science_technology_read_role","chief_engineer_manager_role","product_innovation_planner_role","other_accept_role"],"userName":"madaosen","userId":"460","displayName":"madaosen","roleId":"fill_role"},"clientReferences":{"businessReferences":[{"id":"todo:2094616833662640128:ed913fc2-a838-11f1-b9a3-da3bbfe162e3","kind":"todo","name":"项目管理员输入项目信息","projectId":"2094616833662640128","projectName":"测试流程表单","status":"项目管理员输入项目信息","taskId":"ed913fc2-a838-11f1-b9a3-da3bbfe162e3","taskKey":"PmFillProjectInfo"}]},"todoContext":{"schemaVersion":"1.0","status":"ready","task":{"taskId":"ed913fc2-a838-11f1-b9a3-da3bbfe162e3","taskKey":"PmFillProjectInfo","taskName":"项目管理员输入项目信息","projectId":"2094616833662640128","projectName":"测试流程表单","roleLabel":"当前办理人","actionType":"submit","canReject":false},"confirmation":{"required":true,"submitBy":"browser_session","submitToolAllowed":false,"label":"确认提交"},"project":{"id":"2094616833662640128","name":"测试流程表单","projectCategory":"prospective_study","projectCategoryName":"前瞻研究","projectProfessionalField":"1","projectProfessionalFieldName":"前瞻研究","isPlanProject":"2031546865748692995","isSelfDeveloped":0,"isBaseCutting":0,"requirementUnit":"zqj","requirementUnitName":"中区局","undertakeUnit":"SHGSRHCXYFJD","undertakeUnitName":"上海公司融合创新研发基地","operationUnit":"shgsrhcxyfjd","planStartDate":"2026-09-16","planEndDate":"2027-01-23"},"formSchema":[{"controlId":"project_name","controlType":"string","label":"项目名称","value":"","displayValue":"","required":true,"modelMaySuggest":true,"humanConfirmationRequired":true,"options":[]},{"controlId":"cost_budget","controlType":"double","label":"成本预算","value":"","displayValue":"","required":true,"modelMaySuggest":true,"humanConfirmationRequired":true,"options":[]},{"controlId":"cost_budget_current_year","controlType":"double","label":"本年下达成本预算","value":"","displayValue":"","required":true,"modelMaySuggest":true,"humanConfirmationRequired":true,"options":[]},{"controlId":"capital_budget","controlType":"double","label":"资本预算","value":"","displayValue":"","required":true,"modelMaySuggest":true,"humanConfirmationRequired":true,"options":[]},{"controlId":"is_additional_deduction","controlType":"radio","label":"是否加计扣除","value":"","displayValue":"","required":true,"modelMaySuggest":true,"humanConfirmationRequired":true,"options":[{"value":"0","label":"是"},{"value":"1","label":"否"}]},{"controlId":"project_intro","controlType":"textarea","label":"项目简要说明","value":"","displayValue":"","required":false,"modelMaySuggest":true,"humanConfirmationRequired":true,"options":[]},{"controlId":"project_complete_date","controlType":"datetime","label":"项目完成时间","value":"","displayValue":"","required":true,"modelMaySuggest":true,"humanConfirmationRequired":true,"options":[]},{"controlId":"rd_intelligent_compute_resource","controlType":"double","label":"研发用智算资源(单位:元)","value":"","displayValue":"","required":false,"modelMaySuggest":true,"humanConfirmationRequired":true,"options":[]}],"pmFillSignals":{"sourceFound":true,"source":"project_reply_or_project_info_second","prefillValues":{"project_name":{"value":"测试1111","displayValue":"测试1111","source":"project_reply.project_name"},"cost_budget":{"value":"222222","displayValue":"222222","source":"project_reply.cost_budget"},"cost_budget_current_year":{"value":"33333","displayValue":"33333","source":"project_reply.cost_budget_current_year"},"capital_budget":{"value":"333333","displayValue":"333333","source":"project_reply.capital_budget"},"is_additional_deduction":{"value":"0","displayValue":"0","source":"project_reply.is_additional_deduction"},"project_complete_date":{"value":"2026-12-13 00:00:00","displayValue":"2026-12-13 00:00:00","source":"project_reply.project_complete_date"},"rd_intelligent_compute_resource":{"value":"222222217","displayValue":"222222217","source":"act_workflow_formdata.rd_intelligent_compute_resource"}},"requiredControlIds":["project_name","cost_budget","cost_budget_current_year","capital_budget","is_additional_deduction","project_complete_date"],"missingRequiredFields":[]},"responseContract":{"type":"kcts.todo_form_patch","patchKey":"formPatch","knownControlIds":["project_name","cost_budget","cost_budget_current_year","capital_budget","is_additional_deduction","project_intro","project_complete_date","rd_intelligent_compute_resource"],"rules":["只能建议 formSchema 中存在的 controlId","select 和 radio 只能使用 options 中的 value","没有充分依据的字段必须留空并加入 missingFields","不得调用工具或接口提交审批，最终提交必须由浏览器当前登录用户确认"]}}}

本轮是科创智方待办辅助，todoContext 是服务端权威上下文。仅使用其中 project、formSchema 和节点 signals；不调用工具，不伪造控件或人员，不替用户提交。审批意见 radio 只用 decisionSuggestion 表达，不列入 formPatch 或 missingFields。处理意见限60个汉字；其他当前结论下的必填项无法确定时才列入 missingFields，此时 status=needs_input 且不建议 approve。只返回符合 responseContract 的一个 kcts.todo_form_patch JSON 对象，不要 Markdown 或额外说明。
16:31:27.152 [http-nio-9587-exec-2] INFO  c.r.f.w.s.TokenService - [getToken,237] - user: madaosen, backend Token: Bearer eyJhbGciOiJIUzUxMiJ9.eyJsb2dpbl91c2VyX2tleSI6ImYxYmJiNjVhLTZlYzQtNDg4Ni1hY2M3LTdkZjdmYTkxZjA0YyJ9.2XbJLwaH0AcO9GmF4c9rYdGM1vOnRkWV0_M_G_RTfJNR28k4zwPCUDBXbnn5BPFglD0zNgiJDQM-I3kzB8s8Fg
16:31:28.352 [http-nio-9587-exec-8] INFO  c.r.f.w.s.TokenService - [getToken,237] - user: madaosen, backend Token: Bearer eyJhbGciOiJIUzUxMiJ9.eyJsb2dpbl91c2VyX2tleSI6ImYxYmJiNjVhLTZlYzQtNDg4Ni1hY2M3LTdkZjdmYTkxZjA0YyJ9.2XbJLwaH0AcO9GmF4c9rYdGM1vOnRkWV0_M_G_RTfJNR28k4zwPCUDBXbnn5BPFglD0zNgiJDQM-I3kzB8s8Fg
16:31:29.552 [http-nio-9587-exec-3] INFO  c.r.f.w.s.TokenService - [getToken,237] - user: madaosen, backend Token: Bearer eyJhbGciOiJIUzUxMiJ9.eyJsb2dpbl91c2VyX2tleSI6ImYxYmJiNjVhLTZlYzQtNDg4Ni1hY2M3LTdkZjdmYTkxZjA0YyJ9.2XbJLwaH0AcO9GmF4c9rYdGM1vOnRkWV0_M_G_RTfJNR28k4zwPCUDBXbnn5BPFglD0zNgiJDQM-I3kzB8s8Fg
16:31:30.751 [http-nio-9587-exec-7] INFO  c.r.f.w.s.TokenService - [getToken,237] - user: madaosen, backend Token: Bearer eyJhbGciOiJIUzUxMiJ9.eyJsb2dpbl91c2VyX2tleSI6ImYxYmJiNjVhLTZlYzQtNDg4Ni1hY2M3LTdkZjdmYTkxZjA0YyJ9.2XbJLwaH0AcO9GmF4c9rYdGM1vOnRkWV0_M_G_RTfJNR28k4zwPCUDBXbnn5BPFglD0zNgiJDQM-I3kzB8s8Fg
16:31:31.954 [http-nio-9587-exec-1] INFO  c.r.f.w.s.TokenService - [getToken,237] - user: madaosen, backend Token: Bearer eyJhbGciOiJIUzUxMiJ9.eyJsb2dpbl91c2VyX2tleSI6ImYxYmJiNjVhLTZlYzQtNDg4Ni1hY2M3LTdkZjdmYTkxZjA0YyJ9.2XbJLwaH0AcO9GmF4c9rYdGM1vOnRkWV0_M_G_RTfJNR28k4zwPCUDBXbnn5BPFglD0zNgiJDQM-I3kzB8s8Fg
16:31:33.151 [http-nio-9587-exec-2] INFO  c.r.f.w.s.TokenService - [getToken,237] - user: madaosen, backend Token: Bearer eyJhbGciOiJIUzUxMiJ9.eyJsb2dpbl91c2VyX2tleSI6ImYxYmJiNjVhLTZlYzQtNDg4Ni1hY2M3LTdkZjdmYTkxZjA0YyJ9.2XbJLwaH0AcO9GmF4c9rYdGM1vOnRkWV0_M_G_RTfJNR28k4zwPCUDBXbnn5BPFglD0zNgiJDQM-I3kzB8s8Fg
16:31:34.350 [http-nio-9587-exec-8] INFO  c.r.f.w.s.TokenService - [getToken,237] - user: madaosen, backend Token: Bearer eyJhbGciOiJIUzUxMiJ9.eyJsb2dpbl91c2VyX2tleSI6ImYxYmJiNjVhLTZlYzQtNDg4Ni1hY2M3LTdkZjdmYTkxZjA0YyJ9.2XbJLwaH0AcO9GmF4c9rYdGM1vOnRkWV0_M_G_RTfJNR28k4zwPCUDBXbnn5BPFglD0zNgiJDQM-I3kzB8s8Fg
16:31:35.552 [http-nio-9587-exec-3] INFO  c.r.f.w.s.TokenService - [getToken,237] - user: madaosen, backend Token: Bearer eyJhbGciOiJIUzUxMiJ9.eyJsb2dpbl91c2VyX2tleSI6ImYxYmJiNjVhLTZlYzQtNDg4Ni1hY2M3LTdkZjdmYTkxZjA0YyJ9.2XbJLwaH0AcO9GmF4c9rYdGM1vOnRkWV0_M_G_RTfJNR28k4zwPCUDBXbnn5BPFglD0zNgiJDQM-I3kzB8s8Fg
16:31:36.753 [http-nio-9587-exec-7] INFO  c.r.f.w.s.TokenService - [getToken,237] - user: madaosen, backend Token: Bearer eyJhbGciOiJIUzUxMiJ9.eyJsb2dpbl91c2VyX2tleSI6ImYxYmJiNjVhLTZlYzQtNDg4Ni1hY2M3LTdkZjdmYTkxZjA0YyJ9.2XbJLwaH0AcO9GmF4c9rYdGM1vOnRkWV0_M_G_RTfJNR28k4zwPCUDBXbnn5BPFglD0zNgiJDQM-I3kzB8s8Fg
16:31:37.582 [http-nio-9587-exec-10] INFO  c.r.f.w.s.TokenService - [getToken,237] - user: madaosen, backend Token: Bearer eyJhbGciOiJIUzUxMiJ9.eyJsb2dpbl91c2VyX2tleSI6ImYxYmJiNjVhLTZlYzQtNDg4Ni1hY2M3LTdkZjdmYTkxZjA0YyJ9.2XbJLwaH0AcO9GmF4c9rYdGM1vOnRkWV0_M_G_RTfJNR28k4zwPCUDBXbnn5BPFglD0zNgiJDQM-I3kzB8s8Fg
16:31:37.613 [http-nio-9587-exec-6] INFO  c.r.f.w.s.TokenService - [getToken,237] - user: madaosen, backend Token: Bearer eyJhbGciOiJIUzUxMiJ9.eyJsb2dpbl91c2VyX2tleSI6ImYxYmJiNjVhLTZlYzQtNDg4Ni1hY2M3LTdkZjdmYTkxZjA0YyJ9.2XbJLwaH0AcO9GmF4c9rYdGM1vOnRkWV0_M_G_RTfJNR28k4zwPCUDBXbnn5BPFglD0zNgiJDQM-I3kzB8s8Fg
16:31:37.954 [http-nio-9587-exec-4] INFO  c.r.f.w.s.TokenService - [getToken,237] - user: madaosen, backend Token: Bearer eyJhbGciOiJIUzUxMiJ9.eyJsb2dpbl91c2VyX2tleSI6ImYxYmJiNjVhLTZlYzQtNDg4Ni1hY2M3LTdkZjdmYTkxZjA0YyJ9.2XbJLwaH0AcO9GmF4c9rYdGM1vOnRkWV0_M_G_RTfJNR28k4zwPCUDBXbnn5BPFglD0zNgiJDQM-I3kzB8s8Fg
16:31:37.962 [http-nio-9587-exec-5] INFO  c.r.f.w.s.TokenService - [getToken,237] - user: madaosen, backend Token: Bearer eyJhbGciOiJIUzUxMiJ9.eyJsb2dpbl91c2VyX2tleSI6ImYxYmJiNjVhLTZlYzQtNDg4Ni1hY2M3LTdkZjdmYTkxZjA0YyJ9.2XbJLwaH0AcO9GmF4c9rYdGM1vOnRkWV0_M_G_RTfJNR28k4zwPCUDBXbnn5BPFglD0zNgiJDQM-I3kzB8s8Fg
16:31:38.814 [http-nio-9587-exec-9] INFO  c.r.f.w.s.TokenService - [getToken,237] - user: madaosen, backend Token: Bearer eyJhbGciOiJIUzUxMiJ9.eyJsb2dpbl91c2VyX2tleSI6ImYxYmJiNjVhLTZlYzQtNDg4Ni1hY2M3LTdkZjdmYTkxZjA0YyJ9.2XbJLwaH0AcO9GmF4c9rYdGM1vOnRkWV0_M_G_RTfJNR28k4zwPCUDBXbnn5BPFglD0zNgiJDQM-I3kzB8s8Fg
16:31:38.829 [http-nio-9587-exec-10] INFO  c.r.f.w.s.TokenService - [getToken,237] - user: madaosen, backend Token: Bearer eyJhbGciOiJIUzUxMiJ9.eyJsb2dpbl91c2VyX2tleSI6ImYxYmJiNjVhLTZlYzQtNDg4Ni1hY2M3LTdkZjdmYTkxZjA0YyJ9.2XbJLwaH0AcO9GmF4c9rYdGM1vOnRkWV0_M_G_RTfJNR28k4zwPCUDBXbnn5BPFglD0zNgiJDQM-I3kzB8s8Fg
16:33:10.803 [http-nio-9587-exec-4] INFO  c.r.f.w.s.TokenService - [getToken,237] - user: madaosen, backend Token: Bearer eyJhbGciOiJIUzUxMiJ9.eyJsb2dpbl91c2VyX2tleSI6ImYxYmJiNjVhLTZlYzQtNDg4Ni1hY2M3LTdkZjdmYTkxZjA0YyJ9.2XbJLwaH0AcO9GmF4c9rYdGM1vOnRkWV0_M_G_RTfJNR28k4zwPCUDBXbnn5BPFglD0zNgiJDQM-I3kzB8s8Fg
16:33:11.104 [http-nio-9587-exec-1] INFO  c.r.f.w.s.TokenService - [getToken,237] - user: madaosen, backend Token: Bearer eyJhbGciOiJIUzUxMiJ9.eyJsb2dpbl91c2VyX2tleSI6ImYxYmJiNjVhLTZlYzQtNDg4Ni1hY2M3LTdkZjdmYTkxZjA0YyJ9.2XbJLwaH0AcO9GmF4c9rYdGM1vOnRkWV0_M_G_RTfJNR28k4zwPCUDBXbnn5BPFglD0zNgiJDQM-I3kzB8s8Fg
16:33:11.106 [http-nio-9587-exec-2] INFO  c.r.f.w.s.TokenService - [getToken,237] - user: madaosen, backend Token: Bearer eyJhbGciOiJIUzUxMiJ9.eyJsb2dpbl91c2VyX2tleSI6ImYxYmJiNjVhLTZlYzQtNDg4Ni1hY2M3LTdkZjdmYTkxZjA0YyJ9.2XbJLwaH0AcO9GmF4c9rYdGM1vOnRkWV0_M_G_RTfJNR28k4zwPCUDBXbnn5BPFglD0zNgiJDQM-I3kzB8s8Fg
16:33:11.106 [http-nio-9587-exec-10] INFO  c.r.f.w.s.TokenService - [getToken,237] - user: madaosen, backend Token: Bearer eyJhbGciOiJIUzUxMiJ9.eyJsb2dpbl91c2VyX2tleSI6ImYxYmJiNjVhLTZlYzQtNDg4Ni1hY2M3LTdkZjdmYTkxZjA0YyJ9.2XbJLwaH0AcO9GmF4c9rYdGM1vOnRkWV0_M_G_RTfJNR28k4zwPCUDBXbnn5BPFglD0zNgiJDQM-I3kzB8s8Fg
16:33:11.123 [http-nio-9587-exec-8] INFO  c.r.f.w.s.TokenService - [getToken,237] - user: madaosen, backend Token: Bearer eyJhbGciOiJIUzUxMiJ9.eyJsb2dpbl91c2VyX2tleSI6ImYxYmJiNjVhLTZlYzQtNDg4Ni1hY2M3LTdkZjdmYTkxZjA0YyJ9.2XbJLwaH0AcO9GmF4c9rYdGM1vOnRkWV0_M_G_RTfJNR28k4zwPCUDBXbnn5BPFglD0zNgiJDQM-I3kzB8s8Fg
16:33:11.494 [http-nio-9587-exec-8] INFO  c.r.w.s.i.DigitalEmployeeAgentServiceImpl - [prepareChat,584] - [DEBUG] 数字员工实际发送prompt employeeCode=kcts-todo-employee conversationId=kcts-demo-1788506785300-849cf273 prompt=@待办数字员工

以下 JSON 中 currentUser 由科创智方服务端生成；clientReferences 仅是界面引用线索，涉及读取或写入业务数据时必须再次调用科创智方受控接口校验。附件 fileId 也必须按当前用户和 conversationId 校验后才能读取。
{"conversationId":"kcts-demo-1788506785300-849cf273","attachments":[],"currentUser":{"roleIds":["operational_improvement_planner_role","pf_unit_dept_leader_role","annual_project_approval_fill_role","fill_role","rd_unit_director_role","unit_verify_role","chief_engineer_leader_role","ai_audit_rule","product_innovation_accept_role","chief_engineer_director_role","workflow_user_update_role","email","rd_unit_leader_role","professional_leader_role","pf_project_manager_role","verify_role","software_cost_manager_role","allocation_role","prospective_study_planner_role","project_read_all_role","science_technology_fill_role","pf_director_role","self_develop_planner_role","hgbz","science_technology_read_role","chief_engineer_manager_role","product_innovation_planner_role","other_accept_role"],"userName":"madaosen","userId":"460","displayName":"madaosen","roleId":"fill_role"},"clientReferences":{"businessReferences":[{"id":"todo:2094616833662640128:ed913fc2-a838-11f1-b9a3-da3bbfe162e3","kind":"todo","name":"项目管理员输入项目信息","projectId":"2094616833662640128","projectName":"测试流程表单","status":"项目管理员输入项目信息","taskId":"ed913fc2-a838-11f1-b9a3-da3bbfe162e3","taskKey":"PmFillProjectInfo"}]},"todoContext":{"schemaVersion":"1.0","status":"ready","task":{"taskId":"ed913fc2-a838-11f1-b9a3-da3bbfe162e3","taskKey":"PmFillProjectInfo","taskName":"项目管理员输入项目信息","projectId":"2094616833662640128","projectName":"测试流程表单","roleLabel":"当前办理人","actionType":"submit","canReject":false},"confirmation":{"required":true,"submitBy":"browser_session","submitToolAllowed":false,"label":"确认提交"},"project":{"id":"2094616833662640128","name":"测试流程表单","projectCategory":"prospective_study","projectCategoryName":"前瞻研究","projectProfessionalField":"1","projectProfessionalFieldName":"前瞻研究","isPlanProject":"2031546865748692995","isSelfDeveloped":0,"isBaseCutting":0,"requirementUnit":"zqj","requirementUnitName":"中区局","undertakeUnit":"SHGSRHCXYFJD","undertakeUnitName":"上海公司融合创新研发基地","operationUnit":"shgsrhcxyfjd","planStartDate":"2026-09-16","planEndDate":"2027-01-23"},"formSchema":[{"controlId":"project_name","controlType":"string","label":"项目名称","value":"","displayValue":"","required":true,"modelMaySuggest":true,"humanConfirmationRequired":true,"options":[]},{"controlId":"cost_budget","controlType":"double","label":"成本预算","value":"","displayValue":"","required":true,"modelMaySuggest":true,"humanConfirmationRequired":true,"options":[]},{"controlId":"cost_budget_current_year","controlType":"double","label":"本年下达成本预算","value":"","displayValue":"","required":true,"modelMaySuggest":true,"humanConfirmationRequired":true,"options":[]},{"controlId":"capital_budget","controlType":"double","label":"资本预算","value":"","displayValue":"","required":true,"modelMaySuggest":true,"humanConfirmationRequired":true,"options":[]},{"controlId":"is_additional_deduction","controlType":"radio","label":"是否加计扣除","value":"","displayValue":"","required":true,"modelMaySuggest":true,"humanConfirmationRequired":true,"options":[{"value":"0","label":"是"},{"value":"1","label":"否"}]},{"controlId":"project_intro","controlType":"textarea","label":"项目简要说明","value":"","displayValue":"","required":false,"modelMaySuggest":true,"humanConfirmationRequired":true,"options":[]},{"controlId":"project_complete_date","controlType":"datetime","label":"项目完成时间","value":"","displayValue":"","required":true,"modelMaySuggest":true,"humanConfirmationRequired":true,"options":[]},{"controlId":"rd_intelligent_compute_resource","controlType":"double","label":"研发用智算资源(单位:元)","value":"","displayValue":"","required":false,"modelMaySuggest":true,"humanConfirmationRequired":true,"options":[]}],"pmFillSignals":{"sourceFound":true,"source":"project_reply_or_project_info_second","prefillValues":{"project_name":{"value":"测试1111","displayValue":"测试1111","source":"project_reply.project_name"},"cost_budget":{"value":"222222","displayValue":"222222","source":"project_reply.cost_budget"},"cost_budget_current_year":{"value":"33333","displayValue":"33333","source":"project_reply.cost_budget_current_year"},"capital_budget":{"value":"333333","displayValue":"333333","source":"project_reply.capital_budget"},"is_additional_deduction":{"value":"0","displayValue":"0","source":"project_reply.is_additional_deduction"},"project_complete_date":{"value":"2026-12-13 00:00:00","displayValue":"2026-12-13 00:00:00","source":"project_reply.project_complete_date"},"rd_intelligent_compute_resource":{"value":"222222217","displayValue":"222222217","source":"act_workflow_formdata.rd_intelligent_compute_resource"}},"requiredControlIds":["project_name","cost_budget","cost_budget_current_year","capital_budget","is_additional_deduction","project_complete_date"],"missingRequiredFields":[]},"responseContract":{"type":"kcts.todo_form_patch","patchKey":"formPatch","knownControlIds":["project_name","cost_budget","cost_budget_current_year","capital_budget","is_additional_deduction","project_intro","project_complete_date","rd_intelligent_compute_resource"],"rules":["只能建议 formSchema 中存在的 controlId","select 和 radio 只能使用 options 中的 value","没有充分依据的字段必须留空并加入 missingFields","不得调用工具或接口提交审批，最终提交必须由浏览器当前登录用户确认"]}}}

本轮是科创智方待办辅助，todoContext 是服务端权威上下文。仅使用其中 project、formSchema 和节点 signals；不调用工具，不伪造控件或人员，不替用户提交。审批意见 radio 只用 decisionSuggestion 表达，不列入 formPatch 或 missingFields。处理意见限60个汉字；其他当前结论下的必填项无法确定时才列入 missingFields，此时 status=needs_input 且不建议 approve。只返回符合 responseContract 的一个 kcts.todo_form_patch JSON 对象，不要 Markdown 或额外说明。
16:33:12.328 [http-nio-9587-exec-4] INFO  c.r.f.w.s.TokenService - [getToken,237] - user: madaosen, backend Token: Bearer eyJhbGciOiJIUzUxMiJ9.eyJsb2dpbl91c2VyX2tleSI6ImYxYmJiNjVhLTZlYzQtNDg4Ni1hY2M3LTdkZjdmYTkxZjA0YyJ9.2XbJLwaH0AcO9GmF4c9rYdGM1vOnRkWV0_M_G_RTfJNR28k4zwPCUDBXbnn5BPFglD0zNgiJDQM-I3kzB8s8Fg
16:33:13.525 [http-nio-9587-exec-5] INFO  c.r.f.w.s.TokenService - [getToken,237] - user: madaosen, backend Token: Bearer eyJhbGciOiJIUzUxMiJ9.eyJsb2dpbl91c2VyX2tleSI6ImYxYmJiNjVhLTZlYzQtNDg4Ni1hY2M3LTdkZjdmYTkxZjA0YyJ9.2XbJLwaH0AcO9GmF4c9rYdGM1vOnRkWV0_M_G_RTfJNR28k4zwPCUDBXbnn5BPFglD0zNgiJDQM-I3kzB8s8Fg
16:33:14.732 [http-nio-9587-exec-1] INFO  c.r.f.w.s.TokenService - [getToken,237] - user: madaosen, backend Token: Bearer eyJhbGciOiJIUzUxMiJ9.eyJsb2dpbl91c2VyX2tleSI6ImYxYmJiNjVhLTZlYzQtNDg4Ni1hY2M3LTdkZjdmYTkxZjA0YyJ9.2XbJLwaH0AcO9GmF4c9rYdGM1vOnRkWV0_M_G_RTfJNR28k4zwPCUDBXbnn5BPFglD0zNgiJDQM-I3kzB8s8Fg
16:33:15.930 [http-nio-9587-exec-2] INFO  c.r.f.w.s.TokenService - [getToken,237] - user: madaosen, backend Token: Bearer eyJhbGciOiJIUzUxMiJ9.eyJsb2dpbl91c2VyX2tleSI6ImYxYmJiNjVhLTZlYzQtNDg4Ni1hY2M3LTdkZjdmYTkxZjA0YyJ9.2XbJLwaH0AcO9GmF4c9rYdGM1vOnRkWV0_M_G_RTfJNR28k4zwPCUDBXbnn5BPFglD0zNgiJDQM-I3kzB8s8Fg
16:33:17.126 [http-nio-9587-exec-8] INFO  c.r.f.w.s.TokenService - [getToken,237] - user: madaosen, backend Token: Bearer eyJhbGciOiJIUzUxMiJ9.eyJsb2dpbl91c2VyX2tleSI6ImYxYmJiNjVhLTZlYzQtNDg4Ni1hY2M3LTdkZjdmYTkxZjA0YyJ9.2XbJLwaH0AcO9GmF4c9rYdGM1vOnRkWV0_M_G_RTfJNR28k4zwPCUDBXbnn5BPFglD0zNgiJDQM-I3kzB8s8Fg
16:33:18.330 [http-nio-9587-exec-4] INFO  c.r.f.w.s.TokenService - [getToken,237] - user: madaosen, backend Token: Bearer eyJhbGciOiJIUzUxMiJ9.eyJsb2dpbl91c2VyX2tleSI6ImYxYmJiNjVhLTZlYzQtNDg4Ni1hY2M3LTdkZjdmYTkxZjA0YyJ9.2XbJLwaH0AcO9GmF4c9rYdGM1vOnRkWV0_M_G_RTfJNR28k4zwPCUDBXbnn5BPFglD0zNgiJDQM-I3kzB8s8Fg
16:33:19.529 [http-nio-9587-exec-5] INFO  c.r.f.w.s.TokenService - [getToken,237] - user: madaosen, backend Token: Bearer eyJhbGciOiJIUzUxMiJ9.eyJsb2dpbl91c2VyX2tleSI6ImYxYmJiNjVhLTZlYzQtNDg4Ni1hY2M3LTdkZjdmYTkxZjA0YyJ9.2XbJLwaH0AcO9GmF4c9rYdGM1vOnRkWV0_M_G_RTfJNR28k4zwPCUDBXbnn5BPFglD0zNgiJDQM-I3kzB8s8Fg
16:33:20.729 [http-nio-9587-exec-1] INFO  c.r.f.w.s.TokenService - [getToken,237] - user: madaosen, backend Token: Bearer eyJhbGciOiJIUzUxMiJ9.eyJsb2dpbl91c2VyX2tleSI6ImYxYmJiNjVhLTZlYzQtNDg4Ni1hY2M3LTdkZjdmYTkxZjA0YyJ9.2XbJLwaH0AcO9GmF4c9rYdGM1vOnRkWV0_M_G_RTfJNR28k4zwPCUDBXbnn5BPFglD0zNgiJDQM-I3kzB8s8Fg
16:33:21.674 [http-nio-9587-exec-6] INFO  c.r.f.w.s.TokenService - [getToken,237] - user: madaosen, backend Token: Bearer eyJhbGciOiJIUzUxMiJ9.eyJsb2dpbl91c2VyX2tleSI6ImYxYmJiNjVhLTZlYzQtNDg4Ni1hY2M3LTdkZjdmYTkxZjA0YyJ9.2XbJLwaH0AcO9GmF4c9rYdGM1vOnRkWV0_M_G_RTfJNR28k4zwPCUDBXbnn5BPFglD0zNgiJDQM-I3kzB8s8Fg
16:33:21.706 [http-nio-9587-exec-3] INFO  c.r.f.w.s.TokenService - [getToken,237] - user: madaosen, backend Token: Bearer eyJhbGciOiJIUzUxMiJ9.eyJsb2dpbl91c2VyX2tleSI6ImYxYmJiNjVhLTZlYzQtNDg4Ni1hY2M3LTdkZjdmYTkxZjA0YyJ9.2XbJLwaH0AcO9GmF4c9rYdGM1vOnRkWV0_M_G_RTfJNR28k4zwPCUDBXbnn5BPFglD0zNgiJDQM-I3kzB8s8Fg
16:33:21.933 [http-nio-9587-exec-9] INFO  c.r.f.w.s.TokenService - [getToken,237] - user: madaosen, backend Token: Bearer eyJhbGciOiJIUzUxMiJ9.eyJsb2dpbl91c2VyX2tleSI6ImYxYmJiNjVhLTZlYzQtNDg4Ni1hY2M3LTdkZjdmYTkxZjA0YyJ9.2XbJLwaH0AcO9GmF4c9rYdGM1vOnRkWV0_M_G_RTfJNR28k4zwPCUDBXbnn5BPFglD0zNgiJDQM-I3kzB8s8Fg
16:33:22.046 [http-nio-9587-exec-7] INFO  c.r.f.w.s.TokenService - [getToken,237] - user: madaosen, backend Token: Bearer eyJhbGciOiJIUzUxMiJ9.eyJsb2dpbl91c2VyX2tleSI6ImYxYmJiNjVhLTZlYzQtNDg4Ni1hY2M3LTdkZjdmYTkxZjA0YyJ9.2XbJLwaH0AcO9GmF4c9rYdGM1vOnRkWV0_M_G_RTfJNR28k4zwPCUDBXbnn5BPFglD0zNgiJDQM-I3kzB8s8Fg
16:33:22.867 [http-nio-9587-exec-10] INFO  c.r.f.w.s.TokenService - [getToken,237] - user: madaosen, backend Token: Bearer eyJhbGciOiJIUzUxMiJ9.eyJsb2dpbl91c2VyX2tleSI6ImYxYmJiNjVhLTZlYzQtNDg4Ni1hY2M3LTdkZjdmYTkxZjA0YyJ9.2XbJLwaH0AcO9GmF4c9rYdGM1vOnRkWV0_M_G_RTfJNR28k4zwPCUDBXbnn5BPFglD0zNgiJDQM-I3kzB8s8Fg
16:33:22.881 [http-nio-9587-exec-6] INFO  c.r.f.w.s.TokenService - [getToken,237] - user: madaosen, backend Token: Bearer eyJhbGciOiJIUzUxMiJ9.eyJsb2dpbl91c2VyX2tleSI6ImYxYmJiNjVhLTZlYzQtNDg4Ni1hY2M3LTdkZjdmYTkxZjA0YyJ9.2XbJLwaH0AcO9GmF4c9rYdGM1vOnRkWV0_M_G_RTfJNR28k4zwPCUDBXbnn5BPFglD0zNgiJDQM-I3kzB8s8Fg
16:58:08.062 [Thread-9] INFO  o.q.c.QuartzScheduler - [standby,585] - Scheduler RuoyiScheduler_$_DESKTOP-GL3RGKM1788506761154 paused.
16:58:08.063 [Thread-9] INFO  o.a.s.AbstractActivitiSmartLifeCycle - [stop,95] - Stopping...
16:58:08.063 [Thread-9] INFO  o.a.s.AbstractActivitiSmartLifeCycle - [stop,99] - Stopped.
16:58:08.063 [Thread-9] INFO  o.a.s.AbstractActivitiSmartLifeCycle - [stop,95] - Stopping...
16:58:08.063 [Thread-9] INFO  o.a.s.AbstractActivitiSmartLifeCycle - [stop,99] - Stopped.
16:58:08.063 [Thread-9] INFO  o.a.s.AbstractActivitiSmartLifeCycle - [stop,95] - Stopping...
16:58:08.063 [Thread-9] INFO  o.a.s.AbstractActivitiSmartLifeCycle - [stop,99] - Stopped.
16:58:08.064 [Thread-9] INFO  o.a.s.AbstractActivitiSmartLifeCycle - [stop,95] - Stopping...
16:58:08.064 [Thread-9] INFO  o.a.s.AbstractActivitiSmartLifeCycle - [stop,99] - Stopped.
16:58:08.825 [Thread-9] INFO  o.q.c.QuartzScheduler - [shutdown,666] - Scheduler RuoyiScheduler_$_DESKTOP-GL3RGKM1788506761154 shutting down.
16:58:08.825 [Thread-9] INFO  o.q.c.QuartzScheduler - [standby,585] - Scheduler RuoyiScheduler_$_DESKTOP-GL3RGKM1788506761154 paused.
16:58:08.826 [Thread-9] INFO  o.q.c.QuartzScheduler - [shutdown,740] - Scheduler RuoyiScheduler_$_DESKTOP-GL3RGKM1788506761154 shutdown complete.
16:58:08.827 [Thread-9] INFO  sys-user - [shutdownAsyncManager,31] - ====关闭后台任务任务线程池====
16:58:08.848 [Thread-9] INFO  o.a.e.i.a.DefaultAsyncJobExecutor - [shutdown,212] - Shutting down the default async job executor [org.activiti.spring.SpringAsyncExecutor].
16:58:08.849 [activiti-reset-expired-jobs] INFO  o.a.e.i.a.ResetExpiredJobsRunnable - [run,103] - {} stopped resetting expired jobs
16:58:08.849 [activiti-acquire-timer-jobs] INFO  o.a.e.i.a.AcquireTimerJobsRunnable - [run,119] - {} stopped async job due acquisition
16:58:08.849 [activiti-acquire-async-jobs] INFO  o.a.e.i.a.AcquireAsyncJobsDueRunnable - [run,119] - {} stopped async job due acquisition
16:58:08.872 [Thread-9] INFO  c.a.d.p.DruidDataSource - [close,2032] - {dataSource-1} closing ...
16:58:08.882 [Thread-9] INFO  c.a.d.p.DruidDataSource - [close,2104] - {dataSource-1} closed
16:58:09.641 [restartedMain] INFO  c.r.RuoYiApplication - [logStarting,53] - Starting RuoYiApplication using Java 17.0.10 with PID 50200 (C:\Users\Administrator\Desktop\kcts\kcts\ruoyi-admin\target\classes started by Administrator in C:\Users\Administrator\Desktop\kcts)
16:58:09.641 [restartedMain] INFO  c.r.RuoYiApplication - [logStartupProfileInfo,658] - The following 1 profile is active: "local"
16:58:21.842 [restartedMain] INFO  c.a.d.p.DruidDataSource - [init,985] - {dataSource-2} inited
16:58:26.645 [restartedMain] INFO  o.a.s.r.ResourceFinder - [discoverResources,49] - No process definitions were found for auto-deployment in the location `classpath*:**/processes/`
16:58:28.186 [restartedMain] INFO  o.a.s.r.ResourceFinder - [discoverResources,49] - No process extensions were found for auto-deployment in the location 'classpath*:**/processes/'
16:58:28.340 [restartedMain] INFO  o.a.e.i.c.ProcessEngineConfigurationImpl - [initConfigurators,1570] - Found 1 Process Engine Configurators in total:
16:58:28.340 [restartedMain] INFO  o.a.e.i.c.ProcessEngineConfigurationImpl - [initConfigurators,1572] - class org.activiti.spring.process.conf.ProcessExtensionsConfiguratorAutoConfiguration (priority:10000)
16:58:28.340 [restartedMain] INFO  o.a.e.i.c.ProcessEngineConfigurationImpl - [configuratorsBeforeInit,1582] - Executing beforeInit() of class org.activiti.spring.process.conf.ProcessExtensionsConfiguratorAutoConfiguration (priority:10000)
16:58:28.608 [restartedMain] INFO  o.a.e.i.c.ProcessEngineConfigurationImpl - [configuratorsAfterInit,1589] - Executing configure() of class org.activiti.spring.process.conf.ProcessExtensionsConfiguratorAutoConfiguration (priority:10000)
16:58:28.615 [restartedMain] INFO  o.a.e.i.ProcessEngineImpl - [<init>,78] - ProcessEngine default created
16:58:28.615 [restartedMain] INFO  o.a.e.i.a.DefaultAsyncJobExecutor - [start,173] - Starting up the default async job executor [org.activiti.spring.SpringAsyncExecutor].
16:58:28.616 [Thread-17] INFO  o.a.e.i.a.AcquireAsyncJobsDueRunnable - [run,49] - {} starting to acquire async jobs due
16:58:28.616 [Thread-18] INFO  o.a.e.i.a.AcquireTimerJobsRunnable - [run,53] - {} starting to acquire async jobs due
16:58:28.616 [Thread-19] INFO  o.a.e.i.a.ResetExpiredJobsRunnable - [run,55] - {} starting to reset expired jobs
16:58:28.658 [restartedMain] INFO  o.a.e.i.c.DeployCmd - [executeDeploy,103] - Launching new deployment with version: 1
16:58:29.140 [restartedMain] INFO  o.a.e.i.a.DefaultAsyncJobExecutor - [shutdown,212] - Shutting down the default async job executor [org.activiti.spring.SpringAsyncExecutor].
16:58:29.140 [activiti-acquire-timer-jobs] INFO  o.a.e.i.a.AcquireTimerJobsRunnable - [run,119] - {} stopped async job due acquisition
16:58:29.140 [activiti-acquire-async-jobs] INFO  o.a.e.i.a.AcquireAsyncJobsDueRunnable - [run,119] - {} stopped async job due acquisition
16:58:29.140 [activiti-reset-expired-jobs] INFO  o.a.e.i.a.ResetExpiredJobsRunnable - [run,103] - {} stopped resetting expired jobs
16:58:29.141 [restartedMain] INFO  c.a.d.p.DruidDataSource - [close,2032] - {dataSource-2} closing ...
16:58:29.142 [restartedMain] INFO  c.a.d.p.DruidDataSource - [close,2104] - {dataSource-2} closed
16:58:40.144 [restartedMain] INFO  c.r.RuoYiApplication - [logStarting,53] - Starting RuoYiApplication using Java 17.0.10 with PID 32640 (C:\Users\Administrator\Desktop\kcts\kcts\ruoyi-admin\target\classes started by Administrator in C:\Users\Administrator\Desktop\kcts)
16:58:40.147 [restartedMain] INFO  c.r.RuoYiApplication - [logStartupProfileInfo,658] - The following 1 profile is active: "local"
16:58:45.410 [restartedMain] INFO  o.a.c.c.AprLifecycleListener - [log,173] - An older version [1.2.35] of the Apache Tomcat Native library is installed, while Tomcat recommends a minimum version of [2.0.5]
16:58:45.410 [restartedMain] INFO  o.a.c.c.AprLifecycleListener - [log,173] - Loaded Apache Tomcat Native library [1.2.35] using APR version [1.7.0].
16:58:45.413 [restartedMain] INFO  o.a.c.c.AprLifecycleListener - [log,173] - OpenSSL successfully initialized [OpenSSL 1.1.1q  5 Jul 2022]
16:58:45.434 [restartedMain] INFO  o.a.c.c.StandardService - [log,173] - Starting service [Tomcat]
16:58:45.435 [restartedMain] INFO  o.a.c.c.StandardEngine - [log,173] - Starting Servlet engine: [Apache Tomcat/10.1.33]
16:58:45.594 [restartedMain] INFO  o.a.c.c.C.[.[.[/] - [log,173] - Initializing Spring embedded WebApplicationContext
16:58:48.279 [restartedMain] INFO  c.a.d.p.DruidDataSource - [init,985] - {dataSource-1} inited
16:58:54.565 [restartedMain] INFO  o.a.s.r.ResourceFinder - [discoverResources,49] - No process definitions were found for auto-deployment in the location `classpath*:**/processes/`
16:58:56.057 [restartedMain] INFO  o.a.s.r.ResourceFinder - [discoverResources,49] - No process extensions were found for auto-deployment in the location 'classpath*:**/processes/'
16:58:56.279 [restartedMain] INFO  o.a.e.i.c.ProcessEngineConfigurationImpl - [initConfigurators,1570] - Found 1 Process Engine Configurators in total:
16:58:56.280 [restartedMain] INFO  o.a.e.i.c.ProcessEngineConfigurationImpl - [initConfigurators,1572] - class org.activiti.spring.process.conf.ProcessExtensionsConfiguratorAutoConfiguration (priority:10000)
16:58:56.281 [restartedMain] INFO  o.a.e.i.c.ProcessEngineConfigurationImpl - [configuratorsBeforeInit,1582] - Executing beforeInit() of class org.activiti.spring.process.conf.ProcessExtensionsConfiguratorAutoConfiguration (priority:10000)
16:58:56.899 [restartedMain] INFO  o.a.e.i.c.ProcessEngineConfigurationImpl - [configuratorsAfterInit,1589] - Executing configure() of class org.activiti.spring.process.conf.ProcessExtensionsConfiguratorAutoConfiguration (priority:10000)
16:58:56.930 [restartedMain] INFO  o.a.e.i.ProcessEngineImpl - [<init>,78] - ProcessEngine default created
16:58:56.932 [restartedMain] INFO  o.a.e.i.a.DefaultAsyncJobExecutor - [start,173] - Starting up the default async job executor [org.activiti.spring.SpringAsyncExecutor].
16:58:56.933 [Thread-4] INFO  o.a.e.i.a.AcquireAsyncJobsDueRunnable - [run,49] - {} starting to acquire async jobs due
16:58:56.933 [Thread-5] INFO  o.a.e.i.a.AcquireTimerJobsRunnable - [run,53] - {} starting to acquire async jobs due
16:58:56.933 [Thread-6] INFO  o.a.e.i.a.ResetExpiredJobsRunnable - [run,55] - {} starting to reset expired jobs
16:58:57.015 [restartedMain] INFO  o.a.e.i.c.DeployCmd - [executeDeploy,103] - Launching new deployment with version: 1
16:58:59.320 [restartedMain] INFO  o.q.i.StdSchedulerFactory - [instantiate,1220] - Using default implementation for ThreadExecutor
16:58:59.336 [restartedMain] INFO  o.q.c.SchedulerSignalerImpl - [<init>,61] - Initialized Scheduler Signaller of type: class org.quartz.core.SchedulerSignalerImpl
16:58:59.337 [restartedMain] INFO  o.q.c.QuartzScheduler - [<init>,229] - Quartz Scheduler v.2.3.2 created.
16:58:59.345 [restartedMain] INFO  o.q.c.QuartzScheduler - [initialize,294] - Scheduler meta-data: Quartz Scheduler (v2.3.2) 'RuoyiScheduler' with instanceId 'DESKTOP-GL3RGKM1788512339323'
  Scheduler class: 'org.quartz.core.QuartzScheduler' - running locally.
  NOT STARTED.
  Currently in standby mode.
  Number of jobs executed: 0
  Using thread pool 'org.quartz.simpl.SimpleThreadPool' - with 20 threads.
  Using job-store 'org.springframework.scheduling.quartz.LocalDataSourceJobStore' - which supports persistence. and is clustered.

16:58:59.345 [restartedMain] INFO  o.q.i.StdSchedulerFactory - [instantiate,1374] - Quartz scheduler 'RuoyiScheduler' initialized from an externally provided properties instance.
16:58:59.345 [restartedMain] INFO  o.q.i.StdSchedulerFactory - [instantiate,1378] - Quartz scheduler version: 2.3.2
16:58:59.348 [restartedMain] INFO  o.q.c.QuartzScheduler - [setJobFactory,2293] - JobFactory set to: org.springframework.scheduling.quartz.AdaptableJobFactory@2e66b3f4
16:59:00.513 [restartedMain] INFO  o.a.c.w.s.f.ReflectionServiceFactoryBean - [buildServiceFromClass,436] - Creating Service {http://impl.webservice.system.ruoyi.com/}OADeptServiceImplService from class com.ruoyi.system.webservice.impl.OADeptServiceImpl
16:59:01.193 [restartedMain] INFO  o.a.c.e.ServerImpl - [initDestination,95] - Setting the server's publish address to be /syncdep
16:59:01.227 [restartedMain] INFO  o.a.c.w.s.f.ReflectionServiceFactoryBean - [buildServiceFromClass,436] - Creating Service {http://impl.webservice.system.ruoyi.com/}OAUserServiceImplService from class com.ruoyi.system.webservice.impl.OAUserServiceImpl
16:59:01.316 [restartedMain] INFO  o.a.c.e.ServerImpl - [initDestination,95] - Setting the server's publish address to be /syncuser
16:59:01.324 [restartedMain] INFO  o.a.c.w.s.f.ReflectionServiceFactoryBean - [buildServiceFromClass,436] - Creating Service {http://ideal.sh.cn.tc}ICreateInfoServiceService from class com.ruoyi.system.webservice.createinfo.ICreateInfoService
16:59:05.415 [restartedMain] INFO  o.a.s.AbstractActivitiSmartLifeCycle - [start,81] - Starting...
16:59:05.665 [restartedMain] INFO  o.a.s.AbstractActivitiSmartLifeCycle - [start,86] - Started.
16:59:05.665 [restartedMain] INFO  o.a.s.AbstractActivitiSmartLifeCycle - [start,81] - Starting...
16:59:05.694 [restartedMain] INFO  o.a.s.AbstractActivitiSmartLifeCycle - [start,86] - Started.
16:59:05.694 [restartedMain] INFO  o.a.s.AbstractActivitiSmartLifeCycle - [start,81] - Starting...
16:59:06.448 [Quartz Scheduler [RuoyiScheduler]] INFO  o.q.c.QuartzScheduler - [start,547] - Scheduler RuoyiScheduler_$_DESKTOP-GL3RGKM1788512339323 started.
16:59:07.091 [restartedMain] INFO  o.a.s.AbstractActivitiSmartLifeCycle - [start,86] - Started.
16:59:07.092 [restartedMain] INFO  o.a.s.AbstractActivitiSmartLifeCycle - [start,81] - Starting...
16:59:11.584 [restartedMain] INFO  o.a.s.AbstractActivitiSmartLifeCycle - [start,86] - Started.
16:59:11.616 [restartedMain] INFO  c.r.RuoYiApplication - [logStarted,59] - Started RuoYiApplication in 31.966 seconds (process running for 35.214)
16:59:11.896 [restartedMain] INFO  c.r.w.k.SaslClient - [consume,109] - login user: admin
16:59:11.959 [restartedMain] INFO  o.a.k.c.c.ConsumerConfig - [logAll,347] - ConsumerConfig values: 
	allow.auto.create.topics = true
	auto.commit.interval.ms = 5000
	auto.offset.reset = earliest
	bootstrap.servers = [10.145.219.3:8423, 10.145.219.4:8423, 10.145.219.5:8423]
	check.crcs = true
	client.dns.lookup = default
	client.id = 
	client.rack = 
	connections.max.idle.ms = 540000
	default.api.timeout.ms = 60000
	enable.auto.commit = false
	exclude.internal.topics = true
	fetch.max.bytes = 52428800
	fetch.max.wait.ms = 500
	fetch.min.bytes = 1
	group.id = DE_C_HRMS_STIEP
	group.instance.id = null
	heartbeat.interval.ms = 3000
	interceptor.classes = []
	internal.leave.group.on.close = true
	isolation.level = read_uncommitted
	key.deserializer = class org.apache.kafka.common.serialization.StringDeserializer
	max.partition.fetch.bytes = 1048576
	max.poll.interval.ms = 300000
	max.poll.records = 30
	metadata.max.age.ms = 300000
	metric.reporters = []
	metrics.num.samples = 2
	metrics.recording.level = INFO
	metrics.sample.window.ms = 30000
	partition.assignment.strategy = [class org.apache.kafka.clients.consumer.RangeAssignor]
	receive.buffer.bytes = 65536
	reconnect.backoff.max.ms = 1000
	reconnect.backoff.ms = 50
	request.timeout.ms = 30000
	retry.backoff.ms = 100
	sasl.client.callback.handler.class = null
	sasl.jaas.config = [hidden]
	sasl.kerberos.kinit.cmd = /usr/bin/kinit
	sasl.kerberos.min.time.before.relogin = 60000
	sasl.kerberos.service.name = null
	sasl.kerberos.ticket.renew.jitter = 0.05
	sasl.kerberos.ticket.renew.window.factor = 0.8
	sasl.login.callback.handler.class = null
	sasl.login.class = null
	sasl.login.refresh.buffer.seconds = 300
	sasl.login.refresh.min.period.seconds = 60
	sasl.login.refresh.window.factor = 0.8
	sasl.login.refresh.window.jitter = 0.05
	sasl.mechanism = SCRAM-SHA-512
	security.protocol = SASL_PLAINTEXT
	send.buffer.bytes = 131072
	session.timeout.ms = 10000
	ssl.cipher.suites = null
	ssl.enabled.protocols = [TLSv1.2, TLSv1.1, TLSv1]
	ssl.endpoint.identification.algorithm = https
	ssl.key.password = null
	ssl.keymanager.algorithm = SunX509
	ssl.keystore.location = null
	ssl.keystore.password = null
	ssl.keystore.type = JKS
	ssl.protocol = TLS
	ssl.provider = null
	ssl.secure.random.implementation = null
	ssl.trustmanager.algorithm = PKIX
	ssl.truststore.location = null
	ssl.truststore.password = null
	ssl.truststore.type = JKS
	value.deserializer = class org.apache.kafka.common.serialization.StringDeserializer

16:59:12.030 [restartedMain] INFO  o.a.k.c.s.a.AbstractLogin - [login,61] - Successfully logged in.
16:59:12.123 [restartedMain] INFO  o.a.k.c.u.AppInfoParser - [<init>,117] - Kafka version: 2.3.0
16:59:12.123 [restartedMain] INFO  o.a.k.c.u.AppInfoParser - [<init>,118] - Kafka commitId: fc1aaa116b661c8a
16:59:12.123 [restartedMain] INFO  o.a.k.c.u.AppInfoParser - [<init>,119] - Kafka startTimeMs: 1788512352119
16:59:12.126 [restartedMain] INFO  o.a.k.c.c.KafkaConsumer - [subscribe,964] - [Consumer clientId=consumer-1, groupId=DE_C_HRMS_STIEP] Subscribed to topic(s): DE_HRMS_STIEP
16:59:12.126 [restartedMain] INFO  c.r.w.k.SaslClient - [consume,127] - start consumer kafka
16:59:19.715 [http-nio-9587-exec-1] INFO  o.a.c.c.C.[.[.[/] - [log,173] - Initializing Spring DispatcherServlet 'dispatcherServlet'
16:59:19.884 [http-nio-9587-exec-5] INFO  c.r.f.w.s.TokenService - [getToken,237] - user: madaosen, backend Token: Bearer eyJhbGciOiJIUzUxMiJ9.eyJsb2dpbl91c2VyX2tleSI6ImYxYmJiNjVhLTZlYzQtNDg4Ni1hY2M3LTdkZjdmYTkxZjA0YyJ9.2XbJLwaH0AcO9GmF4c9rYdGM1vOnRkWV0_M_G_RTfJNR28k4zwPCUDBXbnn5BPFglD0zNgiJDQM-I3kzB8s8Fg
16:59:20.003 [http-nio-9587-exec-3] INFO  c.r.f.w.s.TokenService - [getToken,237] - user: madaosen, backend Token: Bearer eyJhbGciOiJIUzUxMiJ9.eyJsb2dpbl91c2VyX2tleSI6ImYxYmJiNjVhLTZlYzQtNDg4Ni1hY2M3LTdkZjdmYTkxZjA0YyJ9.2XbJLwaH0AcO9GmF4c9rYdGM1vOnRkWV0_M_G_RTfJNR28k4zwPCUDBXbnn5BPFglD0zNgiJDQM-I3kzB8s8Fg
16:59:20.006 [http-nio-9587-exec-1] INFO  c.r.f.w.s.TokenService - [getToken,237] - user: madaosen, backend Token: Bearer eyJhbGciOiJIUzUxMiJ9.eyJsb2dpbl91c2VyX2tleSI6ImYxYmJiNjVhLTZlYzQtNDg4Ni1hY2M3LTdkZjdmYTkxZjA0YyJ9.2XbJLwaH0AcO9GmF4c9rYdGM1vOnRkWV0_M_G_RTfJNR28k4zwPCUDBXbnn5BPFglD0zNgiJDQM-I3kzB8s8Fg
16:59:20.010 [http-nio-9587-exec-9] INFO  c.r.f.w.s.TokenService - [getToken,237] - user: madaosen, backend Token: Bearer eyJhbGciOiJIUzUxMiJ9.eyJsb2dpbl91c2VyX2tleSI6ImYxYmJiNjVhLTZlYzQtNDg4Ni1hY2M3LTdkZjdmYTkxZjA0YyJ9.2XbJLwaH0AcO9GmF4c9rYdGM1vOnRkWV0_M_G_RTfJNR28k4zwPCUDBXbnn5BPFglD0zNgiJDQM-I3kzB8s8Fg
16:59:20.013 [http-nio-9587-exec-8] INFO  c.r.f.w.s.TokenService - [getToken,237] - user: madaosen, backend Token: Bearer eyJhbGciOiJIUzUxMiJ9.eyJsb2dpbl91c2VyX2tleSI6ImYxYmJiNjVhLTZlYzQtNDg4Ni1hY2M3LTdkZjdmYTkxZjA0YyJ9.2XbJLwaH0AcO9GmF4c9rYdGM1vOnRkWV0_M_G_RTfJNR28k4zwPCUDBXbnn5BPFglD0zNgiJDQM-I3kzB8s8Fg
16:59:20.022 [http-nio-9587-exec-10] INFO  c.r.f.w.s.TokenService - [getToken,237] - user: madaosen, backend Token: Bearer eyJhbGciOiJIUzUxMiJ9.eyJsb2dpbl91c2VyX2tleSI6ImYxYmJiNjVhLTZlYzQtNDg4Ni1hY2M3LTdkZjdmYTkxZjA0YyJ9.2XbJLwaH0AcO9GmF4c9rYdGM1vOnRkWV0_M_G_RTfJNR28k4zwPCUDBXbnn5BPFglD0zNgiJDQM-I3kzB8s8Fg
16:59:20.023 [http-nio-9587-exec-7] INFO  c.r.f.w.s.TokenService - [getToken,237] - user: madaosen, backend Token: Bearer eyJhbGciOiJIUzUxMiJ9.eyJsb2dpbl91c2VyX2tleSI6ImYxYmJiNjVhLTZlYzQtNDg4Ni1hY2M3LTdkZjdmYTkxZjA0YyJ9.2XbJLwaH0AcO9GmF4c9rYdGM1vOnRkWV0_M_G_RTfJNR28k4zwPCUDBXbnn5BPFglD0zNgiJDQM-I3kzB8s8Fg
16:59:20.093 [http-nio-9587-exec-4] INFO  c.r.f.w.s.TokenService - [getToken,237] - user: madaosen, backend Token: Bearer eyJhbGciOiJIUzUxMiJ9.eyJsb2dpbl91c2VyX2tleSI6ImYxYmJiNjVhLTZlYzQtNDg4Ni1hY2M3LTdkZjdmYTkxZjA0YyJ9.2XbJLwaH0AcO9GmF4c9rYdGM1vOnRkWV0_M_G_RTfJNR28k4zwPCUDBXbnn5BPFglD0zNgiJDQM-I3kzB8s8Fg
16:59:20.123 [http-nio-9587-exec-6] INFO  c.r.f.w.s.TokenService - [getToken,237] - user: madaosen, backend Token: Bearer eyJhbGciOiJIUzUxMiJ9.eyJsb2dpbl91c2VyX2tleSI6ImYxYmJiNjVhLTZlYzQtNDg4Ni1hY2M3LTdkZjdmYTkxZjA0YyJ9.2XbJLwaH0AcO9GmF4c9rYdGM1vOnRkWV0_M_G_RTfJNR28k4zwPCUDBXbnn5BPFglD0zNgiJDQM-I3kzB8s8Fg
16:59:20.137 [http-nio-9587-exec-8] INFO  c.r.f.w.s.TokenService - [getToken,237] - user: madaosen, backend Token: Bearer eyJhbGciOiJIUzUxMiJ9.eyJsb2dpbl91c2VyX2tleSI6ImYxYmJiNjVhLTZlYzQtNDg4Ni1hY2M3LTdkZjdmYTkxZjA0YyJ9.2XbJLwaH0AcO9GmF4c9rYdGM1vOnRkWV0_M_G_RTfJNR28k4zwPCUDBXbnn5BPFglD0zNgiJDQM-I3kzB8s8Fg
16:59:20.148 [http-nio-9587-exec-2] INFO  c.r.f.w.s.TokenService - [getToken,237] - user: madaosen, backend Token: Bearer eyJhbGciOiJIUzUxMiJ9.eyJsb2dpbl91c2VyX2tleSI6ImYxYmJiNjVhLTZlYzQtNDg4Ni1hY2M3LTdkZjdmYTkxZjA0YyJ9.2XbJLwaH0AcO9GmF4c9rYdGM1vOnRkWV0_M_G_RTfJNR28k4zwPCUDBXbnn5BPFglD0zNgiJDQM-I3kzB8s8Fg
16:59:20.158 [http-nio-9587-exec-5] INFO  c.r.f.w.s.TokenService - [getToken,237] - user: madaosen, backend Token: Bearer eyJhbGciOiJIUzUxMiJ9.eyJsb2dpbl91c2VyX2tleSI6ImYxYmJiNjVhLTZlYzQtNDg4Ni1hY2M3LTdkZjdmYTkxZjA0YyJ9.2XbJLwaH0AcO9GmF4c9rYdGM1vOnRkWV0_M_G_RTfJNR28k4zwPCUDBXbnn5BPFglD0zNgiJDQM-I3kzB8s8Fg
16:59:20.275 [http-nio-9587-exec-3] INFO  c.r.f.w.s.TokenService - [getToken,237] - user: madaosen, backend Token: Bearer eyJhbGciOiJIUzUxMiJ9.eyJsb2dpbl91c2VyX2tleSI6ImYxYmJiNjVhLTZlYzQtNDg4Ni1hY2M3LTdkZjdmYTkxZjA0YyJ9.2XbJLwaH0AcO9GmF4c9rYdGM1vOnRkWV0_M_G_RTfJNR28k4zwPCUDBXbnn5BPFglD0zNgiJDQM-I3kzB8s8Fg
16:59:20.283 [http-nio-9587-exec-4] INFO  c.r.f.w.s.TokenService - [getToken,237] - user: madaosen, backend Token: Bearer eyJhbGciOiJIUzUxMiJ9.eyJsb2dpbl91c2VyX2tleSI6ImYxYmJiNjVhLTZlYzQtNDg4Ni1hY2M3LTdkZjdmYTkxZjA0YyJ9.2XbJLwaH0AcO9GmF4c9rYdGM1vOnRkWV0_M_G_RTfJNR28k4zwPCUDBXbnn5BPFglD0zNgiJDQM-I3kzB8s8Fg
16:59:20.299 [http-nio-9587-exec-10] INFO  c.r.f.w.s.TokenService - [getToken,237] - user: madaosen, backend Token: Bearer eyJhbGciOiJIUzUxMiJ9.eyJsb2dpbl91c2VyX2tleSI6ImYxYmJiNjVhLTZlYzQtNDg4Ni1hY2M3LTdkZjdmYTkxZjA0YyJ9.2XbJLwaH0AcO9GmF4c9rYdGM1vOnRkWV0_M_G_RTfJNR28k4zwPCUDBXbnn5BPFglD0zNgiJDQM-I3kzB8s8Fg
16:59:20.305 [http-nio-9587-exec-6] INFO  c.r.f.w.s.TokenService - [getToken,237] - user: madaosen, backend Token: Bearer eyJhbGciOiJIUzUxMiJ9.eyJsb2dpbl91c2VyX2tleSI6ImYxYmJiNjVhLTZlYzQtNDg4Ni1hY2M3LTdkZjdmYTkxZjA0YyJ9.2XbJLwaH0AcO9GmF4c9rYdGM1vOnRkWV0_M_G_RTfJNR28k4zwPCUDBXbnn5BPFglD0zNgiJDQM-I3kzB8s8Fg
16:59:20.326 [http-nio-9587-exec-2] INFO  c.r.f.w.s.TokenService - [getToken,237] - user: madaosen, backend Token: Bearer eyJhbGciOiJIUzUxMiJ9.eyJsb2dpbl91c2VyX2tleSI6ImYxYmJiNjVhLTZlYzQtNDg4Ni1hY2M3LTdkZjdmYTkxZjA0YyJ9.2XbJLwaH0AcO9GmF4c9rYdGM1vOnRkWV0_M_G_RTfJNR28k4zwPCUDBXbnn5BPFglD0zNgiJDQM-I3kzB8s8Fg
16:59:20.326 [http-nio-9587-exec-9] INFO  c.r.f.w.s.TokenService - [getToken,237] - user: madaosen, backend Token: Bearer eyJhbGciOiJIUzUxMiJ9.eyJsb2dpbl91c2VyX2tleSI6ImYxYmJiNjVhLTZlYzQtNDg4Ni1hY2M3LTdkZjdmYTkxZjA0YyJ9.2XbJLwaH0AcO9GmF4c9rYdGM1vOnRkWV0_M_G_RTfJNR28k4zwPCUDBXbnn5BPFglD0zNgiJDQM-I3kzB8s8Fg
16:59:20.380 [http-nio-9587-exec-10] INFO  c.r.f.w.s.TokenService - [getToken,237] - user: madaosen, backend Token: Bearer eyJhbGciOiJIUzUxMiJ9.eyJsb2dpbl91c2VyX2tleSI6ImYxYmJiNjVhLTZlYzQtNDg4Ni1hY2M3LTdkZjdmYTkxZjA0YyJ9.2XbJLwaH0AcO9GmF4c9rYdGM1vOnRkWV0_M_G_RTfJNR28k4zwPCUDBXbnn5BPFglD0zNgiJDQM-I3kzB8s8Fg
16:59:20.380 [http-nio-9587-exec-4] INFO  c.r.f.w.s.TokenService - [getToken,237] - user: madaosen, backend Token: Bearer eyJhbGciOiJIUzUxMiJ9.eyJsb2dpbl91c2VyX2tleSI6ImYxYmJiNjVhLTZlYzQtNDg4Ni1hY2M3LTdkZjdmYTkxZjA0YyJ9.2XbJLwaH0AcO9GmF4c9rYdGM1vOnRkWV0_M_G_RTfJNR28k4zwPCUDBXbnn5BPFglD0zNgiJDQM-I3kzB8s8Fg
16:59:20.396 [http-nio-9587-exec-6] INFO  c.r.f.w.s.TokenService - [getToken,237] - user: madaosen, backend Token: Bearer eyJhbGciOiJIUzUxMiJ9.eyJsb2dpbl91c2VyX2tleSI6ImYxYmJiNjVhLTZlYzQtNDg4Ni1hY2M3LTdkZjdmYTkxZjA0YyJ9.2XbJLwaH0AcO9GmF4c9rYdGM1vOnRkWV0_M_G_RTfJNR28k4zwPCUDBXbnn5BPFglD0zNgiJDQM-I3kzB8s8Fg
16:59:20.462 [http-nio-9587-exec-5] INFO  c.r.f.w.s.TokenService - [getToken,237] - user: madaosen, backend Token: Bearer eyJhbGciOiJIUzUxMiJ9.eyJsb2dpbl91c2VyX2tleSI6ImYxYmJiNjVhLTZlYzQtNDg4Ni1hY2M3LTdkZjdmYTkxZjA0YyJ9.2XbJLwaH0AcO9GmF4c9rYdGM1vOnRkWV0_M_G_RTfJNR28k4zwPCUDBXbnn5BPFglD0zNgiJDQM-I3kzB8s8Fg
16:59:23.046 [http-nio-9587-exec-9] INFO  c.r.f.w.s.TokenService - [getToken,237] - user: madaosen, backend Token: Bearer eyJhbGciOiJIUzUxMiJ9.eyJsb2dpbl91c2VyX2tleSI6ImYxYmJiNjVhLTZlYzQtNDg4Ni1hY2M3LTdkZjdmYTkxZjA0YyJ9.2XbJLwaH0AcO9GmF4c9rYdGM1vOnRkWV0_M_G_RTfJNR28k4zwPCUDBXbnn5BPFglD0zNgiJDQM-I3kzB8s8Fg
16:59:23.548 [http-nio-9587-exec-10] INFO  c.r.f.w.s.TokenService - [getToken,237] - user: madaosen, backend Token: Bearer eyJhbGciOiJIUzUxMiJ9.eyJsb2dpbl91c2VyX2tleSI6ImYxYmJiNjVhLTZlYzQtNDg4Ni1hY2M3LTdkZjdmYTkxZjA0YyJ9.2XbJLwaH0AcO9GmF4c9rYdGM1vOnRkWV0_M_G_RTfJNR28k4zwPCUDBXbnn5BPFglD0zNgiJDQM-I3kzB8s8Fg
16:59:23.555 [http-nio-9587-exec-7] INFO  c.r.f.w.s.TokenService - [getToken,237] - user: madaosen, backend Token: Bearer eyJhbGciOiJIUzUxMiJ9.eyJsb2dpbl91c2VyX2tleSI6ImYxYmJiNjVhLTZlYzQtNDg4Ni1hY2M3LTdkZjdmYTkxZjA0YyJ9.2XbJLwaH0AcO9GmF4c9rYdGM1vOnRkWV0_M_G_RTfJNR28k4zwPCUDBXbnn5BPFglD0zNgiJDQM-I3kzB8s8Fg
16:59:23.556 [http-nio-9587-exec-1] INFO  c.r.f.w.s.TokenService - [getToken,237] - user: madaosen, backend Token: Bearer eyJhbGciOiJIUzUxMiJ9.eyJsb2dpbl91c2VyX2tleSI6ImYxYmJiNjVhLTZlYzQtNDg4Ni1hY2M3LTdkZjdmYTkxZjA0YyJ9.2XbJLwaH0AcO9GmF4c9rYdGM1vOnRkWV0_M_G_RTfJNR28k4zwPCUDBXbnn5BPFglD0zNgiJDQM-I3kzB8s8Fg
16:59:23.581 [http-nio-9587-exec-5] INFO  c.r.f.w.s.TokenService - [getToken,237] - user: madaosen, backend Token: Bearer eyJhbGciOiJIUzUxMiJ9.eyJsb2dpbl91c2VyX2tleSI6ImYxYmJiNjVhLTZlYzQtNDg4Ni1hY2M3LTdkZjdmYTkxZjA0YyJ9.2XbJLwaH0AcO9GmF4c9rYdGM1vOnRkWV0_M_G_RTfJNR28k4zwPCUDBXbnn5BPFglD0zNgiJDQM-I3kzB8s8Fg
16:59:23.960 [http-nio-9587-exec-5] INFO  c.r.w.s.i.DigitalEmployeeAgentServiceImpl - [prepareChat,584] - [DEBUG] 数字员工实际发送prompt employeeCode=kcts-todo-employee conversationId=kcts-demo-1788512359950-cb4a50ec prompt=@待办数字员工

以下 JSON 中 currentUser 由科创智方服务端生成；clientReferences 仅是界面引用线索，涉及读取或写入业务数据时必须再次调用科创智方受控接口校验。附件 fileId 也必须按当前用户和 conversationId 校验后才能读取。
{"conversationId":"kcts-demo-1788512359950-cb4a50ec","attachments":[],"currentUser":{"roleIds":["operational_improvement_planner_role","pf_unit_dept_leader_role","annual_project_approval_fill_role","fill_role","rd_unit_director_role","unit_verify_role","chief_engineer_leader_role","ai_audit_rule","product_innovation_accept_role","chief_engineer_director_role","workflow_user_update_role","email","rd_unit_leader_role","professional_leader_role","pf_project_manager_role","verify_role","software_cost_manager_role","allocation_role","prospective_study_planner_role","project_read_all_role","science_technology_fill_role","pf_director_role","self_develop_planner_role","hgbz","science_technology_read_role","chief_engineer_manager_role","product_innovation_planner_role","other_accept_role"],"userName":"madaosen","userId":"460","displayName":"madaosen","roleId":"fill_role"},"clientReferences":{"businessReferences":[{"id":"todo:2094616833662640128:ed913fc2-a838-11f1-b9a3-da3bbfe162e3","kind":"todo","name":"项目管理员输入项目信息","projectId":"2094616833662640128","projectName":"测试流程表单","status":"项目管理员输入项目信息","taskId":"ed913fc2-a838-11f1-b9a3-da3bbfe162e3","taskKey":"PmFillProjectInfo"}]},"todoContext":{"schemaVersion":"1.0","status":"ready","task":{"taskId":"ed913fc2-a838-11f1-b9a3-da3bbfe162e3","taskKey":"PmFillProjectInfo","taskName":"项目管理员输入项目信息","projectId":"2094616833662640128","projectName":"测试流程表单","roleLabel":"当前办理人","actionType":"submit","canReject":false},"confirmation":{"required":true,"submitBy":"browser_session","submitToolAllowed":false,"label":"确认提交"},"project":{"id":"2094616833662640128","name":"测试流程表单","projectCategory":"prospective_study","projectCategoryName":"前瞻研究","projectProfessionalField":"1","projectProfessionalFieldName":"前瞻研究","isPlanProject":"2031546865748692995","isSelfDeveloped":0,"isBaseCutting":0,"requirementUnit":"zqj","requirementUnitName":"中区局","undertakeUnit":"SHGSRHCXYFJD","undertakeUnitName":"上海公司融合创新研发基地","operationUnit":"shgsrhcxyfjd","planStartDate":"2026-09-16","planEndDate":"2027-01-23"},"formSchema":[{"controlId":"project_name","controlType":"string","label":"项目名称","value":"","displayValue":"","required":true,"modelMaySuggest":true,"humanConfirmationRequired":true,"options":[]},{"controlId":"cost_budget","controlType":"double","label":"成本预算","value":"","displayValue":"","required":true,"modelMaySuggest":true,"humanConfirmationRequired":true,"options":[]},{"controlId":"cost_budget_current_year","controlType":"double","label":"本年下达成本预算","value":"","displayValue":"","required":true,"modelMaySuggest":true,"humanConfirmationRequired":true,"options":[]},{"controlId":"capital_budget","controlType":"double","label":"资本预算","value":"","displayValue":"","required":true,"modelMaySuggest":true,"humanConfirmationRequired":true,"options":[]},{"controlId":"is_additional_deduction","controlType":"radio","label":"是否加计扣除","value":"","displayValue":"","required":true,"modelMaySuggest":true,"humanConfirmationRequired":true,"options":[{"value":"0","label":"是"},{"value":"1","label":"否"}]},{"controlId":"project_intro","controlType":"textarea","label":"项目简要说明","value":"","displayValue":"","required":false,"modelMaySuggest":true,"humanConfirmationRequired":true,"options":[]},{"controlId":"project_complete_date","controlType":"datetime","label":"项目完成时间","value":"","displayValue":"","required":true,"modelMaySuggest":true,"humanConfirmationRequired":true,"options":[]},{"controlId":"rd_intelligent_compute_resource","controlType":"double","label":"研发用智算资源(单位:元)","value":"","displayValue":"","required":false,"modelMaySuggest":true,"humanConfirmationRequired":true,"options":[]}],"pmFillSignals":{"sourceFound":true,"source":"project_reply_or_project_info_second","prefillValues":{"project_name":{"value":"测试1111","displayValue":"测试1111","source":"project_reply.project_name"},"cost_budget":{"value":"222222","displayValue":"222222","source":"project_reply.cost_budget"},"cost_budget_current_year":{"value":"33333","displayValue":"33333","source":"project_reply.cost_budget_current_year"},"capital_budget":{"value":"333333","displayValue":"333333","source":"project_reply.capital_budget"},"is_additional_deduction":{"value":"0","displayValue":"0","source":"project_reply.is_additional_deduction"},"project_complete_date":{"value":"2026-12-13 00:00:00","displayValue":"2026-12-13 00:00:00","source":"project_reply.project_complete_date"},"rd_intelligent_compute_resource":{"value":"222222217","displayValue":"222222217","source":"act_workflow_formdata.rd_intelligent_compute_resource"}},"requiredControlIds":["project_name","cost_budget","cost_budget_current_year","capital_budget","is_additional_deduction","project_complete_date"],"missingRequiredFields":[]},"responseContract":{"type":"kcts.todo_form_patch","patchKey":"formPatch","knownControlIds":["project_name","cost_budget","cost_budget_current_year","capital_budget","is_additional_deduction","project_intro","project_complete_date","rd_intelligent_compute_resource"],"rules":["只能建议 formSchema 中存在的 controlId","select 和 radio 只能使用 options 中的 value","没有充分依据的字段必须留空并加入 missingFields","不得调用工具或接口提交审批，最终提交必须由浏览器当前登录用户确认"]}}}

本轮是科创智方待办辅助，todoContext 是服务端权威上下文。仅使用其中 project、formSchema 和节点 signals；不调用工具，不伪造控件或人员，不替用户提交。审批意见 radio 只用 decisionSuggestion 表达，不列入 formPatch 或 missingFields。处理意见限60个汉字；其他当前结论下的必填项无法确定时才列入 missingFields，此时 status=needs_input 且不建议 approve。只返回符合 responseContract 的一个 kcts.todo_form_patch JSON 对象，不要 Markdown 或额外说明。
16:59:24.791 [http-nio-9587-exec-9] INFO  c.r.f.w.s.TokenService - [getToken,237] - user: madaosen, backend Token: Bearer eyJhbGciOiJIUzUxMiJ9.eyJsb2dpbl91c2VyX2tleSI6ImYxYmJiNjVhLTZlYzQtNDg4Ni1hY2M3LTdkZjdmYTkxZjA0YyJ9.2XbJLwaH0AcO9GmF4c9rYdGM1vOnRkWV0_M_G_RTfJNR28k4zwPCUDBXbnn5BPFglD0zNgiJDQM-I3kzB8s8Fg
16:59:25.982 [http-nio-9587-exec-3] INFO  c.r.f.w.s.TokenService - [getToken,237] - user: madaosen, backend Token: Bearer eyJhbGciOiJIUzUxMiJ9.eyJsb2dpbl91c2VyX2tleSI6ImYxYmJiNjVhLTZlYzQtNDg4Ni1hY2M3LTdkZjdmYTkxZjA0YyJ9.2XbJLwaH0AcO9GmF4c9rYdGM1vOnRkWV0_M_G_RTfJNR28k4zwPCUDBXbnn5BPFglD0zNgiJDQM-I3kzB8s8Fg
16:59:27.187 [http-nio-9587-exec-10] INFO  c.r.f.w.s.TokenService - [getToken,237] - user: madaosen, backend Token: Bearer eyJhbGciOiJIUzUxMiJ9.eyJsb2dpbl91c2VyX2tleSI6ImYxYmJiNjVhLTZlYzQtNDg4Ni1hY2M3LTdkZjdmYTkxZjA0YyJ9.2XbJLwaH0AcO9GmF4c9rYdGM1vOnRkWV0_M_G_RTfJNR28k4zwPCUDBXbnn5BPFglD0zNgiJDQM-I3kzB8s8Fg
16:59:28.385 [http-nio-9587-exec-7] INFO  c.r.f.w.s.TokenService - [getToken,237] - user: madaosen, backend Token: Bearer eyJhbGciOiJIUzUxMiJ9.eyJsb2dpbl91c2VyX2tleSI6ImYxYmJiNjVhLTZlYzQtNDg4Ni1hY2M3LTdkZjdmYTkxZjA0YyJ9.2XbJLwaH0AcO9GmF4c9rYdGM1vOnRkWV0_M_G_RTfJNR28k4zwPCUDBXbnn5BPFglD0zNgiJDQM-I3kzB8s8Fg
16:59:29.583 [http-nio-9587-exec-5] INFO  c.r.f.w.s.TokenService - [getToken,237] - user: madaosen, backend Token: Bearer eyJhbGciOiJIUzUxMiJ9.eyJsb2dpbl91c2VyX2tleSI6ImYxYmJiNjVhLTZlYzQtNDg4Ni1hY2M3LTdkZjdmYTkxZjA0YyJ9.2XbJLwaH0AcO9GmF4c9rYdGM1vOnRkWV0_M_G_RTfJNR28k4zwPCUDBXbnn5BPFglD0zNgiJDQM-I3kzB8s8Fg
16:59:30.787 [http-nio-9587-exec-9] INFO  c.r.f.w.s.TokenService - [getToken,237] - user: madaosen, backend Token: Bearer eyJhbGciOiJIUzUxMiJ9.eyJsb2dpbl91c2VyX2tleSI6ImYxYmJiNjVhLTZlYzQtNDg4Ni1hY2M3LTdkZjdmYTkxZjA0YyJ9.2XbJLwaH0AcO9GmF4c9rYdGM1vOnRkWV0_M_G_RTfJNR28k4zwPCUDBXbnn5BPFglD0zNgiJDQM-I3kzB8s8Fg
16:59:31.984 [http-nio-9587-exec-3] INFO  c.r.f.w.s.TokenService - [getToken,237] - user: madaosen, backend Token: Bearer eyJhbGciOiJIUzUxMiJ9.eyJsb2dpbl91c2VyX2tleSI6ImYxYmJiNjVhLTZlYzQtNDg4Ni1hY2M3LTdkZjdmYTkxZjA0YyJ9.2XbJLwaH0AcO9GmF4c9rYdGM1vOnRkWV0_M_G_RTfJNR28k4zwPCUDBXbnn5BPFglD0zNgiJDQM-I3kzB8s8Fg
16:59:33.183 [http-nio-9587-exec-10] INFO  c.r.f.w.s.TokenService - [getToken,237] - user: madaosen, backend Token: Bearer eyJhbGciOiJIUzUxMiJ9.eyJsb2dpbl91c2VyX2tleSI6ImYxYmJiNjVhLTZlYzQtNDg4Ni1hY2M3LTdkZjdmYTkxZjA0YyJ9.2XbJLwaH0AcO9GmF4c9rYdGM1vOnRkWV0_M_G_RTfJNR28k4zwPCUDBXbnn5BPFglD0zNgiJDQM-I3kzB8s8Fg
16:59:34.385 [http-nio-9587-exec-7] INFO  c.r.f.w.s.TokenService - [getToken,237] - user: madaosen, backend Token: Bearer eyJhbGciOiJIUzUxMiJ9.eyJsb2dpbl91c2VyX2tleSI6ImYxYmJiNjVhLTZlYzQtNDg4Ni1hY2M3LTdkZjdmYTkxZjA0YyJ9.2XbJLwaH0AcO9GmF4c9rYdGM1vOnRkWV0_M_G_RTfJNR28k4zwPCUDBXbnn5BPFglD0zNgiJDQM-I3kzB8s8Fg
16:59:35.586 [http-nio-9587-exec-5] INFO  c.r.f.w.s.TokenService - [getToken,237] - user: madaosen, backend Token: Bearer eyJhbGciOiJIUzUxMiJ9.eyJsb2dpbl91c2VyX2tleSI6ImYxYmJiNjVhLTZlYzQtNDg4Ni1hY2M3LTdkZjdmYTkxZjA0YyJ9.2XbJLwaH0AcO9GmF4c9rYdGM1vOnRkWV0_M_G_RTfJNR28k4zwPCUDBXbnn5BPFglD0zNgiJDQM-I3kzB8s8Fg
16:59:36.786 [http-nio-9587-exec-9] INFO  c.r.f.w.s.TokenService - [getToken,237] - user: madaosen, backend Token: Bearer eyJhbGciOiJIUzUxMiJ9.eyJsb2dpbl91c2VyX2tleSI6ImYxYmJiNjVhLTZlYzQtNDg4Ni1hY2M3LTdkZjdmYTkxZjA0YyJ9.2XbJLwaH0AcO9GmF4c9rYdGM1vOnRkWV0_M_G_RTfJNR28k4zwPCUDBXbnn5BPFglD0zNgiJDQM-I3kzB8s8Fg
16:59:37.981 [http-nio-9587-exec-3] INFO  c.r.f.w.s.TokenService - [getToken,237] - user: madaosen, backend Token: Bearer eyJhbGciOiJIUzUxMiJ9.eyJsb2dpbl91c2VyX2tleSI6ImYxYmJiNjVhLTZlYzQtNDg4Ni1hY2M3LTdkZjdmYTkxZjA0YyJ9.2XbJLwaH0AcO9GmF4c9rYdGM1vOnRkWV0_M_G_RTfJNR28k4zwPCUDBXbnn5BPFglD0zNgiJDQM-I3kzB8s8Fg
16:59:38.075 [http-nio-9587-exec-1] INFO  c.r.f.w.s.TokenService - [getToken,237] - user: madaosen, backend Token: Bearer eyJhbGciOiJIUzUxMiJ9.eyJsb2dpbl91c2VyX2tleSI6ImYxYmJiNjVhLTZlYzQtNDg4Ni1hY2M3LTdkZjdmYTkxZjA0YyJ9.2XbJLwaH0AcO9GmF4c9rYdGM1vOnRkWV0_M_G_RTfJNR28k4zwPCUDBXbnn5BPFglD0zNgiJDQM-I3kzB8s8Fg
16:59:38.104 [http-nio-9587-exec-8] INFO  c.r.f.w.s.TokenService - [getToken,237] - user: madaosen, backend Token: Bearer eyJhbGciOiJIUzUxMiJ9.eyJsb2dpbl91c2VyX2tleSI6ImYxYmJiNjVhLTZlYzQtNDg4Ni1hY2M3LTdkZjdmYTkxZjA0YyJ9.2XbJLwaH0AcO9GmF4c9rYdGM1vOnRkWV0_M_G_RTfJNR28k4zwPCUDBXbnn5BPFglD0zNgiJDQM-I3kzB8s8Fg
16:59:38.438 [http-nio-9587-exec-2] INFO  c.r.f.w.s.TokenService - [getToken,237] - user: madaosen, backend Token: Bearer eyJhbGciOiJIUzUxMiJ9.eyJsb2dpbl91c2VyX2tleSI6ImYxYmJiNjVhLTZlYzQtNDg4Ni1hY2M3LTdkZjdmYTkxZjA0YyJ9.2XbJLwaH0AcO9GmF4c9rYdGM1vOnRkWV0_M_G_RTfJNR28k4zwPCUDBXbnn5BPFglD0zNgiJDQM-I3kzB8s8Fg
16:59:39.181 [http-nio-9587-exec-6] INFO  c.r.f.w.s.TokenService - [getToken,237] - user: madaosen, backend Token: Bearer eyJhbGciOiJIUzUxMiJ9.eyJsb2dpbl91c2VyX2tleSI6ImYxYmJiNjVhLTZlYzQtNDg4Ni1hY2M3LTdkZjdmYTkxZjA0YyJ9.2XbJLwaH0AcO9GmF4c9rYdGM1vOnRkWV0_M_G_RTfJNR28k4zwPCUDBXbnn5BPFglD0zNgiJDQM-I3kzB8s8Fg
16:59:39.261 [http-nio-9587-exec-4] INFO  c.r.f.w.s.TokenService - [getToken,237] - user: madaosen, backend Token: Bearer eyJhbGciOiJIUzUxMiJ9.eyJsb2dpbl91c2VyX2tleSI6ImYxYmJiNjVhLTZlYzQtNDg4Ni1hY2M3LTdkZjdmYTkxZjA0YyJ9.2XbJLwaH0AcO9GmF4c9rYdGM1vOnRkWV0_M_G_RTfJNR28k4zwPCUDBXbnn5BPFglD0zNgiJDQM-I3kzB8s8Fg
16:59:39.279 [http-nio-9587-exec-1] INFO  c.r.f.w.s.TokenService - [getToken,237] - user: madaosen, backend Token: Bearer eyJhbGciOiJIUzUxMiJ9.eyJsb2dpbl91c2VyX2tleSI6ImYxYmJiNjVhLTZlYzQtNDg4Ni1hY2M3LTdkZjdmYTkxZjA0YyJ9.2XbJLwaH0AcO9GmF4c9rYdGM1vOnRkWV0_M_G_RTfJNR28k4zwPCUDBXbnn5BPFglD0zNgiJDQM-I3kzB8s8Fg
16:59:42.253 [http-nio-9587-exec-8] INFO  c.r.f.w.s.TokenService - [getToken,237] - user: madaosen, backend Token: Bearer eyJhbGciOiJIUzUxMiJ9.eyJsb2dpbl91c2VyX2tleSI6ImYxYmJiNjVhLTZlYzQtNDg4Ni1hY2M3LTdkZjdmYTkxZjA0YyJ9.2XbJLwaH0AcO9GmF4c9rYdGM1vOnRkWV0_M_G_RTfJNR28k4zwPCUDBXbnn5BPFglD0zNgiJDQM-I3kzB8s8Fg
16:59:42.409 [http-nio-9587-exec-8] INFO  c.r.w.l.TaskEventV2Listener - [onEvent,105] - EVENT :TASK_ASSIGNED
16:59:42.448 [http-nio-9587-exec-8] INFO  c.r.w.l.TaskEventV2Listener - [onEvent,105] - EVENT :TASK_COMPLETED
16:59:42.450 [http-nio-9587-exec-8] INFO  c.r.w.l.TaskEventV2Listener - [onEvent,121] - username :zy01
16:59:42.581 [http-nio-9587-exec-8] INFO  c.r.w.l.TaskEventV2Listener - [onEvent,121] - username :pfpm01
16:59:42.664 [http-nio-9587-exec-8] INFO  c.r.w.l.TaskEventV2Listener - [onEvent,121] - username :31027380
16:59:42.751 [http-nio-9587-exec-8] INFO  c.r.w.l.TaskEventV2Listener - [onEvent,121] - username :31001583
16:59:42.753 [http-nio-9587-exec-8] INFO  c.r.w.l.TaskEventV2Listener - [onEvent,121] - username :31071988
16:59:42.841 [http-nio-9587-exec-8] INFO  c.r.w.l.TaskEventV2Listener - [onEvent,121] - username :madaosen
16:59:42.924 [http-nio-9587-exec-8] INFO  c.r.w.l.TaskEventV2Listener - [onEvent,121] - username :mds01
16:59:43.012 [http-nio-9587-exec-8] INFO  c.r.w.l.TaskEventV2Listener - [onEvent,121] - username :daiqi
16:59:43.099 [http-nio-9587-exec-8] INFO  c.r.w.l.TaskEventV2Listener - [onEvent,121] - username :ceshi_shenhe
16:59:43.179 [http-nio-9587-exec-8] INFO  c.r.w.l.TaskEventV2Listener - [onEvent,121] - username :xiaoneng
16:59:43.257 [http-nio-9587-exec-8] INFO  c.r.w.l.TaskEventV2Listener - [onEvent,121] - username :enci
16:59:43.440 [http-nio-9587-exec-8] INFO  c.r.w.l.TaskEventV2Listener - [onEvent,105] - EVENT :TASK_CREATED
16:59:43.442 [http-nio-9587-exec-8] INFO  c.r.f.w.s.TokenService - [getToken,237] - user: madaosen, backend Token: Bearer eyJhbGciOiJIUzUxMiJ9.eyJsb2dpbl91c2VyX2tleSI6ImYxYmJiNjVhLTZlYzQtNDg4Ni1hY2M3LTdkZjdmYTkxZjA0YyJ9.2XbJLwaH0AcO9GmF4c9rYdGM1vOnRkWV0_M_G_RTfJNR28k4zwPCUDBXbnn5BPFglD0zNgiJDQM-I3kzB8s8Fg
16:59:43.448 [http-nio-9587-exec-8] INFO  c.r.w.s.i.AiAgentTaskExecutionServiceImpl - [createWorkflowNodeTasks,320] - 审批流程节点未绑定自动执行且已启用的Agent，projectId=2094616833662640128, nodeId=DirectorVerifyProjectApproval
16:59:43.449 [http-nio-9587-exec-8] INFO  c.r.w.l.TaskEventV2Listener - [onEvent,127] - username :31070911
16:59:43.531 [http-nio-9587-exec-8] INFO  c.r.w.l.TaskEventV2Listener - [createOaTask,240] - task0: Task{createDate='2026-09-04 16:59:43', createOrg='45', createUser='madaosen', createUserName='madaosen', expiryDate='null', kindName='null', moduleName='null', needInputPwd='null', oaIId='null', oaMkId='null', receiveUser='31070911', receiveUserName='邵文艳', synId='null', synType='1', taskId='f8689c7c-a83e-11f1-b7aa-da3bbfe162e3', tasksType='1', title='全生命周期平台督办：负责人审核项目批复--测试流程表单', type='0', url='http://www.sh.ctc.com/EFFPRO2/oa_verify?taskId=f86763fb-a83e-11f1-b7aa-da3bbfe162e3&redirect=%2FEFFPRO2%2Fproject%2FagencyProject%2FdetailPage%3Fid%3D2094616833662640128'}
16:59:43.540 [http-nio-9587-exec-8] INFO  c.r.w.l.TaskEventV2Listener - [onEvent,127] - username :31071988
16:59:43.620 [http-nio-9587-exec-8] INFO  c.r.w.l.TaskEventV2Listener - [createOaTask,240] - task0: Task{createDate='2026-09-04 16:59:43', createOrg='45', createUser='madaosen', createUserName='madaosen', expiryDate='null', kindName='null', moduleName='null', needInputPwd='null', oaIId='null', oaMkId='null', receiveUser='31071988', receiveUserName='戴美2', synId='null', synType='1', taskId='f86911ad-a83e-11f1-b7aa-da3bbfe162e3', tasksType='1', title='全生命周期平台督办：负责人审核项目批复--测试流程表单', type='0', url='http://www.sh.ctc.com/EFFPRO2/oa_verify?taskId=f86763fb-a83e-11f1-b7aa-da3bbfe162e3&redirect=%2FEFFPRO2%2Fproject%2FagencyProject%2FdetailPage%3Fid%3D2094616833662640128'}
16:59:43.621 [http-nio-9587-exec-8] INFO  c.r.w.l.TaskEventV2Listener - [onEvent,127] - username :madaosen
16:59:43.698 [http-nio-9587-exec-8] INFO  c.r.w.l.TaskEventV2Listener - [createOaTask,240] - task0: Task{createDate='2026-09-04 16:59:43', createOrg='45', createUser='madaosen', createUserName='madaosen', expiryDate='null', kindName='null', moduleName='null', needInputPwd='null', oaIId='null', oaMkId='null', receiveUser='madaosen', receiveUserName='madaosen', synId='null', synType='1', taskId='f86911ae-a83e-11f1-b7aa-da3bbfe162e3', tasksType='1', title='全生命周期平台督办：负责人审核项目批复--测试流程表单', type='0', url='http://www.sh.ctc.com/EFFPRO2/oa_verify?taskId=f86763fb-a83e-11f1-b7aa-da3bbfe162e3&redirect=%2FEFFPRO2%2Fproject%2FagencyProject%2FdetailPage%3Fid%3D2094616833662640128'}
16:59:43.699 [http-nio-9587-exec-8] INFO  c.r.w.l.TaskEventV2Listener - [onEvent,127] - username :mds01
16:59:43.780 [http-nio-9587-exec-8] INFO  c.r.w.l.TaskEventV2Listener - [createOaTask,240] - task0: Task{createDate='2026-09-04 16:59:43', createOrg='45', createUser='madaosen', createUserName='madaosen', expiryDate='null', kindName='null', moduleName='null', needInputPwd='null', oaIId='null', oaMkId='null', receiveUser='mds01', receiveUserName='mds01', synId='null', synType='1', taskId='f86911af-a83e-11f1-b7aa-da3bbfe162e3', tasksType='1', title='全生命周期平台督办：负责人审核项目批复--测试流程表单', type='0', url='http://www.sh.ctc.com/EFFPRO2/oa_verify?taskId=f86763fb-a83e-11f1-b7aa-da3bbfe162e3&redirect=%2FEFFPRO2%2Fproject%2FagencyProject%2FdetailPage%3Fid%3D2094616833662640128'}
16:59:43.781 [http-nio-9587-exec-8] INFO  c.r.w.l.TaskEventV2Listener - [onEvent,127] - username :daiqi
16:59:43.867 [http-nio-9587-exec-8] INFO  c.r.w.l.TaskEventV2Listener - [createOaTask,240] - task0: Task{createDate='2026-09-04 16:59:43', createOrg='45', createUser='madaosen', createUserName='madaosen', expiryDate='null', kindName='null', moduleName='null', needInputPwd='null', oaIId='null', oaMkId='null', receiveUser='daiqi', receiveUserName='daiqi', synId='null', synType='1', taskId='f86911b0-a83e-11f1-b7aa-da3bbfe162e3', tasksType='1', title='全生命周期平台督办：负责人审核项目批复--测试流程表单', type='0', url='http://www.sh.ctc.com/EFFPRO2/oa_verify?taskId=f86763fb-a83e-11f1-b7aa-da3bbfe162e3&redirect=%2FEFFPRO2%2Fproject%2FagencyProject%2FdetailPage%3Fid%3D2094616833662640128'}
16:59:43.869 [http-nio-9587-exec-8] INFO  c.r.w.l.TaskEventV2Listener - [onEvent,127] - username :ceshi_shenhe
16:59:43.954 [http-nio-9587-exec-8] INFO  c.r.w.l.TaskEventV2Listener - [createOaTask,240] - task0: Task{createDate='2026-09-04 16:59:43', createOrg='45', createUser='madaosen', createUserName='madaosen', expiryDate='null', kindName='null', moduleName='null', needInputPwd='null', oaIId='null', oaMkId='null', receiveUser='ceshi_shenhe', receiveUserName='融创单位审核员', synId='null', synType='1', taskId='f86911b1-a83e-11f1-b7aa-da3bbfe162e3', tasksType='1', title='全生命周期平台督办：负责人审核项目批复--测试流程表单', type='0', url='http://www.sh.ctc.com/EFFPRO2/oa_verify?taskId=f86763fb-a83e-11f1-b7aa-da3bbfe162e3&redirect=%2FEFFPRO2%2Fproject%2FagencyProject%2FdetailPage%3Fid%3D2094616833662640128'}
16:59:43.957 [http-nio-9587-exec-8] INFO  c.r.w.l.TaskEventV2Listener - [onEvent,127] - username :xiaoneng
16:59:44.053 [http-nio-9587-exec-8] INFO  c.r.w.l.TaskEventV2Listener - [createOaTask,240] - task0: Task{createDate='2026-09-04 16:59:43', createOrg='45', createUser='madaosen', createUserName='madaosen', expiryDate='null', kindName='null', moduleName='null', needInputPwd='null', oaIId='null', oaMkId='null', receiveUser='xiaoneng', receiveUserName='小能', synId='null', synType='1', taskId='f86911b2-a83e-11f1-b7aa-da3bbfe162e3', tasksType='1', title='全生命周期平台督办：负责人审核项目批复--测试流程表单', type='0', url='http://www.sh.ctc.com/EFFPRO2/oa_verify?taskId=f86763fb-a83e-11f1-b7aa-da3bbfe162e3&redirect=%2FEFFPRO2%2Fproject%2FagencyProject%2FdetailPage%3Fid%3D2094616833662640128'}
16:59:44.055 [http-nio-9587-exec-8] INFO  c.r.w.l.TaskEventV2Listener - [onEvent,127] - username :enci
16:59:44.135 [http-nio-9587-exec-8] INFO  c.r.w.l.TaskEventV2Listener - [createOaTask,240] - task0: Task{createDate='2026-09-04 16:59:44', createOrg='45', createUser='madaosen', createUserName='madaosen', expiryDate='null', kindName='null', moduleName='null', needInputPwd='null', oaIId='null', oaMkId='null', receiveUser='enci', receiveUserName='enci', synId='null', synType='1', taskId='f86911b3-a83e-11f1-b7aa-da3bbfe162e3', tasksType='1', title='全生命周期平台督办：负责人审核项目批复--测试流程表单', type='0', url='http://www.sh.ctc.com/EFFPRO2/oa_verify?taskId=f86763fb-a83e-11f1-b7aa-da3bbfe162e3&redirect=%2FEFFPRO2%2Fproject%2FagencyProject%2FdetailPage%3Fid%3D2094616833662640128'}
16:59:44.269 [http-nio-9587-exec-3] INFO  c.r.f.w.s.TokenService - [getToken,237] - user: madaosen, backend Token: Bearer eyJhbGciOiJIUzUxMiJ9.eyJsb2dpbl91c2VyX2tleSI6ImYxYmJiNjVhLTZlYzQtNDg4Ni1hY2M3LTdkZjdmYTkxZjA0YyJ9.2XbJLwaH0AcO9GmF4c9rYdGM1vOnRkWV0_M_G_RTfJNR28k4zwPCUDBXbnn5BPFglD0zNgiJDQM-I3kzB8s8Fg
16:59:44.269 [http-nio-9587-exec-4] INFO  c.r.f.w.s.TokenService - [getToken,237] - user: madaosen, backend Token: Bearer eyJhbGciOiJIUzUxMiJ9.eyJsb2dpbl91c2VyX2tleSI6ImYxYmJiNjVhLTZlYzQtNDg4Ni1hY2M3LTdkZjdmYTkxZjA0YyJ9.2XbJLwaH0AcO9GmF4c9rYdGM1vOnRkWV0_M_G_RTfJNR28k4zwPCUDBXbnn5BPFglD0zNgiJDQM-I3kzB8s8Fg
16:59:44.269 [http-nio-9587-exec-1] INFO  c.r.f.w.s.TokenService - [getToken,237] - user: madaosen, backend Token: Bearer eyJhbGciOiJIUzUxMiJ9.eyJsb2dpbl91c2VyX2tleSI6ImYxYmJiNjVhLTZlYzQtNDg4Ni1hY2M3LTdkZjdmYTkxZjA0YyJ9.2XbJLwaH0AcO9GmF4c9rYdGM1vOnRkWV0_M_G_RTfJNR28k4zwPCUDBXbnn5BPFglD0zNgiJDQM-I3kzB8s8Fg
16:59:44.269 [http-nio-9587-exec-10] INFO  c.r.f.w.s.TokenService - [getToken,237] - user: madaosen, backend Token: Bearer eyJhbGciOiJIUzUxMiJ9.eyJsb2dpbl91c2VyX2tleSI6ImYxYmJiNjVhLTZlYzQtNDg4Ni1hY2M3LTdkZjdmYTkxZjA0YyJ9.2XbJLwaH0AcO9GmF4c9rYdGM1vOnRkWV0_M_G_RTfJNR28k4zwPCUDBXbnn5BPFglD0zNgiJDQM-I3kzB8s8Fg
16:59:49.425 [http-nio-9587-exec-8] INFO  c.r.f.w.s.TokenService - [getToken,237] - user: madaosen, backend Token: Bearer eyJhbGciOiJIUzUxMiJ9.eyJsb2dpbl91c2VyX2tleSI6ImYxYmJiNjVhLTZlYzQtNDg4Ni1hY2M3LTdkZjdmYTkxZjA0YyJ9.2XbJLwaH0AcO9GmF4c9rYdGM1vOnRkWV0_M_G_RTfJNR28k4zwPCUDBXbnn5BPFglD0zNgiJDQM-I3kzB8s8Fg
16:59:49.790 [http-nio-9587-exec-6] INFO  c.r.f.w.s.TokenService - [getToken,237] - user: madaosen, backend Token: Bearer eyJhbGciOiJIUzUxMiJ9.eyJsb2dpbl91c2VyX2tleSI6ImYxYmJiNjVhLTZlYzQtNDg4Ni1hY2M3LTdkZjdmYTkxZjA0YyJ9.2XbJLwaH0AcO9GmF4c9rYdGM1vOnRkWV0_M_G_RTfJNR28k4zwPCUDBXbnn5BPFglD0zNgiJDQM-I3kzB8s8Fg
16:59:49.793 [http-nio-9587-exec-4] INFO  c.r.f.w.s.TokenService - [getToken,237] - user: madaosen, backend Token: Bearer eyJhbGciOiJIUzUxMiJ9.eyJsb2dpbl91c2VyX2tleSI6ImYxYmJiNjVhLTZlYzQtNDg4Ni1hY2M3LTdkZjdmYTkxZjA0YyJ9.2XbJLwaH0AcO9GmF4c9rYdGM1vOnRkWV0_M_G_RTfJNR28k4zwPCUDBXbnn5BPFglD0zNgiJDQM-I3kzB8s8Fg
16:59:49.793 [http-nio-9587-exec-10] INFO  c.r.f.w.s.TokenService - [getToken,237] - user: madaosen, backend Token: Bearer eyJhbGciOiJIUzUxMiJ9.eyJsb2dpbl91c2VyX2tleSI6ImYxYmJiNjVhLTZlYzQtNDg4Ni1hY2M3LTdkZjdmYTkxZjA0YyJ9.2XbJLwaH0AcO9GmF4c9rYdGM1vOnRkWV0_M_G_RTfJNR28k4zwPCUDBXbnn5BPFglD0zNgiJDQM-I3kzB8s8Fg
16:59:49.816 [http-nio-9587-exec-3] INFO  c.r.f.w.s.TokenService - [getToken,237] - user: madaosen, backend Token: Bearer eyJhbGciOiJIUzUxMiJ9.eyJsb2dpbl91c2VyX2tleSI6ImYxYmJiNjVhLTZlYzQtNDg4Ni1hY2M3LTdkZjdmYTkxZjA0YyJ9.2XbJLwaH0AcO9GmF4c9rYdGM1vOnRkWV0_M_G_RTfJNR28k4zwPCUDBXbnn5BPFglD0zNgiJDQM-I3kzB8s8Fg
16:59:50.106 [http-nio-9587-exec-3] INFO  c.r.w.s.i.DigitalEmployeeAgentServiceImpl - [prepareChat,584] - [DEBUG] 数字员工实际发送prompt employeeCode=kcts-todo-employee conversationId=kcts-demo-1788512359950-cb4a50ec prompt=@待办数字员工

以下 JSON 中 currentUser 由科创智方服务端生成；clientReferences 仅是界面引用线索，涉及读取或写入业务数据时必须再次调用科创智方受控接口校验。附件 fileId 也必须按当前用户和 conversationId 校验后才能读取。
{"conversationId":"kcts-demo-1788512359950-cb4a50ec","attachments":[],"currentUser":{"roleIds":["operational_improvement_planner_role","pf_unit_dept_leader_role","annual_project_approval_fill_role","fill_role","rd_unit_director_role","unit_verify_role","chief_engineer_leader_role","ai_audit_rule","product_innovation_accept_role","chief_engineer_director_role","workflow_user_update_role","email","rd_unit_leader_role","professional_leader_role","pf_project_manager_role","verify_role","software_cost_manager_role","allocation_role","prospective_study_planner_role","project_read_all_role","science_technology_fill_role","pf_director_role","self_develop_planner_role","hgbz","science_technology_read_role","chief_engineer_manager_role","product_innovation_planner_role","other_accept_role"],"userName":"madaosen","userId":"460","displayName":"madaosen","roleId":"fill_role"},"clientReferences":{"businessReferences":[{"id":"todo:2094616833662640128:f86763fb-a83e-11f1-b7aa-da3bbfe162e3","kind":"todo","name":"负责人审核项目批复","projectId":"2094616833662640128","projectName":"测试流程表单","status":"负责人审核项目批复","taskId":"f86763fb-a83e-11f1-b7aa-da3bbfe162e3","taskKey":"DirectorVerifyProjectApproval"}]},"todoContext":{"schemaVersion":"1.0","status":"ready","task":{"taskId":"f86763fb-a83e-11f1-b7aa-da3bbfe162e3","taskKey":"DirectorVerifyProjectApproval","taskName":"负责人审核项目批复","projectId":"2094616833662640128","projectName":"测试流程表单","roleLabel":"当前办理人","actionType":"approval","canReject":true},"confirmation":{"required":true,"submitBy":"browser_session","submitToolAllowed":false,"label":"确认办理"},"project":{"id":"2094616833662640128","name":"测试流程表单","projectCategory":"prospective_study","projectCategoryName":"前瞻研究","projectProfessionalField":"1","projectProfessionalFieldName":"前瞻研究","isPlanProject":"2031546865748692995","isSelfDeveloped":0,"isBaseCutting":0,"requirementUnit":"zqj","requirementUnitName":"中区局","undertakeUnit":"SHGSRHCXYFJD","undertakeUnitName":"上海公司融合创新研发基地","operationUnit":"shgsrhcxyfjd","planStartDate":"2026-09-16","planEndDate":"2027-01-23"},"formSchema":[{"controlId":"FormProperty_1k0lre6","controlType":"radio","label":"审批意见","value":"","displayValue":"","required":false,"modelMaySuggest":true,"humanConfirmationRequired":true,"options":[{"value":"0","label":"同意"},{"value":"1","label":"不同意"}]},{"controlId":"FormProperty_29u8c4m","controlType":"textarea","label":"处理意见","value":"","displayValue":"","required":false,"modelMaySuggest":true,"humanConfirmationRequired":true,"options":[]},{"controlId":"rd_intelligent_compute_resource","controlType":"double","label":"研发用智算资源(单位:元)","value":"","displayValue":"","required":false,"modelMaySuggest":true,"humanConfirmationRequired":true,"options":[]}],"approvalPrefillSignals":{"sourceFound":true,"sourceFormKey":"PmFillProjectInfo","prefillValues":{"rd_intelligent_compute_resource":{"source":"act_workflow_formdata.PmFillProjectInfo.rd_intelligent_compute_resource","displayValue":"222222217","value":"222222217"}},"missingRequiredFields":[]},"responseContract":{"type":"kcts.todo_form_patch","patchKey":"formPatch","knownControlIds":["FormProperty_1k0lre6","FormProperty_29u8c4m","rd_intelligent_compute_resource"],"rules":["只能建议 formSchema 中存在的 controlId","select 和 radio 只能使用 options 中的 value","没有充分依据的字段必须留空并加入 missingFields","不得调用工具或接口提交审批，最终提交必须由浏览器当前登录用户确认"]}}}

本轮是科创智方待办辅助，todoContext 是服务端权威上下文。仅使用其中 project、formSchema 和节点 signals；不调用工具，不伪造控件或人员，不替用户提交。审批意见 radio 只用 decisionSuggestion 表达，不列入 formPatch 或 missingFields。处理意见限60个汉字；其他当前结论下的必填项无法确定时才列入 missingFields，此时 status=needs_input 且不建议 approve。只返回符合 responseContract 的一个 kcts.todo_form_patch JSON 对象，不要 Markdown 或额外说明。
16:59:51.022 [http-nio-9587-exec-8] INFO  c.r.f.w.s.TokenService - [getToken,237] - user: madaosen, backend Token: Bearer eyJhbGciOiJIUzUxMiJ9.eyJsb2dpbl91c2VyX2tleSI6ImYxYmJiNjVhLTZlYzQtNDg4Ni1hY2M3LTdkZjdmYTkxZjA0YyJ9.2XbJLwaH0AcO9GmF4c9rYdGM1vOnRkWV0_M_G_RTfJNR28k4zwPCUDBXbnn5BPFglD0zNgiJDQM-I3kzB8s8Fg
16:59:52.217 [http-nio-9587-exec-2] INFO  c.r.f.w.s.TokenService - [getToken,237] - user: madaosen, backend Token: Bearer eyJhbGciOiJIUzUxMiJ9.eyJsb2dpbl91c2VyX2tleSI6ImYxYmJiNjVhLTZlYzQtNDg4Ni1hY2M3LTdkZjdmYTkxZjA0YyJ9.2XbJLwaH0AcO9GmF4c9rYdGM1vOnRkWV0_M_G_RTfJNR28k4zwPCUDBXbnn5BPFglD0zNgiJDQM-I3kzB8s8Fg
16:59:53.418 [http-nio-9587-exec-6] INFO  c.r.f.w.s.TokenService - [getToken,237] - user: madaosen, backend Token: Bearer eyJhbGciOiJIUzUxMiJ9.eyJsb2dpbl91c2VyX2tleSI6ImYxYmJiNjVhLTZlYzQtNDg4Ni1hY2M3LTdkZjdmYTkxZjA0YyJ9.2XbJLwaH0AcO9GmF4c9rYdGM1vOnRkWV0_M_G_RTfJNR28k4zwPCUDBXbnn5BPFglD0zNgiJDQM-I3kzB8s8Fg
16:59:54.622 [http-nio-9587-exec-10] INFO  c.r.f.w.s.TokenService - [getToken,237] - user: madaosen, backend Token: Bearer eyJhbGciOiJIUzUxMiJ9.eyJsb2dpbl91c2VyX2tleSI6ImYxYmJiNjVhLTZlYzQtNDg4Ni1hY2M3LTdkZjdmYTkxZjA0YyJ9.2XbJLwaH0AcO9GmF4c9rYdGM1vOnRkWV0_M_G_RTfJNR28k4zwPCUDBXbnn5BPFglD0zNgiJDQM-I3kzB8s8Fg
16:59:55.821 [http-nio-9587-exec-3] INFO  c.r.f.w.s.TokenService - [getToken,237] - user: madaosen, backend Token: Bearer eyJhbGciOiJIUzUxMiJ9.eyJsb2dpbl91c2VyX2tleSI6ImYxYmJiNjVhLTZlYzQtNDg4Ni1hY2M3LTdkZjdmYTkxZjA0YyJ9.2XbJLwaH0AcO9GmF4c9rYdGM1vOnRkWV0_M_G_RTfJNR28k4zwPCUDBXbnn5BPFglD0zNgiJDQM-I3kzB8s8Fg
16:59:57.015 [http-nio-9587-exec-8] INFO  c.r.f.w.s.TokenService - [getToken,237] - user: madaosen, backend Token: Bearer eyJhbGciOiJIUzUxMiJ9.eyJsb2dpbl91c2VyX2tleSI6ImYxYmJiNjVhLTZlYzQtNDg4Ni1hY2M3LTdkZjdmYTkxZjA0YyJ9.2XbJLwaH0AcO9GmF4c9rYdGM1vOnRkWV0_M_G_RTfJNR28k4zwPCUDBXbnn5BPFglD0zNgiJDQM-I3kzB8s8Fg
16:59:58.216 [http-nio-9587-exec-2] INFO  c.r.f.w.s.TokenService - [getToken,237] - user: madaosen, backend Token: Bearer eyJhbGciOiJIUzUxMiJ9.eyJsb2dpbl91c2VyX2tleSI6ImYxYmJiNjVhLTZlYzQtNDg4Ni1hY2M3LTdkZjdmYTkxZjA0YyJ9.2XbJLwaH0AcO9GmF4c9rYdGM1vOnRkWV0_M_G_RTfJNR28k4zwPCUDBXbnn5BPFglD0zNgiJDQM-I3kzB8s8Fg
16:59:59.422 [http-nio-9587-exec-6] INFO  c.r.f.w.s.TokenService - [getToken,237] - user: madaosen, backend Token: Bearer eyJhbGciOiJIUzUxMiJ9.eyJsb2dpbl91c2VyX2tleSI6ImYxYmJiNjVhLTZlYzQtNDg4Ni1hY2M3LTdkZjdmYTkxZjA0YyJ9.2XbJLwaH0AcO9GmF4c9rYdGM1vOnRkWV0_M_G_RTfJNR28k4zwPCUDBXbnn5BPFglD0zNgiJDQM-I3kzB8s8Fg
16:59:59.444 [http-nio-9587-exec-1] INFO  c.r.f.w.s.TokenService - [getToken,237] - user: madaosen, backend Token: Bearer eyJhbGciOiJIUzUxMiJ9.eyJsb2dpbl91c2VyX2tleSI6ImYxYmJiNjVhLTZlYzQtNDg4Ni1hY2M3LTdkZjdmYTkxZjA0YyJ9.2XbJLwaH0AcO9GmF4c9rYdGM1vOnRkWV0_M_G_RTfJNR28k4zwPCUDBXbnn5BPFglD0zNgiJDQM-I3kzB8s8Fg
16:59:59.509 [http-nio-9587-exec-7] INFO  c.r.f.w.s.TokenService - [getToken,237] - user: madaosen, backend Token: Bearer eyJhbGciOiJIUzUxMiJ9.eyJsb2dpbl91c2VyX2tleSI6ImYxYmJiNjVhLTZlYzQtNDg4Ni1hY2M3LTdkZjdmYTkxZjA0YyJ9.2XbJLwaH0AcO9GmF4c9rYdGM1vOnRkWV0_M_G_RTfJNR28k4zwPCUDBXbnn5BPFglD0zNgiJDQM-I3kzB8s8Fg
16:59:59.840 [http-nio-9587-exec-9] INFO  c.r.f.w.s.TokenService - [getToken,237] - user: madaosen, backend Token: Bearer eyJhbGciOiJIUzUxMiJ9.eyJsb2dpbl91c2VyX2tleSI6ImYxYmJiNjVhLTZlYzQtNDg4Ni1hY2M3LTdkZjdmYTkxZjA0YyJ9.2XbJLwaH0AcO9GmF4c9rYdGM1vOnRkWV0_M_G_RTfJNR28k4zwPCUDBXbnn5BPFglD0zNgiJDQM-I3kzB8s8Fg
17:00:00.002 [schedule-pool-2] INFO  c.r.w.s.ProjectAlarmTask - [checkProjectHandleExpire,18] - ==========>projectAlarmTask.checkProjectHandleExpire  start ---------- 
17:00:00.002 [schedule-pool-4] INFO  c.r.w.s.ProjectStopTask - [checkProjectSubmitExpire,19] - ==========>ProjectStopTask.checkProjectSubmitExpire  start ---------- 
17:00:00.002 [schedule-pool-3] INFO  c.r.w.s.ScienceTechnologyReportTask - [syncScienceTechnologyReportRdInvestment,19] - ==========>ScienceTechnologyReportTask.syncScienceTechnologyReportRdInvestment  start ---------- 
17:00:00.002 [schedule-pool-5] INFO  c.r.w.s.ProjectAlarmTask - [checkProjectHandleExpireSendMail,26] - ==========>projectAlarmTask.checkProjectHandleExpireSendMail  start ---------- 
17:00:00.004 [schedule-pool-3] INFO  c.r.w.s.ScienceTechnologyReportTask - [syncScienceTechnologyReportRdInvestment,21] - ==========>ScienceTechnologyReportTask.syncScienceTechnologyReportRdInvestment  end ---------- 
17:00:00.008 [schedule-pool-4] INFO  c.r.w.s.i.ProjectInfoServiceImpl - [checkProjectSubmitExpire,4976] - ==========>项目中止检查定时任务；项目中止成功
17:00:00.009 [schedule-pool-4] INFO  c.r.w.s.ProjectStopTask - [checkProjectSubmitExpire,21] - ==========>ProjectStopTask.checkProjectSubmitExpire  end ---------- 
17:00:00.009 [schedule-pool-2] INFO  c.r.w.s.i.ProjectAlarmServiceImpl - [checkProjectHandleExpire,268] - ==========>项目告警检查定时任务；项目告警成功
17:00:00.009 [schedule-pool-5] INFO  c.r.w.s.i.ProjectAlarmServiceImpl - [checkProjectHandleExpireSendMail,134] - ==========>项目处理超时发送邮件定时任务；执行成功
17:00:00.010 [schedule-pool-2] INFO  c.r.w.s.ProjectAlarmTask - [checkProjectHandleExpire,20] - ==========>checkProjectHandleExpire.checkProjectHandleExpire  end ---------- 
17:00:00.010 [schedule-pool-5] INFO  c.r.w.s.ProjectAlarmTask - [checkProjectHandleExpireSendMail,28] - ==========>checkProjectHandleExpire.checkProjectHandleExpireSendMail  end ---------- 
17:00:00.624 [http-nio-9587-exec-5] INFO  c.r.f.w.s.TokenService - [getToken,237] - user: madaosen, backend Token: Bearer eyJhbGciOiJIUzUxMiJ9.eyJsb2dpbl91c2VyX2tleSI6ImYxYmJiNjVhLTZlYzQtNDg4Ni1hY2M3LTdkZjdmYTkxZjA0YyJ9.2XbJLwaH0AcO9GmF4c9rYdGM1vOnRkWV0_M_G_RTfJNR28k4zwPCUDBXbnn5BPFglD0zNgiJDQM-I3kzB8s8Fg
17:00:00.660 [http-nio-9587-exec-6] INFO  c.r.f.w.s.TokenService - [getToken,237] - user: madaosen, backend Token: Bearer eyJhbGciOiJIUzUxMiJ9.eyJsb2dpbl91c2VyX2tleSI6ImYxYmJiNjVhLTZlYzQtNDg4Ni1hY2M3LTdkZjdmYTkxZjA0YyJ9.2XbJLwaH0AcO9GmF4c9rYdGM1vOnRkWV0_M_G_RTfJNR28k4zwPCUDBXbnn5BPFglD0zNgiJDQM-I3kzB8s8Fg
17:00:00.678 [http-nio-9587-exec-1] INFO  c.r.f.w.s.TokenService - [getToken,237] - user: madaosen, backend Token: Bearer eyJhbGciOiJIUzUxMiJ9.eyJsb2dpbl91c2VyX2tleSI6ImYxYmJiNjVhLTZlYzQtNDg4Ni1hY2M3LTdkZjdmYTkxZjA0YyJ9.2XbJLwaH0AcO9GmF4c9rYdGM1vOnRkWV0_M_G_RTfJNR28k4zwPCUDBXbnn5BPFglD0zNgiJDQM-I3kzB8s8Fg
17:00:18.290 [http-nio-9587-exec-7] INFO  c.r.f.w.s.TokenService - [getToken,237] - user: madaosen, backend Token: Bearer eyJhbGciOiJIUzUxMiJ9.eyJsb2dpbl91c2VyX2tleSI6ImYxYmJiNjVhLTZlYzQtNDg4Ni1hY2M3LTdkZjdmYTkxZjA0YyJ9.2XbJLwaH0AcO9GmF4c9rYdGM1vOnRkWV0_M_G_RTfJNR28k4zwPCUDBXbnn5BPFglD0zNgiJDQM-I3kzB8s8Fg
17:00:18.311 [http-nio-9587-exec-7] INFO  c.r.w.l.TaskEventV2Listener - [onEvent,105] - EVENT :TASK_ASSIGNED
17:00:18.327 [http-nio-9587-exec-7] INFO  c.r.w.l.TaskEventV2Listener - [onEvent,105] - EVENT :TASK_COMPLETED
17:00:18.328 [http-nio-9587-exec-7] INFO  c.r.w.l.TaskEventV2Listener - [onEvent,121] - username :31070911
17:00:18.409 [http-nio-9587-exec-7] INFO  c.r.w.l.TaskEventV2Listener - [onEvent,121] - username :31071988
17:00:18.490 [http-nio-9587-exec-7] INFO  c.r.w.l.TaskEventV2Listener - [onEvent,121] - username :madaosen
17:00:18.574 [http-nio-9587-exec-7] INFO  c.r.w.l.TaskEventV2Listener - [onEvent,121] - username :mds01
17:00:18.659 [http-nio-9587-exec-7] INFO  c.r.w.l.TaskEventV2Listener - [onEvent,121] - username :daiqi
17:00:18.741 [http-nio-9587-exec-7] INFO  c.r.w.l.TaskEventV2Listener - [onEvent,121] - username :ceshi_shenhe
17:00:18.841 [http-nio-9587-exec-7] INFO  c.r.w.l.TaskEventV2Listener - [onEvent,121] - username :xiaoneng
17:00:18.914 [http-nio-9587-exec-7] INFO  c.r.w.l.TaskEventV2Listener - [onEvent,121] - username :enci
17:00:19.008 [http-nio-9587-exec-7] INFO  c.r.w.l.TaskEventV2Listener - [onEvent,105] - EVENT :TASK_CREATED
17:00:19.011 [http-nio-9587-exec-7] INFO  c.r.f.w.s.TokenService - [getToken,237] - user: madaosen, backend Token: Bearer eyJhbGciOiJIUzUxMiJ9.eyJsb2dpbl91c2VyX2tleSI6ImYxYmJiNjVhLTZlYzQtNDg4Ni1hY2M3LTdkZjdmYTkxZjA0YyJ9.2XbJLwaH0AcO9GmF4c9rYdGM1vOnRkWV0_M_G_RTfJNR28k4zwPCUDBXbnn5BPFglD0zNgiJDQM-I3kzB8s8Fg
17:00:19.014 [http-nio-9587-exec-7] INFO  c.r.w.s.i.AiAgentTaskExecutionServiceImpl - [createWorkflowNodeTasks,320] - 审批流程节点未绑定自动执行且已启用的Agent，projectId=2094616833662640128, nodeId=DeptLeaderVerifyProjectApproval
17:00:19.014 [http-nio-9587-exec-7] INFO  c.r.w.l.TaskEventV2Listener - [onEvent,127] - username :kangz
17:00:19.102 [http-nio-9587-exec-7] INFO  c.r.w.l.TaskEventV2Listener - [createOaTask,240] - task0: Task{createDate='2026-09-04 17:00:19', createOrg='45', createUser='madaosen', createUserName='madaosen', expiryDate='null', kindName='null', moduleName='null', needInputPwd='null', oaIId='null', oaMkId='null', receiveUser='kangz', receiveUserName='慷总', synId='null', synType='1', taskId='0d9d893f-a83f-11f1-b7aa-da3bbfe162e3', tasksType='1', title='全生命周期平台督办：部门领导审核项目批复--测试流程表单', type='0', url='http://www.sh.ctc.com/EFFPRO2/oa_verify?taskId=0d9d622e-a83f-11f1-b7aa-da3bbfe162e3&redirect=%2FEFFPRO2%2Fproject%2FagencyProject%2FdetailPage%3Fid%3D2094616833662640128'}
17:00:19.104 [http-nio-9587-exec-7] INFO  c.r.w.l.TaskEventV2Listener - [onEvent,127] - username :31051401
17:00:19.176 [http-nio-9587-exec-7] INFO  c.r.w.l.TaskEventV2Listener - [createOaTask,240] - task0: Task{createDate='2026-09-04 17:00:19', createOrg='45', createUser='madaosen', createUserName='madaosen', expiryDate='null', kindName='null', moduleName='null', needInputPwd='null', oaIId='null', oaMkId='null', receiveUser='31051401', receiveUserName='张慷', synId='null', synType='1', taskId='0d9db051-a83f-11f1-b7aa-da3bbfe162e3', tasksType='1', title='全生命周期平台督办：部门领导审核项目批复--测试流程表单', type='0', url='http://www.sh.ctc.com/EFFPRO2/oa_verify?taskId=0d9d622e-a83f-11f1-b7aa-da3bbfe162e3&redirect=%2FEFFPRO2%2Fproject%2FagencyProject%2FdetailPage%3Fid%3D2094616833662640128'}
17:00:19.177 [http-nio-9587-exec-7] INFO  c.r.w.l.TaskEventV2Listener - [onEvent,127] - username :31027380
17:00:19.251 [http-nio-9587-exec-7] INFO  c.r.w.l.TaskEventV2Listener - [createOaTask,240] - task0: Task{createDate='2026-09-04 17:00:19', createOrg='45', createUser='madaosen', createUserName='madaosen', expiryDate='null', kindName='null', moduleName='null', needInputPwd='null', oaIId='null', oaMkId='null', receiveUser='31027380', receiveUserName='林赟炜', synId='null', synType='1', taskId='0d9db053-a83f-11f1-b7aa-da3bbfe162e3', tasksType='1', title='全生命周期平台督办：部门领导审核项目批复--测试流程表单', type='0', url='http://www.sh.ctc.com/EFFPRO2/oa_verify?taskId=0d9d622e-a83f-11f1-b7aa-da3bbfe162e3&redirect=%2FEFFPRO2%2Fproject%2FagencyProject%2FdetailPage%3Fid%3D2094616833662640128'}
17:00:19.253 [http-nio-9587-exec-7] INFO  c.r.w.l.TaskEventV2Listener - [onEvent,127] - username :madaosen
17:00:19.332 [http-nio-9587-exec-7] INFO  c.r.w.l.TaskEventV2Listener - [createOaTask,240] - task0: Task{createDate='2026-09-04 17:00:19', createOrg='45', createUser='madaosen', createUserName='madaosen', expiryDate='null', kindName='null', moduleName='null', needInputPwd='null', oaIId='null', oaMkId='null', receiveUser='madaosen', receiveUserName='madaosen', synId='null', synType='1', taskId='0d9db054-a83f-11f1-b7aa-da3bbfe162e3', tasksType='1', title='全生命周期平台督办：部门领导审核项目批复--测试流程表单', type='0', url='http://www.sh.ctc.com/EFFPRO2/oa_verify?taskId=0d9d622e-a83f-11f1-b7aa-da3bbfe162e3&redirect=%2FEFFPRO2%2Fproject%2FagencyProject%2FdetailPage%3Fid%3D2094616833662640128'}
17:00:19.334 [http-nio-9587-exec-7] INFO  c.r.w.l.TaskEventV2Listener - [onEvent,127] - username :mds01
17:00:19.408 [http-nio-9587-exec-7] INFO  c.r.w.l.TaskEventV2Listener - [createOaTask,240] - task0: Task{createDate='2026-09-04 17:00:19', createOrg='45', createUser='madaosen', createUserName='madaosen', expiryDate='null', kindName='null', moduleName='null', needInputPwd='null', oaIId='null', oaMkId='null', receiveUser='mds01', receiveUserName='mds01', synId='null', synType='1', taskId='0d9db055-a83f-11f1-b7aa-da3bbfe162e3', tasksType='1', title='全生命周期平台督办：部门领导审核项目批复--测试流程表单', type='0', url='http://www.sh.ctc.com/EFFPRO2/oa_verify?taskId=0d9d622e-a83f-11f1-b7aa-da3bbfe162e3&redirect=%2FEFFPRO2%2Fproject%2FagencyProject%2FdetailPage%3Fid%3D2094616833662640128'}
17:00:19.410 [http-nio-9587-exec-7] INFO  c.r.w.l.TaskEventV2Listener - [onEvent,127] - username :daiqi
17:00:19.490 [http-nio-9587-exec-7] INFO  c.r.w.l.TaskEventV2Listener - [createOaTask,240] - task0: Task{createDate='2026-09-04 17:00:19', createOrg='45', createUser='madaosen', createUserName='madaosen', expiryDate='null', kindName='null', moduleName='null', needInputPwd='null', oaIId='null', oaMkId='null', receiveUser='daiqi', receiveUserName='daiqi', synId='null', synType='1', taskId='0d9db056-a83f-11f1-b7aa-da3bbfe162e3', tasksType='1', title='全生命周期平台督办：部门领导审核项目批复--测试流程表单', type='0', url='http://www.sh.ctc.com/EFFPRO2/oa_verify?taskId=0d9d622e-a83f-11f1-b7aa-da3bbfe162e3&redirect=%2FEFFPRO2%2Fproject%2FagencyProject%2FdetailPage%3Fid%3D2094616833662640128'}
17:00:19.492 [http-nio-9587-exec-7] INFO  c.r.w.l.TaskEventV2Listener - [onEvent,127] - username :ceshi_shenhe
17:00:19.565 [http-nio-9587-exec-7] INFO  c.r.w.l.TaskEventV2Listener - [createOaTask,240] - task0: Task{createDate='2026-09-04 17:00:19', createOrg='45', createUser='madaosen', createUserName='madaosen', expiryDate='null', kindName='null', moduleName='null', needInputPwd='null', oaIId='null', oaMkId='null', receiveUser='ceshi_shenhe', receiveUserName='融创单位审核员', synId='null', synType='1', taskId='0d9db057-a83f-11f1-b7aa-da3bbfe162e3', tasksType='1', title='全生命周期平台督办：部门领导审核项目批复--测试流程表单', type='0', url='http://www.sh.ctc.com/EFFPRO2/oa_verify?taskId=0d9d622e-a83f-11f1-b7aa-da3bbfe162e3&redirect=%2FEFFPRO2%2Fproject%2FagencyProject%2FdetailPage%3Fid%3D2094616833662640128'}
17:00:19.567 [http-nio-9587-exec-7] INFO  c.r.w.l.TaskEventV2Listener - [onEvent,127] - username :xiaoneng
17:00:19.641 [http-nio-9587-exec-7] INFO  c.r.w.l.TaskEventV2Listener - [createOaTask,240] - task0: Task{createDate='2026-09-04 17:00:19', createOrg='45', createUser='madaosen', createUserName='madaosen', expiryDate='null', kindName='null', moduleName='null', needInputPwd='null', oaIId='null', oaMkId='null', receiveUser='xiaoneng', receiveUserName='小能', synId='null', synType='1', taskId='0d9db058-a83f-11f1-b7aa-da3bbfe162e3', tasksType='1', title='全生命周期平台督办：部门领导审核项目批复--测试流程表单', type='0', url='http://www.sh.ctc.com/EFFPRO2/oa_verify?taskId=0d9d622e-a83f-11f1-b7aa-da3bbfe162e3&redirect=%2FEFFPRO2%2Fproject%2FagencyProject%2FdetailPage%3Fid%3D2094616833662640128'}
17:00:19.643 [http-nio-9587-exec-7] INFO  c.r.w.l.TaskEventV2Listener - [onEvent,127] - username :enci
17:00:19.720 [http-nio-9587-exec-7] INFO  c.r.w.l.TaskEventV2Listener - [createOaTask,240] - task0: Task{createDate='2026-09-04 17:00:19', createOrg='45', createUser='madaosen', createUserName='madaosen', expiryDate='null', kindName='null', moduleName='null', needInputPwd='null', oaIId='null', oaMkId='null', receiveUser='enci', receiveUserName='enci', synId='null', synType='1', taskId='0d9db059-a83f-11f1-b7aa-da3bbfe162e3', tasksType='1', title='全生命周期平台督办：部门领导审核项目批复--测试流程表单', type='0', url='http://www.sh.ctc.com/EFFPRO2/oa_verify?taskId=0d9d622e-a83f-11f1-b7aa-da3bbfe162e3&redirect=%2FEFFPRO2%2Fproject%2FagencyProject%2FdetailPage%3Fid%3D2094616833662640128'}
17:00:19.760 [http-nio-9587-exec-1] INFO  c.r.f.w.s.TokenService - [getToken,237] - user: madaosen, backend Token: Bearer eyJhbGciOiJIUzUxMiJ9.eyJsb2dpbl91c2VyX2tleSI6ImYxYmJiNjVhLTZlYzQtNDg4Ni1hY2M3LTdkZjdmYTkxZjA0YyJ9.2XbJLwaH0AcO9GmF4c9rYdGM1vOnRkWV0_M_G_RTfJNR28k4zwPCUDBXbnn5BPFglD0zNgiJDQM-I3kzB8s8Fg
17:00:19.760 [http-nio-9587-exec-6] INFO  c.r.f.w.s.TokenService - [getToken,237] - user: madaosen, backend Token: Bearer eyJhbGciOiJIUzUxMiJ9.eyJsb2dpbl91c2VyX2tleSI6ImYxYmJiNjVhLTZlYzQtNDg4Ni1hY2M3LTdkZjdmYTkxZjA0YyJ9.2XbJLwaH0AcO9GmF4c9rYdGM1vOnRkWV0_M_G_RTfJNR28k4zwPCUDBXbnn5BPFglD0zNgiJDQM-I3kzB8s8Fg
17:00:19.760 [http-nio-9587-exec-4] INFO  c.r.f.w.s.TokenService - [getToken,237] - user: madaosen, backend Token: Bearer eyJhbGciOiJIUzUxMiJ9.eyJsb2dpbl91c2VyX2tleSI6ImYxYmJiNjVhLTZlYzQtNDg4Ni1hY2M3LTdkZjdmYTkxZjA0YyJ9.2XbJLwaH0AcO9GmF4c9rYdGM1vOnRkWV0_M_G_RTfJNR28k4zwPCUDBXbnn5BPFglD0zNgiJDQM-I3kzB8s8Fg
17:00:19.760 [http-nio-9587-exec-10] INFO  c.r.f.w.s.TokenService - [getToken,237] - user: madaosen, backend Token: Bearer eyJhbGciOiJIUzUxMiJ9.eyJsb2dpbl91c2VyX2tleSI6ImYxYmJiNjVhLTZlYzQtNDg4Ni1hY2M3LTdkZjdmYTkxZjA0YyJ9.2XbJLwaH0AcO9GmF4c9rYdGM1vOnRkWV0_M_G_RTfJNR28k4zwPCUDBXbnn5BPFglD0zNgiJDQM-I3kzB8s8Fg
17:00:22.967 [http-nio-9587-exec-9] INFO  c.r.f.w.s.TokenService - [getToken,237] - user: madaosen, backend Token: Bearer eyJhbGciOiJIUzUxMiJ9.eyJsb2dpbl91c2VyX2tleSI6ImYxYmJiNjVhLTZlYzQtNDg4Ni1hY2M3LTdkZjdmYTkxZjA0YyJ9.2XbJLwaH0AcO9GmF4c9rYdGM1vOnRkWV0_M_G_RTfJNR28k4zwPCUDBXbnn5BPFglD0zNgiJDQM-I3kzB8s8Fg
17:00:23.287 [http-nio-9587-exec-4] INFO  c.r.f.w.s.TokenService - [getToken,237] - user: madaosen, backend Token: Bearer eyJhbGciOiJIUzUxMiJ9.eyJsb2dpbl91c2VyX2tleSI6ImYxYmJiNjVhLTZlYzQtNDg4Ni1hY2M3LTdkZjdmYTkxZjA0YyJ9.2XbJLwaH0AcO9GmF4c9rYdGM1vOnRkWV0_M_G_RTfJNR28k4zwPCUDBXbnn5BPFglD0zNgiJDQM-I3kzB8s8Fg
17:00:23.289 [http-nio-9587-exec-1] INFO  c.r.f.w.s.TokenService - [getToken,237] - user: madaosen, backend Token: Bearer eyJhbGciOiJIUzUxMiJ9.eyJsb2dpbl91c2VyX2tleSI6ImYxYmJiNjVhLTZlYzQtNDg4Ni1hY2M3LTdkZjdmYTkxZjA0YyJ9.2XbJLwaH0AcO9GmF4c9rYdGM1vOnRkWV0_M_G_RTfJNR28k4zwPCUDBXbnn5BPFglD0zNgiJDQM-I3kzB8s8Fg
17:00:23.289 [http-nio-9587-exec-6] INFO  c.r.f.w.s.TokenService - [getToken,237] - user: madaosen, backend Token: Bearer eyJhbGciOiJIUzUxMiJ9.eyJsb2dpbl91c2VyX2tleSI6ImYxYmJiNjVhLTZlYzQtNDg4Ni1hY2M3LTdkZjdmYTkxZjA0YyJ9.2XbJLwaH0AcO9GmF4c9rYdGM1vOnRkWV0_M_G_RTfJNR28k4zwPCUDBXbnn5BPFglD0zNgiJDQM-I3kzB8s8Fg
17:00:23.303 [http-nio-9587-exec-7] INFO  c.r.f.w.s.TokenService - [getToken,237] - user: madaosen, backend Token: Bearer eyJhbGciOiJIUzUxMiJ9.eyJsb2dpbl91c2VyX2tleSI6ImYxYmJiNjVhLTZlYzQtNDg4Ni1hY2M3LTdkZjdmYTkxZjA0YyJ9.2XbJLwaH0AcO9GmF4c9rYdGM1vOnRkWV0_M_G_RTfJNR28k4zwPCUDBXbnn5BPFglD0zNgiJDQM-I3kzB8s8Fg
17:00:23.592 [http-nio-9587-exec-7] INFO  c.r.w.s.i.DigitalEmployeeAgentServiceImpl - [prepareChat,584] - [DEBUG] 数字员工实际发送prompt employeeCode=kcts-todo-employee conversationId=kcts-demo-1788512359950-cb4a50ec prompt=@待办数字员工

以下 JSON 中 currentUser 由科创智方服务端生成；clientReferences 仅是界面引用线索，涉及读取或写入业务数据时必须再次调用科创智方受控接口校验。附件 fileId 也必须按当前用户和 conversationId 校验后才能读取。
{"conversationId":"kcts-demo-1788512359950-cb4a50ec","attachments":[],"currentUser":{"roleIds":["operational_improvement_planner_role","pf_unit_dept_leader_role","annual_project_approval_fill_role","fill_role","rd_unit_director_role","unit_verify_role","chief_engineer_leader_role","ai_audit_rule","product_innovation_accept_role","chief_engineer_director_role","workflow_user_update_role","email","rd_unit_leader_role","professional_leader_role","pf_project_manager_role","verify_role","software_cost_manager_role","allocation_role","prospective_study_planner_role","project_read_all_role","science_technology_fill_role","pf_director_role","self_develop_planner_role","hgbz","science_technology_read_role","chief_engineer_manager_role","product_innovation_planner_role","other_accept_role"],"userName":"madaosen","userId":"460","displayName":"madaosen","roleId":"fill_role"},"clientReferences":{"businessReferences":[{"id":"todo:2094616833662640128:0d9d622e-a83f-11f1-b7aa-da3bbfe162e3","kind":"todo","name":"部门领导审核项目批复","projectId":"2094616833662640128","projectName":"测试流程表单","status":"部门领导审核项目批复","taskId":"0d9d622e-a83f-11f1-b7aa-da3bbfe162e3","taskKey":"DeptLeaderVerifyProjectApproval"}]},"todoContext":{"schemaVersion":"1.0","status":"ready","task":{"taskId":"0d9d622e-a83f-11f1-b7aa-da3bbfe162e3","taskKey":"DeptLeaderVerifyProjectApproval","taskName":"部门领导审核项目批复","projectId":"2094616833662640128","projectName":"测试流程表单","roleLabel":"当前办理人","actionType":"approval","canReject":true},"confirmation":{"required":true,"submitBy":"browser_session","submitToolAllowed":false,"label":"确认办理"},"project":{"id":"2094616833662640128","name":"测试流程表单","projectCategory":"prospective_study","projectCategoryName":"前瞻研究","projectProfessionalField":"1","projectProfessionalFieldName":"前瞻研究","isPlanProject":"2031546865748692995","isSelfDeveloped":0,"isBaseCutting":0,"requirementUnit":"zqj","requirementUnitName":"中区局","undertakeUnit":"SHGSRHCXYFJD","undertakeUnitName":"上海公司融合创新研发基地","operationUnit":"shgsrhcxyfjd","planStartDate":"2026-09-16","planEndDate":"2027-01-23"},"formSchema":[{"controlId":"FormProperty_3eqvhis","controlType":"radio","label":"审批意见","value":"","displayValue":"","required":false,"modelMaySuggest":true,"humanConfirmationRequired":true,"options":[{"value":"0","label":"同意"},{"value":"1","label":"不同意"}]},{"controlId":"FormProperty_0vd2qmm","controlType":"textarea","label":"处理意见","value":"","displayValue":"","required":false,"modelMaySuggest":true,"humanConfirmationRequired":true,"options":[]},{"controlId":"rd_intelligent_compute_resource","controlType":"double","label":"研发用智算资源(单位:元)","value":"","displayValue":"","required":false,"modelMaySuggest":true,"humanConfirmationRequired":true,"options":[]}],"approvalPrefillSignals":{"sourceFound":true,"sourceFormKey":"DirectorVerifyProjectApproval","prefillValues":{"rd_intelligent_compute_resource":{"source":"act_workflow_formdata.DirectorVerifyProjectApproval.rd_intelligent_compute_resource","displayValue":"222222217","value":"222222217"}},"missingRequiredFields":[]},"responseContract":{"type":"kcts.todo_form_patch","patchKey":"formPatch","knownControlIds":["FormProperty_3eqvhis","FormProperty_0vd2qmm","rd_intelligent_compute_resource"],"rules":["只能建议 formSchema 中存在的 controlId","select 和 radio 只能使用 options 中的 value","没有充分依据的字段必须留空并加入 missingFields","不得调用工具或接口提交审批，最终提交必须由浏览器当前登录用户确认"]}}}

本轮是科创智方待办辅助，todoContext 是服务端权威上下文。仅使用其中 project、formSchema 和节点 signals；不调用工具，不伪造控件或人员，不替用户提交。审批意见 radio 只用 decisionSuggestion 表达，不列入 formPatch 或 missingFields。处理意见限60个汉字；其他当前结论下的必填项无法确定时才列入 missingFields，此时 status=needs_input 且不建议 approve。只返回符合 responseContract 的一个 kcts.todo_form_patch JSON 对象，不要 Markdown 或额外说明。
17:00:24.508 [http-nio-9587-exec-9] INFO  c.r.f.w.s.TokenService - [getToken,237] - user: madaosen, backend Token: Bearer eyJhbGciOiJIUzUxMiJ9.eyJsb2dpbl91c2VyX2tleSI6ImYxYmJiNjVhLTZlYzQtNDg4Ni1hY2M3LTdkZjdmYTkxZjA0YyJ9.2XbJLwaH0AcO9GmF4c9rYdGM1vOnRkWV0_M_G_RTfJNR28k4zwPCUDBXbnn5BPFglD0zNgiJDQM-I3kzB8s8Fg
17:00:25.710 [http-nio-9587-exec-2] INFO  c.r.f.w.s.TokenService - [getToken,237] - user: madaosen, backend Token: Bearer eyJhbGciOiJIUzUxMiJ9.eyJsb2dpbl91c2VyX2tleSI6ImYxYmJiNjVhLTZlYzQtNDg4Ni1hY2M3LTdkZjdmYTkxZjA0YyJ9.2XbJLwaH0AcO9GmF4c9rYdGM1vOnRkWV0_M_G_RTfJNR28k4zwPCUDBXbnn5BPFglD0zNgiJDQM-I3kzB8s8Fg
17:00:26.912 [http-nio-9587-exec-4] INFO  c.r.f.w.s.TokenService - [getToken,237] - user: madaosen, backend Token: Bearer eyJhbGciOiJIUzUxMiJ9.eyJsb2dpbl91c2VyX2tleSI6ImYxYmJiNjVhLTZlYzQtNDg4Ni1hY2M3LTdkZjdmYTkxZjA0YyJ9.2XbJLwaH0AcO9GmF4c9rYdGM1vOnRkWV0_M_G_RTfJNR28k4zwPCUDBXbnn5BPFglD0zNgiJDQM-I3kzB8s8Fg
17:00:28.106 [http-nio-9587-exec-1] INFO  c.r.f.w.s.TokenService - [getToken,237] - user: madaosen, backend Token: Bearer eyJhbGciOiJIUzUxMiJ9.eyJsb2dpbl91c2VyX2tleSI6ImYxYmJiNjVhLTZlYzQtNDg4Ni1hY2M3LTdkZjdmYTkxZjA0YyJ9.2XbJLwaH0AcO9GmF4c9rYdGM1vOnRkWV0_M_G_RTfJNR28k4zwPCUDBXbnn5BPFglD0zNgiJDQM-I3kzB8s8Fg
17:00:29.309 [http-nio-9587-exec-7] INFO  c.r.f.w.s.TokenService - [getToken,237] - user: madaosen, backend Token: Bearer eyJhbGciOiJIUzUxMiJ9.eyJsb2dpbl91c2VyX2tleSI6ImYxYmJiNjVhLTZlYzQtNDg4Ni1hY2M3LTdkZjdmYTkxZjA0YyJ9.2XbJLwaH0AcO9GmF4c9rYdGM1vOnRkWV0_M_G_RTfJNR28k4zwPCUDBXbnn5BPFglD0zNgiJDQM-I3kzB8s8Fg
17:00:30.506 [http-nio-9587-exec-9] INFO  c.r.f.w.s.TokenService - [getToken,237] - user: madaosen, backend Token: Bearer eyJhbGciOiJIUzUxMiJ9.eyJsb2dpbl91c2VyX2tleSI6ImYxYmJiNjVhLTZlYzQtNDg4Ni1hY2M3LTdkZjdmYTkxZjA0YyJ9.2XbJLwaH0AcO9GmF4c9rYdGM1vOnRkWV0_M_G_RTfJNR28k4zwPCUDBXbnn5BPFglD0zNgiJDQM-I3kzB8s8Fg
17:00:31.129 [http-nio-9587-exec-5] INFO  c.r.f.w.s.TokenService - [getToken,237] - user: madaosen, backend Token: Bearer eyJhbGciOiJIUzUxMiJ9.eyJsb2dpbl91c2VyX2tleSI6ImYxYmJiNjVhLTZlYzQtNDg4Ni1hY2M3LTdkZjdmYTkxZjA0YyJ9.2XbJLwaH0AcO9GmF4c9rYdGM1vOnRkWV0_M_G_RTfJNR28k4zwPCUDBXbnn5BPFglD0zNgiJDQM-I3kzB8s8Fg
17:00:31.157 [http-nio-9587-exec-6] INFO  c.r.f.w.s.TokenService - [getToken,237] - user: madaosen, backend Token: Bearer eyJhbGciOiJIUzUxMiJ9.eyJsb2dpbl91c2VyX2tleSI6ImYxYmJiNjVhLTZlYzQtNDg4Ni1hY2M3LTdkZjdmYTkxZjA0YyJ9.2XbJLwaH0AcO9GmF4c9rYdGM1vOnRkWV0_M_G_RTfJNR28k4zwPCUDBXbnn5BPFglD0zNgiJDQM-I3kzB8s8Fg
17:00:31.486 [http-nio-9587-exec-3] INFO  c.r.f.w.s.TokenService - [getToken,237] - user: madaosen, backend Token: Bearer eyJhbGciOiJIUzUxMiJ9.eyJsb2dpbl91c2VyX2tleSI6ImYxYmJiNjVhLTZlYzQtNDg4Ni1hY2M3LTdkZjdmYTkxZjA0YyJ9.2XbJLwaH0AcO9GmF4c9rYdGM1vOnRkWV0_M_G_RTfJNR28k4zwPCUDBXbnn5BPFglD0zNgiJDQM-I3kzB8s8Fg
17:00:31.708 [http-nio-9587-exec-8] INFO  c.r.f.w.s.TokenService - [getToken,237] - user: madaosen, backend Token: Bearer eyJhbGciOiJIUzUxMiJ9.eyJsb2dpbl91c2VyX2tleSI6ImYxYmJiNjVhLTZlYzQtNDg4Ni1hY2M3LTdkZjdmYTkxZjA0YyJ9.2XbJLwaH0AcO9GmF4c9rYdGM1vOnRkWV0_M_G_RTfJNR28k4zwPCUDBXbnn5BPFglD0zNgiJDQM-I3kzB8s8Fg
17:00:32.306 [http-nio-9587-exec-10] INFO  c.r.f.w.s.TokenService - [getToken,237] - user: madaosen, backend Token: Bearer eyJhbGciOiJIUzUxMiJ9.eyJsb2dpbl91c2VyX2tleSI6ImYxYmJiNjVhLTZlYzQtNDg4Ni1hY2M3LTdkZjdmYTkxZjA0YyJ9.2XbJLwaH0AcO9GmF4c9rYdGM1vOnRkWV0_M_G_RTfJNR28k4zwPCUDBXbnn5BPFglD0zNgiJDQM-I3kzB8s8Fg
17:00:32.324 [http-nio-9587-exec-5] INFO  c.r.f.w.s.TokenService - [getToken,237] - user: madaosen, backend Token: Bearer eyJhbGciOiJIUzUxMiJ9.eyJsb2dpbl91c2VyX2tleSI6ImYxYmJiNjVhLTZlYzQtNDg4Ni1hY2M3LTdkZjdmYTkxZjA0YyJ9.2XbJLwaH0AcO9GmF4c9rYdGM1vOnRkWV0_M_G_RTfJNR28k4zwPCUDBXbnn5BPFglD0zNgiJDQM-I3kzB8s8Fg
17:02:25.408 [http-nio-9587-exec-1] INFO  c.r.f.w.s.TokenService - [getToken,237] - user: madaosen, backend Token: Bearer eyJhbGciOiJIUzUxMiJ9.eyJsb2dpbl91c2VyX2tleSI6ImYxYmJiNjVhLTZlYzQtNDg4Ni1hY2M3LTdkZjdmYTkxZjA0YyJ9.2XbJLwaH0AcO9GmF4c9rYdGM1vOnRkWV0_M_G_RTfJNR28k4zwPCUDBXbnn5BPFglD0zNgiJDQM-I3kzB8s8Fg
17:02:25.411 [http-nio-9587-exec-2] INFO  c.r.f.w.s.TokenService - [getToken,237] - user: madaosen, backend Token: Bearer eyJhbGciOiJIUzUxMiJ9.eyJsb2dpbl91c2VyX2tleSI6ImYxYmJiNjVhLTZlYzQtNDg4Ni1hY2M3LTdkZjdmYTkxZjA0YyJ9.2XbJLwaH0AcO9GmF4c9rYdGM1vOnRkWV0_M_G_RTfJNR28k4zwPCUDBXbnn5BPFglD0zNgiJDQM-I3kzB8s8Fg
17:02:25.415 [http-nio-9587-exec-4] INFO  c.r.f.w.s.TokenService - [getToken,237] - user: madaosen, backend Token: Bearer eyJhbGciOiJIUzUxMiJ9.eyJsb2dpbl91c2VyX2tleSI6ImYxYmJiNjVhLTZlYzQtNDg4Ni1hY2M3LTdkZjdmYTkxZjA0YyJ9.2XbJLwaH0AcO9GmF4c9rYdGM1vOnRkWV0_M_G_RTfJNR28k4zwPCUDBXbnn5BPFglD0zNgiJDQM-I3kzB8s8Fg
17:02:25.416 [http-nio-9587-exec-6] INFO  c.r.f.w.s.TokenService - [getToken,237] - user: madaosen, backend Token: Bearer eyJhbGciOiJIUzUxMiJ9.eyJsb2dpbl91c2VyX2tleSI6ImYxYmJiNjVhLTZlYzQtNDg4Ni1hY2M3LTdkZjdmYTkxZjA0YyJ9.2XbJLwaH0AcO9GmF4c9rYdGM1vOnRkWV0_M_G_RTfJNR28k4zwPCUDBXbnn5BPFglD0zNgiJDQM-I3kzB8s8Fg
17:02:25.416 [http-nio-9587-exec-5] INFO  c.r.f.w.s.TokenService - [getToken,237] - user: madaosen, backend Token: Bearer eyJhbGciOiJIUzUxMiJ9.eyJsb2dpbl91c2VyX2tleSI6ImYxYmJiNjVhLTZlYzQtNDg4Ni1hY2M3LTdkZjdmYTkxZjA0YyJ9.2XbJLwaH0AcO9GmF4c9rYdGM1vOnRkWV0_M_G_RTfJNR28k4zwPCUDBXbnn5BPFglD0zNgiJDQM-I3kzB8s8Fg
17:02:25.420 [http-nio-9587-exec-7] INFO  c.r.f.w.s.TokenService - [getToken,237] - user: madaosen, backend Token: Bearer eyJhbGciOiJIUzUxMiJ9.eyJsb2dpbl91c2VyX2tleSI6ImYxYmJiNjVhLTZlYzQtNDg4Ni1hY2M3LTdkZjdmYTkxZjA0YyJ9.2XbJLwaH0AcO9GmF4c9rYdGM1vOnRkWV0_M_G_RTfJNR28k4zwPCUDBXbnn5BPFglD0zNgiJDQM-I3kzB8s8Fg
17:02:25.446 [http-nio-9587-exec-10] INFO  c.r.f.w.s.TokenService - [getToken,237] - user: madaosen, backend Token: Bearer eyJhbGciOiJIUzUxMiJ9.eyJsb2dpbl91c2VyX2tleSI6ImYxYmJiNjVhLTZlYzQtNDg4Ni1hY2M3LTdkZjdmYTkxZjA0YyJ9.2XbJLwaH0AcO9GmF4c9rYdGM1vOnRkWV0_M_G_RTfJNR28k4zwPCUDBXbnn5BPFglD0zNgiJDQM-I3kzB8s8Fg
17:02:25.451 [http-nio-9587-exec-9] INFO  c.r.f.w.s.TokenService - [getToken,237] - user: madaosen, backend Token: Bearer eyJhbGciOiJIUzUxMiJ9.eyJsb2dpbl91c2VyX2tleSI6ImYxYmJiNjVhLTZlYzQtNDg4Ni1hY2M3LTdkZjdmYTkxZjA0YyJ9.2XbJLwaH0AcO9GmF4c9rYdGM1vOnRkWV0_M_G_RTfJNR28k4zwPCUDBXbnn5BPFglD0zNgiJDQM-I3kzB8s8Fg
17:02:25.459 [http-nio-9587-exec-8] INFO  c.r.f.w.s.TokenService - [getToken,237] - user: madaosen, backend Token: Bearer eyJhbGciOiJIUzUxMiJ9.eyJsb2dpbl91c2VyX2tleSI6ImYxYmJiNjVhLTZlYzQtNDg4Ni1hY2M3LTdkZjdmYTkxZjA0YyJ9.2XbJLwaH0AcO9GmF4c9rYdGM1vOnRkWV0_M_G_RTfJNR28k4zwPCUDBXbnn5BPFglD0zNgiJDQM-I3kzB8s8Fg
17:02:25.492 [http-nio-9587-exec-4] INFO  c.r.f.w.s.TokenService - [getToken,237] - user: madaosen, backend Token: Bearer eyJhbGciOiJIUzUxMiJ9.eyJsb2dpbl91c2VyX2tleSI6ImYxYmJiNjVhLTZlYzQtNDg4Ni1hY2M3LTdkZjdmYTkxZjA0YyJ9.2XbJLwaH0AcO9GmF4c9rYdGM1vOnRkWV0_M_G_RTfJNR28k4zwPCUDBXbnn5BPFglD0zNgiJDQM-I3kzB8s8Fg
17:02:25.493 [http-nio-9587-exec-7] INFO  c.r.f.w.s.TokenService - [getToken,237] - user: madaosen, backend Token: Bearer eyJhbGciOiJIUzUxMiJ9.eyJsb2dpbl91c2VyX2tleSI6ImYxYmJiNjVhLTZlYzQtNDg4Ni1hY2M3LTdkZjdmYTkxZjA0YyJ9.2XbJLwaH0AcO9GmF4c9rYdGM1vOnRkWV0_M_G_RTfJNR28k4zwPCUDBXbnn5BPFglD0zNgiJDQM-I3kzB8s8Fg
17:02:25.535 [http-nio-9587-exec-9] INFO  c.r.f.w.s.TokenService - [getToken,237] - user: madaosen, backend Token: Bearer eyJhbGciOiJIUzUxMiJ9.eyJsb2dpbl91c2VyX2tleSI6ImYxYmJiNjVhLTZlYzQtNDg4Ni1hY2M3LTdkZjdmYTkxZjA0YyJ9.2XbJLwaH0AcO9GmF4c9rYdGM1vOnRkWV0_M_G_RTfJNR28k4zwPCUDBXbnn5BPFglD0zNgiJDQM-I3kzB8s8Fg
17:02:25.604 [http-nio-9587-exec-10] INFO  c.r.f.w.s.TokenService - [getToken,237] - user: madaosen, backend Token: Bearer eyJhbGciOiJIUzUxMiJ9.eyJsb2dpbl91c2VyX2tleSI6ImYxYmJiNjVhLTZlYzQtNDg4Ni1hY2M3LTdkZjdmYTkxZjA0YyJ9.2XbJLwaH0AcO9GmF4c9rYdGM1vOnRkWV0_M_G_RTfJNR28k4zwPCUDBXbnn5BPFglD0zNgiJDQM-I3kzB8s8Fg
17:02:25.622 [http-nio-9587-exec-2] INFO  c.r.f.w.s.TokenService - [getToken,237] - user: madaosen, backend Token: Bearer eyJhbGciOiJIUzUxMiJ9.eyJsb2dpbl91c2VyX2tleSI6ImYxYmJiNjVhLTZlYzQtNDg4Ni1hY2M3LTdkZjdmYTkxZjA0YyJ9.2XbJLwaH0AcO9GmF4c9rYdGM1vOnRkWV0_M_G_RTfJNR28k4zwPCUDBXbnn5BPFglD0zNgiJDQM-I3kzB8s8Fg
17:02:25.637 [http-nio-9587-exec-3] INFO  c.r.f.w.s.TokenService - [getToken,237] - user: madaosen, backend Token: Bearer eyJhbGciOiJIUzUxMiJ9.eyJsb2dpbl91c2VyX2tleSI6ImYxYmJiNjVhLTZlYzQtNDg4Ni1hY2M3LTdkZjdmYTkxZjA0YyJ9.2XbJLwaH0AcO9GmF4c9rYdGM1vOnRkWV0_M_G_RTfJNR28k4zwPCUDBXbnn5BPFglD0zNgiJDQM-I3kzB8s8Fg
17:02:25.642 [http-nio-9587-exec-9] INFO  c.r.f.w.s.TokenService - [getToken,237] - user: madaosen, backend Token: Bearer eyJhbGciOiJIUzUxMiJ9.eyJsb2dpbl91c2VyX2tleSI6ImYxYmJiNjVhLTZlYzQtNDg4Ni1hY2M3LTdkZjdmYTkxZjA0YyJ9.2XbJLwaH0AcO9GmF4c9rYdGM1vOnRkWV0_M_G_RTfJNR28k4zwPCUDBXbnn5BPFglD0zNgiJDQM-I3kzB8s8Fg
17:02:25.642 [http-nio-9587-exec-8] INFO  c.r.f.w.s.TokenService - [getToken,237] - user: madaosen, backend Token: Bearer eyJhbGciOiJIUzUxMiJ9.eyJsb2dpbl91c2VyX2tleSI6ImYxYmJiNjVhLTZlYzQtNDg4Ni1hY2M3LTdkZjdmYTkxZjA0YyJ9.2XbJLwaH0AcO9GmF4c9rYdGM1vOnRkWV0_M_G_RTfJNR28k4zwPCUDBXbnn5BPFglD0zNgiJDQM-I3kzB8s8Fg
17:02:25.659 [http-nio-9587-exec-5] INFO  c.r.f.w.s.TokenService - [getToken,237] - user: madaosen, backend Token: Bearer eyJhbGciOiJIUzUxMiJ9.eyJsb2dpbl91c2VyX2tleSI6ImYxYmJiNjVhLTZlYzQtNDg4Ni1hY2M3LTdkZjdmYTkxZjA0YyJ9.2XbJLwaH0AcO9GmF4c9rYdGM1vOnRkWV0_M_G_RTfJNR28k4zwPCUDBXbnn5BPFglD0zNgiJDQM-I3kzB8s8Fg
17:02:25.660 [http-nio-9587-exec-10] INFO  c.r.f.w.s.TokenService - [getToken,237] - user: madaosen, backend Token: Bearer eyJhbGciOiJIUzUxMiJ9.eyJsb2dpbl91c2VyX2tleSI6ImYxYmJiNjVhLTZlYzQtNDg4Ni1hY2M3LTdkZjdmYTkxZjA0YyJ9.2XbJLwaH0AcO9GmF4c9rYdGM1vOnRkWV0_M_G_RTfJNR28k4zwPCUDBXbnn5BPFglD0zNgiJDQM-I3kzB8s8Fg
17:02:25.976 [http-nio-9587-exec-4] INFO  c.r.f.w.s.TokenService - [getToken,237] - user: madaosen, backend Token: Bearer eyJhbGciOiJIUzUxMiJ9.eyJsb2dpbl91c2VyX2tleSI6ImYxYmJiNjVhLTZlYzQtNDg4Ni1hY2M3LTdkZjdmYTkxZjA0YyJ9.2XbJLwaH0AcO9GmF4c9rYdGM1vOnRkWV0_M_G_RTfJNR28k4zwPCUDBXbnn5BPFglD0zNgiJDQM-I3kzB8s8Fg
17:02:25.996 [http-nio-9587-exec-4] INFO  c.r.f.w.s.TokenService - [getToken,237] - user: madaosen, backend Token: Bearer eyJhbGciOiJIUzUxMiJ9.eyJsb2dpbl91c2VyX2tleSI6ImYxYmJiNjVhLTZlYzQtNDg4Ni1hY2M3LTdkZjdmYTkxZjA0YyJ9.2XbJLwaH0AcO9GmF4c9rYdGM1vOnRkWV0_M_G_RTfJNR28k4zwPCUDBXbnn5BPFglD0zNgiJDQM-I3kzB8s8Fg
17:02:25.997 [http-nio-9587-exec-8] INFO  c.r.f.w.s.TokenService - [getToken,237] - user: madaosen, backend Token: Bearer eyJhbGciOiJIUzUxMiJ9.eyJsb2dpbl91c2VyX2tleSI6ImYxYmJiNjVhLTZlYzQtNDg4Ni1hY2M3LTdkZjdmYTkxZjA0YyJ9.2XbJLwaH0AcO9GmF4c9rYdGM1vOnRkWV0_M_G_RTfJNR28k4zwPCUDBXbnn5BPFglD0zNgiJDQM-I3kzB8s8Fg
17:02:26.001 [http-nio-9587-exec-1] INFO  c.r.f.w.s.TokenService - [getToken,237] - user: madaosen, backend Token: Bearer eyJhbGciOiJIUzUxMiJ9.eyJsb2dpbl91c2VyX2tleSI6ImYxYmJiNjVhLTZlYzQtNDg4Ni1hY2M3LTdkZjdmYTkxZjA0YyJ9.2XbJLwaH0AcO9GmF4c9rYdGM1vOnRkWV0_M_G_RTfJNR28k4zwPCUDBXbnn5BPFglD0zNgiJDQM-I3kzB8s8Fg
17:02:26.001 [http-nio-9587-exec-9] INFO  c.r.f.w.s.TokenService - [getToken,237] - user: madaosen, backend Token: Bearer eyJhbGciOiJIUzUxMiJ9.eyJsb2dpbl91c2VyX2tleSI6ImYxYmJiNjVhLTZlYzQtNDg4Ni1hY2M3LTdkZjdmYTkxZjA0YyJ9.2XbJLwaH0AcO9GmF4c9rYdGM1vOnRkWV0_M_G_RTfJNR28k4zwPCUDBXbnn5BPFglD0zNgiJDQM-I3kzB8s8Fg
17:02:26.001 [http-nio-9587-exec-5] INFO  c.r.f.w.s.TokenService - [getToken,237] - user: madaosen, backend Token: Bearer eyJhbGciOiJIUzUxMiJ9.eyJsb2dpbl91c2VyX2tleSI6ImYxYmJiNjVhLTZlYzQtNDg4Ni1hY2M3LTdkZjdmYTkxZjA0YyJ9.2XbJLwaH0AcO9GmF4c9rYdGM1vOnRkWV0_M_G_RTfJNR28k4zwPCUDBXbnn5BPFglD0zNgiJDQM-I3kzB8s8Fg
17:02:26.026 [http-nio-9587-exec-10] INFO  c.r.f.w.s.TokenService - [getToken,237] - user: madaosen, backend Token: Bearer eyJhbGciOiJIUzUxMiJ9.eyJsb2dpbl91c2VyX2tleSI6ImYxYmJiNjVhLTZlYzQtNDg4Ni1hY2M3LTdkZjdmYTkxZjA0YyJ9.2XbJLwaH0AcO9GmF4c9rYdGM1vOnRkWV0_M_G_RTfJNR28k4zwPCUDBXbnn5BPFglD0zNgiJDQM-I3kzB8s8Fg
17:02:26.027 [http-nio-9587-exec-7] INFO  c.r.f.w.s.TokenService - [getToken,237] - user: madaosen, backend Token: Bearer eyJhbGciOiJIUzUxMiJ9.eyJsb2dpbl91c2VyX2tleSI6ImYxYmJiNjVhLTZlYzQtNDg4Ni1hY2M3LTdkZjdmYTkxZjA0YyJ9.2XbJLwaH0AcO9GmF4c9rYdGM1vOnRkWV0_M_G_RTfJNR28k4zwPCUDBXbnn5BPFglD0zNgiJDQM-I3kzB8s8Fg
17:02:26.027 [http-nio-9587-exec-2] INFO  c.r.f.w.s.TokenService - [getToken,237] - user: madaosen, backend Token: Bearer eyJhbGciOiJIUzUxMiJ9.eyJsb2dpbl91c2VyX2tleSI6ImYxYmJiNjVhLTZlYzQtNDg4Ni1hY2M3LTdkZjdmYTkxZjA0YyJ9.2XbJLwaH0AcO9GmF4c9rYdGM1vOnRkWV0_M_G_RTfJNR28k4zwPCUDBXbnn5BPFglD0zNgiJDQM-I3kzB8s8Fg
17:02:26.043 [http-nio-9587-exec-5] INFO  c.r.f.w.s.TokenService - [getToken,237] - user: madaosen, backend Token: Bearer eyJhbGciOiJIUzUxMiJ9.eyJsb2dpbl91c2VyX2tleSI6ImYxYmJiNjVhLTZlYzQtNDg4Ni1hY2M3LTdkZjdmYTkxZjA0YyJ9.2XbJLwaH0AcO9GmF4c9rYdGM1vOnRkWV0_M_G_RTfJNR28k4zwPCUDBXbnn5BPFglD0zNgiJDQM-I3kzB8s8Fg
17:02:26.082 [http-nio-9587-exec-2] INFO  c.r.f.w.s.TokenService - [getToken,237] - user: madaosen, backend Token: Bearer eyJhbGciOiJIUzUxMiJ9.eyJsb2dpbl91c2VyX2tleSI6ImYxYmJiNjVhLTZlYzQtNDg4Ni1hY2M3LTdkZjdmYTkxZjA0YyJ9.2XbJLwaH0AcO9GmF4c9rYdGM1vOnRkWV0_M_G_RTfJNR28k4zwPCUDBXbnn5BPFglD0zNgiJDQM-I3kzB8s8Fg
17:02:26.082 [http-nio-9587-exec-8] INFO  c.r.f.w.s.TokenService - [getToken,237] - user: madaosen, backend Token: Bearer eyJhbGciOiJIUzUxMiJ9.eyJsb2dpbl91c2VyX2tleSI6ImYxYmJiNjVhLTZlYzQtNDg4Ni1hY2M3LTdkZjdmYTkxZjA0YyJ9.2XbJLwaH0AcO9GmF4c9rYdGM1vOnRkWV0_M_G_RTfJNR28k4zwPCUDBXbnn5BPFglD0zNgiJDQM-I3kzB8s8Fg
17:02:26.082 [http-nio-9587-exec-7] INFO  c.r.f.w.s.TokenService - [getToken,237] - user: madaosen, backend Token: Bearer eyJhbGciOiJIUzUxMiJ9.eyJsb2dpbl91c2VyX2tleSI6ImYxYmJiNjVhLTZlYzQtNDg4Ni1hY2M3LTdkZjdmYTkxZjA0YyJ9.2XbJLwaH0AcO9GmF4c9rYdGM1vOnRkWV0_M_G_RTfJNR28k4zwPCUDBXbnn5BPFglD0zNgiJDQM-I3kzB8s8Fg
17:02:26.167 [http-nio-9587-exec-3] INFO  c.r.f.w.s.TokenService - [getToken,237] - user: madaosen, backend Token: Bearer eyJhbGciOiJIUzUxMiJ9.eyJsb2dpbl91c2VyX2tleSI6ImYxYmJiNjVhLTZlYzQtNDg4Ni1hY2M3LTdkZjdmYTkxZjA0YyJ9.2XbJLwaH0AcO9GmF4c9rYdGM1vOnRkWV0_M_G_RTfJNR28k4zwPCUDBXbnn5BPFglD0zNgiJDQM-I3kzB8s8Fg
17:02:26.189 [http-nio-9587-exec-9] INFO  c.r.f.w.s.TokenService - [getToken,237] - user: madaosen, backend Token: Bearer eyJhbGciOiJIUzUxMiJ9.eyJsb2dpbl91c2VyX2tleSI6ImYxYmJiNjVhLTZlYzQtNDg4Ni1hY2M3LTdkZjdmYTkxZjA0YyJ9.2XbJLwaH0AcO9GmF4c9rYdGM1vOnRkWV0_M_G_RTfJNR28k4zwPCUDBXbnn5BPFglD0zNgiJDQM-I3kzB8s8Fg
17:02:26.224 [http-nio-9587-exec-4] INFO  c.r.f.w.s.TokenService - [getToken,237] - user: madaosen, backend Token: Bearer eyJhbGciOiJIUzUxMiJ9.eyJsb2dpbl91c2VyX2tleSI6ImYxYmJiNjVhLTZlYzQtNDg4Ni1hY2M3LTdkZjdmYTkxZjA0YyJ9.2XbJLwaH0AcO9GmF4c9rYdGM1vOnRkWV0_M_G_RTfJNR28k4zwPCUDBXbnn5BPFglD0zNgiJDQM-I3kzB8s8Fg
17:02:26.224 [http-nio-9587-exec-9] INFO  c.r.f.w.s.TokenService - [getToken,237] - user: madaosen, backend Token: Bearer eyJhbGciOiJIUzUxMiJ9.eyJsb2dpbl91c2VyX2tleSI6ImYxYmJiNjVhLTZlYzQtNDg4Ni1hY2M3LTdkZjdmYTkxZjA0YyJ9.2XbJLwaH0AcO9GmF4c9rYdGM1vOnRkWV0_M_G_RTfJNR28k4zwPCUDBXbnn5BPFglD0zNgiJDQM-I3kzB8s8Fg
17:02:26.230 [http-nio-9587-exec-1] INFO  c.r.f.w.s.TokenService - [getToken,237] - user: madaosen, backend Token: Bearer eyJhbGciOiJIUzUxMiJ9.eyJsb2dpbl91c2VyX2tleSI6ImYxYmJiNjVhLTZlYzQtNDg4Ni1hY2M3LTdkZjdmYTkxZjA0YyJ9.2XbJLwaH0AcO9GmF4c9rYdGM1vOnRkWV0_M_G_RTfJNR28k4zwPCUDBXbnn5BPFglD0zNgiJDQM-I3kzB8s8Fg
17:02:26.231 [http-nio-9587-exec-2] INFO  c.r.f.w.s.TokenService - [getToken,237] - user: madaosen, backend Token: Bearer eyJhbGciOiJIUzUxMiJ9.eyJsb2dpbl91c2VyX2tleSI6ImYxYmJiNjVhLTZlYzQtNDg4Ni1hY2M3LTdkZjdmYTkxZjA0YyJ9.2XbJLwaH0AcO9GmF4c9rYdGM1vOnRkWV0_M_G_RTfJNR28k4zwPCUDBXbnn5BPFglD0zNgiJDQM-I3kzB8s8Fg
17:02:26.232 [http-nio-9587-exec-5] INFO  c.r.f.w.s.TokenService - [getToken,237] - user: madaosen, backend Token: Bearer eyJhbGciOiJIUzUxMiJ9.eyJsb2dpbl91c2VyX2tleSI6ImYxYmJiNjVhLTZlYzQtNDg4Ni1hY2M3LTdkZjdmYTkxZjA0YyJ9.2XbJLwaH0AcO9GmF4c9rYdGM1vOnRkWV0_M_G_RTfJNR28k4zwPCUDBXbnn5BPFglD0zNgiJDQM-I3kzB8s8Fg
17:02:26.254 [http-nio-9587-exec-10] INFO  c.r.f.w.s.TokenService - [getToken,237] - user: madaosen, backend Token: Bearer eyJhbGciOiJIUzUxMiJ9.eyJsb2dpbl91c2VyX2tleSI6ImYxYmJiNjVhLTZlYzQtNDg4Ni1hY2M3LTdkZjdmYTkxZjA0YyJ9.2XbJLwaH0AcO9GmF4c9rYdGM1vOnRkWV0_M_G_RTfJNR28k4zwPCUDBXbnn5BPFglD0zNgiJDQM-I3kzB8s8Fg
17:02:26.257 [http-nio-9587-exec-6] INFO  c.r.f.w.s.TokenService - [getToken,237] - user: madaosen, backend Token: Bearer eyJhbGciOiJIUzUxMiJ9.eyJsb2dpbl91c2VyX2tleSI6ImYxYmJiNjVhLTZlYzQtNDg4Ni1hY2M3LTdkZjdmYTkxZjA0YyJ9.2XbJLwaH0AcO9GmF4c9rYdGM1vOnRkWV0_M_G_RTfJNR28k4zwPCUDBXbnn5BPFglD0zNgiJDQM-I3kzB8s8Fg
17:02:26.257 [http-nio-9587-exec-8] INFO  c.r.f.w.s.TokenService - [getToken,237] - user: madaosen, backend Token: Bearer eyJhbGciOiJIUzUxMiJ9.eyJsb2dpbl91c2VyX2tleSI6ImYxYmJiNjVhLTZlYzQtNDg4Ni1hY2M3LTdkZjdmYTkxZjA0YyJ9.2XbJLwaH0AcO9GmF4c9rYdGM1vOnRkWV0_M_G_RTfJNR28k4zwPCUDBXbnn5BPFglD0zNgiJDQM-I3kzB8s8Fg
17:02:26.293 [http-nio-9587-exec-9] INFO  c.r.f.w.s.TokenService - [getToken,237] - user: madaosen, backend Token: Bearer eyJhbGciOiJIUzUxMiJ9.eyJsb2dpbl91c2VyX2tleSI6ImYxYmJiNjVhLTZlYzQtNDg4Ni1hY2M3LTdkZjdmYTkxZjA0YyJ9.2XbJLwaH0AcO9GmF4c9rYdGM1vOnRkWV0_M_G_RTfJNR28k4zwPCUDBXbnn5BPFglD0zNgiJDQM-I3kzB8s8Fg
17:02:26.351 [http-nio-9587-exec-10] INFO  c.r.f.w.s.TokenService - [getToken,237] - user: madaosen, backend Token: Bearer eyJhbGciOiJIUzUxMiJ9.eyJsb2dpbl91c2VyX2tleSI6ImYxYmJiNjVhLTZlYzQtNDg4Ni1hY2M3LTdkZjdmYTkxZjA0YyJ9.2XbJLwaH0AcO9GmF4c9rYdGM1vOnRkWV0_M_G_RTfJNR28k4zwPCUDBXbnn5BPFglD0zNgiJDQM-I3kzB8s8Fg
17:02:26.351 [http-nio-9587-exec-6] INFO  c.r.f.w.s.TokenService - [getToken,237] - user: madaosen, backend Token: Bearer eyJhbGciOiJIUzUxMiJ9.eyJsb2dpbl91c2VyX2tleSI6ImYxYmJiNjVhLTZlYzQtNDg4Ni1hY2M3LTdkZjdmYTkxZjA0YyJ9.2XbJLwaH0AcO9GmF4c9rYdGM1vOnRkWV0_M_G_RTfJNR28k4zwPCUDBXbnn5BPFglD0zNgiJDQM-I3kzB8s8Fg
17:02:26.351 [http-nio-9587-exec-2] INFO  c.r.f.w.s.TokenService - [getToken,237] - user: madaosen, backend Token: Bearer eyJhbGciOiJIUzUxMiJ9.eyJsb2dpbl91c2VyX2tleSI6ImYxYmJiNjVhLTZlYzQtNDg4Ni1hY2M3LTdkZjdmYTkxZjA0YyJ9.2XbJLwaH0AcO9GmF4c9rYdGM1vOnRkWV0_M_G_RTfJNR28k4zwPCUDBXbnn5BPFglD0zNgiJDQM-I3kzB8s8Fg
17:02:34.358 [http-nio-9587-exec-7] INFO  c.r.f.w.s.TokenService - [getToken,237] - user: madaosen, backend Token: Bearer eyJhbGciOiJIUzUxMiJ9.eyJsb2dpbl91c2VyX2tleSI6ImYxYmJiNjVhLTZlYzQtNDg4Ni1hY2M3LTdkZjdmYTkxZjA0YyJ9.2XbJLwaH0AcO9GmF4c9rYdGM1vOnRkWV0_M_G_RTfJNR28k4zwPCUDBXbnn5BPFglD0zNgiJDQM-I3kzB8s8Fg
17:02:34.380 [http-nio-9587-exec-7] INFO  c.r.w.l.TaskEventV2Listener - [onEvent,105] - EVENT :TASK_ASSIGNED
17:02:34.404 [http-nio-9587-exec-7] INFO  c.r.w.l.TaskEventV2Listener - [onEvent,105] - EVENT :TASK_COMPLETED
17:02:34.407 [http-nio-9587-exec-7] INFO  c.r.w.l.TaskEventV2Listener - [onEvent,121] - username :kangz
17:02:34.512 [http-nio-9587-exec-7] INFO  c.r.w.l.TaskEventV2Listener - [onEvent,121] - username :31051401
17:02:34.607 [http-nio-9587-exec-7] INFO  c.r.w.l.TaskEventV2Listener - [onEvent,121] - username :31027380
17:02:34.688 [http-nio-9587-exec-7] INFO  c.r.w.l.TaskEventV2Listener - [onEvent,121] - username :madaosen
17:02:34.770 [http-nio-9587-exec-7] INFO  c.r.w.l.TaskEventV2Listener - [onEvent,121] - username :mds01
17:02:34.860 [http-nio-9587-exec-7] INFO  c.r.w.l.TaskEventV2Listener - [onEvent,121] - username :daiqi
17:02:34.949 [http-nio-9587-exec-7] INFO  c.r.w.l.TaskEventV2Listener - [onEvent,121] - username :ceshi_shenhe
17:02:35.028 [http-nio-9587-exec-7] INFO  c.r.w.l.TaskEventV2Listener - [onEvent,121] - username :xiaoneng
17:02:35.128 [http-nio-9587-exec-7] INFO  c.r.w.l.TaskEventV2Listener - [onEvent,121] - username :enci
17:02:35.234 [http-nio-9587-exec-7] INFO  c.r.w.l.TaskEventV2Listener - [onEvent,105] - EVENT :TASK_CREATED
17:02:35.236 [http-nio-9587-exec-7] INFO  c.r.f.w.s.TokenService - [getToken,237] - user: madaosen, backend Token: Bearer eyJhbGciOiJIUzUxMiJ9.eyJsb2dpbl91c2VyX2tleSI6ImYxYmJiNjVhLTZlYzQtNDg4Ni1hY2M3LTdkZjdmYTkxZjA0YyJ9.2XbJLwaH0AcO9GmF4c9rYdGM1vOnRkWV0_M_G_RTfJNR28k4zwPCUDBXbnn5BPFglD0zNgiJDQM-I3kzB8s8Fg
17:02:35.241 [http-nio-9587-exec-7] INFO  c.r.w.s.i.AiAgentTaskExecutionServiceImpl - [createWorkflowNodeTasks,320] - 审批流程节点未绑定自动执行且已启用的Agent，projectId=2094616833662640128, nodeId=PmProjectApprovalIssuance
17:02:35.242 [http-nio-9587-exec-7] INFO  c.r.w.l.TaskEventV2Listener - [onEvent,127] - username :zy01
17:02:35.337 [http-nio-9587-exec-7] INFO  c.r.w.l.TaskEventV2Listener - [createOaTask,240] - task0: Task{createDate='2026-09-04 17:02:35', createOrg='45', createUser='madaosen', createUserName='madaosen', expiryDate='null', kindName='null', moduleName='null', needInputPwd='null', oaIId='null', oaMkId='null', receiveUser='zy01', receiveUserName='戴美', synId='null', synType='1', taskId='5ecfd265-a83f-11f1-b7aa-da3bbfe162e3', tasksType='1', title='全生命周期平台督办：项目管理员立项签发--测试流程表单', type='0', url='http://www.sh.ctc.com/EFFPRO2/oa_verify?taskId=5ecf8444-a83f-11f1-b7aa-da3bbfe162e3&redirect=%2FEFFPRO2%2Fproject%2FagencyProject%2FdetailPage%3Fid%3D2094616833662640128'}
17:02:35.339 [http-nio-9587-exec-7] INFO  c.r.w.l.TaskEventV2Listener - [onEvent,127] - username :pfpm01
17:02:35.435 [http-nio-9587-exec-7] INFO  c.r.w.l.TaskEventV2Listener - [createOaTask,240] - task0: Task{createDate='2026-09-04 17:02:35', createOrg='45', createUser='madaosen', createUserName='madaosen', expiryDate='null', kindName='null', moduleName='null', needInputPwd='null', oaIId='null', oaMkId='null', receiveUser='pfpm01', receiveUserName='葛云萍', synId='null', synType='1', taskId='5ecff976-a83f-11f1-b7aa-da3bbfe162e3', tasksType='1', title='全生命周期平台督办：项目管理员立项签发--测试流程表单', type='0', url='http://www.sh.ctc.com/EFFPRO2/oa_verify?taskId=5ecf8444-a83f-11f1-b7aa-da3bbfe162e3&redirect=%2FEFFPRO2%2Fproject%2FagencyProject%2FdetailPage%3Fid%3D2094616833662640128'}
17:02:35.437 [http-nio-9587-exec-7] INFO  c.r.w.l.TaskEventV2Listener - [onEvent,127] - username :31027380
17:02:35.532 [http-nio-9587-exec-7] INFO  c.r.w.l.TaskEventV2Listener - [createOaTask,240] - task0: Task{createDate='2026-09-04 17:02:35', createOrg='45', createUser='madaosen', createUserName='madaosen', expiryDate='null', kindName='null', moduleName='null', needInputPwd='null', oaIId='null', oaMkId='null', receiveUser='31027380', receiveUserName='林赟炜', synId='null', synType='1', taskId='5ecff977-a83f-11f1-b7aa-da3bbfe162e3', tasksType='1', title='全生命周期平台督办：项目管理员立项签发--测试流程表单', type='0', url='http://www.sh.ctc.com/EFFPRO2/oa_verify?taskId=5ecf8444-a83f-11f1-b7aa-da3bbfe162e3&redirect=%2FEFFPRO2%2Fproject%2FagencyProject%2FdetailPage%3Fid%3D2094616833662640128'}
17:02:35.534 [http-nio-9587-exec-7] INFO  c.r.w.l.TaskEventV2Listener - [onEvent,127] - username :31001583
17:02:35.535 [http-nio-9587-exec-7] INFO  c.r.w.l.TaskEventV2Listener - [onEvent,127] - username :31071988
17:02:35.626 [http-nio-9587-exec-7] INFO  c.r.w.l.TaskEventV2Listener - [createOaTask,240] - task0: Task{createDate='2026-09-04 17:02:35', createOrg='45', createUser='madaosen', createUserName='madaosen', expiryDate='null', kindName='null', moduleName='null', needInputPwd='null', oaIId='null', oaMkId='null', receiveUser='31071988', receiveUserName='戴美2', synId='null', synType='1', taskId='5ecff979-a83f-11f1-b7aa-da3bbfe162e3', tasksType='1', title='全生命周期平台督办：项目管理员立项签发--测试流程表单', type='0', url='http://www.sh.ctc.com/EFFPRO2/oa_verify?taskId=5ecf8444-a83f-11f1-b7aa-da3bbfe162e3&redirect=%2FEFFPRO2%2Fproject%2FagencyProject%2FdetailPage%3Fid%3D2094616833662640128'}
17:02:35.629 [http-nio-9587-exec-7] INFO  c.r.w.l.TaskEventV2Listener - [onEvent,127] - username :madaosen
17:02:35.715 [http-nio-9587-exec-7] INFO  c.r.w.l.TaskEventV2Listener - [createOaTask,240] - task0: Task{createDate='2026-09-04 17:02:35', createOrg='45', createUser='madaosen', createUserName='madaosen', expiryDate='null', kindName='null', moduleName='null', needInputPwd='null', oaIId='null', oaMkId='null', receiveUser='madaosen', receiveUserName='madaosen', synId='null', synType='1', taskId='5ecff97a-a83f-11f1-b7aa-da3bbfe162e3', tasksType='1', title='全生命周期平台督办：项目管理员立项签发--测试流程表单', type='0', url='http://www.sh.ctc.com/EFFPRO2/oa_verify?taskId=5ecf8444-a83f-11f1-b7aa-da3bbfe162e3&redirect=%2FEFFPRO2%2Fproject%2FagencyProject%2FdetailPage%3Fid%3D2094616833662640128'}
17:02:35.716 [http-nio-9587-exec-7] INFO  c.r.w.l.TaskEventV2Listener - [onEvent,127] - username :mds01
17:02:35.799 [http-nio-9587-exec-7] INFO  c.r.w.l.TaskEventV2Listener - [createOaTask,240] - task0: Task{createDate='2026-09-04 17:02:35', createOrg='45', createUser='madaosen', createUserName='madaosen', expiryDate='null', kindName='null', moduleName='null', needInputPwd='null', oaIId='null', oaMkId='null', receiveUser='mds01', receiveUserName='mds01', synId='null', synType='1', taskId='5ecff97b-a83f-11f1-b7aa-da3bbfe162e3', tasksType='1', title='全生命周期平台督办：项目管理员立项签发--测试流程表单', type='0', url='http://www.sh.ctc.com/EFFPRO2/oa_verify?taskId=5ecf8444-a83f-11f1-b7aa-da3bbfe162e3&redirect=%2FEFFPRO2%2Fproject%2FagencyProject%2FdetailPage%3Fid%3D2094616833662640128'}
17:02:35.800 [http-nio-9587-exec-7] INFO  c.r.w.l.TaskEventV2Listener - [onEvent,127] - username :daiqi
17:02:35.891 [http-nio-9587-exec-7] INFO  c.r.w.l.TaskEventV2Listener - [createOaTask,240] - task0: Task{createDate='2026-09-04 17:02:35', createOrg='45', createUser='madaosen', createUserName='madaosen', expiryDate='null', kindName='null', moduleName='null', needInputPwd='null', oaIId='null', oaMkId='null', receiveUser='daiqi', receiveUserName='daiqi', synId='null', synType='1', taskId='5ecff97c-a83f-11f1-b7aa-da3bbfe162e3', tasksType='1', title='全生命周期平台督办：项目管理员立项签发--测试流程表单', type='0', url='http://www.sh.ctc.com/EFFPRO2/oa_verify?taskId=5ecf8444-a83f-11f1-b7aa-da3bbfe162e3&redirect=%2FEFFPRO2%2Fproject%2FagencyProject%2FdetailPage%3Fid%3D2094616833662640128'}
17:02:35.894 [http-nio-9587-exec-7] INFO  c.r.w.l.TaskEventV2Listener - [onEvent,127] - username :ceshi_shenhe
17:02:35.977 [http-nio-9587-exec-7] INFO  c.r.w.l.TaskEventV2Listener - [createOaTask,240] - task0: Task{createDate='2026-09-04 17:02:35', createOrg='45', createUser='madaosen', createUserName='madaosen', expiryDate='null', kindName='null', moduleName='null', needInputPwd='null', oaIId='null', oaMkId='null', receiveUser='ceshi_shenhe', receiveUserName='融创单位审核员', synId='null', synType='1', taskId='5ecff97d-a83f-11f1-b7aa-da3bbfe162e3', tasksType='1', title='全生命周期平台督办：项目管理员立项签发--测试流程表单', type='0', url='http://www.sh.ctc.com/EFFPRO2/oa_verify?taskId=5ecf8444-a83f-11f1-b7aa-da3bbfe162e3&redirect=%2FEFFPRO2%2Fproject%2FagencyProject%2FdetailPage%3Fid%3D2094616833662640128'}
17:02:35.979 [http-nio-9587-exec-7] INFO  c.r.w.l.TaskEventV2Listener - [onEvent,127] - username :xiaoneng
17:02:36.074 [http-nio-9587-exec-7] INFO  c.r.w.l.TaskEventV2Listener - [createOaTask,240] - task0: Task{createDate='2026-09-04 17:02:35', createOrg='45', createUser='madaosen', createUserName='madaosen', expiryDate='null', kindName='null', moduleName='null', needInputPwd='null', oaIId='null', oaMkId='null', receiveUser='xiaoneng', receiveUserName='小能', synId='null', synType='1', taskId='5ecff97e-a83f-11f1-b7aa-da3bbfe162e3', tasksType='1', title='全生命周期平台督办：项目管理员立项签发--测试流程表单', type='0', url='http://www.sh.ctc.com/EFFPRO2/oa_verify?taskId=5ecf8444-a83f-11f1-b7aa-da3bbfe162e3&redirect=%2FEFFPRO2%2Fproject%2FagencyProject%2FdetailPage%3Fid%3D2094616833662640128'}
17:02:36.076 [http-nio-9587-exec-7] INFO  c.r.w.l.TaskEventV2Listener - [onEvent,127] - username :enci
17:02:36.200 [http-nio-9587-exec-7] INFO  c.r.w.l.TaskEventV2Listener - [createOaTask,240] - task0: Task{createDate='2026-09-04 17:02:36', createOrg='45', createUser='madaosen', createUserName='madaosen', expiryDate='null', kindName='null', moduleName='null', needInputPwd='null', oaIId='null', oaMkId='null', receiveUser='enci', receiveUserName='enci', synId='null', synType='1', taskId='5ecff97f-a83f-11f1-b7aa-da3bbfe162e3', tasksType='1', title='全生命周期平台督办：项目管理员立项签发--测试流程表单', type='0', url='http://www.sh.ctc.com/EFFPRO2/oa_verify?taskId=5ecf8444-a83f-11f1-b7aa-da3bbfe162e3&redirect=%2FEFFPRO2%2Fproject%2FagencyProject%2FdetailPage%3Fid%3D2094616833662640128'}
17:02:36.276 [http-nio-9587-exec-1] INFO  c.r.f.w.s.TokenService - [getToken,237] - user: madaosen, backend Token: Bearer eyJhbGciOiJIUzUxMiJ9.eyJsb2dpbl91c2VyX2tleSI6ImYxYmJiNjVhLTZlYzQtNDg4Ni1hY2M3LTdkZjdmYTkxZjA0YyJ9.2XbJLwaH0AcO9GmF4c9rYdGM1vOnRkWV0_M_G_RTfJNR28k4zwPCUDBXbnn5BPFglD0zNgiJDQM-I3kzB8s8Fg
17:02:36.277 [http-nio-9587-exec-5] INFO  c.r.f.w.s.TokenService - [getToken,237] - user: madaosen, backend Token: Bearer eyJhbGciOiJIUzUxMiJ9.eyJsb2dpbl91c2VyX2tleSI6ImYxYmJiNjVhLTZlYzQtNDg4Ni1hY2M3LTdkZjdmYTkxZjA0YyJ9.2XbJLwaH0AcO9GmF4c9rYdGM1vOnRkWV0_M_G_RTfJNR28k4zwPCUDBXbnn5BPFglD0zNgiJDQM-I3kzB8s8Fg
17:02:36.277 [http-nio-9587-exec-10] INFO  c.r.f.w.s.TokenService - [getToken,237] - user: madaosen, backend Token: Bearer eyJhbGciOiJIUzUxMiJ9.eyJsb2dpbl91c2VyX2tleSI6ImYxYmJiNjVhLTZlYzQtNDg4Ni1hY2M3LTdkZjdmYTkxZjA0YyJ9.2XbJLwaH0AcO9GmF4c9rYdGM1vOnRkWV0_M_G_RTfJNR28k4zwPCUDBXbnn5BPFglD0zNgiJDQM-I3kzB8s8Fg
17:02:36.279 [http-nio-9587-exec-6] INFO  c.r.f.w.s.TokenService - [getToken,237] - user: madaosen, backend Token: Bearer eyJhbGciOiJIUzUxMiJ9.eyJsb2dpbl91c2VyX2tleSI6ImYxYmJiNjVhLTZlYzQtNDg4Ni1hY2M3LTdkZjdmYTkxZjA0YyJ9.2XbJLwaH0AcO9GmF4c9rYdGM1vOnRkWV0_M_G_RTfJNR28k4zwPCUDBXbnn5BPFglD0zNgiJDQM-I3kzB8s8Fg
17:02:36.566 [http-nio-9587-exec-6] INFO  c.r.f.w.s.TokenService - [getToken,237] - user: madaosen, backend Token: Bearer eyJhbGciOiJIUzUxMiJ9.eyJsb2dpbl91c2VyX2tleSI6ImYxYmJiNjVhLTZlYzQtNDg4Ni1hY2M3LTdkZjdmYTkxZjA0YyJ9.2XbJLwaH0AcO9GmF4c9rYdGM1vOnRkWV0_M_G_RTfJNR28k4zwPCUDBXbnn5BPFglD0zNgiJDQM-I3kzB8s8Fg
17:02:36.567 [http-nio-9587-exec-8] INFO  c.r.f.w.s.TokenService - [getToken,237] - user: madaosen, backend Token: Bearer eyJhbGciOiJIUzUxMiJ9.eyJsb2dpbl91c2VyX2tleSI6ImYxYmJiNjVhLTZlYzQtNDg4Ni1hY2M3LTdkZjdmYTkxZjA0YyJ9.2XbJLwaH0AcO9GmF4c9rYdGM1vOnRkWV0_M_G_RTfJNR28k4zwPCUDBXbnn5BPFglD0zNgiJDQM-I3kzB8s8Fg
17:02:36.567 [http-nio-9587-exec-7] INFO  c.r.f.w.s.TokenService - [getToken,237] - user: madaosen, backend Token: Bearer eyJhbGciOiJIUzUxMiJ9.eyJsb2dpbl91c2VyX2tleSI6ImYxYmJiNjVhLTZlYzQtNDg4Ni1hY2M3LTdkZjdmYTkxZjA0YyJ9.2XbJLwaH0AcO9GmF4c9rYdGM1vOnRkWV0_M_G_RTfJNR28k4zwPCUDBXbnn5BPFglD0zNgiJDQM-I3kzB8s8Fg
17:02:36.567 [http-nio-9587-exec-1] INFO  c.r.f.w.s.TokenService - [getToken,237] - user: madaosen, backend Token: Bearer eyJhbGciOiJIUzUxMiJ9.eyJsb2dpbl91c2VyX2tleSI6ImYxYmJiNjVhLTZlYzQtNDg4Ni1hY2M3LTdkZjdmYTkxZjA0YyJ9.2XbJLwaH0AcO9GmF4c9rYdGM1vOnRkWV0_M_G_RTfJNR28k4zwPCUDBXbnn5BPFglD0zNgiJDQM-I3kzB8s8Fg
17:02:36.570 [http-nio-9587-exec-4] INFO  c.r.f.w.s.TokenService - [getToken,237] - user: madaosen, backend Token: Bearer eyJhbGciOiJIUzUxMiJ9.eyJsb2dpbl91c2VyX2tleSI6ImYxYmJiNjVhLTZlYzQtNDg4Ni1hY2M3LTdkZjdmYTkxZjA0YyJ9.2XbJLwaH0AcO9GmF4c9rYdGM1vOnRkWV0_M_G_RTfJNR28k4zwPCUDBXbnn5BPFglD0zNgiJDQM-I3kzB8s8Fg
17:02:36.570 [http-nio-9587-exec-9] INFO  c.r.f.w.s.TokenService - [getToken,237] - user: madaosen, backend Token: Bearer eyJhbGciOiJIUzUxMiJ9.eyJsb2dpbl91c2VyX2tleSI6ImYxYmJiNjVhLTZlYzQtNDg4Ni1hY2M3LTdkZjdmYTkxZjA0YyJ9.2XbJLwaH0AcO9GmF4c9rYdGM1vOnRkWV0_M_G_RTfJNR28k4zwPCUDBXbnn5BPFglD0zNgiJDQM-I3kzB8s8Fg
17:02:36.593 [http-nio-9587-exec-9] INFO  c.r.f.w.s.TokenService - [getToken,237] - user: madaosen, backend Token: Bearer eyJhbGciOiJIUzUxMiJ9.eyJsb2dpbl91c2VyX2tleSI6ImYxYmJiNjVhLTZlYzQtNDg4Ni1hY2M3LTdkZjdmYTkxZjA0YyJ9.2XbJLwaH0AcO9GmF4c9rYdGM1vOnRkWV0_M_G_RTfJNR28k4zwPCUDBXbnn5BPFglD0zNgiJDQM-I3kzB8s8Fg
17:02:36.593 [http-nio-9587-exec-2] INFO  c.r.f.w.s.TokenService - [getToken,237] - user: madaosen, backend Token: Bearer eyJhbGciOiJIUzUxMiJ9.eyJsb2dpbl91c2VyX2tleSI6ImYxYmJiNjVhLTZlYzQtNDg4Ni1hY2M3LTdkZjdmYTkxZjA0YyJ9.2XbJLwaH0AcO9GmF4c9rYdGM1vOnRkWV0_M_G_RTfJNR28k4zwPCUDBXbnn5BPFglD0zNgiJDQM-I3kzB8s8Fg
17:02:37.013 [http-nio-9587-exec-10] INFO  c.r.f.w.s.TokenService - [getToken,237] - user: madaosen, backend Token: Bearer eyJhbGciOiJIUzUxMiJ9.eyJsb2dpbl91c2VyX2tleSI6ImYxYmJiNjVhLTZlYzQtNDg4Ni1hY2M3LTdkZjdmYTkxZjA0YyJ9.2XbJLwaH0AcO9GmF4c9rYdGM1vOnRkWV0_M_G_RTfJNR28k4zwPCUDBXbnn5BPFglD0zNgiJDQM-I3kzB8s8Fg
17:02:37.036 [http-nio-9587-exec-10] INFO  c.r.f.w.s.TokenService - [getToken,237] - user: madaosen, backend Token: Bearer eyJhbGciOiJIUzUxMiJ9.eyJsb2dpbl91c2VyX2tleSI6ImYxYmJiNjVhLTZlYzQtNDg4Ni1hY2M3LTdkZjdmYTkxZjA0YyJ9.2XbJLwaH0AcO9GmF4c9rYdGM1vOnRkWV0_M_G_RTfJNR28k4zwPCUDBXbnn5BPFglD0zNgiJDQM-I3kzB8s8Fg
17:02:37.036 [http-nio-9587-exec-4] INFO  c.r.f.w.s.TokenService - [getToken,237] - user: madaosen, backend Token: Bearer eyJhbGciOiJIUzUxMiJ9.eyJsb2dpbl91c2VyX2tleSI6ImYxYmJiNjVhLTZlYzQtNDg4Ni1hY2M3LTdkZjdmYTkxZjA0YyJ9.2XbJLwaH0AcO9GmF4c9rYdGM1vOnRkWV0_M_G_RTfJNR28k4zwPCUDBXbnn5BPFglD0zNgiJDQM-I3kzB8s8Fg
17:02:37.037 [http-nio-9587-exec-7] INFO  c.r.f.w.s.TokenService - [getToken,237] - user: madaosen, backend Token: Bearer eyJhbGciOiJIUzUxMiJ9.eyJsb2dpbl91c2VyX2tleSI6ImYxYmJiNjVhLTZlYzQtNDg4Ni1hY2M3LTdkZjdmYTkxZjA0YyJ9.2XbJLwaH0AcO9GmF4c9rYdGM1vOnRkWV0_M_G_RTfJNR28k4zwPCUDBXbnn5BPFglD0zNgiJDQM-I3kzB8s8Fg
17:02:37.037 [http-nio-9587-exec-9] INFO  c.r.f.w.s.TokenService - [getToken,237] - user: madaosen, backend Token: Bearer eyJhbGciOiJIUzUxMiJ9.eyJsb2dpbl91c2VyX2tleSI6ImYxYmJiNjVhLTZlYzQtNDg4Ni1hY2M3LTdkZjdmYTkxZjA0YyJ9.2XbJLwaH0AcO9GmF4c9rYdGM1vOnRkWV0_M_G_RTfJNR28k4zwPCUDBXbnn5BPFglD0zNgiJDQM-I3kzB8s8Fg
17:02:37.040 [http-nio-9587-exec-1] INFO  c.r.f.w.s.TokenService - [getToken,237] - user: madaosen, backend Token: Bearer eyJhbGciOiJIUzUxMiJ9.eyJsb2dpbl91c2VyX2tleSI6ImYxYmJiNjVhLTZlYzQtNDg4Ni1hY2M3LTdkZjdmYTkxZjA0YyJ9.2XbJLwaH0AcO9GmF4c9rYdGM1vOnRkWV0_M_G_RTfJNR28k4zwPCUDBXbnn5BPFglD0zNgiJDQM-I3kzB8s8Fg
17:02:37.044 [http-nio-9587-exec-3] INFO  c.r.f.w.s.TokenService - [getToken,237] - user: madaosen, backend Token: Bearer eyJhbGciOiJIUzUxMiJ9.eyJsb2dpbl91c2VyX2tleSI6ImYxYmJiNjVhLTZlYzQtNDg4Ni1hY2M3LTdkZjdmYTkxZjA0YyJ9.2XbJLwaH0AcO9GmF4c9rYdGM1vOnRkWV0_M_G_RTfJNR28k4zwPCUDBXbnn5BPFglD0zNgiJDQM-I3kzB8s8Fg
17:02:37.056 [http-nio-9587-exec-8] INFO  c.r.f.w.s.TokenService - [getToken,237] - user: madaosen, backend Token: Bearer eyJhbGciOiJIUzUxMiJ9.eyJsb2dpbl91c2VyX2tleSI6ImYxYmJiNjVhLTZlYzQtNDg4Ni1hY2M3LTdkZjdmYTkxZjA0YyJ9.2XbJLwaH0AcO9GmF4c9rYdGM1vOnRkWV0_M_G_RTfJNR28k4zwPCUDBXbnn5BPFglD0zNgiJDQM-I3kzB8s8Fg
17:02:37.056 [http-nio-9587-exec-2] INFO  c.r.f.w.s.TokenService - [getToken,237] - user: madaosen, backend Token: Bearer eyJhbGciOiJIUzUxMiJ9.eyJsb2dpbl91c2VyX2tleSI6ImYxYmJiNjVhLTZlYzQtNDg4Ni1hY2M3LTdkZjdmYTkxZjA0YyJ9.2XbJLwaH0AcO9GmF4c9rYdGM1vOnRkWV0_M_G_RTfJNR28k4zwPCUDBXbnn5BPFglD0zNgiJDQM-I3kzB8s8Fg
17:02:37.075 [http-nio-9587-exec-5] INFO  c.r.f.w.s.TokenService - [getToken,237] - user: madaosen, backend Token: Bearer eyJhbGciOiJIUzUxMiJ9.eyJsb2dpbl91c2VyX2tleSI6ImYxYmJiNjVhLTZlYzQtNDg4Ni1hY2M3LTdkZjdmYTkxZjA0YyJ9.2XbJLwaH0AcO9GmF4c9rYdGM1vOnRkWV0_M_G_RTfJNR28k4zwPCUDBXbnn5BPFglD0zNgiJDQM-I3kzB8s8Fg
17:02:37.091 [http-nio-9587-exec-9] INFO  c.r.f.w.s.TokenService - [getToken,237] - user: madaosen, backend Token: Bearer eyJhbGciOiJIUzUxMiJ9.eyJsb2dpbl91c2VyX2tleSI6ImYxYmJiNjVhLTZlYzQtNDg4Ni1hY2M3LTdkZjdmYTkxZjA0YyJ9.2XbJLwaH0AcO9GmF4c9rYdGM1vOnRkWV0_M_G_RTfJNR28k4zwPCUDBXbnn5BPFglD0zNgiJDQM-I3kzB8s8Fg
17:02:37.091 [http-nio-9587-exec-3] INFO  c.r.f.w.s.TokenService - [getToken,237] - user: madaosen, backend Token: Bearer eyJhbGciOiJIUzUxMiJ9.eyJsb2dpbl91c2VyX2tleSI6ImYxYmJiNjVhLTZlYzQtNDg4Ni1hY2M3LTdkZjdmYTkxZjA0YyJ9.2XbJLwaH0AcO9GmF4c9rYdGM1vOnRkWV0_M_G_RTfJNR28k4zwPCUDBXbnn5BPFglD0zNgiJDQM-I3kzB8s8Fg
17:02:37.091 [http-nio-9587-exec-1] INFO  c.r.f.w.s.TokenService - [getToken,237] - user: madaosen, backend Token: Bearer eyJhbGciOiJIUzUxMiJ9.eyJsb2dpbl91c2VyX2tleSI6ImYxYmJiNjVhLTZlYzQtNDg4Ni1hY2M3LTdkZjdmYTkxZjA0YyJ9.2XbJLwaH0AcO9GmF4c9rYdGM1vOnRkWV0_M_G_RTfJNR28k4zwPCUDBXbnn5BPFglD0zNgiJDQM-I3kzB8s8Fg
17:02:37.198 [http-nio-9587-exec-2] INFO  c.r.f.w.s.TokenService - [getToken,237] - user: madaosen, backend Token: Bearer eyJhbGciOiJIUzUxMiJ9.eyJsb2dpbl91c2VyX2tleSI6ImYxYmJiNjVhLTZlYzQtNDg4Ni1hY2M3LTdkZjdmYTkxZjA0YyJ9.2XbJLwaH0AcO9GmF4c9rYdGM1vOnRkWV0_M_G_RTfJNR28k4zwPCUDBXbnn5BPFglD0zNgiJDQM-I3kzB8s8Fg
17:02:41.951 [http-nio-9587-exec-5] INFO  c.r.f.w.s.TokenService - [getToken,237] - user: madaosen, backend Token: Bearer eyJhbGciOiJIUzUxMiJ9.eyJsb2dpbl91c2VyX2tleSI6ImYxYmJiNjVhLTZlYzQtNDg4Ni1hY2M3LTdkZjdmYTkxZjA0YyJ9.2XbJLwaH0AcO9GmF4c9rYdGM1vOnRkWV0_M_G_RTfJNR28k4zwPCUDBXbnn5BPFglD0zNgiJDQM-I3kzB8s8Fg
17:02:42.382 [http-nio-9587-exec-1] INFO  c.r.f.w.s.TokenService - [getToken,237] - user: madaosen, backend Token: Bearer eyJhbGciOiJIUzUxMiJ9.eyJsb2dpbl91c2VyX2tleSI6ImYxYmJiNjVhLTZlYzQtNDg4Ni1hY2M3LTdkZjdmYTkxZjA0YyJ9.2XbJLwaH0AcO9GmF4c9rYdGM1vOnRkWV0_M_G_RTfJNR28k4zwPCUDBXbnn5BPFglD0zNgiJDQM-I3kzB8s8Fg
17:02:42.384 [http-nio-9587-exec-3] INFO  c.r.f.w.s.TokenService - [getToken,237] - user: madaosen, backend Token: Bearer eyJhbGciOiJIUzUxMiJ9.eyJsb2dpbl91c2VyX2tleSI6ImYxYmJiNjVhLTZlYzQtNDg4Ni1hY2M3LTdkZjdmYTkxZjA0YyJ9.2XbJLwaH0AcO9GmF4c9rYdGM1vOnRkWV0_M_G_RTfJNR28k4zwPCUDBXbnn5BPFglD0zNgiJDQM-I3kzB8s8Fg
17:02:42.385 [http-nio-9587-exec-9] INFO  c.r.f.w.s.TokenService - [getToken,237] - user: madaosen, backend Token: Bearer eyJhbGciOiJIUzUxMiJ9.eyJsb2dpbl91c2VyX2tleSI6ImYxYmJiNjVhLTZlYzQtNDg4Ni1hY2M3LTdkZjdmYTkxZjA0YyJ9.2XbJLwaH0AcO9GmF4c9rYdGM1vOnRkWV0_M_G_RTfJNR28k4zwPCUDBXbnn5BPFglD0zNgiJDQM-I3kzB8s8Fg
17:02:42.433 [http-nio-9587-exec-2] INFO  c.r.f.w.s.TokenService - [getToken,237] - user: madaosen, backend Token: Bearer eyJhbGciOiJIUzUxMiJ9.eyJsb2dpbl91c2VyX2tleSI6ImYxYmJiNjVhLTZlYzQtNDg4Ni1hY2M3LTdkZjdmYTkxZjA0YyJ9.2XbJLwaH0AcO9GmF4c9rYdGM1vOnRkWV0_M_G_RTfJNR28k4zwPCUDBXbnn5BPFglD0zNgiJDQM-I3kzB8s8Fg
17:02:42.893 [http-nio-9587-exec-2] INFO  c.r.w.s.i.DigitalEmployeeAgentServiceImpl - [prepareChat,584] - [DEBUG] 数字员工实际发送prompt employeeCode=kcts-todo-employee conversationId=kcts-demo-1788512359950-cb4a50ec prompt=@待办数字员工

以下 JSON 中 currentUser 由科创智方服务端生成；clientReferences 仅是界面引用线索，涉及读取或写入业务数据时必须再次调用科创智方受控接口校验。附件 fileId 也必须按当前用户和 conversationId 校验后才能读取。
{"conversationId":"kcts-demo-1788512359950-cb4a50ec","attachments":[],"currentUser":{"roleIds":["operational_improvement_planner_role","pf_unit_dept_leader_role","annual_project_approval_fill_role","fill_role","rd_unit_director_role","unit_verify_role","chief_engineer_leader_role","ai_audit_rule","product_innovation_accept_role","chief_engineer_director_role","workflow_user_update_role","email","rd_unit_leader_role","professional_leader_role","pf_project_manager_role","verify_role","software_cost_manager_role","allocation_role","prospective_study_planner_role","project_read_all_role","science_technology_fill_role","pf_director_role","self_develop_planner_role","hgbz","science_technology_read_role","chief_engineer_manager_role","product_innovation_planner_role","other_accept_role"],"userName":"madaosen","userId":"460","displayName":"madaosen","roleId":"fill_role"},"clientReferences":{"businessReferences":[{"id":"task:2094616833662640128:PmProjectApprovalIssuance:1","kind":"todo","name":"当前任务 · 项目管理员立项签发","projectId":"2094616833662640128","projectName":"测试流程表单","status":"项目管理员立项签发","taskId":"5ecf8444-a83f-11f1-b7aa-da3bbfe162e3","taskKey":"PmProjectApprovalIssuance"}]},"todoContext":{"schemaVersion":"1.0","status":"ready","task":{"taskId":"5ecf8444-a83f-11f1-b7aa-da3bbfe162e3","taskKey":"PmProjectApprovalIssuance","taskName":"项目管理员立项签发","projectId":"2094616833662640128","projectName":"测试流程表单","roleLabel":"当前办理人","actionType":"submit","canReject":false},"confirmation":{"required":true,"submitBy":"browser_session","submitToolAllowed":false,"label":"确认提交"},"project":{"id":"2094616833662640128","name":"测试流程表单","projectCategory":"prospective_study","projectCategoryName":"前瞻研究","projectProfessionalField":"1","projectProfessionalFieldName":"前瞻研究","isPlanProject":"2031546865748692995","isSelfDeveloped":0,"isBaseCutting":0,"requirementUnit":"zqj","requirementUnitName":"中区局","undertakeUnit":"SHGSRHCXYFJD","undertakeUnitName":"上海公司融合创新研发基地","operationUnit":"shgsrhcxyfjd","planStartDate":"2026-09-16","planEndDate":"2027-01-23"},"formSchema":[{"controlId":"FormProperty_2044sdl","controlType":"textarea","label":"处理意见","value":"","displayValue":"","required":false,"modelMaySuggest":true,"humanConfirmationRequired":true,"options":[]},{"controlId":"rd_intelligent_compute_resource","controlType":"double","label":"研发用智算资源(单位:元)","value":"","displayValue":"","required":false,"modelMaySuggest":true,"humanConfirmationRequired":true,"options":[]}],"responseContract":{"type":"kcts.todo_form_patch","patchKey":"formPatch","knownControlIds":["FormProperty_2044sdl","rd_intelligent_compute_resource"],"rules":["只能建议 formSchema 中存在的 controlId","select 和 radio 只能使用 options 中的 value","没有充分依据的字段必须留空并加入 missingFields","不得调用工具或接口提交审批，最终提交必须由浏览器当前登录用户确认"]}}}

本轮是科创智方待办辅助，todoContext 是服务端权威上下文。仅使用其中 project、formSchema 和节点 signals；不调用工具，不伪造控件或人员，不替用户提交。审批意见 radio 只用 decisionSuggestion 表达，不列入 formPatch 或 missingFields。处理意见限60个汉字；其他当前结论下的必填项无法确定时才列入 missingFields，此时 status=needs_input 且不建议 approve。只返回符合 responseContract 的一个 kcts.todo_form_patch JSON 对象，不要 Markdown 或额外说明。
17:02:43.651 [http-nio-9587-exec-5] INFO  c.r.f.w.s.TokenService - [getToken,237] - user: madaosen, backend Token: Bearer eyJhbGciOiJIUzUxMiJ9.eyJsb2dpbl91c2VyX2tleSI6ImYxYmJiNjVhLTZlYzQtNDg4Ni1hY2M3LTdkZjdmYTkxZjA0YyJ9.2XbJLwaH0AcO9GmF4c9rYdGM1vOnRkWV0_M_G_RTfJNR28k4zwPCUDBXbnn5BPFglD0zNgiJDQM-I3kzB8s8Fg
17:02:44.843 [http-nio-9587-exec-10] INFO  c.r.f.w.s.TokenService - [getToken,237] - user: madaosen, backend Token: Bearer eyJhbGciOiJIUzUxMiJ9.eyJsb2dpbl91c2VyX2tleSI6ImYxYmJiNjVhLTZlYzQtNDg4Ni1hY2M3LTdkZjdmYTkxZjA0YyJ9.2XbJLwaH0AcO9GmF4c9rYdGM1vOnRkWV0_M_G_RTfJNR28k4zwPCUDBXbnn5BPFglD0zNgiJDQM-I3kzB8s8Fg
17:02:46.040 [http-nio-9587-exec-1] INFO  c.r.f.w.s.TokenService - [getToken,237] - user: madaosen, backend Token: Bearer eyJhbGciOiJIUzUxMiJ9.eyJsb2dpbl91c2VyX2tleSI6ImYxYmJiNjVhLTZlYzQtNDg4Ni1hY2M3LTdkZjdmYTkxZjA0YyJ9.2XbJLwaH0AcO9GmF4c9rYdGM1vOnRkWV0_M_G_RTfJNR28k4zwPCUDBXbnn5BPFglD0zNgiJDQM-I3kzB8s8Fg
17:02:47.240 [http-nio-9587-exec-9] INFO  c.r.f.w.s.TokenService - [getToken,237] - user: madaosen, backend Token: Bearer eyJhbGciOiJIUzUxMiJ9.eyJsb2dpbl91c2VyX2tleSI6ImYxYmJiNjVhLTZlYzQtNDg4Ni1hY2M3LTdkZjdmYTkxZjA0YyJ9.2XbJLwaH0AcO9GmF4c9rYdGM1vOnRkWV0_M_G_RTfJNR28k4zwPCUDBXbnn5BPFglD0zNgiJDQM-I3kzB8s8Fg
17:02:48.442 [http-nio-9587-exec-2] INFO  c.r.f.w.s.TokenService - [getToken,237] - user: madaosen, backend Token: Bearer eyJhbGciOiJIUzUxMiJ9.eyJsb2dpbl91c2VyX2tleSI6ImYxYmJiNjVhLTZlYzQtNDg4Ni1hY2M3LTdkZjdmYTkxZjA0YyJ9.2XbJLwaH0AcO9GmF4c9rYdGM1vOnRkWV0_M_G_RTfJNR28k4zwPCUDBXbnn5BPFglD0zNgiJDQM-I3kzB8s8Fg
17:02:49.648 [http-nio-9587-exec-5] INFO  c.r.f.w.s.TokenService - [getToken,237] - user: madaosen, backend Token: Bearer eyJhbGciOiJIUzUxMiJ9.eyJsb2dpbl91c2VyX2tleSI6ImYxYmJiNjVhLTZlYzQtNDg4Ni1hY2M3LTdkZjdmYTkxZjA0YyJ9.2XbJLwaH0AcO9GmF4c9rYdGM1vOnRkWV0_M_G_RTfJNR28k4zwPCUDBXbnn5BPFglD0zNgiJDQM-I3kzB8s8Fg
17:02:50.113 [http-nio-9587-exec-4] INFO  c.r.f.w.s.TokenService - [getToken,237] - user: madaosen, backend Token: Bearer eyJhbGciOiJIUzUxMiJ9.eyJsb2dpbl91c2VyX2tleSI6ImYxYmJiNjVhLTZlYzQtNDg4Ni1hY2M3LTdkZjdmYTkxZjA0YyJ9.2XbJLwaH0AcO9GmF4c9rYdGM1vOnRkWV0_M_G_RTfJNR28k4zwPCUDBXbnn5BPFglD0zNgiJDQM-I3kzB8s8Fg
17:02:50.155 [http-nio-9587-exec-3] INFO  c.r.f.w.s.TokenService - [getToken,237] - user: madaosen, backend Token: Bearer eyJhbGciOiJIUzUxMiJ9.eyJsb2dpbl91c2VyX2tleSI6ImYxYmJiNjVhLTZlYzQtNDg4Ni1hY2M3LTdkZjdmYTkxZjA0YyJ9.2XbJLwaH0AcO9GmF4c9rYdGM1vOnRkWV0_M_G_RTfJNR28k4zwPCUDBXbnn5BPFglD0zNgiJDQM-I3kzB8s8Fg
17:02:50.514 [http-nio-9587-exec-8] INFO  c.r.f.w.s.TokenService - [getToken,237] - user: madaosen, backend Token: Bearer eyJhbGciOiJIUzUxMiJ9.eyJsb2dpbl91c2VyX2tleSI6ImYxYmJiNjVhLTZlYzQtNDg4Ni1hY2M3LTdkZjdmYTkxZjA0YyJ9.2XbJLwaH0AcO9GmF4c9rYdGM1vOnRkWV0_M_G_RTfJNR28k4zwPCUDBXbnn5BPFglD0zNgiJDQM-I3kzB8s8Fg
17:02:50.839 [http-nio-9587-exec-6] INFO  c.r.f.w.s.TokenService - [getToken,237] - user: madaosen, backend Token: Bearer eyJhbGciOiJIUzUxMiJ9.eyJsb2dpbl91c2VyX2tleSI6ImYxYmJiNjVhLTZlYzQtNDg4Ni1hY2M3LTdkZjdmYTkxZjA0YyJ9.2XbJLwaH0AcO9GmF4c9rYdGM1vOnRkWV0_M_G_RTfJNR28k4zwPCUDBXbnn5BPFglD0zNgiJDQM-I3kzB8s8Fg
17:02:51.340 [http-nio-9587-exec-7] INFO  c.r.f.w.s.TokenService - [getToken,237] - user: madaosen, backend Token: Bearer eyJhbGciOiJIUzUxMiJ9.eyJsb2dpbl91c2VyX2tleSI6ImYxYmJiNjVhLTZlYzQtNDg4Ni1hY2M3LTdkZjdmYTkxZjA0YyJ9.2XbJLwaH0AcO9GmF4c9rYdGM1vOnRkWV0_M_G_RTfJNR28k4zwPCUDBXbnn5BPFglD0zNgiJDQM-I3kzB8s8Fg
17:02:51.374 [http-nio-9587-exec-4] INFO  c.r.f.w.s.TokenService - [getToken,237] - user: madaosen, backend Token: Bearer eyJhbGciOiJIUzUxMiJ9.eyJsb2dpbl91c2VyX2tleSI6ImYxYmJiNjVhLTZlYzQtNDg4Ni1hY2M3LTdkZjdmYTkxZjA0YyJ9.2XbJLwaH0AcO9GmF4c9rYdGM1vOnRkWV0_M_G_RTfJNR28k4zwPCUDBXbnn5BPFglD0zNgiJDQM-I3kzB8s8Fg
17:03:41.779 [http-nio-9587-exec-2] INFO  c.r.f.w.s.TokenService - [getToken,237] - user: madaosen, backend Token: Bearer eyJhbGciOiJIUzUxMiJ9.eyJsb2dpbl91c2VyX2tleSI6ImYxYmJiNjVhLTZlYzQtNDg4Ni1hY2M3LTdkZjdmYTkxZjA0YyJ9.2XbJLwaH0AcO9GmF4c9rYdGM1vOnRkWV0_M_G_RTfJNR28k4zwPCUDBXbnn5BPFglD0zNgiJDQM-I3kzB8s8Fg
17:03:42.543 [http-nio-9587-exec-7] INFO  c.r.f.w.s.TokenService - [getToken,237] - user: madaosen, backend Token: Bearer eyJhbGciOiJIUzUxMiJ9.eyJsb2dpbl91c2VyX2tleSI6ImYxYmJiNjVhLTZlYzQtNDg4Ni1hY2M3LTdkZjdmYTkxZjA0YyJ9.2XbJLwaH0AcO9GmF4c9rYdGM1vOnRkWV0_M_G_RTfJNR28k4zwPCUDBXbnn5BPFglD0zNgiJDQM-I3kzB8s8Fg
17:03:42.749 [http-nio-9587-exec-7] INFO  c.r.c.u.f.FileTypeDetector - [detectMimeType,32] - 文件名: 批复文件预览.pdf, 声明的ContentType: application/pdf, Tika检测到的真实类型: application/pdf
17:03:42.749 [http-nio-9587-exec-7] INFO  c.r.w.c.s.SysFileController - [upload,299] - 上传文件: 批复文件预览.pdf, 声明的ContentType: application/pdf, Tika检测到的真实类型: application/pdf
17:03:42.749 [http-nio-9587-exec-7] INFO  c.r.w.c.s.SysFileController - [upload,309] - 文件类型直接匹配白名单: 批复文件预览.pdf -> application/pdf
17:03:42.749 [http-nio-9587-exec-7] INFO  c.r.w.c.s.SysFileController - [upload,331] - 文件类型校验通过: 批复文件预览.pdf, 真实类型: application/pdf
17:03:43.068 [http-nio-9587-exec-7] INFO  c.r.s.s.i.SysFileServiceImpl - [upload,233] - oss文件上传成功=====>prod/upload/2026/09/04/21c9d83e-0854-4b69-ba27-337cffa58a23.pdf
17:03:43.167 [http-nio-9587-exec-4] INFO  c.r.f.w.s.TokenService - [getToken,237] - user: madaosen, backend Token: Bearer eyJhbGciOiJIUzUxMiJ9.eyJsb2dpbl91c2VyX2tleSI6ImYxYmJiNjVhLTZlYzQtNDg4Ni1hY2M3LTdkZjdmYTkxZjA0YyJ9.2XbJLwaH0AcO9GmF4c9rYdGM1vOnRkWV0_M_G_RTfJNR28k4zwPCUDBXbnn5BPFglD0zNgiJDQM-I3kzB8s8Fg
17:03:53.168 [http-nio-9587-exec-8] INFO  c.r.f.w.s.TokenService - [getToken,237] - user: madaosen, backend Token: Bearer eyJhbGciOiJIUzUxMiJ9.eyJsb2dpbl91c2VyX2tleSI6ImYxYmJiNjVhLTZlYzQtNDg4Ni1hY2M3LTdkZjdmYTkxZjA0YyJ9.2XbJLwaH0AcO9GmF4c9rYdGM1vOnRkWV0_M_G_RTfJNR28k4zwPCUDBXbnn5BPFglD0zNgiJDQM-I3kzB8s8Fg
17:03:53.170 [http-nio-9587-exec-2] INFO  c.r.f.w.s.TokenService - [getToken,237] - user: madaosen, backend Token: Bearer eyJhbGciOiJIUzUxMiJ9.eyJsb2dpbl91c2VyX2tleSI6ImYxYmJiNjVhLTZlYzQtNDg4Ni1hY2M3LTdkZjdmYTkxZjA0YyJ9.2XbJLwaH0AcO9GmF4c9rYdGM1vOnRkWV0_M_G_RTfJNR28k4zwPCUDBXbnn5BPFglD0zNgiJDQM-I3kzB8s8Fg
17:03:53.194 [http-nio-9587-exec-5] INFO  c.r.f.w.s.TokenService - [getToken,237] - user: madaosen, backend Token: Bearer eyJhbGciOiJIUzUxMiJ9.eyJsb2dpbl91c2VyX2tleSI6ImYxYmJiNjVhLTZlYzQtNDg4Ni1hY2M3LTdkZjdmYTkxZjA0YyJ9.2XbJLwaH0AcO9GmF4c9rYdGM1vOnRkWV0_M_G_RTfJNR28k4zwPCUDBXbnn5BPFglD0zNgiJDQM-I3kzB8s8Fg
17:03:55.778 [http-nio-9587-exec-1] INFO  c.r.f.w.s.TokenService - [getToken,237] - user: madaosen, backend Token: Bearer eyJhbGciOiJIUzUxMiJ9.eyJsb2dpbl91c2VyX2tleSI6ImYxYmJiNjVhLTZlYzQtNDg4Ni1hY2M3LTdkZjdmYTkxZjA0YyJ9.2XbJLwaH0AcO9GmF4c9rYdGM1vOnRkWV0_M_G_RTfJNR28k4zwPCUDBXbnn5BPFglD0zNgiJDQM-I3kzB8s8Fg
17:03:55.797 [http-nio-9587-exec-4] INFO  c.r.f.w.s.TokenService - [getToken,237] - user: madaosen, backend Token: Bearer eyJhbGciOiJIUzUxMiJ9.eyJsb2dpbl91c2VyX2tleSI6ImYxYmJiNjVhLTZlYzQtNDg4Ni1hY2M3LTdkZjdmYTkxZjA0YyJ9.2XbJLwaH0AcO9GmF4c9rYdGM1vOnRkWV0_M_G_RTfJNR28k4zwPCUDBXbnn5BPFglD0zNgiJDQM-I3kzB8s8Fg
17:03:55.799 [http-nio-9587-exec-5] INFO  c.r.f.w.s.TokenService - [getToken,237] - user: madaosen, backend Token: Bearer eyJhbGciOiJIUzUxMiJ9.eyJsb2dpbl91c2VyX2tleSI6ImYxYmJiNjVhLTZlYzQtNDg4Ni1hY2M3LTdkZjdmYTkxZjA0YyJ9.2XbJLwaH0AcO9GmF4c9rYdGM1vOnRkWV0_M_G_RTfJNR28k4zwPCUDBXbnn5BPFglD0zNgiJDQM-I3kzB8s8Fg
17:03:55.800 [http-nio-9587-exec-6] INFO  c.r.f.w.s.TokenService - [getToken,237] - user: madaosen, backend Token: Bearer eyJhbGciOiJIUzUxMiJ9.eyJsb2dpbl91c2VyX2tleSI6ImYxYmJiNjVhLTZlYzQtNDg4Ni1hY2M3LTdkZjdmYTkxZjA0YyJ9.2XbJLwaH0AcO9GmF4c9rYdGM1vOnRkWV0_M_G_RTfJNR28k4zwPCUDBXbnn5BPFglD0zNgiJDQM-I3kzB8s8Fg
17:03:55.801 [http-nio-9587-exec-3] INFO  c.r.f.w.s.TokenService - [getToken,237] - user: madaosen, backend Token: Bearer eyJhbGciOiJIUzUxMiJ9.eyJsb2dpbl91c2VyX2tleSI6ImYxYmJiNjVhLTZlYzQtNDg4Ni1hY2M3LTdkZjdmYTkxZjA0YyJ9.2XbJLwaH0AcO9GmF4c9rYdGM1vOnRkWV0_M_G_RTfJNR28k4zwPCUDBXbnn5BPFglD0zNgiJDQM-I3kzB8s8Fg
17:03:55.804 [http-nio-9587-exec-9] INFO  c.r.f.w.s.TokenService - [getToken,237] - user: madaosen, backend Token: Bearer eyJhbGciOiJIUzUxMiJ9.eyJsb2dpbl91c2VyX2tleSI6ImYxYmJiNjVhLTZlYzQtNDg4Ni1hY2M3LTdkZjdmYTkxZjA0YyJ9.2XbJLwaH0AcO9GmF4c9rYdGM1vOnRkWV0_M_G_RTfJNR28k4zwPCUDBXbnn5BPFglD0zNgiJDQM-I3kzB8s8Fg
17:03:55.826 [http-nio-9587-exec-2] INFO  c.r.f.w.s.TokenService - [getToken,237] - user: madaosen, backend Token: Bearer eyJhbGciOiJIUzUxMiJ9.eyJsb2dpbl91c2VyX2tleSI6ImYxYmJiNjVhLTZlYzQtNDg4Ni1hY2M3LTdkZjdmYTkxZjA0YyJ9.2XbJLwaH0AcO9GmF4c9rYdGM1vOnRkWV0_M_G_RTfJNR28k4zwPCUDBXbnn5BPFglD0zNgiJDQM-I3kzB8s8Fg
17:03:55.827 [http-nio-9587-exec-10] INFO  c.r.f.w.s.TokenService - [getToken,237] - user: madaosen, backend Token: Bearer eyJhbGciOiJIUzUxMiJ9.eyJsb2dpbl91c2VyX2tleSI6ImYxYmJiNjVhLTZlYzQtNDg4Ni1hY2M3LTdkZjdmYTkxZjA0YyJ9.2XbJLwaH0AcO9GmF4c9rYdGM1vOnRkWV0_M_G_RTfJNR28k4zwPCUDBXbnn5BPFglD0zNgiJDQM-I3kzB8s8Fg
17:03:55.838 [http-nio-9587-exec-8] INFO  c.r.f.w.s.TokenService - [getToken,237] - user: madaosen, backend Token: Bearer eyJhbGciOiJIUzUxMiJ9.eyJsb2dpbl91c2VyX2tleSI6ImYxYmJiNjVhLTZlYzQtNDg4Ni1hY2M3LTdkZjdmYTkxZjA0YyJ9.2XbJLwaH0AcO9GmF4c9rYdGM1vOnRkWV0_M_G_RTfJNR28k4zwPCUDBXbnn5BPFglD0zNgiJDQM-I3kzB8s8Fg
17:03:55.854 [http-nio-9587-exec-7] INFO  c.r.f.w.s.TokenService - [getToken,237] - user: madaosen, backend Token: Bearer eyJhbGciOiJIUzUxMiJ9.eyJsb2dpbl91c2VyX2tleSI6ImYxYmJiNjVhLTZlYzQtNDg4Ni1hY2M3LTdkZjdmYTkxZjA0YyJ9.2XbJLwaH0AcO9GmF4c9rYdGM1vOnRkWV0_M_G_RTfJNR28k4zwPCUDBXbnn5BPFglD0zNgiJDQM-I3kzB8s8Fg
17:03:55.887 [http-nio-9587-exec-6] INFO  c.r.f.w.s.TokenService - [getToken,237] - user: madaosen, backend Token: Bearer eyJhbGciOiJIUzUxMiJ9.eyJsb2dpbl91c2VyX2tleSI6ImYxYmJiNjVhLTZlYzQtNDg4Ni1hY2M3LTdkZjdmYTkxZjA0YyJ9.2XbJLwaH0AcO9GmF4c9rYdGM1vOnRkWV0_M_G_RTfJNR28k4zwPCUDBXbnn5BPFglD0zNgiJDQM-I3kzB8s8Fg
17:03:55.902 [http-nio-9587-exec-5] INFO  c.r.f.w.s.TokenService - [getToken,237] - user: madaosen, backend Token: Bearer eyJhbGciOiJIUzUxMiJ9.eyJsb2dpbl91c2VyX2tleSI6ImYxYmJiNjVhLTZlYzQtNDg4Ni1hY2M3LTdkZjdmYTkxZjA0YyJ9.2XbJLwaH0AcO9GmF4c9rYdGM1vOnRkWV0_M_G_RTfJNR28k4zwPCUDBXbnn5BPFglD0zNgiJDQM-I3kzB8s8Fg
17:03:55.922 [http-nio-9587-exec-10] INFO  c.r.f.w.s.TokenService - [getToken,237] - user: madaosen, backend Token: Bearer eyJhbGciOiJIUzUxMiJ9.eyJsb2dpbl91c2VyX2tleSI6ImYxYmJiNjVhLTZlYzQtNDg4Ni1hY2M3LTdkZjdmYTkxZjA0YyJ9.2XbJLwaH0AcO9GmF4c9rYdGM1vOnRkWV0_M_G_RTfJNR28k4zwPCUDBXbnn5BPFglD0zNgiJDQM-I3kzB8s8Fg
17:03:55.964 [http-nio-9587-exec-8] INFO  c.r.f.w.s.TokenService - [getToken,237] - user: madaosen, backend Token: Bearer eyJhbGciOiJIUzUxMiJ9.eyJsb2dpbl91c2VyX2tleSI6ImYxYmJiNjVhLTZlYzQtNDg4Ni1hY2M3LTdkZjdmYTkxZjA0YyJ9.2XbJLwaH0AcO9GmF4c9rYdGM1vOnRkWV0_M_G_RTfJNR28k4zwPCUDBXbnn5BPFglD0zNgiJDQM-I3kzB8s8Fg
17:03:55.973 [http-nio-9587-exec-3] INFO  c.r.f.w.s.TokenService - [getToken,237] - user: madaosen, backend Token: Bearer eyJhbGciOiJIUzUxMiJ9.eyJsb2dpbl91c2VyX2tleSI6ImYxYmJiNjVhLTZlYzQtNDg4Ni1hY2M3LTdkZjdmYTkxZjA0YyJ9.2XbJLwaH0AcO9GmF4c9rYdGM1vOnRkWV0_M_G_RTfJNR28k4zwPCUDBXbnn5BPFglD0zNgiJDQM-I3kzB8s8Fg
17:03:55.987 [http-nio-9587-exec-2] INFO  c.r.f.w.s.TokenService - [getToken,237] - user: madaosen, backend Token: Bearer eyJhbGciOiJIUzUxMiJ9.eyJsb2dpbl91c2VyX2tleSI6ImYxYmJiNjVhLTZlYzQtNDg4Ni1hY2M3LTdkZjdmYTkxZjA0YyJ9.2XbJLwaH0AcO9GmF4c9rYdGM1vOnRkWV0_M_G_RTfJNR28k4zwPCUDBXbnn5BPFglD0zNgiJDQM-I3kzB8s8Fg
17:03:56.001 [http-nio-9587-exec-5] INFO  c.r.f.w.s.TokenService - [getToken,237] - user: madaosen, backend Token: Bearer eyJhbGciOiJIUzUxMiJ9.eyJsb2dpbl91c2VyX2tleSI6ImYxYmJiNjVhLTZlYzQtNDg4Ni1hY2M3LTdkZjdmYTkxZjA0YyJ9.2XbJLwaH0AcO9GmF4c9rYdGM1vOnRkWV0_M_G_RTfJNR28k4zwPCUDBXbnn5BPFglD0zNgiJDQM-I3kzB8s8Fg
17:03:56.015 [http-nio-9587-exec-4] INFO  c.r.f.w.s.TokenService - [getToken,237] - user: madaosen, backend Token: Bearer eyJhbGciOiJIUzUxMiJ9.eyJsb2dpbl91c2VyX2tleSI6ImYxYmJiNjVhLTZlYzQtNDg4Ni1hY2M3LTdkZjdmYTkxZjA0YyJ9.2XbJLwaH0AcO9GmF4c9rYdGM1vOnRkWV0_M_G_RTfJNR28k4zwPCUDBXbnn5BPFglD0zNgiJDQM-I3kzB8s8Fg
17:03:56.031 [http-nio-9587-exec-8] INFO  c.r.f.w.s.TokenService - [getToken,237] - user: madaosen, backend Token: Bearer eyJhbGciOiJIUzUxMiJ9.eyJsb2dpbl91c2VyX2tleSI6ImYxYmJiNjVhLTZlYzQtNDg4Ni1hY2M3LTdkZjdmYTkxZjA0YyJ9.2XbJLwaH0AcO9GmF4c9rYdGM1vOnRkWV0_M_G_RTfJNR28k4zwPCUDBXbnn5BPFglD0zNgiJDQM-I3kzB8s8Fg
17:03:56.387 [http-nio-9587-exec-2] INFO  c.r.f.w.s.TokenService - [getToken,237] - user: madaosen, backend Token: Bearer eyJhbGciOiJIUzUxMiJ9.eyJsb2dpbl91c2VyX2tleSI6ImYxYmJiNjVhLTZlYzQtNDg4Ni1hY2M3LTdkZjdmYTkxZjA0YyJ9.2XbJLwaH0AcO9GmF4c9rYdGM1vOnRkWV0_M_G_RTfJNR28k4zwPCUDBXbnn5BPFglD0zNgiJDQM-I3kzB8s8Fg
17:03:56.404 [http-nio-9587-exec-5] INFO  c.r.f.w.s.TokenService - [getToken,237] - user: madaosen, backend Token: Bearer eyJhbGciOiJIUzUxMiJ9.eyJsb2dpbl91c2VyX2tleSI6ImYxYmJiNjVhLTZlYzQtNDg4Ni1hY2M3LTdkZjdmYTkxZjA0YyJ9.2XbJLwaH0AcO9GmF4c9rYdGM1vOnRkWV0_M_G_RTfJNR28k4zwPCUDBXbnn5BPFglD0zNgiJDQM-I3kzB8s8Fg
17:03:56.404 [http-nio-9587-exec-2] INFO  c.r.f.w.s.TokenService - [getToken,237] - user: madaosen, backend Token: Bearer eyJhbGciOiJIUzUxMiJ9.eyJsb2dpbl91c2VyX2tleSI6ImYxYmJiNjVhLTZlYzQtNDg4Ni1hY2M3LTdkZjdmYTkxZjA0YyJ9.2XbJLwaH0AcO9GmF4c9rYdGM1vOnRkWV0_M_G_RTfJNR28k4zwPCUDBXbnn5BPFglD0zNgiJDQM-I3kzB8s8Fg
17:03:56.407 [http-nio-9587-exec-4] INFO  c.r.f.w.s.TokenService - [getToken,237] - user: madaosen, backend Token: Bearer eyJhbGciOiJIUzUxMiJ9.eyJsb2dpbl91c2VyX2tleSI6ImYxYmJiNjVhLTZlYzQtNDg4Ni1hY2M3LTdkZjdmYTkxZjA0YyJ9.2XbJLwaH0AcO9GmF4c9rYdGM1vOnRkWV0_M_G_RTfJNR28k4zwPCUDBXbnn5BPFglD0zNgiJDQM-I3kzB8s8Fg
17:03:56.407 [http-nio-9587-exec-1] INFO  c.r.f.w.s.TokenService - [getToken,237] - user: madaosen, backend Token: Bearer eyJhbGciOiJIUzUxMiJ9.eyJsb2dpbl91c2VyX2tleSI6ImYxYmJiNjVhLTZlYzQtNDg4Ni1hY2M3LTdkZjdmYTkxZjA0YyJ9.2XbJLwaH0AcO9GmF4c9rYdGM1vOnRkWV0_M_G_RTfJNR28k4zwPCUDBXbnn5BPFglD0zNgiJDQM-I3kzB8s8Fg
17:03:56.408 [http-nio-9587-exec-6] INFO  c.r.f.w.s.TokenService - [getToken,237] - user: madaosen, backend Token: Bearer eyJhbGciOiJIUzUxMiJ9.eyJsb2dpbl91c2VyX2tleSI6ImYxYmJiNjVhLTZlYzQtNDg4Ni1hY2M3LTdkZjdmYTkxZjA0YyJ9.2XbJLwaH0AcO9GmF4c9rYdGM1vOnRkWV0_M_G_RTfJNR28k4zwPCUDBXbnn5BPFglD0zNgiJDQM-I3kzB8s8Fg
17:03:56.423 [http-nio-9587-exec-8] INFO  c.r.f.w.s.TokenService - [getToken,237] - user: madaosen, backend Token: Bearer eyJhbGciOiJIUzUxMiJ9.eyJsb2dpbl91c2VyX2tleSI6ImYxYmJiNjVhLTZlYzQtNDg4Ni1hY2M3LTdkZjdmYTkxZjA0YyJ9.2XbJLwaH0AcO9GmF4c9rYdGM1vOnRkWV0_M_G_RTfJNR28k4zwPCUDBXbnn5BPFglD0zNgiJDQM-I3kzB8s8Fg
17:03:56.423 [http-nio-9587-exec-3] INFO  c.r.f.w.s.TokenService - [getToken,237] - user: madaosen, backend Token: Bearer eyJhbGciOiJIUzUxMiJ9.eyJsb2dpbl91c2VyX2tleSI6ImYxYmJiNjVhLTZlYzQtNDg4Ni1hY2M3LTdkZjdmYTkxZjA0YyJ9.2XbJLwaH0AcO9GmF4c9rYdGM1vOnRkWV0_M_G_RTfJNR28k4zwPCUDBXbnn5BPFglD0zNgiJDQM-I3kzB8s8Fg
17:03:56.425 [http-nio-9587-exec-7] INFO  c.r.f.w.s.TokenService - [getToken,237] - user: madaosen, backend Token: Bearer eyJhbGciOiJIUzUxMiJ9.eyJsb2dpbl91c2VyX2tleSI6ImYxYmJiNjVhLTZlYzQtNDg4Ni1hY2M3LTdkZjdmYTkxZjA0YyJ9.2XbJLwaH0AcO9GmF4c9rYdGM1vOnRkWV0_M_G_RTfJNR28k4zwPCUDBXbnn5BPFglD0zNgiJDQM-I3kzB8s8Fg
17:03:56.449 [http-nio-9587-exec-5] INFO  c.r.f.w.s.TokenService - [getToken,237] - user: madaosen, backend Token: Bearer eyJhbGciOiJIUzUxMiJ9.eyJsb2dpbl91c2VyX2tleSI6ImYxYmJiNjVhLTZlYzQtNDg4Ni1hY2M3LTdkZjdmYTkxZjA0YyJ9.2XbJLwaH0AcO9GmF4c9rYdGM1vOnRkWV0_M_G_RTfJNR28k4zwPCUDBXbnn5BPFglD0zNgiJDQM-I3kzB8s8Fg
17:03:56.465 [http-nio-9587-exec-6] INFO  c.r.f.w.s.TokenService - [getToken,237] - user: madaosen, backend Token: Bearer eyJhbGciOiJIUzUxMiJ9.eyJsb2dpbl91c2VyX2tleSI6ImYxYmJiNjVhLTZlYzQtNDg4Ni1hY2M3LTdkZjdmYTkxZjA0YyJ9.2XbJLwaH0AcO9GmF4c9rYdGM1vOnRkWV0_M_G_RTfJNR28k4zwPCUDBXbnn5BPFglD0zNgiJDQM-I3kzB8s8Fg
17:03:56.465 [http-nio-9587-exec-3] INFO  c.r.f.w.s.TokenService - [getToken,237] - user: madaosen, backend Token: Bearer eyJhbGciOiJIUzUxMiJ9.eyJsb2dpbl91c2VyX2tleSI6ImYxYmJiNjVhLTZlYzQtNDg4Ni1hY2M3LTdkZjdmYTkxZjA0YyJ9.2XbJLwaH0AcO9GmF4c9rYdGM1vOnRkWV0_M_G_RTfJNR28k4zwPCUDBXbnn5BPFglD0zNgiJDQM-I3kzB8s8Fg
17:03:56.465 [http-nio-9587-exec-8] INFO  c.r.f.w.s.TokenService - [getToken,237] - user: madaosen, backend Token: Bearer eyJhbGciOiJIUzUxMiJ9.eyJsb2dpbl91c2VyX2tleSI6ImYxYmJiNjVhLTZlYzQtNDg4Ni1hY2M3LTdkZjdmYTkxZjA0YyJ9.2XbJLwaH0AcO9GmF4c9rYdGM1vOnRkWV0_M_G_RTfJNR28k4zwPCUDBXbnn5BPFglD0zNgiJDQM-I3kzB8s8Fg
17:03:56.555 [http-nio-9587-exec-10] INFO  c.r.f.w.s.TokenService - [getToken,237] - user: madaosen, backend Token: Bearer eyJhbGciOiJIUzUxMiJ9.eyJsb2dpbl91c2VyX2tleSI6ImYxYmJiNjVhLTZlYzQtNDg4Ni1hY2M3LTdkZjdmYTkxZjA0YyJ9.2XbJLwaH0AcO9GmF4c9rYdGM1vOnRkWV0_M_G_RTfJNR28k4zwPCUDBXbnn5BPFglD0zNgiJDQM-I3kzB8s8Fg
17:03:56.663 [http-nio-9587-exec-2] INFO  c.r.f.w.s.TokenService - [getToken,237] - user: madaosen, backend Token: Bearer eyJhbGciOiJIUzUxMiJ9.eyJsb2dpbl91c2VyX2tleSI6ImYxYmJiNjVhLTZlYzQtNDg4Ni1hY2M3LTdkZjdmYTkxZjA0YyJ9.2XbJLwaH0AcO9GmF4c9rYdGM1vOnRkWV0_M_G_RTfJNR28k4zwPCUDBXbnn5BPFglD0zNgiJDQM-I3kzB8s8Fg
17:03:56.689 [http-nio-9587-exec-5] INFO  c.r.f.w.s.TokenService - [getToken,237] - user: madaosen, backend Token: Bearer eyJhbGciOiJIUzUxMiJ9.eyJsb2dpbl91c2VyX2tleSI6ImYxYmJiNjVhLTZlYzQtNDg4Ni1hY2M3LTdkZjdmYTkxZjA0YyJ9.2XbJLwaH0AcO9GmF4c9rYdGM1vOnRkWV0_M_G_RTfJNR28k4zwPCUDBXbnn5BPFglD0zNgiJDQM-I3kzB8s8Fg
17:03:56.690 [http-nio-9587-exec-2] INFO  c.r.f.w.s.TokenService - [getToken,237] - user: madaosen, backend Token: Bearer eyJhbGciOiJIUzUxMiJ9.eyJsb2dpbl91c2VyX2tleSI6ImYxYmJiNjVhLTZlYzQtNDg4Ni1hY2M3LTdkZjdmYTkxZjA0YyJ9.2XbJLwaH0AcO9GmF4c9rYdGM1vOnRkWV0_M_G_RTfJNR28k4zwPCUDBXbnn5BPFglD0zNgiJDQM-I3kzB8s8Fg
17:03:56.693 [http-nio-9587-exec-6] INFO  c.r.f.w.s.TokenService - [getToken,237] - user: madaosen, backend Token: Bearer eyJhbGciOiJIUzUxMiJ9.eyJsb2dpbl91c2VyX2tleSI6ImYxYmJiNjVhLTZlYzQtNDg4Ni1hY2M3LTdkZjdmYTkxZjA0YyJ9.2XbJLwaH0AcO9GmF4c9rYdGM1vOnRkWV0_M_G_RTfJNR28k4zwPCUDBXbnn5BPFglD0zNgiJDQM-I3kzB8s8Fg
17:03:56.694 [http-nio-9587-exec-1] INFO  c.r.f.w.s.TokenService - [getToken,237] - user: madaosen, backend Token: Bearer eyJhbGciOiJIUzUxMiJ9.eyJsb2dpbl91c2VyX2tleSI6ImYxYmJiNjVhLTZlYzQtNDg4Ni1hY2M3LTdkZjdmYTkxZjA0YyJ9.2XbJLwaH0AcO9GmF4c9rYdGM1vOnRkWV0_M_G_RTfJNR28k4zwPCUDBXbnn5BPFglD0zNgiJDQM-I3kzB8s8Fg
17:03:56.695 [http-nio-9587-exec-8] INFO  c.r.f.w.s.TokenService - [getToken,237] - user: madaosen, backend Token: Bearer eyJhbGciOiJIUzUxMiJ9.eyJsb2dpbl91c2VyX2tleSI6ImYxYmJiNjVhLTZlYzQtNDg4Ni1hY2M3LTdkZjdmYTkxZjA0YyJ9.2XbJLwaH0AcO9GmF4c9rYdGM1vOnRkWV0_M_G_RTfJNR28k4zwPCUDBXbnn5BPFglD0zNgiJDQM-I3kzB8s8Fg
17:03:56.702 [http-nio-9587-exec-4] INFO  c.r.f.w.s.TokenService - [getToken,237] - user: madaosen, backend Token: Bearer eyJhbGciOiJIUzUxMiJ9.eyJsb2dpbl91c2VyX2tleSI6ImYxYmJiNjVhLTZlYzQtNDg4Ni1hY2M3LTdkZjdmYTkxZjA0YyJ9.2XbJLwaH0AcO9GmF4c9rYdGM1vOnRkWV0_M_G_RTfJNR28k4zwPCUDBXbnn5BPFglD0zNgiJDQM-I3kzB8s8Fg
17:03:56.717 [http-nio-9587-exec-3] INFO  c.r.f.w.s.TokenService - [getToken,237] - user: madaosen, backend Token: Bearer eyJhbGciOiJIUzUxMiJ9.eyJsb2dpbl91c2VyX2tleSI6ImYxYmJiNjVhLTZlYzQtNDg4Ni1hY2M3LTdkZjdmYTkxZjA0YyJ9.2XbJLwaH0AcO9GmF4c9rYdGM1vOnRkWV0_M_G_RTfJNR28k4zwPCUDBXbnn5BPFglD0zNgiJDQM-I3kzB8s8Fg
17:03:56.719 [http-nio-9587-exec-10] INFO  c.r.f.w.s.TokenService - [getToken,237] - user: madaosen, backend Token: Bearer eyJhbGciOiJIUzUxMiJ9.eyJsb2dpbl91c2VyX2tleSI6ImYxYmJiNjVhLTZlYzQtNDg4Ni1hY2M3LTdkZjdmYTkxZjA0YyJ9.2XbJLwaH0AcO9GmF4c9rYdGM1vOnRkWV0_M_G_RTfJNR28k4zwPCUDBXbnn5BPFglD0zNgiJDQM-I3kzB8s8Fg
17:03:56.749 [http-nio-9587-exec-9] INFO  c.r.f.w.s.TokenService - [getToken,237] - user: madaosen, backend Token: Bearer eyJhbGciOiJIUzUxMiJ9.eyJsb2dpbl91c2VyX2tleSI6ImYxYmJiNjVhLTZlYzQtNDg4Ni1hY2M3LTdkZjdmYTkxZjA0YyJ9.2XbJLwaH0AcO9GmF4c9rYdGM1vOnRkWV0_M_G_RTfJNR28k4zwPCUDBXbnn5BPFglD0zNgiJDQM-I3kzB8s8Fg
17:03:56.768 [http-nio-9587-exec-1] INFO  c.r.f.w.s.TokenService - [getToken,237] - user: madaosen, backend Token: Bearer eyJhbGciOiJIUzUxMiJ9.eyJsb2dpbl91c2VyX2tleSI6ImYxYmJiNjVhLTZlYzQtNDg4Ni1hY2M3LTdkZjdmYTkxZjA0YyJ9.2XbJLwaH0AcO9GmF4c9rYdGM1vOnRkWV0_M_G_RTfJNR28k4zwPCUDBXbnn5BPFglD0zNgiJDQM-I3kzB8s8Fg
17:03:56.773 [http-nio-9587-exec-8] INFO  c.r.f.w.s.TokenService - [getToken,237] - user: madaosen, backend Token: Bearer eyJhbGciOiJIUzUxMiJ9.eyJsb2dpbl91c2VyX2tleSI6ImYxYmJiNjVhLTZlYzQtNDg4Ni1hY2M3LTdkZjdmYTkxZjA0YyJ9.2XbJLwaH0AcO9GmF4c9rYdGM1vOnRkWV0_M_G_RTfJNR28k4zwPCUDBXbnn5BPFglD0zNgiJDQM-I3kzB8s8Fg
17:03:56.773 [http-nio-9587-exec-4] INFO  c.r.f.w.s.TokenService - [getToken,237] - user: madaosen, backend Token: Bearer eyJhbGciOiJIUzUxMiJ9.eyJsb2dpbl91c2VyX2tleSI6ImYxYmJiNjVhLTZlYzQtNDg4Ni1hY2M3LTdkZjdmYTkxZjA0YyJ9.2XbJLwaH0AcO9GmF4c9rYdGM1vOnRkWV0_M_G_RTfJNR28k4zwPCUDBXbnn5BPFglD0zNgiJDQM-I3kzB8s8Fg
17:12:16.684 [SpringApplicationShutdownHook] INFO  o.q.c.QuartzScheduler - [standby,585] - Scheduler RuoyiScheduler_$_DESKTOP-GL3RGKM1788512339323 paused.
17:12:16.685 [SpringApplicationShutdownHook] INFO  o.a.s.AbstractActivitiSmartLifeCycle - [stop,95] - Stopping...
17:12:16.685 [SpringApplicationShutdownHook] INFO  o.a.s.AbstractActivitiSmartLifeCycle - [stop,99] - Stopped.
17:12:16.685 [SpringApplicationShutdownHook] INFO  o.a.s.AbstractActivitiSmartLifeCycle - [stop,95] - Stopping...
17:12:16.685 [SpringApplicationShutdownHook] INFO  o.a.s.AbstractActivitiSmartLifeCycle - [stop,99] - Stopped.
17:12:16.685 [SpringApplicationShutdownHook] INFO  o.a.s.AbstractActivitiSmartLifeCycle - [stop,95] - Stopping...
17:12:16.685 [SpringApplicationShutdownHook] INFO  o.a.s.AbstractActivitiSmartLifeCycle - [stop,99] - Stopped.
17:12:16.685 [SpringApplicationShutdownHook] INFO  o.a.s.AbstractActivitiSmartLifeCycle - [stop,95] - Stopping...
17:12:16.685 [SpringApplicationShutdownHook] INFO  o.a.s.AbstractActivitiSmartLifeCycle - [stop,99] - Stopped.
17:12:19.150 [SpringApplicationShutdownHook] INFO  o.q.c.QuartzScheduler - [shutdown,666] - Scheduler RuoyiScheduler_$_DESKTOP-GL3RGKM1788512339323 shutting down.
17:12:19.150 [SpringApplicationShutdownHook] INFO  o.q.c.QuartzScheduler - [standby,585] - Scheduler RuoyiScheduler_$_DESKTOP-GL3RGKM1788512339323 paused.
17:12:19.151 [SpringApplicationShutdownHook] INFO  o.q.c.QuartzScheduler - [shutdown,740] - Scheduler RuoyiScheduler_$_DESKTOP-GL3RGKM1788512339323 shutdown complete.
17:12:19.151 [SpringApplicationShutdownHook] INFO  sys-user - [shutdownAsyncManager,31] - ====关闭后台任务任务线程池====
17:12:19.161 [SpringApplicationShutdownHook] INFO  o.a.e.i.a.DefaultAsyncJobExecutor - [shutdown,212] - Shutting down the default async job executor [org.activiti.spring.SpringAsyncExecutor].
17:12:19.161 [activiti-acquire-async-jobs] INFO  o.a.e.i.a.AcquireAsyncJobsDueRunnable - [run,119] - {} stopped async job due acquisition
17:12:19.161 [activiti-reset-expired-jobs] INFO  o.a.e.i.a.ResetExpiredJobsRunnable - [run,103] - {} stopped resetting expired jobs
17:12:19.161 [activiti-acquire-timer-jobs] INFO  o.a.e.i.a.AcquireTimerJobsRunnable - [run,119] - {} stopped async job due acquisition
17:12:19.171 [SpringApplicationShutdownHook] INFO  c.a.d.p.DruidDataSource - [close,2032] - {dataSource-1} closing ...
17:12:19.174 [SpringApplicationShutdownHook] INFO  c.a.d.p.DruidDataSource - [close,2104] - {dataSource-1} closed
17:12:31.863 [restartedMain] INFO  c.r.RuoYiApplication - [logStarting,53] - Starting RuoYiApplication using Java 17.0.10 with PID 45772 (C:\Users\Administrator\Desktop\kcts\kcts\ruoyi-admin\target\classes started by Administrator in C:\Users\Administrator\Desktop\kcts)
17:12:31.866 [restartedMain] INFO  c.r.RuoYiApplication - [logStartupProfileInfo,658] - The following 1 profile is active: "local"
17:12:37.258 [restartedMain] INFO  o.a.c.c.AprLifecycleListener - [log,173] - An older version [1.2.35] of the Apache Tomcat Native library is installed, while Tomcat recommends a minimum version of [2.0.5]
17:12:37.258 [restartedMain] INFO  o.a.c.c.AprLifecycleListener - [log,173] - Loaded Apache Tomcat Native library [1.2.35] using APR version [1.7.0].
17:12:37.261 [restartedMain] INFO  o.a.c.c.AprLifecycleListener - [log,173] - OpenSSL successfully initialized [OpenSSL 1.1.1q  5 Jul 2022]
17:12:37.284 [restartedMain] INFO  o.a.c.c.StandardService - [log,173] - Starting service [Tomcat]
17:12:37.284 [restartedMain] INFO  o.a.c.c.StandardEngine - [log,173] - Starting Servlet engine: [Apache Tomcat/10.1.33]
17:12:37.441 [restartedMain] INFO  o.a.c.c.C.[.[.[/] - [log,173] - Initializing Spring embedded WebApplicationContext
17:12:40.099 [restartedMain] INFO  c.a.d.p.DruidDataSource - [init,985] - {dataSource-1} inited
17:12:46.478 [restartedMain] INFO  o.a.s.r.ResourceFinder - [discoverResources,49] - No process definitions were found for auto-deployment in the location `classpath*:**/processes/`
17:12:48.098 [restartedMain] INFO  o.a.s.r.ResourceFinder - [discoverResources,49] - No process extensions were found for auto-deployment in the location 'classpath*:**/processes/'
17:12:48.339 [restartedMain] INFO  o.a.e.i.c.ProcessEngineConfigurationImpl - [initConfigurators,1570] - Found 1 Process Engine Configurators in total:
17:12:48.340 [restartedMain] INFO  o.a.e.i.c.ProcessEngineConfigurationImpl - [initConfigurators,1572] - class org.activiti.spring.process.conf.ProcessExtensionsConfiguratorAutoConfiguration (priority:10000)
17:12:48.341 [restartedMain] INFO  o.a.e.i.c.ProcessEngineConfigurationImpl - [configuratorsBeforeInit,1582] - Executing beforeInit() of class org.activiti.spring.process.conf.ProcessExtensionsConfiguratorAutoConfiguration (priority:10000)
17:12:48.979 [restartedMain] INFO  o.a.e.i.c.ProcessEngineConfigurationImpl - [configuratorsAfterInit,1589] - Executing configure() of class org.activiti.spring.process.conf.ProcessExtensionsConfiguratorAutoConfiguration (priority:10000)
17:12:49.009 [restartedMain] INFO  o.a.e.i.ProcessEngineImpl - [<init>,78] - ProcessEngine default created
17:12:49.011 [restartedMain] INFO  o.a.e.i.a.DefaultAsyncJobExecutor - [start,173] - Starting up the default async job executor [org.activiti.spring.SpringAsyncExecutor].
17:12:49.012 [Thread-4] INFO  o.a.e.i.a.AcquireAsyncJobsDueRunnable - [run,49] - {} starting to acquire async jobs due
17:12:49.013 [Thread-5] INFO  o.a.e.i.a.AcquireTimerJobsRunnable - [run,53] - {} starting to acquire async jobs due
17:12:49.013 [Thread-6] INFO  o.a.e.i.a.ResetExpiredJobsRunnable - [run,55] - {} starting to reset expired jobs
17:12:49.095 [restartedMain] INFO  o.a.e.i.c.DeployCmd - [executeDeploy,103] - Launching new deployment with version: 1
17:12:51.588 [restartedMain] INFO  o.q.i.StdSchedulerFactory - [instantiate,1220] - Using default implementation for ThreadExecutor
17:12:51.606 [restartedMain] INFO  o.q.c.SchedulerSignalerImpl - [<init>,61] - Initialized Scheduler Signaller of type: class org.quartz.core.SchedulerSignalerImpl
17:12:51.606 [restartedMain] INFO  o.q.c.QuartzScheduler - [<init>,229] - Quartz Scheduler v.2.3.2 created.
17:12:51.617 [restartedMain] INFO  o.q.c.QuartzScheduler - [initialize,294] - Scheduler meta-data: Quartz Scheduler (v2.3.2) 'RuoyiScheduler' with instanceId 'DESKTOP-GL3RGKM1788513171591'
  Scheduler class: 'org.quartz.core.QuartzScheduler' - running locally.
  NOT STARTED.
  Currently in standby mode.
  Number of jobs executed: 0
  Using thread pool 'org.quartz.simpl.SimpleThreadPool' - with 20 threads.
  Using job-store 'org.springframework.scheduling.quartz.LocalDataSourceJobStore' - which supports persistence. and is clustered.

17:12:51.617 [restartedMain] INFO  o.q.i.StdSchedulerFactory - [instantiate,1374] - Quartz scheduler 'RuoyiScheduler' initialized from an externally provided properties instance.
17:12:51.617 [restartedMain] INFO  o.q.i.StdSchedulerFactory - [instantiate,1378] - Quartz scheduler version: 2.3.2
17:12:51.620 [restartedMain] INFO  o.q.c.QuartzScheduler - [setJobFactory,2293] - JobFactory set to: org.springframework.scheduling.quartz.AdaptableJobFactory@2c75e354
17:12:52.786 [restartedMain] INFO  o.a.c.w.s.f.ReflectionServiceFactoryBean - [buildServiceFromClass,436] - Creating Service {http://impl.webservice.system.ruoyi.com/}OADeptServiceImplService from class com.ruoyi.system.webservice.impl.OADeptServiceImpl
17:12:53.537 [restartedMain] INFO  o.a.c.e.ServerImpl - [initDestination,95] - Setting the server's publish address to be /syncdep
17:12:53.573 [restartedMain] INFO  o.a.c.w.s.f.ReflectionServiceFactoryBean - [buildServiceFromClass,436] - Creating Service {http://impl.webservice.system.ruoyi.com/}OAUserServiceImplService from class com.ruoyi.system.webservice.impl.OAUserServiceImpl
17:12:53.660 [restartedMain] INFO  o.a.c.e.ServerImpl - [initDestination,95] - Setting the server's publish address to be /syncuser
17:12:53.669 [restartedMain] INFO  o.a.c.w.s.f.ReflectionServiceFactoryBean - [buildServiceFromClass,436] - Creating Service {http://ideal.sh.cn.tc}ICreateInfoServiceService from class com.ruoyi.system.webservice.createinfo.ICreateInfoService
17:12:57.880 [restartedMain] INFO  o.a.s.AbstractActivitiSmartLifeCycle - [start,81] - Starting...
17:12:58.128 [restartedMain] INFO  o.a.s.AbstractActivitiSmartLifeCycle - [start,86] - Started.
17:12:58.128 [restartedMain] INFO  o.a.s.AbstractActivitiSmartLifeCycle - [start,81] - Starting...
17:12:58.160 [restartedMain] INFO  o.a.s.AbstractActivitiSmartLifeCycle - [start,86] - Started.
17:12:58.160 [restartedMain] INFO  o.a.s.AbstractActivitiSmartLifeCycle - [start,81] - Starting...
17:12:58.923 [Quartz Scheduler [RuoyiScheduler]] INFO  o.q.c.QuartzScheduler - [start,547] - Scheduler RuoyiScheduler_$_DESKTOP-GL3RGKM1788513171591 started.
17:12:59.570 [restartedMain] INFO  o.a.s.AbstractActivitiSmartLifeCycle - [start,86] - Started.
17:12:59.570 [restartedMain] INFO  o.a.s.AbstractActivitiSmartLifeCycle - [start,81] - Starting...
17:13:04.132 [restartedMain] INFO  o.a.s.AbstractActivitiSmartLifeCycle - [start,86] - Started.
17:13:04.157 [restartedMain] INFO  c.r.RuoYiApplication - [logStarted,59] - Started RuoYiApplication in 32.791 seconds (process running for 34.235)
17:13:04.876 [restartedMain] INFO  c.r.w.k.SaslClient - [consume,109] - login user: admin
17:13:04.977 [RMI TCP Connection(5)-172.33.1.108] INFO  o.a.c.c.C.[.[.[/] - [log,173] - Initializing Spring DispatcherServlet 'dispatcherServlet'
17:13:05.466 [restartedMain] INFO  o.a.k.c.c.ConsumerConfig - [logAll,347] - ConsumerConfig values: 
	allow.auto.create.topics = true
	auto.commit.interval.ms = 5000
	auto.offset.reset = earliest
	bootstrap.servers = [10.145.219.3:8423, 10.145.219.4:8423, 10.145.219.5:8423]
	check.crcs = true
	client.dns.lookup = default
	client.id = 
	client.rack = 
	connections.max.idle.ms = 540000
	default.api.timeout.ms = 60000
	enable.auto.commit = false
	exclude.internal.topics = true
	fetch.max.bytes = 52428800
	fetch.max.wait.ms = 500
	fetch.min.bytes = 1
	group.id = DE_C_HRMS_STIEP
	group.instance.id = null
	heartbeat.interval.ms = 3000
	interceptor.classes = []
	internal.leave.group.on.close = true
	isolation.level = read_uncommitted
	key.deserializer = class org.apache.kafka.common.serialization.StringDeserializer
	max.partition.fetch.bytes = 1048576
	max.poll.interval.ms = 300000
	max.poll.records = 30
	metadata.max.age.ms = 300000
	metric.reporters = []
	metrics.num.samples = 2
	metrics.recording.level = INFO
	metrics.sample.window.ms = 30000
	partition.assignment.strategy = [class org.apache.kafka.clients.consumer.RangeAssignor]
	receive.buffer.bytes = 65536
	reconnect.backoff.max.ms = 1000
	reconnect.backoff.ms = 50
	request.timeout.ms = 30000
	retry.backoff.ms = 100
	sasl.client.callback.handler.class = null
	sasl.jaas.config = [hidden]
	sasl.kerberos.kinit.cmd = /usr/bin/kinit
	sasl.kerberos.min.time.before.relogin = 60000
	sasl.kerberos.service.name = null
	sasl.kerberos.ticket.renew.jitter = 0.05
	sasl.kerberos.ticket.renew.window.factor = 0.8
	sasl.login.callback.handler.class = null
	sasl.login.class = null
	sasl.login.refresh.buffer.seconds = 300
	sasl.login.refresh.min.period.seconds = 60
	sasl.login.refresh.window.factor = 0.8
	sasl.login.refresh.window.jitter = 0.05
	sasl.mechanism = SCRAM-SHA-512
	security.protocol = SASL_PLAINTEXT
	send.buffer.bytes = 131072
	session.timeout.ms = 10000
	ssl.cipher.suites = null
	ssl.enabled.protocols = [TLSv1.2, TLSv1.1, TLSv1]
	ssl.endpoint.identification.algorithm = https
	ssl.key.password = null
	ssl.keymanager.algorithm = SunX509
	ssl.keystore.location = null
	ssl.keystore.password = null
	ssl.keystore.type = JKS
	ssl.protocol = TLS
	ssl.provider = null
	ssl.secure.random.implementation = null
	ssl.trustmanager.algorithm = PKIX
	ssl.truststore.location = null
	ssl.truststore.password = null
	ssl.truststore.type = JKS
	value.deserializer = class org.apache.kafka.common.serialization.StringDeserializer

17:13:05.900 [restartedMain] INFO  o.a.k.c.s.a.AbstractLogin - [login,61] - Successfully logged in.
17:13:06.658 [restartedMain] INFO  o.a.k.c.u.AppInfoParser - [<init>,117] - Kafka version: 2.3.0
17:13:06.659 [restartedMain] INFO  o.a.k.c.u.AppInfoParser - [<init>,118] - Kafka commitId: fc1aaa116b661c8a
17:13:06.659 [restartedMain] INFO  o.a.k.c.u.AppInfoParser - [<init>,119] - Kafka startTimeMs: 1788513186651
17:13:06.691 [restartedMain] INFO  o.a.k.c.c.KafkaConsumer - [subscribe,964] - [Consumer clientId=consumer-1, groupId=DE_C_HRMS_STIEP] Subscribed to topic(s): DE_HRMS_STIEP
17:13:06.812 [restartedMain] INFO  c.r.w.k.SaslClient - [consume,127] - start consumer kafka
17:13:29.589 [http-nio-9587-exec-2] INFO  c.r.f.w.s.TokenService - [getToken,237] - user: madaosen, backend Token: Bearer eyJhbGciOiJIUzUxMiJ9.eyJsb2dpbl91c2VyX2tleSI6ImYxYmJiNjVhLTZlYzQtNDg4Ni1hY2M3LTdkZjdmYTkxZjA0YyJ9.2XbJLwaH0AcO9GmF4c9rYdGM1vOnRkWV0_M_G_RTfJNR28k4zwPCUDBXbnn5BPFglD0zNgiJDQM-I3kzB8s8Fg
17:13:30.269 [http-nio-9587-exec-5] INFO  c.r.f.w.s.TokenService - [getToken,237] - user: madaosen, backend Token: Bearer eyJhbGciOiJIUzUxMiJ9.eyJsb2dpbl91c2VyX2tleSI6ImYxYmJiNjVhLTZlYzQtNDg4Ni1hY2M3LTdkZjdmYTkxZjA0YyJ9.2XbJLwaH0AcO9GmF4c9rYdGM1vOnRkWV0_M_G_RTfJNR28k4zwPCUDBXbnn5BPFglD0zNgiJDQM-I3kzB8s8Fg
17:13:30.285 [http-nio-9587-exec-4] INFO  c.r.f.w.s.TokenService - [getToken,237] - user: madaosen, backend Token: Bearer eyJhbGciOiJIUzUxMiJ9.eyJsb2dpbl91c2VyX2tleSI6ImYxYmJiNjVhLTZlYzQtNDg4Ni1hY2M3LTdkZjdmYTkxZjA0YyJ9.2XbJLwaH0AcO9GmF4c9rYdGM1vOnRkWV0_M_G_RTfJNR28k4zwPCUDBXbnn5BPFglD0zNgiJDQM-I3kzB8s8Fg
17:13:30.286 [http-nio-9587-exec-7] INFO  c.r.f.w.s.TokenService - [getToken,237] - user: madaosen, backend Token: Bearer eyJhbGciOiJIUzUxMiJ9.eyJsb2dpbl91c2VyX2tleSI6ImYxYmJiNjVhLTZlYzQtNDg4Ni1hY2M3LTdkZjdmYTkxZjA0YyJ9.2XbJLwaH0AcO9GmF4c9rYdGM1vOnRkWV0_M_G_RTfJNR28k4zwPCUDBXbnn5BPFglD0zNgiJDQM-I3kzB8s8Fg
17:13:30.334 [http-nio-9587-exec-10] INFO  c.r.f.w.s.TokenService - [getToken,237] - user: madaosen, backend Token: Bearer eyJhbGciOiJIUzUxMiJ9.eyJsb2dpbl91c2VyX2tleSI6ImYxYmJiNjVhLTZlYzQtNDg4Ni1hY2M3LTdkZjdmYTkxZjA0YyJ9.2XbJLwaH0AcO9GmF4c9rYdGM1vOnRkWV0_M_G_RTfJNR28k4zwPCUDBXbnn5BPFglD0zNgiJDQM-I3kzB8s8Fg
17:13:30.783 [http-nio-9587-exec-10] INFO  c.r.w.s.i.DigitalEmployeeAgentServiceImpl - [prepareChat,584] - [DEBUG] 数字员工实际发送prompt employeeCode=kcts-todo-employee conversationId=kcts-demo-1788512359950-cb4a50ec prompt=@待办数字员工

以下 JSON 中 currentUser 由科创智方服务端生成；clientReferences 仅是界面引用线索，涉及读取或写入业务数据时必须再次调用科创智方受控接口校验。附件 fileId 也必须按当前用户和 conversationId 校验后才能读取。
{"conversationId":"kcts-demo-1788512359950-cb4a50ec","attachments":[],"currentUser":{"userId":"460","displayName":"madaosen","roleId":"fill_role","roleIds":["operational_improvement_planner_role","pf_unit_dept_leader_role","annual_project_approval_fill_role","fill_role","rd_unit_director_role","unit_verify_role","chief_engineer_leader_role","ai_audit_rule","product_innovation_accept_role","chief_engineer_director_role","workflow_user_update_role","email","rd_unit_leader_role","professional_leader_role","pf_project_manager_role","verify_role","software_cost_manager_role","allocation_role","prospective_study_planner_role","project_read_all_role","science_technology_fill_role","pf_director_role","self_develop_planner_role","hgbz","science_technology_read_role","chief_engineer_manager_role","product_innovation_planner_role","other_accept_role"],"userName":"madaosen"},"clientReferences":{"businessReferences":[{"id":"task:2094616833662640128:PmProjectApprovalIssuance:1","kind":"todo","name":"当前任务 · 项目管理员立项签发","projectId":"2094616833662640128","projectName":"测试流程表单","status":"项目管理员立项签发","taskId":"5ecf8444-a83f-11f1-b7aa-da3bbfe162e3","taskKey":"PmProjectApprovalIssuance"}]},"todoContext":{"schemaVersion":"1.0","status":"ready","task":{"taskId":"5ecf8444-a83f-11f1-b7aa-da3bbfe162e3","taskKey":"PmProjectApprovalIssuance","taskName":"项目管理员立项签发","projectId":"2094616833662640128","projectName":"测试流程表单","roleLabel":"当前办理人","actionType":"submit","canReject":false},"confirmation":{"required":true,"submitBy":"browser_session","submitToolAllowed":false,"label":"确认提交"},"project":{"id":"2094616833662640128","name":"测试流程表单","projectCategory":"prospective_study","projectCategoryName":"前瞻研究","projectProfessionalField":"1","projectProfessionalFieldName":"前瞻研究","isPlanProject":"2031546865748692995","isSelfDeveloped":0,"isBaseCutting":0,"requirementUnit":"zqj","requirementUnitName":"中区局","undertakeUnit":"SHGSRHCXYFJD","undertakeUnitName":"上海公司融合创新研发基地","operationUnit":"shgsrhcxyfjd","planStartDate":"2026-09-16","planEndDate":"2027-01-23","rdIntelligentComputeResource":"222222217"},"formSchema":[{"controlId":"FormProperty_2044sdl","controlType":"textarea","label":"处理意见","value":"","displayValue":"","required":false,"modelMaySuggest":true,"humanConfirmationRequired":true,"options":[]},{"controlId":"rd_intelligent_compute_resource","controlType":"double","label":"研发用智算资源(单位:元)","value":"","displayValue":"","required":false,"modelMaySuggest":true,"humanConfirmationRequired":true,"options":[]}],"approvalIssuanceSignals":{"sourceFound":true,"prefillValues":{"rd_intelligent_compute_resource":{"displayValue":"222222217","value":"222222217","source":"project_info.rd_intelligent_compute_resource"}},"replyFileSource":"project_info.reply_file_id","sourceFormKey":"project_info"},"responseContract":{"type":"kcts.todo_form_patch","patchKey":"formPatch","knownControlIds":["FormProperty_2044sdl","rd_intelligent_compute_resource"],"rules":["只能建议 formSchema 中存在的 controlId","select 和 radio 只能使用 options 中的 value","没有充分依据的字段必须留空并加入 missingFields","不得调用工具或接口提交审批，最终提交必须由浏览器当前登录用户确认"]}}}

本轮是科创智方待办辅助，todoContext 是服务端权威上下文。仅使用其中 project、formSchema 和节点 signals；不调用工具，不伪造控件或人员，不替用户提交。审批意见 radio 只用 decisionSuggestion 表达，不列入 formPatch 或 missingFields。处理意见限60个汉字；其他当前结论下的必填项无法确定时才列入 missingFields，此时 status=needs_input 且不建议 approve。只返回符合 responseContract 的一个 kcts.todo_form_patch JSON 对象，不要 Markdown 或额外说明。
17:13:31.536 [http-nio-9587-exec-2] INFO  c.r.f.w.s.TokenService - [getToken,237] - user: madaosen, backend Token: Bearer eyJhbGciOiJIUzUxMiJ9.eyJsb2dpbl91c2VyX2tleSI6ImYxYmJiNjVhLTZlYzQtNDg4Ni1hY2M3LTdkZjdmYTkxZjA0YyJ9.2XbJLwaH0AcO9GmF4c9rYdGM1vOnRkWV0_M_G_RTfJNR28k4zwPCUDBXbnn5BPFglD0zNgiJDQM-I3kzB8s8Fg
17:13:32.740 [http-nio-9587-exec-3] INFO  c.r.f.w.s.TokenService - [getToken,237] - user: madaosen, backend Token: Bearer eyJhbGciOiJIUzUxMiJ9.eyJsb2dpbl91c2VyX2tleSI6ImYxYmJiNjVhLTZlYzQtNDg4Ni1hY2M3LTdkZjdmYTkxZjA0YyJ9.2XbJLwaH0AcO9GmF4c9rYdGM1vOnRkWV0_M_G_RTfJNR28k4zwPCUDBXbnn5BPFglD0zNgiJDQM-I3kzB8s8Fg
17:13:33.939 [http-nio-9587-exec-5] INFO  c.r.f.w.s.TokenService - [getToken,237] - user: madaosen, backend Token: Bearer eyJhbGciOiJIUzUxMiJ9.eyJsb2dpbl91c2VyX2tleSI6ImYxYmJiNjVhLTZlYzQtNDg4Ni1hY2M3LTdkZjdmYTkxZjA0YyJ9.2XbJLwaH0AcO9GmF4c9rYdGM1vOnRkWV0_M_G_RTfJNR28k4zwPCUDBXbnn5BPFglD0zNgiJDQM-I3kzB8s8Fg
17:13:35.134 [http-nio-9587-exec-4] INFO  c.r.f.w.s.TokenService - [getToken,237] - user: madaosen, backend Token: Bearer eyJhbGciOiJIUzUxMiJ9.eyJsb2dpbl91c2VyX2tleSI6ImYxYmJiNjVhLTZlYzQtNDg4Ni1hY2M3LTdkZjdmYTkxZjA0YyJ9.2XbJLwaH0AcO9GmF4c9rYdGM1vOnRkWV0_M_G_RTfJNR28k4zwPCUDBXbnn5BPFglD0zNgiJDQM-I3kzB8s8Fg
17:13:36.336 [http-nio-9587-exec-10] INFO  c.r.f.w.s.TokenService - [getToken,237] - user: madaosen, backend Token: Bearer eyJhbGciOiJIUzUxMiJ9.eyJsb2dpbl91c2VyX2tleSI6ImYxYmJiNjVhLTZlYzQtNDg4Ni1hY2M3LTdkZjdmYTkxZjA0YyJ9.2XbJLwaH0AcO9GmF4c9rYdGM1vOnRkWV0_M_G_RTfJNR28k4zwPCUDBXbnn5BPFglD0zNgiJDQM-I3kzB8s8Fg
17:13:37.536 [http-nio-9587-exec-2] INFO  c.r.f.w.s.TokenService - [getToken,237] - user: madaosen, backend Token: Bearer eyJhbGciOiJIUzUxMiJ9.eyJsb2dpbl91c2VyX2tleSI6ImYxYmJiNjVhLTZlYzQtNDg4Ni1hY2M3LTdkZjdmYTkxZjA0YyJ9.2XbJLwaH0AcO9GmF4c9rYdGM1vOnRkWV0_M_G_RTfJNR28k4zwPCUDBXbnn5BPFglD0zNgiJDQM-I3kzB8s8Fg
17:13:38.741 [http-nio-9587-exec-3] INFO  c.r.f.w.s.TokenService - [getToken,237] - user: madaosen, backend Token: Bearer eyJhbGciOiJIUzUxMiJ9.eyJsb2dpbl91c2VyX2tleSI6ImYxYmJiNjVhLTZlYzQtNDg4Ni1hY2M3LTdkZjdmYTkxZjA0YyJ9.2XbJLwaH0AcO9GmF4c9rYdGM1vOnRkWV0_M_G_RTfJNR28k4zwPCUDBXbnn5BPFglD0zNgiJDQM-I3kzB8s8Fg
17:13:39.933 [http-nio-9587-exec-5] INFO  c.r.f.w.s.TokenService - [getToken,237] - user: madaosen, backend Token: Bearer eyJhbGciOiJIUzUxMiJ9.eyJsb2dpbl91c2VyX2tleSI6ImYxYmJiNjVhLTZlYzQtNDg4Ni1hY2M3LTdkZjdmYTkxZjA0YyJ9.2XbJLwaH0AcO9GmF4c9rYdGM1vOnRkWV0_M_G_RTfJNR28k4zwPCUDBXbnn5BPFglD0zNgiJDQM-I3kzB8s8Fg
17:13:41.137 [http-nio-9587-exec-4] INFO  c.r.f.w.s.TokenService - [getToken,237] - user: madaosen, backend Token: Bearer eyJhbGciOiJIUzUxMiJ9.eyJsb2dpbl91c2VyX2tleSI6ImYxYmJiNjVhLTZlYzQtNDg4Ni1hY2M3LTdkZjdmYTkxZjA0YyJ9.2XbJLwaH0AcO9GmF4c9rYdGM1vOnRkWV0_M_G_RTfJNR28k4zwPCUDBXbnn5BPFglD0zNgiJDQM-I3kzB8s8Fg
17:13:41.656 [http-nio-9587-exec-1] INFO  c.r.f.w.s.TokenService - [getToken,237] - user: madaosen, backend Token: Bearer eyJhbGciOiJIUzUxMiJ9.eyJsb2dpbl91c2VyX2tleSI6ImYxYmJiNjVhLTZlYzQtNDg4Ni1hY2M3LTdkZjdmYTkxZjA0YyJ9.2XbJLwaH0AcO9GmF4c9rYdGM1vOnRkWV0_M_G_RTfJNR28k4zwPCUDBXbnn5BPFglD0zNgiJDQM-I3kzB8s8Fg
17:13:41.686 [http-nio-9587-exec-6] INFO  c.r.f.w.s.TokenService - [getToken,237] - user: madaosen, backend Token: Bearer eyJhbGciOiJIUzUxMiJ9.eyJsb2dpbl91c2VyX2tleSI6ImYxYmJiNjVhLTZlYzQtNDg4Ni1hY2M3LTdkZjdmYTkxZjA0YyJ9.2XbJLwaH0AcO9GmF4c9rYdGM1vOnRkWV0_M_G_RTfJNR28k4zwPCUDBXbnn5BPFglD0zNgiJDQM-I3kzB8s8Fg
17:13:42.018 [http-nio-9587-exec-8] INFO  c.r.f.w.s.TokenService - [getToken,237] - user: madaosen, backend Token: Bearer eyJhbGciOiJIUzUxMiJ9.eyJsb2dpbl91c2VyX2tleSI6ImYxYmJiNjVhLTZlYzQtNDg4Ni1hY2M3LTdkZjdmYTkxZjA0YyJ9.2XbJLwaH0AcO9GmF4c9rYdGM1vOnRkWV0_M_G_RTfJNR28k4zwPCUDBXbnn5BPFglD0zNgiJDQM-I3kzB8s8Fg
17:13:42.334 [http-nio-9587-exec-7] INFO  c.r.f.w.s.TokenService - [getToken,237] - user: madaosen, backend Token: Bearer eyJhbGciOiJIUzUxMiJ9.eyJsb2dpbl91c2VyX2tleSI6ImYxYmJiNjVhLTZlYzQtNDg4Ni1hY2M3LTdkZjdmYTkxZjA0YyJ9.2XbJLwaH0AcO9GmF4c9rYdGM1vOnRkWV0_M_G_RTfJNR28k4zwPCUDBXbnn5BPFglD0zNgiJDQM-I3kzB8s8Fg
17:13:42.841 [http-nio-9587-exec-9] INFO  c.r.f.w.s.TokenService - [getToken,237] - user: madaosen, backend Token: Bearer eyJhbGciOiJIUzUxMiJ9.eyJsb2dpbl91c2VyX2tleSI6ImYxYmJiNjVhLTZlYzQtNDg4Ni1hY2M3LTdkZjdmYTkxZjA0YyJ9.2XbJLwaH0AcO9GmF4c9rYdGM1vOnRkWV0_M_G_RTfJNR28k4zwPCUDBXbnn5BPFglD0zNgiJDQM-I3kzB8s8Fg
17:13:42.861 [http-nio-9587-exec-1] INFO  c.r.f.w.s.TokenService - [getToken,237] - user: madaosen, backend Token: Bearer eyJhbGciOiJIUzUxMiJ9.eyJsb2dpbl91c2VyX2tleSI6ImYxYmJiNjVhLTZlYzQtNDg4Ni1hY2M3LTdkZjdmYTkxZjA0YyJ9.2XbJLwaH0AcO9GmF4c9rYdGM1vOnRkWV0_M_G_RTfJNR28k4zwPCUDBXbnn5BPFglD0zNgiJDQM-I3kzB8s8Fg
17:26:35.257 [http-nio-9587-exec-7] INFO  c.r.f.w.s.TokenService - [getToken,237] - user: madaosen, backend Token: Bearer eyJhbGciOiJIUzUxMiJ9.eyJsb2dpbl91c2VyX2tleSI6ImYxYmJiNjVhLTZlYzQtNDg4Ni1hY2M3LTdkZjdmYTkxZjA0YyJ9.2XbJLwaH0AcO9GmF4c9rYdGM1vOnRkWV0_M_G_RTfJNR28k4zwPCUDBXbnn5BPFglD0zNgiJDQM-I3kzB8s8Fg
17:26:35.257 [http-nio-9587-exec-4] INFO  c.r.f.w.s.TokenService - [getToken,237] - user: madaosen, backend Token: Bearer eyJhbGciOiJIUzUxMiJ9.eyJsb2dpbl91c2VyX2tleSI6ImYxYmJiNjVhLTZlYzQtNDg4Ni1hY2M3LTdkZjdmYTkxZjA0YyJ9.2XbJLwaH0AcO9GmF4c9rYdGM1vOnRkWV0_M_G_RTfJNR28k4zwPCUDBXbnn5BPFglD0zNgiJDQM-I3kzB8s8Fg
17:26:35.283 [http-nio-9587-exec-10] INFO  c.r.f.w.s.TokenService - [getToken,237] - user: madaosen, backend Token: Bearer eyJhbGciOiJIUzUxMiJ9.eyJsb2dpbl91c2VyX2tleSI6ImYxYmJiNjVhLTZlYzQtNDg4Ni1hY2M3LTdkZjdmYTkxZjA0YyJ9.2XbJLwaH0AcO9GmF4c9rYdGM1vOnRkWV0_M_G_RTfJNR28k4zwPCUDBXbnn5BPFglD0zNgiJDQM-I3kzB8s8Fg
17:26:36.361 [http-nio-9587-exec-5] INFO  c.r.f.w.s.TokenService - [getToken,237] - user: madaosen, backend Token: Bearer eyJhbGciOiJIUzUxMiJ9.eyJsb2dpbl91c2VyX2tleSI6ImYxYmJiNjVhLTZlYzQtNDg4Ni1hY2M3LTdkZjdmYTkxZjA0YyJ9.2XbJLwaH0AcO9GmF4c9rYdGM1vOnRkWV0_M_G_RTfJNR28k4zwPCUDBXbnn5BPFglD0zNgiJDQM-I3kzB8s8Fg
17:26:36.361 [http-nio-9587-exec-8] INFO  c.r.f.w.s.TokenService - [getToken,237] - user: madaosen, backend Token: Bearer eyJhbGciOiJIUzUxMiJ9.eyJsb2dpbl91c2VyX2tleSI6ImYxYmJiNjVhLTZlYzQtNDg4Ni1hY2M3LTdkZjdmYTkxZjA0YyJ9.2XbJLwaH0AcO9GmF4c9rYdGM1vOnRkWV0_M_G_RTfJNR28k4zwPCUDBXbnn5BPFglD0zNgiJDQM-I3kzB8s8Fg
17:26:36.363 [http-nio-9587-exec-9] INFO  c.r.f.w.s.TokenService - [getToken,237] - user: madaosen, backend Token: Bearer eyJhbGciOiJIUzUxMiJ9.eyJsb2dpbl91c2VyX2tleSI6ImYxYmJiNjVhLTZlYzQtNDg4Ni1hY2M3LTdkZjdmYTkxZjA0YyJ9.2XbJLwaH0AcO9GmF4c9rYdGM1vOnRkWV0_M_G_RTfJNR28k4zwPCUDBXbnn5BPFglD0zNgiJDQM-I3kzB8s8Fg
17:26:36.363 [http-nio-9587-exec-4] INFO  c.r.f.w.s.TokenService - [getToken,237] - user: madaosen, backend Token: Bearer eyJhbGciOiJIUzUxMiJ9.eyJsb2dpbl91c2VyX2tleSI6ImYxYmJiNjVhLTZlYzQtNDg4Ni1hY2M3LTdkZjdmYTkxZjA0YyJ9.2XbJLwaH0AcO9GmF4c9rYdGM1vOnRkWV0_M_G_RTfJNR28k4zwPCUDBXbnn5BPFglD0zNgiJDQM-I3kzB8s8Fg
17:26:36.395 [http-nio-9587-exec-10] INFO  c.r.f.w.s.TokenService - [getToken,237] - user: madaosen, backend Token: Bearer eyJhbGciOiJIUzUxMiJ9.eyJsb2dpbl91c2VyX2tleSI6ImYxYmJiNjVhLTZlYzQtNDg4Ni1hY2M3LTdkZjdmYTkxZjA0YyJ9.2XbJLwaH0AcO9GmF4c9rYdGM1vOnRkWV0_M_G_RTfJNR28k4zwPCUDBXbnn5BPFglD0zNgiJDQM-I3kzB8s8Fg
17:26:36.416 [http-nio-9587-exec-1] INFO  c.r.f.w.s.TokenService - [getToken,237] - user: madaosen, backend Token: Bearer eyJhbGciOiJIUzUxMiJ9.eyJsb2dpbl91c2VyX2tleSI6ImYxYmJiNjVhLTZlYzQtNDg4Ni1hY2M3LTdkZjdmYTkxZjA0YyJ9.2XbJLwaH0AcO9GmF4c9rYdGM1vOnRkWV0_M_G_RTfJNR28k4zwPCUDBXbnn5BPFglD0zNgiJDQM-I3kzB8s8Fg
17:26:36.475 [http-nio-9587-exec-3] INFO  c.r.f.w.s.TokenService - [getToken,237] - user: madaosen, backend Token: Bearer eyJhbGciOiJIUzUxMiJ9.eyJsb2dpbl91c2VyX2tleSI6ImYxYmJiNjVhLTZlYzQtNDg4Ni1hY2M3LTdkZjdmYTkxZjA0YyJ9.2XbJLwaH0AcO9GmF4c9rYdGM1vOnRkWV0_M_G_RTfJNR28k4zwPCUDBXbnn5BPFglD0zNgiJDQM-I3kzB8s8Fg
17:26:42.257 [http-nio-9587-exec-5] INFO  c.r.f.w.s.TokenService - [getToken,237] - user: madaosen, backend Token: Bearer eyJhbGciOiJIUzUxMiJ9.eyJsb2dpbl91c2VyX2tleSI6ImYxYmJiNjVhLTZlYzQtNDg4Ni1hY2M3LTdkZjdmYTkxZjA0YyJ9.2XbJLwaH0AcO9GmF4c9rYdGM1vOnRkWV0_M_G_RTfJNR28k4zwPCUDBXbnn5BPFglD0zNgiJDQM-I3kzB8s8Fg
17:26:42.575 [http-nio-9587-exec-4] INFO  c.r.f.w.s.TokenService - [getToken,237] - user: madaosen, backend Token: Bearer eyJhbGciOiJIUzUxMiJ9.eyJsb2dpbl91c2VyX2tleSI6ImYxYmJiNjVhLTZlYzQtNDg4Ni1hY2M3LTdkZjdmYTkxZjA0YyJ9.2XbJLwaH0AcO9GmF4c9rYdGM1vOnRkWV0_M_G_RTfJNR28k4zwPCUDBXbnn5BPFglD0zNgiJDQM-I3kzB8s8Fg
17:26:42.579 [http-nio-9587-exec-1] INFO  c.r.f.w.s.TokenService - [getToken,237] - user: madaosen, backend Token: Bearer eyJhbGciOiJIUzUxMiJ9.eyJsb2dpbl91c2VyX2tleSI6ImYxYmJiNjVhLTZlYzQtNDg4Ni1hY2M3LTdkZjdmYTkxZjA0YyJ9.2XbJLwaH0AcO9GmF4c9rYdGM1vOnRkWV0_M_G_RTfJNR28k4zwPCUDBXbnn5BPFglD0zNgiJDQM-I3kzB8s8Fg
17:26:42.579 [http-nio-9587-exec-10] INFO  c.r.f.w.s.TokenService - [getToken,237] - user: madaosen, backend Token: Bearer eyJhbGciOiJIUzUxMiJ9.eyJsb2dpbl91c2VyX2tleSI6ImYxYmJiNjVhLTZlYzQtNDg4Ni1hY2M3LTdkZjdmYTkxZjA0YyJ9.2XbJLwaH0AcO9GmF4c9rYdGM1vOnRkWV0_M_G_RTfJNR28k4zwPCUDBXbnn5BPFglD0zNgiJDQM-I3kzB8s8Fg
17:26:42.601 [http-nio-9587-exec-3] INFO  c.r.f.w.s.TokenService - [getToken,237] - user: madaosen, backend Token: Bearer eyJhbGciOiJIUzUxMiJ9.eyJsb2dpbl91c2VyX2tleSI6ImYxYmJiNjVhLTZlYzQtNDg4Ni1hY2M3LTdkZjdmYTkxZjA0YyJ9.2XbJLwaH0AcO9GmF4c9rYdGM1vOnRkWV0_M_G_RTfJNR28k4zwPCUDBXbnn5BPFglD0zNgiJDQM-I3kzB8s8Fg
17:26:42.911 [http-nio-9587-exec-3] INFO  c.r.w.s.i.DigitalEmployeeAgentServiceImpl - [prepareChat,584] - [DEBUG] 数字员工实际发送prompt employeeCode=kcts-todo-employee conversationId=kcts-demo-1788512359950-cb4a50ec prompt=@待办数字员工

以下 JSON 中 currentUser 由科创智方服务端生成；clientReferences 仅是界面引用线索，涉及读取或写入业务数据时必须再次调用科创智方受控接口校验。附件 fileId 也必须按当前用户和 conversationId 校验后才能读取。
{"conversationId":"kcts-demo-1788512359950-cb4a50ec","attachments":[],"currentUser":{"userId":"460","displayName":"madaosen","roleId":"fill_role","roleIds":["operational_improvement_planner_role","pf_unit_dept_leader_role","annual_project_approval_fill_role","fill_role","rd_unit_director_role","unit_verify_role","chief_engineer_leader_role","ai_audit_rule","product_innovation_accept_role","chief_engineer_director_role","workflow_user_update_role","email","rd_unit_leader_role","professional_leader_role","pf_project_manager_role","verify_role","software_cost_manager_role","allocation_role","prospective_study_planner_role","project_read_all_role","science_technology_fill_role","pf_director_role","self_develop_planner_role","hgbz","science_technology_read_role","chief_engineer_manager_role","product_innovation_planner_role","other_accept_role"],"userName":"madaosen"},"clientReferences":{"businessReferences":[{"id":"todo:2092498948911669248:90964826-a11c-11f1-a8a3-da3bbfe162e3","kind":"todo","name":"补充项目信息","projectId":"2092498948911669248","projectName":"wu测试","status":"补充项目信息","taskId":"90964826-a11c-11f1-a8a3-da3bbfe162e3","taskKey":"FillInitiationProjectInfo"}]},"todoContext":{"schemaVersion":"1.0","status":"ready","task":{"taskId":"90964826-a11c-11f1-a8a3-da3bbfe162e3","taskKey":"FillInitiationProjectInfo","taskName":"补充项目信息","projectId":"2092498948911669248","projectName":"wu测试","roleLabel":"当前办理人","actionType":"submit","canReject":false},"confirmation":{"required":true,"submitBy":"browser_session","submitToolAllowed":false,"label":"确认提交"},"project":{"id":"2092498948911669248","name":"wu测试","projectCategory":"prospective_study","projectCategoryName":"前瞻研究","projectProfessionalField":"2","projectProfessionalFieldName":"云网融合研发(云)","isPlanProject":"2031546865748692995","isSelfDeveloped":0,"isBaseCutting":0,"requirementUnit":"zqj","requirementUnitName":"中区局","undertakeUnit":"SHGSRHCXYFJD","undertakeUnitName":"上海公司融合创新研发基地","operationUnit":"shgsrhcxyfjd","planStartDate":"2026-08-11","planEndDate":"2026-08-31"},"formSchema":[{"controlId":"wbs_number","controlType":"string","label":"主项目wbs编号","value":"","displayValue":"","required":false,"modelMaySuggest":true,"humanConfirmationRequired":true,"options":[]},{"controlId":"lx_project_name","controlType":"select","label":"立项后主项目名称","value":"","displayValue":"","required":false,"modelMaySuggest":true,"humanConfirmationRequired":true,"options":[]},{"controlId":"milestone_date_content","controlType":"string","label":"里程碑时间及内容","value":"","displayValue":"","required":false,"modelMaySuggest":true,"humanConfirmationRequired":true,"options":[]},{"controlId":"initial_budget_application_time","controlType":"datetime","label":"初次申请预算时间","value":"","displayValue":"","required":false,"modelMaySuggest":true,"humanConfirmationRequired":true,"options":[]},{"controlId":"result_output_zy_target_fill_proj","controlType":"textarea","label":"成果输出-终验目标","value":"","displayValue":"","required":false,"modelMaySuggest":true,"humanConfirmationRequired":true,"options":[]},{"controlId":"result_output_hpg_target_fill_proj","controlType":"textarea","label":"成果输出-后评估目标","value":"","displayValue":"","required":false,"modelMaySuggest":true,"humanConfirmationRequired":true,"options":[]},{"controlId":"talent_train_zy_target_fill_proj","controlType":"textarea","label":"人才培养-终验目标","value":"","displayValue":"","required":false,"modelMaySuggest":true,"humanConfirmationRequired":true,"options":[]},{"controlId":"talent_train_hpg_target_fill_proj","controlType":"textarea","label":"人才培养-后评估目标","value":"","displayValue":"","required":false,"modelMaySuggest":true,"humanConfirmationRequired":true,"options":[]},{"controlId":"upload_benefit_commitment_certificate","controlType":"upload","label":"效益承诺证明","value":"","displayValue":"","required":false,"modelMaySuggest":false,"humanConfirmationRequired":true,"options":[]},{"controlId":"rd_intelligent_compute_resource","controlType":"double","label":"研发用智算资源(单位:元)","value":"","displayValue":"","required":false,"modelMaySuggest":true,"humanConfirmationRequired":true,"options":[]}],"responseContract":{"type":"kcts.todo_form_patch","patchKey":"formPatch","knownControlIds":["wbs_number","lx_project_name","milestone_date_content","initial_budget_application_time","result_output_zy_target_fill_proj","result_output_hpg_target_fill_proj","talent_train_zy_target_fill_proj","talent_train_hpg_target_fill_proj","upload_benefit_commitment_certificate","rd_intelligent_compute_resource"],"rules":["只能建议 formSchema 中存在的 controlId","select 和 radio 只能使用 options 中的 value","没有充分依据的字段必须留空并加入 missingFields","不得调用工具或接口提交审批，最终提交必须由浏览器当前登录用户确认"]}}}

本轮是科创智方待办辅助，todoContext 是服务端权威上下文。仅使用其中 project、formSchema 和节点 signals；不调用工具，不伪造控件或人员，不替用户提交。审批意见 radio 只用 decisionSuggestion 表达，不列入 formPatch 或 missingFields。处理意见限60个汉字；其他当前结论下的必填项无法确定时才列入 missingFields，此时 status=needs_input 且不建议 approve。只返回符合 responseContract 的一个 kcts.todo_form_patch JSON 对象，不要 Markdown 或额外说明。
17:26:43.807 [http-nio-9587-exec-5] INFO  c.r.f.w.s.TokenService - [getToken,237] - user: madaosen, backend Token: Bearer eyJhbGciOiJIUzUxMiJ9.eyJsb2dpbl91c2VyX2tleSI6ImYxYmJiNjVhLTZlYzQtNDg4Ni1hY2M3LTdkZjdmYTkxZjA0YyJ9.2XbJLwaH0AcO9GmF4c9rYdGM1vOnRkWV0_M_G_RTfJNR28k4zwPCUDBXbnn5BPFglD0zNgiJDQM-I3kzB8s8Fg
17:26:45.009 [http-nio-9587-exec-8] INFO  c.r.f.w.s.TokenService - [getToken,237] - user: madaosen, backend Token: Bearer eyJhbGciOiJIUzUxMiJ9.eyJsb2dpbl91c2VyX2tleSI6ImYxYmJiNjVhLTZlYzQtNDg4Ni1hY2M3LTdkZjdmYTkxZjA0YyJ9.2XbJLwaH0AcO9GmF4c9rYdGM1vOnRkWV0_M_G_RTfJNR28k4zwPCUDBXbnn5BPFglD0zNgiJDQM-I3kzB8s8Fg
17:26:45.905 [http-nio-9587-exec-4] INFO  c.r.f.w.s.TokenService - [getToken,237] - user: madaosen, backend Token: Bearer eyJhbGciOiJIUzUxMiJ9.eyJsb2dpbl91c2VyX2tleSI6ImYxYmJiNjVhLTZlYzQtNDg4Ni1hY2M3LTdkZjdmYTkxZjA0YyJ9.2XbJLwaH0AcO9GmF4c9rYdGM1vOnRkWV0_M_G_RTfJNR28k4zwPCUDBXbnn5BPFglD0zNgiJDQM-I3kzB8s8Fg
17:26:46.215 [http-nio-9587-exec-1] INFO  c.r.f.w.s.TokenService - [getToken,237] - user: madaosen, backend Token: Bearer eyJhbGciOiJIUzUxMiJ9.eyJsb2dpbl91c2VyX2tleSI6ImYxYmJiNjVhLTZlYzQtNDg4Ni1hY2M3LTdkZjdmYTkxZjA0YyJ9.2XbJLwaH0AcO9GmF4c9rYdGM1vOnRkWV0_M_G_RTfJNR28k4zwPCUDBXbnn5BPFglD0zNgiJDQM-I3kzB8s8Fg
17:26:47.403 [http-nio-9587-exec-3] INFO  c.r.f.w.s.TokenService - [getToken,237] - user: madaosen, backend Token: Bearer eyJhbGciOiJIUzUxMiJ9.eyJsb2dpbl91c2VyX2tleSI6ImYxYmJiNjVhLTZlYzQtNDg4Ni1hY2M3LTdkZjdmYTkxZjA0YyJ9.2XbJLwaH0AcO9GmF4c9rYdGM1vOnRkWV0_M_G_RTfJNR28k4zwPCUDBXbnn5BPFglD0zNgiJDQM-I3kzB8s8Fg
17:26:48.610 [http-nio-9587-exec-5] INFO  c.r.f.w.s.TokenService - [getToken,237] - user: madaosen, backend Token: Bearer eyJhbGciOiJIUzUxMiJ9.eyJsb2dpbl91c2VyX2tleSI6ImYxYmJiNjVhLTZlYzQtNDg4Ni1hY2M3LTdkZjdmYTkxZjA0YyJ9.2XbJLwaH0AcO9GmF4c9rYdGM1vOnRkWV0_M_G_RTfJNR28k4zwPCUDBXbnn5BPFglD0zNgiJDQM-I3kzB8s8Fg
17:26:49.805 [http-nio-9587-exec-8] INFO  c.r.f.w.s.TokenService - [getToken,237] - user: madaosen, backend Token: Bearer eyJhbGciOiJIUzUxMiJ9.eyJsb2dpbl91c2VyX2tleSI6ImYxYmJiNjVhLTZlYzQtNDg4Ni1hY2M3LTdkZjdmYTkxZjA0YyJ9.2XbJLwaH0AcO9GmF4c9rYdGM1vOnRkWV0_M_G_RTfJNR28k4zwPCUDBXbnn5BPFglD0zNgiJDQM-I3kzB8s8Fg
17:26:50.607 [http-nio-9587-exec-10] INFO  c.r.f.w.s.TokenService - [getToken,237] - user: madaosen, backend Token: Bearer eyJhbGciOiJIUzUxMiJ9.eyJsb2dpbl91c2VyX2tleSI6ImYxYmJiNjVhLTZlYzQtNDg4Ni1hY2M3LTdkZjdmYTkxZjA0YyJ9.2XbJLwaH0AcO9GmF4c9rYdGM1vOnRkWV0_M_G_RTfJNR28k4zwPCUDBXbnn5BPFglD0zNgiJDQM-I3kzB8s8Fg
17:26:50.638 [http-nio-9587-exec-6] INFO  c.r.f.w.s.TokenService - [getToken,237] - user: madaosen, backend Token: Bearer eyJhbGciOiJIUzUxMiJ9.eyJsb2dpbl91c2VyX2tleSI6ImYxYmJiNjVhLTZlYzQtNDg4Ni1hY2M3LTdkZjdmYTkxZjA0YyJ9.2XbJLwaH0AcO9GmF4c9rYdGM1vOnRkWV0_M_G_RTfJNR28k4zwPCUDBXbnn5BPFglD0zNgiJDQM-I3kzB8s8Fg
17:26:50.975 [http-nio-9587-exec-9] INFO  c.r.f.w.s.TokenService - [getToken,237] - user: madaosen, backend Token: Bearer eyJhbGciOiJIUzUxMiJ9.eyJsb2dpbl91c2VyX2tleSI6ImYxYmJiNjVhLTZlYzQtNDg4Ni1hY2M3LTdkZjdmYTkxZjA0YyJ9.2XbJLwaH0AcO9GmF4c9rYdGM1vOnRkWV0_M_G_RTfJNR28k4zwPCUDBXbnn5BPFglD0zNgiJDQM-I3kzB8s8Fg
17:26:51.005 [http-nio-9587-exec-2] INFO  c.r.f.w.s.TokenService - [getToken,237] - user: madaosen, backend Token: Bearer eyJhbGciOiJIUzUxMiJ9.eyJsb2dpbl91c2VyX2tleSI6ImYxYmJiNjVhLTZlYzQtNDg4Ni1hY2M3LTdkZjdmYTkxZjA0YyJ9.2XbJLwaH0AcO9GmF4c9rYdGM1vOnRkWV0_M_G_RTfJNR28k4zwPCUDBXbnn5BPFglD0zNgiJDQM-I3kzB8s8Fg
17:26:51.804 [http-nio-9587-exec-7] INFO  c.r.f.w.s.TokenService - [getToken,237] - user: madaosen, backend Token: Bearer eyJhbGciOiJIUzUxMiJ9.eyJsb2dpbl91c2VyX2tleSI6ImYxYmJiNjVhLTZlYzQtNDg4Ni1hY2M3LTdkZjdmYTkxZjA0YyJ9.2XbJLwaH0AcO9GmF4c9rYdGM1vOnRkWV0_M_G_RTfJNR28k4zwPCUDBXbnn5BPFglD0zNgiJDQM-I3kzB8s8Fg
17:26:51.822 [http-nio-9587-exec-10] INFO  c.r.f.w.s.TokenService - [getToken,237] - user: madaosen, backend Token: Bearer eyJhbGciOiJIUzUxMiJ9.eyJsb2dpbl91c2VyX2tleSI6ImYxYmJiNjVhLTZlYzQtNDg4Ni1hY2M3LTdkZjdmYTkxZjA0YyJ9.2XbJLwaH0AcO9GmF4c9rYdGM1vOnRkWV0_M_G_RTfJNR28k4zwPCUDBXbnn5BPFglD0zNgiJDQM-I3kzB8s8Fg
17:27:11.205 [http-nio-9587-exec-8] INFO  c.r.f.w.s.TokenService - [getToken,237] - user: madaosen, backend Token: Bearer eyJhbGciOiJIUzUxMiJ9.eyJsb2dpbl91c2VyX2tleSI6ImYxYmJiNjVhLTZlYzQtNDg4Ni1hY2M3LTdkZjdmYTkxZjA0YyJ9.2XbJLwaH0AcO9GmF4c9rYdGM1vOnRkWV0_M_G_RTfJNR28k4zwPCUDBXbnn5BPFglD0zNgiJDQM-I3kzB8s8Fg
17:27:11.206 [http-nio-9587-exec-5] INFO  c.r.f.w.s.TokenService - [getToken,237] - user: madaosen, backend Token: Bearer eyJhbGciOiJIUzUxMiJ9.eyJsb2dpbl91c2VyX2tleSI6ImYxYmJiNjVhLTZlYzQtNDg4Ni1hY2M3LTdkZjdmYTkxZjA0YyJ9.2XbJLwaH0AcO9GmF4c9rYdGM1vOnRkWV0_M_G_RTfJNR28k4zwPCUDBXbnn5BPFglD0zNgiJDQM-I3kzB8s8Fg
17:27:11.207 [http-nio-9587-exec-3] INFO  c.r.f.w.s.TokenService - [getToken,237] - user: madaosen, backend Token: Bearer eyJhbGciOiJIUzUxMiJ9.eyJsb2dpbl91c2VyX2tleSI6ImYxYmJiNjVhLTZlYzQtNDg4Ni1hY2M3LTdkZjdmYTkxZjA0YyJ9.2XbJLwaH0AcO9GmF4c9rYdGM1vOnRkWV0_M_G_RTfJNR28k4zwPCUDBXbnn5BPFglD0zNgiJDQM-I3kzB8s8Fg
17:27:11.207 [http-nio-9587-exec-1] INFO  c.r.f.w.s.TokenService - [getToken,237] - user: madaosen, backend Token: Bearer eyJhbGciOiJIUzUxMiJ9.eyJsb2dpbl91c2VyX2tleSI6ImYxYmJiNjVhLTZlYzQtNDg4Ni1hY2M3LTdkZjdmYTkxZjA0YyJ9.2XbJLwaH0AcO9GmF4c9rYdGM1vOnRkWV0_M_G_RTfJNR28k4zwPCUDBXbnn5BPFglD0zNgiJDQM-I3kzB8s8Fg
17:27:11.207 [http-nio-9587-exec-6] INFO  c.r.f.w.s.TokenService - [getToken,237] - user: madaosen, backend Token: Bearer eyJhbGciOiJIUzUxMiJ9.eyJsb2dpbl91c2VyX2tleSI6ImYxYmJiNjVhLTZlYzQtNDg4Ni1hY2M3LTdkZjdmYTkxZjA0YyJ9.2XbJLwaH0AcO9GmF4c9rYdGM1vOnRkWV0_M_G_RTfJNR28k4zwPCUDBXbnn5BPFglD0zNgiJDQM-I3kzB8s8Fg
17:27:11.210 [http-nio-9587-exec-9] INFO  c.r.f.w.s.TokenService - [getToken,237] - user: madaosen, backend Token: Bearer eyJhbGciOiJIUzUxMiJ9.eyJsb2dpbl91c2VyX2tleSI6ImYxYmJiNjVhLTZlYzQtNDg4Ni1hY2M3LTdkZjdmYTkxZjA0YyJ9.2XbJLwaH0AcO9GmF4c9rYdGM1vOnRkWV0_M_G_RTfJNR28k4zwPCUDBXbnn5BPFglD0zNgiJDQM-I3kzB8s8Fg
17:27:11.225 [http-nio-9587-exec-2] INFO  c.r.f.w.s.TokenService - [getToken,237] - user: madaosen, backend Token: Bearer eyJhbGciOiJIUzUxMiJ9.eyJsb2dpbl91c2VyX2tleSI6ImYxYmJiNjVhLTZlYzQtNDg4Ni1hY2M3LTdkZjdmYTkxZjA0YyJ9.2XbJLwaH0AcO9GmF4c9rYdGM1vOnRkWV0_M_G_RTfJNR28k4zwPCUDBXbnn5BPFglD0zNgiJDQM-I3kzB8s8Fg
17:27:11.225 [http-nio-9587-exec-4] INFO  c.r.f.w.s.TokenService - [getToken,237] - user: madaosen, backend Token: Bearer eyJhbGciOiJIUzUxMiJ9.eyJsb2dpbl91c2VyX2tleSI6ImYxYmJiNjVhLTZlYzQtNDg4Ni1hY2M3LTdkZjdmYTkxZjA0YyJ9.2XbJLwaH0AcO9GmF4c9rYdGM1vOnRkWV0_M_G_RTfJNR28k4zwPCUDBXbnn5BPFglD0zNgiJDQM-I3kzB8s8Fg
17:27:11.250 [http-nio-9587-exec-6] INFO  c.r.f.w.s.TokenService - [getToken,237] - user: madaosen, backend Token: Bearer eyJhbGciOiJIUzUxMiJ9.eyJsb2dpbl91c2VyX2tleSI6ImYxYmJiNjVhLTZlYzQtNDg4Ni1hY2M3LTdkZjdmYTkxZjA0YyJ9.2XbJLwaH0AcO9GmF4c9rYdGM1vOnRkWV0_M_G_RTfJNR28k4zwPCUDBXbnn5BPFglD0zNgiJDQM-I3kzB8s8Fg
17:27:11.272 [http-nio-9587-exec-1] INFO  c.r.f.w.s.TokenService - [getToken,237] - user: madaosen, backend Token: Bearer eyJhbGciOiJIUzUxMiJ9.eyJsb2dpbl91c2VyX2tleSI6ImYxYmJiNjVhLTZlYzQtNDg4Ni1hY2M3LTdkZjdmYTkxZjA0YyJ9.2XbJLwaH0AcO9GmF4c9rYdGM1vOnRkWV0_M_G_RTfJNR28k4zwPCUDBXbnn5BPFglD0zNgiJDQM-I3kzB8s8Fg
17:27:11.328 [http-nio-9587-exec-10] INFO  c.r.f.w.s.TokenService - [getToken,237] - user: madaosen, backend Token: Bearer eyJhbGciOiJIUzUxMiJ9.eyJsb2dpbl91c2VyX2tleSI6ImYxYmJiNjVhLTZlYzQtNDg4Ni1hY2M3LTdkZjdmYTkxZjA0YyJ9.2XbJLwaH0AcO9GmF4c9rYdGM1vOnRkWV0_M_G_RTfJNR28k4zwPCUDBXbnn5BPFglD0zNgiJDQM-I3kzB8s8Fg
17:27:11.328 [http-nio-9587-exec-2] INFO  c.r.f.w.s.TokenService - [getToken,237] - user: madaosen, backend Token: Bearer eyJhbGciOiJIUzUxMiJ9.eyJsb2dpbl91c2VyX2tleSI6ImYxYmJiNjVhLTZlYzQtNDg4Ni1hY2M3LTdkZjdmYTkxZjA0YyJ9.2XbJLwaH0AcO9GmF4c9rYdGM1vOnRkWV0_M_G_RTfJNR28k4zwPCUDBXbnn5BPFglD0zNgiJDQM-I3kzB8s8Fg
17:27:11.352 [http-nio-9587-exec-7] INFO  c.r.f.w.s.TokenService - [getToken,237] - user: madaosen, backend Token: Bearer eyJhbGciOiJIUzUxMiJ9.eyJsb2dpbl91c2VyX2tleSI6ImYxYmJiNjVhLTZlYzQtNDg4Ni1hY2M3LTdkZjdmYTkxZjA0YyJ9.2XbJLwaH0AcO9GmF4c9rYdGM1vOnRkWV0_M_G_RTfJNR28k4zwPCUDBXbnn5BPFglD0zNgiJDQM-I3kzB8s8Fg
17:27:11.452 [http-nio-9587-exec-6] INFO  c.r.f.w.s.TokenService - [getToken,237] - user: madaosen, backend Token: Bearer eyJhbGciOiJIUzUxMiJ9.eyJsb2dpbl91c2VyX2tleSI6ImYxYmJiNjVhLTZlYzQtNDg4Ni1hY2M3LTdkZjdmYTkxZjA0YyJ9.2XbJLwaH0AcO9GmF4c9rYdGM1vOnRkWV0_M_G_RTfJNR28k4zwPCUDBXbnn5BPFglD0zNgiJDQM-I3kzB8s8Fg
17:27:11.497 [http-nio-9587-exec-8] INFO  c.r.f.w.s.TokenService - [getToken,237] - user: madaosen, backend Token: Bearer eyJhbGciOiJIUzUxMiJ9.eyJsb2dpbl91c2VyX2tleSI6ImYxYmJiNjVhLTZlYzQtNDg4Ni1hY2M3LTdkZjdmYTkxZjA0YyJ9.2XbJLwaH0AcO9GmF4c9rYdGM1vOnRkWV0_M_G_RTfJNR28k4zwPCUDBXbnn5BPFglD0zNgiJDQM-I3kzB8s8Fg
17:27:11.544 [http-nio-9587-exec-4] INFO  c.r.f.w.s.TokenService - [getToken,237] - user: madaosen, backend Token: Bearer eyJhbGciOiJIUzUxMiJ9.eyJsb2dpbl91c2VyX2tleSI6ImYxYmJiNjVhLTZlYzQtNDg4Ni1hY2M3LTdkZjdmYTkxZjA0YyJ9.2XbJLwaH0AcO9GmF4c9rYdGM1vOnRkWV0_M_G_RTfJNR28k4zwPCUDBXbnn5BPFglD0zNgiJDQM-I3kzB8s8Fg
17:27:11.553 [http-nio-9587-exec-10] INFO  c.r.f.w.s.TokenService - [getToken,237] - user: madaosen, backend Token: Bearer eyJhbGciOiJIUzUxMiJ9.eyJsb2dpbl91c2VyX2tleSI6ImYxYmJiNjVhLTZlYzQtNDg4Ni1hY2M3LTdkZjdmYTkxZjA0YyJ9.2XbJLwaH0AcO9GmF4c9rYdGM1vOnRkWV0_M_G_RTfJNR28k4zwPCUDBXbnn5BPFglD0zNgiJDQM-I3kzB8s8Fg
17:27:11.568 [http-nio-9587-exec-7] INFO  c.r.f.w.s.TokenService - [getToken,237] - user: madaosen, backend Token: Bearer eyJhbGciOiJIUzUxMiJ9.eyJsb2dpbl91c2VyX2tleSI6ImYxYmJiNjVhLTZlYzQtNDg4Ni1hY2M3LTdkZjdmYTkxZjA0YyJ9.2XbJLwaH0AcO9GmF4c9rYdGM1vOnRkWV0_M_G_RTfJNR28k4zwPCUDBXbnn5BPFglD0zNgiJDQM-I3kzB8s8Fg
17:27:11.571 [http-nio-9587-exec-3] INFO  c.r.f.w.s.TokenService - [getToken,237] - user: madaosen, backend Token: Bearer eyJhbGciOiJIUzUxMiJ9.eyJsb2dpbl91c2VyX2tleSI6ImYxYmJiNjVhLTZlYzQtNDg4Ni1hY2M3LTdkZjdmYTkxZjA0YyJ9.2XbJLwaH0AcO9GmF4c9rYdGM1vOnRkWV0_M_G_RTfJNR28k4zwPCUDBXbnn5BPFglD0zNgiJDQM-I3kzB8s8Fg
17:27:12.121 [http-nio-9587-exec-2] INFO  c.r.f.w.s.TokenService - [getToken,237] - user: madaosen, backend Token: Bearer eyJhbGciOiJIUzUxMiJ9.eyJsb2dpbl91c2VyX2tleSI6ImYxYmJiNjVhLTZlYzQtNDg4Ni1hY2M3LTdkZjdmYTkxZjA0YyJ9.2XbJLwaH0AcO9GmF4c9rYdGM1vOnRkWV0_M_G_RTfJNR28k4zwPCUDBXbnn5BPFglD0zNgiJDQM-I3kzB8s8Fg
17:27:12.128 [http-nio-9587-exec-8] INFO  c.r.f.w.s.TokenService - [getToken,237] - user: madaosen, backend Token: Bearer eyJhbGciOiJIUzUxMiJ9.eyJsb2dpbl91c2VyX2tleSI6ImYxYmJiNjVhLTZlYzQtNDg4Ni1hY2M3LTdkZjdmYTkxZjA0YyJ9.2XbJLwaH0AcO9GmF4c9rYdGM1vOnRkWV0_M_G_RTfJNR28k4zwPCUDBXbnn5BPFglD0zNgiJDQM-I3kzB8s8Fg
17:27:12.147 [http-nio-9587-exec-3] INFO  c.r.f.w.s.TokenService - [getToken,237] - user: madaosen, backend Token: Bearer eyJhbGciOiJIUzUxMiJ9.eyJsb2dpbl91c2VyX2tleSI6ImYxYmJiNjVhLTZlYzQtNDg4Ni1hY2M3LTdkZjdmYTkxZjA0YyJ9.2XbJLwaH0AcO9GmF4c9rYdGM1vOnRkWV0_M_G_RTfJNR28k4zwPCUDBXbnn5BPFglD0zNgiJDQM-I3kzB8s8Fg
17:27:12.147 [http-nio-9587-exec-6] INFO  c.r.f.w.s.TokenService - [getToken,237] - user: madaosen, backend Token: Bearer eyJhbGciOiJIUzUxMiJ9.eyJsb2dpbl91c2VyX2tleSI6ImYxYmJiNjVhLTZlYzQtNDg4Ni1hY2M3LTdkZjdmYTkxZjA0YyJ9.2XbJLwaH0AcO9GmF4c9rYdGM1vOnRkWV0_M_G_RTfJNR28k4zwPCUDBXbnn5BPFglD0zNgiJDQM-I3kzB8s8Fg
17:27:12.184 [http-nio-9587-exec-6] INFO  c.r.f.w.s.TokenService - [getToken,237] - user: madaosen, backend Token: Bearer eyJhbGciOiJIUzUxMiJ9.eyJsb2dpbl91c2VyX2tleSI6ImYxYmJiNjVhLTZlYzQtNDg4Ni1hY2M3LTdkZjdmYTkxZjA0YyJ9.2XbJLwaH0AcO9GmF4c9rYdGM1vOnRkWV0_M_G_RTfJNR28k4zwPCUDBXbnn5BPFglD0zNgiJDQM-I3kzB8s8Fg
17:27:12.184 [http-nio-9587-exec-8] INFO  c.r.f.w.s.TokenService - [getToken,237] - user: madaosen, backend Token: Bearer eyJhbGciOiJIUzUxMiJ9.eyJsb2dpbl91c2VyX2tleSI6ImYxYmJiNjVhLTZlYzQtNDg4Ni1hY2M3LTdkZjdmYTkxZjA0YyJ9.2XbJLwaH0AcO9GmF4c9rYdGM1vOnRkWV0_M_G_RTfJNR28k4zwPCUDBXbnn5BPFglD0zNgiJDQM-I3kzB8s8Fg
17:27:12.186 [http-nio-9587-exec-5] INFO  c.r.f.w.s.TokenService - [getToken,237] - user: madaosen, backend Token: Bearer eyJhbGciOiJIUzUxMiJ9.eyJsb2dpbl91c2VyX2tleSI6ImYxYmJiNjVhLTZlYzQtNDg4Ni1hY2M3LTdkZjdmYTkxZjA0YyJ9.2XbJLwaH0AcO9GmF4c9rYdGM1vOnRkWV0_M_G_RTfJNR28k4zwPCUDBXbnn5BPFglD0zNgiJDQM-I3kzB8s8Fg
17:27:12.186 [http-nio-9587-exec-3] INFO  c.r.f.w.s.TokenService - [getToken,237] - user: madaosen, backend Token: Bearer eyJhbGciOiJIUzUxMiJ9.eyJsb2dpbl91c2VyX2tleSI6ImYxYmJiNjVhLTZlYzQtNDg4Ni1hY2M3LTdkZjdmYTkxZjA0YyJ9.2XbJLwaH0AcO9GmF4c9rYdGM1vOnRkWV0_M_G_RTfJNR28k4zwPCUDBXbnn5BPFglD0zNgiJDQM-I3kzB8s8Fg
17:27:12.186 [http-nio-9587-exec-9] INFO  c.r.f.w.s.TokenService - [getToken,237] - user: madaosen, backend Token: Bearer eyJhbGciOiJIUzUxMiJ9.eyJsb2dpbl91c2VyX2tleSI6ImYxYmJiNjVhLTZlYzQtNDg4Ni1hY2M3LTdkZjdmYTkxZjA0YyJ9.2XbJLwaH0AcO9GmF4c9rYdGM1vOnRkWV0_M_G_RTfJNR28k4zwPCUDBXbnn5BPFglD0zNgiJDQM-I3kzB8s8Fg
17:27:12.187 [http-nio-9587-exec-1] INFO  c.r.f.w.s.TokenService - [getToken,237] - user: madaosen, backend Token: Bearer eyJhbGciOiJIUzUxMiJ9.eyJsb2dpbl91c2VyX2tleSI6ImYxYmJiNjVhLTZlYzQtNDg4Ni1hY2M3LTdkZjdmYTkxZjA0YyJ9.2XbJLwaH0AcO9GmF4c9rYdGM1vOnRkWV0_M_G_RTfJNR28k4zwPCUDBXbnn5BPFglD0zNgiJDQM-I3kzB8s8Fg
17:27:12.237 [http-nio-9587-exec-10] INFO  c.r.f.w.s.TokenService - [getToken,237] - user: madaosen, backend Token: Bearer eyJhbGciOiJIUzUxMiJ9.eyJsb2dpbl91c2VyX2tleSI6ImYxYmJiNjVhLTZlYzQtNDg4Ni1hY2M3LTdkZjdmYTkxZjA0YyJ9.2XbJLwaH0AcO9GmF4c9rYdGM1vOnRkWV0_M_G_RTfJNR28k4zwPCUDBXbnn5BPFglD0zNgiJDQM-I3kzB8s8Fg
17:27:12.237 [http-nio-9587-exec-4] INFO  c.r.f.w.s.TokenService - [getToken,237] - user: madaosen, backend Token: Bearer eyJhbGciOiJIUzUxMiJ9.eyJsb2dpbl91c2VyX2tleSI6ImYxYmJiNjVhLTZlYzQtNDg4Ni1hY2M3LTdkZjdmYTkxZjA0YyJ9.2XbJLwaH0AcO9GmF4c9rYdGM1vOnRkWV0_M_G_RTfJNR28k4zwPCUDBXbnn5BPFglD0zNgiJDQM-I3kzB8s8Fg
17:27:12.237 [http-nio-9587-exec-2] INFO  c.r.f.w.s.TokenService - [getToken,237] - user: madaosen, backend Token: Bearer eyJhbGciOiJIUzUxMiJ9.eyJsb2dpbl91c2VyX2tleSI6ImYxYmJiNjVhLTZlYzQtNDg4Ni1hY2M3LTdkZjdmYTkxZjA0YyJ9.2XbJLwaH0AcO9GmF4c9rYdGM1vOnRkWV0_M_G_RTfJNR28k4zwPCUDBXbnn5BPFglD0zNgiJDQM-I3kzB8s8Fg
17:27:12.237 [http-nio-9587-exec-6] INFO  c.r.f.w.s.TokenService - [getToken,237] - user: madaosen, backend Token: Bearer eyJhbGciOiJIUzUxMiJ9.eyJsb2dpbl91c2VyX2tleSI6ImYxYmJiNjVhLTZlYzQtNDg4Ni1hY2M3LTdkZjdmYTkxZjA0YyJ9.2XbJLwaH0AcO9GmF4c9rYdGM1vOnRkWV0_M_G_RTfJNR28k4zwPCUDBXbnn5BPFglD0zNgiJDQM-I3kzB8s8Fg
17:27:12.237 [http-nio-9587-exec-7] INFO  c.r.f.w.s.TokenService - [getToken,237] - user: madaosen, backend Token: Bearer eyJhbGciOiJIUzUxMiJ9.eyJsb2dpbl91c2VyX2tleSI6ImYxYmJiNjVhLTZlYzQtNDg4Ni1hY2M3LTdkZjdmYTkxZjA0YyJ9.2XbJLwaH0AcO9GmF4c9rYdGM1vOnRkWV0_M_G_RTfJNR28k4zwPCUDBXbnn5BPFglD0zNgiJDQM-I3kzB8s8Fg
17:27:12.237 [http-nio-9587-exec-9] INFO  c.r.f.w.s.TokenService - [getToken,237] - user: madaosen, backend Token: Bearer eyJhbGciOiJIUzUxMiJ9.eyJsb2dpbl91c2VyX2tleSI6ImYxYmJiNjVhLTZlYzQtNDg4Ni1hY2M3LTdkZjdmYTkxZjA0YyJ9.2XbJLwaH0AcO9GmF4c9rYdGM1vOnRkWV0_M_G_RTfJNR28k4zwPCUDBXbnn5BPFglD0zNgiJDQM-I3kzB8s8Fg
17:27:12.260 [http-nio-9587-exec-3] INFO  c.r.f.w.s.TokenService - [getToken,237] - user: madaosen, backend Token: Bearer eyJhbGciOiJIUzUxMiJ9.eyJsb2dpbl91c2VyX2tleSI6ImYxYmJiNjVhLTZlYzQtNDg4Ni1hY2M3LTdkZjdmYTkxZjA0YyJ9.2XbJLwaH0AcO9GmF4c9rYdGM1vOnRkWV0_M_G_RTfJNR28k4zwPCUDBXbnn5BPFglD0zNgiJDQM-I3kzB8s8Fg
17:27:12.260 [http-nio-9587-exec-1] INFO  c.r.f.w.s.TokenService - [getToken,237] - user: madaosen, backend Token: Bearer eyJhbGciOiJIUzUxMiJ9.eyJsb2dpbl91c2VyX2tleSI6ImYxYmJiNjVhLTZlYzQtNDg4Ni1hY2M3LTdkZjdmYTkxZjA0YyJ9.2XbJLwaH0AcO9GmF4c9rYdGM1vOnRkWV0_M_G_RTfJNR28k4zwPCUDBXbnn5BPFglD0zNgiJDQM-I3kzB8s8Fg
17:27:12.260 [http-nio-9587-exec-10] INFO  c.r.f.w.s.TokenService - [getToken,237] - user: madaosen, backend Token: Bearer eyJhbGciOiJIUzUxMiJ9.eyJsb2dpbl91c2VyX2tleSI6ImYxYmJiNjVhLTZlYzQtNDg4Ni1hY2M3LTdkZjdmYTkxZjA0YyJ9.2XbJLwaH0AcO9GmF4c9rYdGM1vOnRkWV0_M_G_RTfJNR28k4zwPCUDBXbnn5BPFglD0zNgiJDQM-I3kzB8s8Fg
17:27:12.260 [http-nio-9587-exec-8] INFO  c.r.f.w.s.TokenService - [getToken,237] - user: madaosen, backend Token: Bearer eyJhbGciOiJIUzUxMiJ9.eyJsb2dpbl91c2VyX2tleSI6ImYxYmJiNjVhLTZlYzQtNDg4Ni1hY2M3LTdkZjdmYTkxZjA0YyJ9.2XbJLwaH0AcO9GmF4c9rYdGM1vOnRkWV0_M_G_RTfJNR28k4zwPCUDBXbnn5BPFglD0zNgiJDQM-I3kzB8s8Fg
17:27:12.261 [http-nio-9587-exec-7] INFO  c.r.f.w.s.TokenService - [getToken,237] - user: madaosen, backend Token: Bearer eyJhbGciOiJIUzUxMiJ9.eyJsb2dpbl91c2VyX2tleSI6ImYxYmJiNjVhLTZlYzQtNDg4Ni1hY2M3LTdkZjdmYTkxZjA0YyJ9.2XbJLwaH0AcO9GmF4c9rYdGM1vOnRkWV0_M_G_RTfJNR28k4zwPCUDBXbnn5BPFglD0zNgiJDQM-I3kzB8s8Fg
17:27:12.261 [http-nio-9587-exec-5] INFO  c.r.f.w.s.TokenService - [getToken,237] - user: madaosen, backend Token: Bearer eyJhbGciOiJIUzUxMiJ9.eyJsb2dpbl91c2VyX2tleSI6ImYxYmJiNjVhLTZlYzQtNDg4Ni1hY2M3LTdkZjdmYTkxZjA0YyJ9.2XbJLwaH0AcO9GmF4c9rYdGM1vOnRkWV0_M_G_RTfJNR28k4zwPCUDBXbnn5BPFglD0zNgiJDQM-I3kzB8s8Fg
17:27:12.286 [http-nio-9587-exec-2] INFO  c.r.f.w.s.TokenService - [getToken,237] - user: madaosen, backend Token: Bearer eyJhbGciOiJIUzUxMiJ9.eyJsb2dpbl91c2VyX2tleSI6ImYxYmJiNjVhLTZlYzQtNDg4Ni1hY2M3LTdkZjdmYTkxZjA0YyJ9.2XbJLwaH0AcO9GmF4c9rYdGM1vOnRkWV0_M_G_RTfJNR28k4zwPCUDBXbnn5BPFglD0zNgiJDQM-I3kzB8s8Fg
17:27:12.300 [http-nio-9587-exec-6] INFO  c.r.f.w.s.TokenService - [getToken,237] - user: madaosen, backend Token: Bearer eyJhbGciOiJIUzUxMiJ9.eyJsb2dpbl91c2VyX2tleSI6ImYxYmJiNjVhLTZlYzQtNDg4Ni1hY2M3LTdkZjdmYTkxZjA0YyJ9.2XbJLwaH0AcO9GmF4c9rYdGM1vOnRkWV0_M_G_RTfJNR28k4zwPCUDBXbnn5BPFglD0zNgiJDQM-I3kzB8s8Fg
17:27:12.336 [http-nio-9587-exec-2] INFO  c.r.f.w.s.TokenService - [getToken,237] - user: madaosen, backend Token: Bearer eyJhbGciOiJIUzUxMiJ9.eyJsb2dpbl91c2VyX2tleSI6ImYxYmJiNjVhLTZlYzQtNDg4Ni1hY2M3LTdkZjdmYTkxZjA0YyJ9.2XbJLwaH0AcO9GmF4c9rYdGM1vOnRkWV0_M_G_RTfJNR28k4zwPCUDBXbnn5BPFglD0zNgiJDQM-I3kzB8s8Fg
17:27:12.336 [http-nio-9587-exec-9] INFO  c.r.f.w.s.TokenService - [getToken,237] - user: madaosen, backend Token: Bearer eyJhbGciOiJIUzUxMiJ9.eyJsb2dpbl91c2VyX2tleSI6ImYxYmJiNjVhLTZlYzQtNDg4Ni1hY2M3LTdkZjdmYTkxZjA0YyJ9.2XbJLwaH0AcO9GmF4c9rYdGM1vOnRkWV0_M_G_RTfJNR28k4zwPCUDBXbnn5BPFglD0zNgiJDQM-I3kzB8s8Fg
17:27:12.336 [http-nio-9587-exec-4] INFO  c.r.f.w.s.TokenService - [getToken,237] - user: madaosen, backend Token: Bearer eyJhbGciOiJIUzUxMiJ9.eyJsb2dpbl91c2VyX2tleSI6ImYxYmJiNjVhLTZlYzQtNDg4Ni1hY2M3LTdkZjdmYTkxZjA0YyJ9.2XbJLwaH0AcO9GmF4c9rYdGM1vOnRkWV0_M_G_RTfJNR28k4zwPCUDBXbnn5BPFglD0zNgiJDQM-I3kzB8s8Fg
17:27:12.336 [http-nio-9587-exec-6] INFO  c.r.f.w.s.TokenService - [getToken,237] - user: madaosen, backend Token: Bearer eyJhbGciOiJIUzUxMiJ9.eyJsb2dpbl91c2VyX2tleSI6ImYxYmJiNjVhLTZlYzQtNDg4Ni1hY2M3LTdkZjdmYTkxZjA0YyJ9.2XbJLwaH0AcO9GmF4c9rYdGM1vOnRkWV0_M_G_RTfJNR28k4zwPCUDBXbnn5BPFglD0zNgiJDQM-I3kzB8s8Fg
17:27:12.336 [http-nio-9587-exec-1] INFO  c.r.f.w.s.TokenService - [getToken,237] - user: madaosen, backend Token: Bearer eyJhbGciOiJIUzUxMiJ9.eyJsb2dpbl91c2VyX2tleSI6ImYxYmJiNjVhLTZlYzQtNDg4Ni1hY2M3LTdkZjdmYTkxZjA0YyJ9.2XbJLwaH0AcO9GmF4c9rYdGM1vOnRkWV0_M_G_RTfJNR28k4zwPCUDBXbnn5BPFglD0zNgiJDQM-I3kzB8s8Fg
17:27:12.336 [http-nio-9587-exec-7] INFO  c.r.f.w.s.TokenService - [getToken,237] - user: madaosen, backend Token: Bearer eyJhbGciOiJIUzUxMiJ9.eyJsb2dpbl91c2VyX2tleSI6ImYxYmJiNjVhLTZlYzQtNDg4Ni1hY2M3LTdkZjdmYTkxZjA0YyJ9.2XbJLwaH0AcO9GmF4c9rYdGM1vOnRkWV0_M_G_RTfJNR28k4zwPCUDBXbnn5BPFglD0zNgiJDQM-I3kzB8s8Fg
17:27:12.474 [http-nio-9587-exec-5] INFO  c.r.f.w.s.TokenService - [getToken,237] - user: madaosen, backend Token: Bearer eyJhbGciOiJIUzUxMiJ9.eyJsb2dpbl91c2VyX2tleSI6ImYxYmJiNjVhLTZlYzQtNDg4Ni1hY2M3LTdkZjdmYTkxZjA0YyJ9.2XbJLwaH0AcO9GmF4c9rYdGM1vOnRkWV0_M_G_RTfJNR28k4zwPCUDBXbnn5BPFglD0zNgiJDQM-I3kzB8s8Fg
17:27:19.976 [http-nio-9587-exec-3] INFO  c.r.f.w.s.TokenService - [getToken,237] - user: madaosen, backend Token: Bearer eyJhbGciOiJIUzUxMiJ9.eyJsb2dpbl91c2VyX2tleSI6ImYxYmJiNjVhLTZlYzQtNDg4Ni1hY2M3LTdkZjdmYTkxZjA0YyJ9.2XbJLwaH0AcO9GmF4c9rYdGM1vOnRkWV0_M_G_RTfJNR28k4zwPCUDBXbnn5BPFglD0zNgiJDQM-I3kzB8s8Fg
17:27:40.581 [http-nio-9587-exec-3] INFO  c.r.f.w.s.TokenService - [getToken,237] - user: madaosen, backend Token: Bearer eyJhbGciOiJIUzUxMiJ9.eyJsb2dpbl91c2VyX2tleSI6ImYxYmJiNjVhLTZlYzQtNDg4Ni1hY2M3LTdkZjdmYTkxZjA0YyJ9.2XbJLwaH0AcO9GmF4c9rYdGM1vOnRkWV0_M_G_RTfJNR28k4zwPCUDBXbnn5BPFglD0zNgiJDQM-I3kzB8s8Fg
17:27:40.581 [http-nio-9587-exec-5] INFO  c.r.f.w.s.TokenService - [getToken,237] - user: madaosen, backend Token: Bearer eyJhbGciOiJIUzUxMiJ9.eyJsb2dpbl91c2VyX2tleSI6ImYxYmJiNjVhLTZlYzQtNDg4Ni1hY2M3LTdkZjdmYTkxZjA0YyJ9.2XbJLwaH0AcO9GmF4c9rYdGM1vOnRkWV0_M_G_RTfJNR28k4zwPCUDBXbnn5BPFglD0zNgiJDQM-I3kzB8s8Fg
17:27:40.582 [http-nio-9587-exec-2] INFO  c.r.f.w.s.TokenService - [getToken,237] - user: madaosen, backend Token: Bearer eyJhbGciOiJIUzUxMiJ9.eyJsb2dpbl91c2VyX2tleSI6ImYxYmJiNjVhLTZlYzQtNDg4Ni1hY2M3LTdkZjdmYTkxZjA0YyJ9.2XbJLwaH0AcO9GmF4c9rYdGM1vOnRkWV0_M_G_RTfJNR28k4zwPCUDBXbnn5BPFglD0zNgiJDQM-I3kzB8s8Fg
17:27:40.582 [http-nio-9587-exec-10] INFO  c.r.f.w.s.TokenService - [getToken,237] - user: madaosen, backend Token: Bearer eyJhbGciOiJIUzUxMiJ9.eyJsb2dpbl91c2VyX2tleSI6ImYxYmJiNjVhLTZlYzQtNDg4Ni1hY2M3LTdkZjdmYTkxZjA0YyJ9.2XbJLwaH0AcO9GmF4c9rYdGM1vOnRkWV0_M_G_RTfJNR28k4zwPCUDBXbnn5BPFglD0zNgiJDQM-I3kzB8s8Fg
17:27:40.584 [http-nio-9587-exec-8] INFO  c.r.f.w.s.TokenService - [getToken,237] - user: madaosen, backend Token: Bearer eyJhbGciOiJIUzUxMiJ9.eyJsb2dpbl91c2VyX2tleSI6ImYxYmJiNjVhLTZlYzQtNDg4Ni1hY2M3LTdkZjdmYTkxZjA0YyJ9.2XbJLwaH0AcO9GmF4c9rYdGM1vOnRkWV0_M_G_RTfJNR28k4zwPCUDBXbnn5BPFglD0zNgiJDQM-I3kzB8s8Fg
17:27:40.587 [http-nio-9587-exec-4] INFO  c.r.f.w.s.TokenService - [getToken,237] - user: madaosen, backend Token: Bearer eyJhbGciOiJIUzUxMiJ9.eyJsb2dpbl91c2VyX2tleSI6ImYxYmJiNjVhLTZlYzQtNDg4Ni1hY2M3LTdkZjdmYTkxZjA0YyJ9.2XbJLwaH0AcO9GmF4c9rYdGM1vOnRkWV0_M_G_RTfJNR28k4zwPCUDBXbnn5BPFglD0zNgiJDQM-I3kzB8s8Fg
17:27:40.604 [http-nio-9587-exec-9] INFO  c.r.f.w.s.TokenService - [getToken,237] - user: madaosen, backend Token: Bearer eyJhbGciOiJIUzUxMiJ9.eyJsb2dpbl91c2VyX2tleSI6ImYxYmJiNjVhLTZlYzQtNDg4Ni1hY2M3LTdkZjdmYTkxZjA0YyJ9.2XbJLwaH0AcO9GmF4c9rYdGM1vOnRkWV0_M_G_RTfJNR28k4zwPCUDBXbnn5BPFglD0zNgiJDQM-I3kzB8s8Fg
17:27:40.606 [http-nio-9587-exec-6] INFO  c.r.f.w.s.TokenService - [getToken,237] - user: madaosen, backend Token: Bearer eyJhbGciOiJIUzUxMiJ9.eyJsb2dpbl91c2VyX2tleSI6ImYxYmJiNjVhLTZlYzQtNDg4Ni1hY2M3LTdkZjdmYTkxZjA0YyJ9.2XbJLwaH0AcO9GmF4c9rYdGM1vOnRkWV0_M_G_RTfJNR28k4zwPCUDBXbnn5BPFglD0zNgiJDQM-I3kzB8s8Fg
17:27:40.620 [http-nio-9587-exec-1] INFO  c.r.f.w.s.TokenService - [getToken,237] - user: madaosen, backend Token: Bearer eyJhbGciOiJIUzUxMiJ9.eyJsb2dpbl91c2VyX2tleSI6ImYxYmJiNjVhLTZlYzQtNDg4Ni1hY2M3LTdkZjdmYTkxZjA0YyJ9.2XbJLwaH0AcO9GmF4c9rYdGM1vOnRkWV0_M_G_RTfJNR28k4zwPCUDBXbnn5BPFglD0zNgiJDQM-I3kzB8s8Fg
17:27:40.635 [http-nio-9587-exec-4] INFO  c.r.f.w.s.TokenService - [getToken,237] - user: madaosen, backend Token: Bearer eyJhbGciOiJIUzUxMiJ9.eyJsb2dpbl91c2VyX2tleSI6ImYxYmJiNjVhLTZlYzQtNDg4Ni1hY2M3LTdkZjdmYTkxZjA0YyJ9.2XbJLwaH0AcO9GmF4c9rYdGM1vOnRkWV0_M_G_RTfJNR28k4zwPCUDBXbnn5BPFglD0zNgiJDQM-I3kzB8s8Fg
17:27:40.647 [http-nio-9587-exec-9] INFO  c.r.f.w.s.TokenService - [getToken,237] - user: madaosen, backend Token: Bearer eyJhbGciOiJIUzUxMiJ9.eyJsb2dpbl91c2VyX2tleSI6ImYxYmJiNjVhLTZlYzQtNDg4Ni1hY2M3LTdkZjdmYTkxZjA0YyJ9.2XbJLwaH0AcO9GmF4c9rYdGM1vOnRkWV0_M_G_RTfJNR28k4zwPCUDBXbnn5BPFglD0zNgiJDQM-I3kzB8s8Fg
17:27:40.681 [http-nio-9587-exec-7] INFO  c.r.f.w.s.TokenService - [getToken,237] - user: madaosen, backend Token: Bearer eyJhbGciOiJIUzUxMiJ9.eyJsb2dpbl91c2VyX2tleSI6ImYxYmJiNjVhLTZlYzQtNDg4Ni1hY2M3LTdkZjdmYTkxZjA0YyJ9.2XbJLwaH0AcO9GmF4c9rYdGM1vOnRkWV0_M_G_RTfJNR28k4zwPCUDBXbnn5BPFglD0zNgiJDQM-I3kzB8s8Fg
17:27:40.701 [http-nio-9587-exec-2] INFO  c.r.f.w.s.TokenService - [getToken,237] - user: madaosen, backend Token: Bearer eyJhbGciOiJIUzUxMiJ9.eyJsb2dpbl91c2VyX2tleSI6ImYxYmJiNjVhLTZlYzQtNDg4Ni1hY2M3LTdkZjdmYTkxZjA0YyJ9.2XbJLwaH0AcO9GmF4c9rYdGM1vOnRkWV0_M_G_RTfJNR28k4zwPCUDBXbnn5BPFglD0zNgiJDQM-I3kzB8s8Fg
17:27:40.709 [http-nio-9587-exec-1] INFO  c.r.f.w.s.TokenService - [getToken,237] - user: madaosen, backend Token: Bearer eyJhbGciOiJIUzUxMiJ9.eyJsb2dpbl91c2VyX2tleSI6ImYxYmJiNjVhLTZlYzQtNDg4Ni1hY2M3LTdkZjdmYTkxZjA0YyJ9.2XbJLwaH0AcO9GmF4c9rYdGM1vOnRkWV0_M_G_RTfJNR28k4zwPCUDBXbnn5BPFglD0zNgiJDQM-I3kzB8s8Fg
17:27:40.712 [http-nio-9587-exec-5] INFO  c.r.f.w.s.TokenService - [getToken,237] - user: madaosen, backend Token: Bearer eyJhbGciOiJIUzUxMiJ9.eyJsb2dpbl91c2VyX2tleSI6ImYxYmJiNjVhLTZlYzQtNDg4Ni1hY2M3LTdkZjdmYTkxZjA0YyJ9.2XbJLwaH0AcO9GmF4c9rYdGM1vOnRkWV0_M_G_RTfJNR28k4zwPCUDBXbnn5BPFglD0zNgiJDQM-I3kzB8s8Fg
17:27:40.726 [http-nio-9587-exec-6] INFO  c.r.f.w.s.TokenService - [getToken,237] - user: madaosen, backend Token: Bearer eyJhbGciOiJIUzUxMiJ9.eyJsb2dpbl91c2VyX2tleSI6ImYxYmJiNjVhLTZlYzQtNDg4Ni1hY2M3LTdkZjdmYTkxZjA0YyJ9.2XbJLwaH0AcO9GmF4c9rYdGM1vOnRkWV0_M_G_RTfJNR28k4zwPCUDBXbnn5BPFglD0zNgiJDQM-I3kzB8s8Fg
17:27:40.740 [http-nio-9587-exec-7] INFO  c.r.f.w.s.TokenService - [getToken,237] - user: madaosen, backend Token: Bearer eyJhbGciOiJIUzUxMiJ9.eyJsb2dpbl91c2VyX2tleSI6ImYxYmJiNjVhLTZlYzQtNDg4Ni1hY2M3LTdkZjdmYTkxZjA0YyJ9.2XbJLwaH0AcO9GmF4c9rYdGM1vOnRkWV0_M_G_RTfJNR28k4zwPCUDBXbnn5BPFglD0zNgiJDQM-I3kzB8s8Fg
17:27:40.747 [http-nio-9587-exec-10] INFO  c.r.f.w.s.TokenService - [getToken,237] - user: madaosen, backend Token: Bearer eyJhbGciOiJIUzUxMiJ9.eyJsb2dpbl91c2VyX2tleSI6ImYxYmJiNjVhLTZlYzQtNDg4Ni1hY2M3LTdkZjdmYTkxZjA0YyJ9.2XbJLwaH0AcO9GmF4c9rYdGM1vOnRkWV0_M_G_RTfJNR28k4zwPCUDBXbnn5BPFglD0zNgiJDQM-I3kzB8s8Fg
17:27:40.755 [http-nio-9587-exec-3] INFO  c.r.f.w.s.TokenService - [getToken,237] - user: madaosen, backend Token: Bearer eyJhbGciOiJIUzUxMiJ9.eyJsb2dpbl91c2VyX2tleSI6ImYxYmJiNjVhLTZlYzQtNDg4Ni1hY2M3LTdkZjdmYTkxZjA0YyJ9.2XbJLwaH0AcO9GmF4c9rYdGM1vOnRkWV0_M_G_RTfJNR28k4zwPCUDBXbnn5BPFglD0zNgiJDQM-I3kzB8s8Fg
17:27:40.906 [http-nio-9587-exec-4] INFO  c.r.f.w.s.TokenService - [getToken,237] - user: madaosen, backend Token: Bearer eyJhbGciOiJIUzUxMiJ9.eyJsb2dpbl91c2VyX2tleSI6ImYxYmJiNjVhLTZlYzQtNDg4Ni1hY2M3LTdkZjdmYTkxZjA0YyJ9.2XbJLwaH0AcO9GmF4c9rYdGM1vOnRkWV0_M_G_RTfJNR28k4zwPCUDBXbnn5BPFglD0zNgiJDQM-I3kzB8s8Fg
17:27:40.907 [http-nio-9587-exec-10] INFO  c.r.f.w.s.TokenService - [getToken,237] - user: madaosen, backend Token: Bearer eyJhbGciOiJIUzUxMiJ9.eyJsb2dpbl91c2VyX2tleSI6ImYxYmJiNjVhLTZlYzQtNDg4Ni1hY2M3LTdkZjdmYTkxZjA0YyJ9.2XbJLwaH0AcO9GmF4c9rYdGM1vOnRkWV0_M_G_RTfJNR28k4zwPCUDBXbnn5BPFglD0zNgiJDQM-I3kzB8s8Fg
17:27:40.957 [http-nio-9587-exec-2] INFO  c.r.f.w.s.TokenService - [getToken,237] - user: madaosen, backend Token: Bearer eyJhbGciOiJIUzUxMiJ9.eyJsb2dpbl91c2VyX2tleSI6ImYxYmJiNjVhLTZlYzQtNDg4Ni1hY2M3LTdkZjdmYTkxZjA0YyJ9.2XbJLwaH0AcO9GmF4c9rYdGM1vOnRkWV0_M_G_RTfJNR28k4zwPCUDBXbnn5BPFglD0zNgiJDQM-I3kzB8s8Fg
17:27:40.997 [http-nio-9587-exec-1] INFO  c.r.f.w.s.TokenService - [getToken,237] - user: madaosen, backend Token: Bearer eyJhbGciOiJIUzUxMiJ9.eyJsb2dpbl91c2VyX2tleSI6ImYxYmJiNjVhLTZlYzQtNDg4Ni1hY2M3LTdkZjdmYTkxZjA0YyJ9.2XbJLwaH0AcO9GmF4c9rYdGM1vOnRkWV0_M_G_RTfJNR28k4zwPCUDBXbnn5BPFglD0zNgiJDQM-I3kzB8s8Fg
17:27:40.997 [http-nio-9587-exec-6] INFO  c.r.f.w.s.TokenService - [getToken,237] - user: madaosen, backend Token: Bearer eyJhbGciOiJIUzUxMiJ9.eyJsb2dpbl91c2VyX2tleSI6ImYxYmJiNjVhLTZlYzQtNDg4Ni1hY2M3LTdkZjdmYTkxZjA0YyJ9.2XbJLwaH0AcO9GmF4c9rYdGM1vOnRkWV0_M_G_RTfJNR28k4zwPCUDBXbnn5BPFglD0zNgiJDQM-I3kzB8s8Fg
17:27:40.998 [http-nio-9587-exec-10] INFO  c.r.f.w.s.TokenService - [getToken,237] - user: madaosen, backend Token: Bearer eyJhbGciOiJIUzUxMiJ9.eyJsb2dpbl91c2VyX2tleSI6ImYxYmJiNjVhLTZlYzQtNDg4Ni1hY2M3LTdkZjdmYTkxZjA0YyJ9.2XbJLwaH0AcO9GmF4c9rYdGM1vOnRkWV0_M_G_RTfJNR28k4zwPCUDBXbnn5BPFglD0zNgiJDQM-I3kzB8s8Fg
17:27:41.040 [http-nio-9587-exec-2] INFO  c.r.f.w.s.TokenService - [getToken,237] - user: madaosen, backend Token: Bearer eyJhbGciOiJIUzUxMiJ9.eyJsb2dpbl91c2VyX2tleSI6ImYxYmJiNjVhLTZlYzQtNDg4Ni1hY2M3LTdkZjdmYTkxZjA0YyJ9.2XbJLwaH0AcO9GmF4c9rYdGM1vOnRkWV0_M_G_RTfJNR28k4zwPCUDBXbnn5BPFglD0zNgiJDQM-I3kzB8s8Fg
17:27:41.040 [http-nio-9587-exec-3] INFO  c.r.f.w.s.TokenService - [getToken,237] - user: madaosen, backend Token: Bearer eyJhbGciOiJIUzUxMiJ9.eyJsb2dpbl91c2VyX2tleSI6ImYxYmJiNjVhLTZlYzQtNDg4Ni1hY2M3LTdkZjdmYTkxZjA0YyJ9.2XbJLwaH0AcO9GmF4c9rYdGM1vOnRkWV0_M_G_RTfJNR28k4zwPCUDBXbnn5BPFglD0zNgiJDQM-I3kzB8s8Fg
17:27:41.062 [http-nio-9587-exec-9] INFO  c.r.f.w.s.TokenService - [getToken,237] - user: madaosen, backend Token: Bearer eyJhbGciOiJIUzUxMiJ9.eyJsb2dpbl91c2VyX2tleSI6ImYxYmJiNjVhLTZlYzQtNDg4Ni1hY2M3LTdkZjdmYTkxZjA0YyJ9.2XbJLwaH0AcO9GmF4c9rYdGM1vOnRkWV0_M_G_RTfJNR28k4zwPCUDBXbnn5BPFglD0zNgiJDQM-I3kzB8s8Fg
17:27:41.084 [http-nio-9587-exec-4] INFO  c.r.f.w.s.TokenService - [getToken,237] - user: madaosen, backend Token: Bearer eyJhbGciOiJIUzUxMiJ9.eyJsb2dpbl91c2VyX2tleSI6ImYxYmJiNjVhLTZlYzQtNDg4Ni1hY2M3LTdkZjdmYTkxZjA0YyJ9.2XbJLwaH0AcO9GmF4c9rYdGM1vOnRkWV0_M_G_RTfJNR28k4zwPCUDBXbnn5BPFglD0zNgiJDQM-I3kzB8s8Fg
17:27:41.084 [http-nio-9587-exec-5] INFO  c.r.f.w.s.TokenService - [getToken,237] - user: madaosen, backend Token: Bearer eyJhbGciOiJIUzUxMiJ9.eyJsb2dpbl91c2VyX2tleSI6ImYxYmJiNjVhLTZlYzQtNDg4Ni1hY2M3LTdkZjdmYTkxZjA0YyJ9.2XbJLwaH0AcO9GmF4c9rYdGM1vOnRkWV0_M_G_RTfJNR28k4zwPCUDBXbnn5BPFglD0zNgiJDQM-I3kzB8s8Fg
17:27:41.085 [http-nio-9587-exec-7] INFO  c.r.f.w.s.TokenService - [getToken,237] - user: madaosen, backend Token: Bearer eyJhbGciOiJIUzUxMiJ9.eyJsb2dpbl91c2VyX2tleSI6ImYxYmJiNjVhLTZlYzQtNDg4Ni1hY2M3LTdkZjdmYTkxZjA0YyJ9.2XbJLwaH0AcO9GmF4c9rYdGM1vOnRkWV0_M_G_RTfJNR28k4zwPCUDBXbnn5BPFglD0zNgiJDQM-I3kzB8s8Fg
17:27:41.178 [http-nio-9587-exec-2] INFO  c.r.f.w.s.TokenService - [getToken,237] - user: madaosen, backend Token: Bearer eyJhbGciOiJIUzUxMiJ9.eyJsb2dpbl91c2VyX2tleSI6ImYxYmJiNjVhLTZlYzQtNDg4Ni1hY2M3LTdkZjdmYTkxZjA0YyJ9.2XbJLwaH0AcO9GmF4c9rYdGM1vOnRkWV0_M_G_RTfJNR28k4zwPCUDBXbnn5BPFglD0zNgiJDQM-I3kzB8s8Fg
17:27:48.672 [http-nio-9587-exec-9] INFO  c.r.f.w.s.TokenService - [getToken,237] - user: madaosen, backend Token: Bearer eyJhbGciOiJIUzUxMiJ9.eyJsb2dpbl91c2VyX2tleSI6ImYxYmJiNjVhLTZlYzQtNDg4Ni1hY2M3LTdkZjdmYTkxZjA0YyJ9.2XbJLwaH0AcO9GmF4c9rYdGM1vOnRkWV0_M_G_RTfJNR28k4zwPCUDBXbnn5BPFglD0zNgiJDQM-I3kzB8s8Fg
17:27:50.524 [http-nio-9587-exec-3] INFO  c.r.f.w.s.TokenService - [getToken,237] - user: madaosen, backend Token: Bearer eyJhbGciOiJIUzUxMiJ9.eyJsb2dpbl91c2VyX2tleSI6ImYxYmJiNjVhLTZlYzQtNDg4Ni1hY2M3LTdkZjdmYTkxZjA0YyJ9.2XbJLwaH0AcO9GmF4c9rYdGM1vOnRkWV0_M_G_RTfJNR28k4zwPCUDBXbnn5BPFglD0zNgiJDQM-I3kzB8s8Fg
17:27:50.524 [http-nio-9587-exec-4] INFO  c.r.f.w.s.TokenService - [getToken,237] - user: madaosen, backend Token: Bearer eyJhbGciOiJIUzUxMiJ9.eyJsb2dpbl91c2VyX2tleSI6ImYxYmJiNjVhLTZlYzQtNDg4Ni1hY2M3LTdkZjdmYTkxZjA0YyJ9.2XbJLwaH0AcO9GmF4c9rYdGM1vOnRkWV0_M_G_RTfJNR28k4zwPCUDBXbnn5BPFglD0zNgiJDQM-I3kzB8s8Fg
17:27:50.525 [http-nio-9587-exec-2] INFO  c.r.f.w.s.TokenService - [getToken,237] - user: madaosen, backend Token: Bearer eyJhbGciOiJIUzUxMiJ9.eyJsb2dpbl91c2VyX2tleSI6ImYxYmJiNjVhLTZlYzQtNDg4Ni1hY2M3LTdkZjdmYTkxZjA0YyJ9.2XbJLwaH0AcO9GmF4c9rYdGM1vOnRkWV0_M_G_RTfJNR28k4zwPCUDBXbnn5BPFglD0zNgiJDQM-I3kzB8s8Fg
17:27:50.527 [http-nio-9587-exec-9] INFO  c.r.f.w.s.TokenService - [getToken,237] - user: madaosen, backend Token: Bearer eyJhbGciOiJIUzUxMiJ9.eyJsb2dpbl91c2VyX2tleSI6ImYxYmJiNjVhLTZlYzQtNDg4Ni1hY2M3LTdkZjdmYTkxZjA0YyJ9.2XbJLwaH0AcO9GmF4c9rYdGM1vOnRkWV0_M_G_RTfJNR28k4zwPCUDBXbnn5BPFglD0zNgiJDQM-I3kzB8s8Fg
17:27:50.527 [http-nio-9587-exec-8] INFO  c.r.f.w.s.TokenService - [getToken,237] - user: madaosen, backend Token: Bearer eyJhbGciOiJIUzUxMiJ9.eyJsb2dpbl91c2VyX2tleSI6ImYxYmJiNjVhLTZlYzQtNDg4Ni1hY2M3LTdkZjdmYTkxZjA0YyJ9.2XbJLwaH0AcO9GmF4c9rYdGM1vOnRkWV0_M_G_RTfJNR28k4zwPCUDBXbnn5BPFglD0zNgiJDQM-I3kzB8s8Fg
17:27:50.528 [http-nio-9587-exec-5] INFO  c.r.f.w.s.TokenService - [getToken,237] - user: madaosen, backend Token: Bearer eyJhbGciOiJIUzUxMiJ9.eyJsb2dpbl91c2VyX2tleSI6ImYxYmJiNjVhLTZlYzQtNDg4Ni1hY2M3LTdkZjdmYTkxZjA0YyJ9.2XbJLwaH0AcO9GmF4c9rYdGM1vOnRkWV0_M_G_RTfJNR28k4zwPCUDBXbnn5BPFglD0zNgiJDQM-I3kzB8s8Fg
17:27:50.544 [http-nio-9587-exec-6] INFO  c.r.f.w.s.TokenService - [getToken,237] - user: madaosen, backend Token: Bearer eyJhbGciOiJIUzUxMiJ9.eyJsb2dpbl91c2VyX2tleSI6ImYxYmJiNjVhLTZlYzQtNDg4Ni1hY2M3LTdkZjdmYTkxZjA0YyJ9.2XbJLwaH0AcO9GmF4c9rYdGM1vOnRkWV0_M_G_RTfJNR28k4zwPCUDBXbnn5BPFglD0zNgiJDQM-I3kzB8s8Fg
17:27:50.544 [http-nio-9587-exec-1] INFO  c.r.f.w.s.TokenService - [getToken,237] - user: madaosen, backend Token: Bearer eyJhbGciOiJIUzUxMiJ9.eyJsb2dpbl91c2VyX2tleSI6ImYxYmJiNjVhLTZlYzQtNDg4Ni1hY2M3LTdkZjdmYTkxZjA0YyJ9.2XbJLwaH0AcO9GmF4c9rYdGM1vOnRkWV0_M_G_RTfJNR28k4zwPCUDBXbnn5BPFglD0zNgiJDQM-I3kzB8s8Fg
17:27:50.575 [http-nio-9587-exec-7] INFO  c.r.f.w.s.TokenService - [getToken,237] - user: madaosen, backend Token: Bearer eyJhbGciOiJIUzUxMiJ9.eyJsb2dpbl91c2VyX2tleSI6ImYxYmJiNjVhLTZlYzQtNDg4Ni1hY2M3LTdkZjdmYTkxZjA0YyJ9.2XbJLwaH0AcO9GmF4c9rYdGM1vOnRkWV0_M_G_RTfJNR28k4zwPCUDBXbnn5BPFglD0zNgiJDQM-I3kzB8s8Fg
17:27:50.596 [http-nio-9587-exec-9] INFO  c.r.f.w.s.TokenService - [getToken,237] - user: madaosen, backend Token: Bearer eyJhbGciOiJIUzUxMiJ9.eyJsb2dpbl91c2VyX2tleSI6ImYxYmJiNjVhLTZlYzQtNDg4Ni1hY2M3LTdkZjdmYTkxZjA0YyJ9.2XbJLwaH0AcO9GmF4c9rYdGM1vOnRkWV0_M_G_RTfJNR28k4zwPCUDBXbnn5BPFglD0zNgiJDQM-I3kzB8s8Fg
17:27:50.596 [http-nio-9587-exec-10] INFO  c.r.f.w.s.TokenService - [getToken,237] - user: madaosen, backend Token: Bearer eyJhbGciOiJIUzUxMiJ9.eyJsb2dpbl91c2VyX2tleSI6ImYxYmJiNjVhLTZlYzQtNDg4Ni1hY2M3LTdkZjdmYTkxZjA0YyJ9.2XbJLwaH0AcO9GmF4c9rYdGM1vOnRkWV0_M_G_RTfJNR28k4zwPCUDBXbnn5BPFglD0zNgiJDQM-I3kzB8s8Fg
17:27:50.616 [http-nio-9587-exec-5] INFO  c.r.f.w.s.TokenService - [getToken,237] - user: madaosen, backend Token: Bearer eyJhbGciOiJIUzUxMiJ9.eyJsb2dpbl91c2VyX2tleSI6ImYxYmJiNjVhLTZlYzQtNDg4Ni1hY2M3LTdkZjdmYTkxZjA0YyJ9.2XbJLwaH0AcO9GmF4c9rYdGM1vOnRkWV0_M_G_RTfJNR28k4zwPCUDBXbnn5BPFglD0zNgiJDQM-I3kzB8s8Fg
17:27:50.618 [http-nio-9587-exec-6] INFO  c.r.f.w.s.TokenService - [getToken,237] - user: madaosen, backend Token: Bearer eyJhbGciOiJIUzUxMiJ9.eyJsb2dpbl91c2VyX2tleSI6ImYxYmJiNjVhLTZlYzQtNDg4Ni1hY2M3LTdkZjdmYTkxZjA0YyJ9.2XbJLwaH0AcO9GmF4c9rYdGM1vOnRkWV0_M_G_RTfJNR28k4zwPCUDBXbnn5BPFglD0zNgiJDQM-I3kzB8s8Fg
17:27:50.645 [http-nio-9587-exec-3] INFO  c.r.f.w.s.TokenService - [getToken,237] - user: madaosen, backend Token: Bearer eyJhbGciOiJIUzUxMiJ9.eyJsb2dpbl91c2VyX2tleSI6ImYxYmJiNjVhLTZlYzQtNDg4Ni1hY2M3LTdkZjdmYTkxZjA0YyJ9.2XbJLwaH0AcO9GmF4c9rYdGM1vOnRkWV0_M_G_RTfJNR28k4zwPCUDBXbnn5BPFglD0zNgiJDQM-I3kzB8s8Fg
17:27:50.663 [http-nio-9587-exec-10] INFO  c.r.f.w.s.TokenService - [getToken,237] - user: madaosen, backend Token: Bearer eyJhbGciOiJIUzUxMiJ9.eyJsb2dpbl91c2VyX2tleSI6ImYxYmJiNjVhLTZlYzQtNDg4Ni1hY2M3LTdkZjdmYTkxZjA0YyJ9.2XbJLwaH0AcO9GmF4c9rYdGM1vOnRkWV0_M_G_RTfJNR28k4zwPCUDBXbnn5BPFglD0zNgiJDQM-I3kzB8s8Fg
17:27:50.663 [http-nio-9587-exec-7] INFO  c.r.f.w.s.TokenService - [getToken,237] - user: madaosen, backend Token: Bearer eyJhbGciOiJIUzUxMiJ9.eyJsb2dpbl91c2VyX2tleSI6ImYxYmJiNjVhLTZlYzQtNDg4Ni1hY2M3LTdkZjdmYTkxZjA0YyJ9.2XbJLwaH0AcO9GmF4c9rYdGM1vOnRkWV0_M_G_RTfJNR28k4zwPCUDBXbnn5BPFglD0zNgiJDQM-I3kzB8s8Fg
17:27:50.682 [http-nio-9587-exec-1] INFO  c.r.f.w.s.TokenService - [getToken,237] - user: madaosen, backend Token: Bearer eyJhbGciOiJIUzUxMiJ9.eyJsb2dpbl91c2VyX2tleSI6ImYxYmJiNjVhLTZlYzQtNDg4Ni1hY2M3LTdkZjdmYTkxZjA0YyJ9.2XbJLwaH0AcO9GmF4c9rYdGM1vOnRkWV0_M_G_RTfJNR28k4zwPCUDBXbnn5BPFglD0zNgiJDQM-I3kzB8s8Fg
17:27:50.684 [http-nio-9587-exec-4] INFO  c.r.f.w.s.TokenService - [getToken,237] - user: madaosen, backend Token: Bearer eyJhbGciOiJIUzUxMiJ9.eyJsb2dpbl91c2VyX2tleSI6ImYxYmJiNjVhLTZlYzQtNDg4Ni1hY2M3LTdkZjdmYTkxZjA0YyJ9.2XbJLwaH0AcO9GmF4c9rYdGM1vOnRkWV0_M_G_RTfJNR28k4zwPCUDBXbnn5BPFglD0zNgiJDQM-I3kzB8s8Fg
17:27:50.695 [http-nio-9587-exec-2] INFO  c.r.f.w.s.TokenService - [getToken,237] - user: madaosen, backend Token: Bearer eyJhbGciOiJIUzUxMiJ9.eyJsb2dpbl91c2VyX2tleSI6ImYxYmJiNjVhLTZlYzQtNDg4Ni1hY2M3LTdkZjdmYTkxZjA0YyJ9.2XbJLwaH0AcO9GmF4c9rYdGM1vOnRkWV0_M_G_RTfJNR28k4zwPCUDBXbnn5BPFglD0zNgiJDQM-I3kzB8s8Fg
17:27:50.904 [http-nio-9587-exec-5] INFO  c.r.f.w.s.TokenService - [getToken,237] - user: madaosen, backend Token: Bearer eyJhbGciOiJIUzUxMiJ9.eyJsb2dpbl91c2VyX2tleSI6ImYxYmJiNjVhLTZlYzQtNDg4Ni1hY2M3LTdkZjdmYTkxZjA0YyJ9.2XbJLwaH0AcO9GmF4c9rYdGM1vOnRkWV0_M_G_RTfJNR28k4zwPCUDBXbnn5BPFglD0zNgiJDQM-I3kzB8s8Fg
17:27:50.905 [http-nio-9587-exec-4] INFO  c.r.f.w.s.TokenService - [getToken,237] - user: madaosen, backend Token: Bearer eyJhbGciOiJIUzUxMiJ9.eyJsb2dpbl91c2VyX2tleSI6ImYxYmJiNjVhLTZlYzQtNDg4Ni1hY2M3LTdkZjdmYTkxZjA0YyJ9.2XbJLwaH0AcO9GmF4c9rYdGM1vOnRkWV0_M_G_RTfJNR28k4zwPCUDBXbnn5BPFglD0zNgiJDQM-I3kzB8s8Fg
17:27:50.927 [http-nio-9587-exec-2] INFO  c.r.f.w.s.TokenService - [getToken,237] - user: madaosen, backend Token: Bearer eyJhbGciOiJIUzUxMiJ9.eyJsb2dpbl91c2VyX2tleSI6ImYxYmJiNjVhLTZlYzQtNDg4Ni1hY2M3LTdkZjdmYTkxZjA0YyJ9.2XbJLwaH0AcO9GmF4c9rYdGM1vOnRkWV0_M_G_RTfJNR28k4zwPCUDBXbnn5BPFglD0zNgiJDQM-I3kzB8s8Fg
17:27:50.948 [http-nio-9587-exec-10] INFO  c.r.f.w.s.TokenService - [getToken,237] - user: madaosen, backend Token: Bearer eyJhbGciOiJIUzUxMiJ9.eyJsb2dpbl91c2VyX2tleSI6ImYxYmJiNjVhLTZlYzQtNDg4Ni1hY2M3LTdkZjdmYTkxZjA0YyJ9.2XbJLwaH0AcO9GmF4c9rYdGM1vOnRkWV0_M_G_RTfJNR28k4zwPCUDBXbnn5BPFglD0zNgiJDQM-I3kzB8s8Fg
17:27:50.949 [http-nio-9587-exec-3] INFO  c.r.f.w.s.TokenService - [getToken,237] - user: madaosen, backend Token: Bearer eyJhbGciOiJIUzUxMiJ9.eyJsb2dpbl91c2VyX2tleSI6ImYxYmJiNjVhLTZlYzQtNDg4Ni1hY2M3LTdkZjdmYTkxZjA0YyJ9.2XbJLwaH0AcO9GmF4c9rYdGM1vOnRkWV0_M_G_RTfJNR28k4zwPCUDBXbnn5BPFglD0zNgiJDQM-I3kzB8s8Fg
17:27:50.949 [http-nio-9587-exec-4] INFO  c.r.f.w.s.TokenService - [getToken,237] - user: madaosen, backend Token: Bearer eyJhbGciOiJIUzUxMiJ9.eyJsb2dpbl91c2VyX2tleSI6ImYxYmJiNjVhLTZlYzQtNDg4Ni1hY2M3LTdkZjdmYTkxZjA0YyJ9.2XbJLwaH0AcO9GmF4c9rYdGM1vOnRkWV0_M_G_RTfJNR28k4zwPCUDBXbnn5BPFglD0zNgiJDQM-I3kzB8s8Fg
17:27:51.025 [http-nio-9587-exec-9] INFO  c.r.f.w.s.TokenService - [getToken,237] - user: madaosen, backend Token: Bearer eyJhbGciOiJIUzUxMiJ9.eyJsb2dpbl91c2VyX2tleSI6ImYxYmJiNjVhLTZlYzQtNDg4Ni1hY2M3LTdkZjdmYTkxZjA0YyJ9.2XbJLwaH0AcO9GmF4c9rYdGM1vOnRkWV0_M_G_RTfJNR28k4zwPCUDBXbnn5BPFglD0zNgiJDQM-I3kzB8s8Fg
17:27:51.025 [http-nio-9587-exec-2] INFO  c.r.f.w.s.TokenService - [getToken,237] - user: madaosen, backend Token: Bearer eyJhbGciOiJIUzUxMiJ9.eyJsb2dpbl91c2VyX2tleSI6ImYxYmJiNjVhLTZlYzQtNDg4Ni1hY2M3LTdkZjdmYTkxZjA0YyJ9.2XbJLwaH0AcO9GmF4c9rYdGM1vOnRkWV0_M_G_RTfJNR28k4zwPCUDBXbnn5BPFglD0zNgiJDQM-I3kzB8s8Fg
17:27:51.052 [http-nio-9587-exec-8] INFO  c.r.f.w.s.TokenService - [getToken,237] - user: madaosen, backend Token: Bearer eyJhbGciOiJIUzUxMiJ9.eyJsb2dpbl91c2VyX2tleSI6ImYxYmJiNjVhLTZlYzQtNDg4Ni1hY2M3LTdkZjdmYTkxZjA0YyJ9.2XbJLwaH0AcO9GmF4c9rYdGM1vOnRkWV0_M_G_RTfJNR28k4zwPCUDBXbnn5BPFglD0zNgiJDQM-I3kzB8s8Fg
17:27:51.084 [http-nio-9587-exec-5] INFO  c.r.f.w.s.TokenService - [getToken,237] - user: madaosen, backend Token: Bearer eyJhbGciOiJIUzUxMiJ9.eyJsb2dpbl91c2VyX2tleSI6ImYxYmJiNjVhLTZlYzQtNDg4Ni1hY2M3LTdkZjdmYTkxZjA0YyJ9.2XbJLwaH0AcO9GmF4c9rYdGM1vOnRkWV0_M_G_RTfJNR28k4zwPCUDBXbnn5BPFglD0zNgiJDQM-I3kzB8s8Fg
17:27:51.084 [http-nio-9587-exec-1] INFO  c.r.f.w.s.TokenService - [getToken,237] - user: madaosen, backend Token: Bearer eyJhbGciOiJIUzUxMiJ9.eyJsb2dpbl91c2VyX2tleSI6ImYxYmJiNjVhLTZlYzQtNDg4Ni1hY2M3LTdkZjdmYTkxZjA0YyJ9.2XbJLwaH0AcO9GmF4c9rYdGM1vOnRkWV0_M_G_RTfJNR28k4zwPCUDBXbnn5BPFglD0zNgiJDQM-I3kzB8s8Fg
17:27:51.084 [http-nio-9587-exec-7] INFO  c.r.f.w.s.TokenService - [getToken,237] - user: madaosen, backend Token: Bearer eyJhbGciOiJIUzUxMiJ9.eyJsb2dpbl91c2VyX2tleSI6ImYxYmJiNjVhLTZlYzQtNDg4Ni1hY2M3LTdkZjdmYTkxZjA0YyJ9.2XbJLwaH0AcO9GmF4c9rYdGM1vOnRkWV0_M_G_RTfJNR28k4zwPCUDBXbnn5BPFglD0zNgiJDQM-I3kzB8s8Fg
17:27:51.198 [http-nio-9587-exec-9] INFO  c.r.f.w.s.TokenService - [getToken,237] - user: madaosen, backend Token: Bearer eyJhbGciOiJIUzUxMiJ9.eyJsb2dpbl91c2VyX2tleSI6ImYxYmJiNjVhLTZlYzQtNDg4Ni1hY2M3LTdkZjdmYTkxZjA0YyJ9.2XbJLwaH0AcO9GmF4c9rYdGM1vOnRkWV0_M_G_RTfJNR28k4zwPCUDBXbnn5BPFglD0zNgiJDQM-I3kzB8s8Fg
17:27:55.739 [http-nio-9587-exec-8] INFO  c.r.f.w.s.TokenService - [getToken,237] - user: madaosen, backend Token: Bearer eyJhbGciOiJIUzUxMiJ9.eyJsb2dpbl91c2VyX2tleSI6ImYxYmJiNjVhLTZlYzQtNDg4Ni1hY2M3LTdkZjdmYTkxZjA0YyJ9.2XbJLwaH0AcO9GmF4c9rYdGM1vOnRkWV0_M_G_RTfJNR28k4zwPCUDBXbnn5BPFglD0zNgiJDQM-I3kzB8s8Fg
17:27:55.968 [http-nio-9587-exec-5] INFO  c.r.f.w.s.TokenService - [getToken,237] - user: madaosen, backend Token: Bearer eyJhbGciOiJIUzUxMiJ9.eyJsb2dpbl91c2VyX2tleSI6ImYxYmJiNjVhLTZlYzQtNDg4Ni1hY2M3LTdkZjdmYTkxZjA0YyJ9.2XbJLwaH0AcO9GmF4c9rYdGM1vOnRkWV0_M_G_RTfJNR28k4zwPCUDBXbnn5BPFglD0zNgiJDQM-I3kzB8s8Fg
17:27:55.970 [http-nio-9587-exec-1] INFO  c.r.f.w.s.TokenService - [getToken,237] - user: madaosen, backend Token: Bearer eyJhbGciOiJIUzUxMiJ9.eyJsb2dpbl91c2VyX2tleSI6ImYxYmJiNjVhLTZlYzQtNDg4Ni1hY2M3LTdkZjdmYTkxZjA0YyJ9.2XbJLwaH0AcO9GmF4c9rYdGM1vOnRkWV0_M_G_RTfJNR28k4zwPCUDBXbnn5BPFglD0zNgiJDQM-I3kzB8s8Fg
17:27:55.971 [http-nio-9587-exec-7] INFO  c.r.f.w.s.TokenService - [getToken,237] - user: madaosen, backend Token: Bearer eyJhbGciOiJIUzUxMiJ9.eyJsb2dpbl91c2VyX2tleSI6ImYxYmJiNjVhLTZlYzQtNDg4Ni1hY2M3LTdkZjdmYTkxZjA0YyJ9.2XbJLwaH0AcO9GmF4c9rYdGM1vOnRkWV0_M_G_RTfJNR28k4zwPCUDBXbnn5BPFglD0zNgiJDQM-I3kzB8s8Fg
17:27:55.996 [http-nio-9587-exec-9] INFO  c.r.f.w.s.TokenService - [getToken,237] - user: madaosen, backend Token: Bearer eyJhbGciOiJIUzUxMiJ9.eyJsb2dpbl91c2VyX2tleSI6ImYxYmJiNjVhLTZlYzQtNDg4Ni1hY2M3LTdkZjdmYTkxZjA0YyJ9.2XbJLwaH0AcO9GmF4c9rYdGM1vOnRkWV0_M_G_RTfJNR28k4zwPCUDBXbnn5BPFglD0zNgiJDQM-I3kzB8s8Fg
17:27:56.189 [http-nio-9587-exec-9] INFO  c.r.w.s.i.DigitalEmployeeAgentServiceImpl - [prepareChat,584] - [DEBUG] 数字员工实际发送prompt employeeCode=kcts-todo-employee conversationId=kcts-demo-1788512359950-cb4a50ec prompt=@待办数字员工

以下 JSON 中 currentUser 由科创智方服务端生成；clientReferences 仅是界面引用线索，涉及读取或写入业务数据时必须再次调用科创智方受控接口校验。附件 fileId 也必须按当前用户和 conversationId 校验后才能读取。
{"conversationId":"kcts-demo-1788512359950-cb4a50ec","attachments":[],"currentUser":{"userId":"460","displayName":"madaosen","roleId":"fill_role","roleIds":["operational_improvement_planner_role","pf_unit_dept_leader_role","annual_project_approval_fill_role","fill_role","rd_unit_director_role","unit_verify_role","chief_engineer_leader_role","ai_audit_rule","product_innovation_accept_role","chief_engineer_director_role","workflow_user_update_role","email","rd_unit_leader_role","professional_leader_role","pf_project_manager_role","verify_role","software_cost_manager_role","allocation_role","prospective_study_planner_role","project_read_all_role","science_technology_fill_role","pf_director_role","self_develop_planner_role","hgbz","science_technology_read_role","chief_engineer_manager_role","product_innovation_planner_role","other_accept_role"],"userName":"madaosen"},"clientReferences":{"businessReferences":[{"id":"task:2095324734505078784:ConfirmProfessionalReviewMeetings:1","kind":"todo","name":"当前任务 · 确认实施报告","projectId":"2095324734505078784","projectName":"测试表单001","status":"确认实施报告","taskId":"86984a50-a747-11f1-b289-da3bbfe162e3","taskKey":"ConfirmProfessionalReviewMeetings"}]},"todoContext":{"schemaVersion":"1.0","status":"ready","task":{"taskId":"86984a50-a747-11f1-b289-da3bbfe162e3","taskKey":"ConfirmProfessionalReviewMeetings","taskName":"确认实施报告","projectId":"2095324734505078784","projectName":"测试表单001","roleLabel":"当前办理人","actionType":"approval","canReject":true},"confirmation":{"required":true,"submitBy":"browser_session","submitToolAllowed":false,"label":"确认办理"},"project":{"id":"2095324734505078784","name":"测试表单001","projectCategory":"operational_improvement","projectCategoryName":"运营提升","projectProfessionalField":"1","projectProfessionalFieldName":"前瞻研究","isPlanProject":"2031553275975671808","isSelfDeveloped":0,"isBaseCutting":0,"requirementUnit":"zqj","requirementUnitName":"中区局","undertakeUnit":"SHGSRHCXYFJD","undertakeUnitName":"上海公司融合创新研发基地","operationUnit":"shgsrhcxyfjd","planStartDate":"2024-11-01","planEndDate":"2025-11-30"},"formSchema":[{"controlId":"economic_score","controlType":"rate","label":"经济性","value":"","displayValue":"","required":false,"modelMaySuggest":true,"humanConfirmationRequired":true,"options":[]},{"controlId":"feasibility_score","controlType":"rate","label":"可行性","value":"","displayValue":"","required":false,"modelMaySuggest":true,"humanConfirmationRequired":true,"options":[]},{"controlId":"innovation_score","controlType":"rate","label":"创新性","value":"","displayValue":"","required":false,"modelMaySuggest":true,"humanConfirmationRequired":true,"options":[]},{"controlId":"FormProperty_0bo3lrl","controlType":"radio","label":"审批意见","value":"","displayValue":"","required":false,"modelMaySuggest":true,"humanConfirmationRequired":true,"options":[{"value":"0","label":"同意"},{"value":"1","label":"不同意"}]},{"controlId":"FormProperty_2anpqe1","controlType":"textarea","label":"处理意见","value":"","displayValue":"","required":false,"modelMaySuggest":true,"humanConfirmationRequired":true,"options":[]}],"responseContract":{"type":"kcts.todo_form_patch","patchKey":"formPatch","knownControlIds":["economic_score","feasibility_score","innovation_score","FormProperty_0bo3lrl","FormProperty_2anpqe1"],"rules":["只能建议 formSchema 中存在的 controlId","select 和 radio 只能使用 options 中的 value","没有充分依据的字段必须留空并加入 missingFields","不得调用工具或接口提交审批，最终提交必须由浏览器当前登录用户确认"]}}}

本轮是科创智方待办辅助，todoContext 是服务端权威上下文。仅使用其中 project、formSchema 和节点 signals；不调用工具，不伪造控件或人员，不替用户提交。审批意见 radio 只用 decisionSuggestion 表达，不列入 formPatch 或 missingFields。处理意见限60个汉字；其他当前结论下的必填项无法确定时才列入 missingFields，此时 status=needs_input 且不建议 approve。只返回符合 responseContract 的一个 kcts.todo_form_patch JSON 对象，不要 Markdown 或额外说明。
17:27:57.212 [http-nio-9587-exec-8] INFO  c.r.f.w.s.TokenService - [getToken,237] - user: madaosen, backend Token: Bearer eyJhbGciOiJIUzUxMiJ9.eyJsb2dpbl91c2VyX2tleSI6ImYxYmJiNjVhLTZlYzQtNDg4Ni1hY2M3LTdkZjdmYTkxZjA0YyJ9.2XbJLwaH0AcO9GmF4c9rYdGM1vOnRkWV0_M_G_RTfJNR28k4zwPCUDBXbnn5BPFglD0zNgiJDQM-I3kzB8s8Fg
17:27:58.399 [http-nio-9587-exec-10] INFO  c.r.f.w.s.TokenService - [getToken,237] - user: madaosen, backend Token: Bearer eyJhbGciOiJIUzUxMiJ9.eyJsb2dpbl91c2VyX2tleSI6ImYxYmJiNjVhLTZlYzQtNDg4Ni1hY2M3LTdkZjdmYTkxZjA0YyJ9.2XbJLwaH0AcO9GmF4c9rYdGM1vOnRkWV0_M_G_RTfJNR28k4zwPCUDBXbnn5BPFglD0zNgiJDQM-I3kzB8s8Fg
17:27:59.609 [http-nio-9587-exec-5] INFO  c.r.f.w.s.TokenService - [getToken,237] - user: madaosen, backend Token: Bearer eyJhbGciOiJIUzUxMiJ9.eyJsb2dpbl91c2VyX2tleSI6ImYxYmJiNjVhLTZlYzQtNDg4Ni1hY2M3LTdkZjdmYTkxZjA0YyJ9.2XbJLwaH0AcO9GmF4c9rYdGM1vOnRkWV0_M_G_RTfJNR28k4zwPCUDBXbnn5BPFglD0zNgiJDQM-I3kzB8s8Fg
17:28:00.820 [http-nio-9587-exec-1] INFO  c.r.f.w.s.TokenService - [getToken,237] - user: madaosen, backend Token: Bearer eyJhbGciOiJIUzUxMiJ9.eyJsb2dpbl91c2VyX2tleSI6ImYxYmJiNjVhLTZlYzQtNDg4Ni1hY2M3LTdkZjdmYTkxZjA0YyJ9.2XbJLwaH0AcO9GmF4c9rYdGM1vOnRkWV0_M_G_RTfJNR28k4zwPCUDBXbnn5BPFglD0zNgiJDQM-I3kzB8s8Fg
17:28:01.533 [http-nio-9587-exec-6] INFO  c.r.f.w.s.TokenService - [getToken,237] - user: madaosen, backend Token: Bearer eyJhbGciOiJIUzUxMiJ9.eyJsb2dpbl91c2VyX2tleSI6ImYxYmJiNjVhLTZlYzQtNDg4Ni1hY2M3LTdkZjdmYTkxZjA0YyJ9.2XbJLwaH0AcO9GmF4c9rYdGM1vOnRkWV0_M_G_RTfJNR28k4zwPCUDBXbnn5BPFglD0zNgiJDQM-I3kzB8s8Fg
17:28:01.595 [http-nio-9587-exec-3] INFO  c.r.f.w.s.TokenService - [getToken,237] - user: madaosen, backend Token: Bearer eyJhbGciOiJIUzUxMiJ9.eyJsb2dpbl91c2VyX2tleSI6ImYxYmJiNjVhLTZlYzQtNDg4Ni1hY2M3LTdkZjdmYTkxZjA0YyJ9.2XbJLwaH0AcO9GmF4c9rYdGM1vOnRkWV0_M_G_RTfJNR28k4zwPCUDBXbnn5BPFglD0zNgiJDQM-I3kzB8s8Fg
17:28:01.991 [http-nio-9587-exec-4] INFO  c.r.f.w.s.TokenService - [getToken,237] - user: madaosen, backend Token: Bearer eyJhbGciOiJIUzUxMiJ9.eyJsb2dpbl91c2VyX2tleSI6ImYxYmJiNjVhLTZlYzQtNDg4Ni1hY2M3LTdkZjdmYTkxZjA0YyJ9.2XbJLwaH0AcO9GmF4c9rYdGM1vOnRkWV0_M_G_RTfJNR28k4zwPCUDBXbnn5BPFglD0zNgiJDQM-I3kzB8s8Fg
17:28:02.005 [http-nio-9587-exec-7] INFO  c.r.f.w.s.TokenService - [getToken,237] - user: madaosen, backend Token: Bearer eyJhbGciOiJIUzUxMiJ9.eyJsb2dpbl91c2VyX2tleSI6ImYxYmJiNjVhLTZlYzQtNDg4Ni1hY2M3LTdkZjdmYTkxZjA0YyJ9.2XbJLwaH0AcO9GmF4c9rYdGM1vOnRkWV0_M_G_RTfJNR28k4zwPCUDBXbnn5BPFglD0zNgiJDQM-I3kzB8s8Fg
17:28:02.853 [http-nio-9587-exec-2] INFO  c.r.f.w.s.TokenService - [getToken,237] - user: madaosen, backend Token: Bearer eyJhbGciOiJIUzUxMiJ9.eyJsb2dpbl91c2VyX2tleSI6ImYxYmJiNjVhLTZlYzQtNDg4Ni1hY2M3LTdkZjdmYTkxZjA0YyJ9.2XbJLwaH0AcO9GmF4c9rYdGM1vOnRkWV0_M_G_RTfJNR28k4zwPCUDBXbnn5BPFglD0zNgiJDQM-I3kzB8s8Fg
17:28:02.907 [http-nio-9587-exec-6] INFO  c.r.f.w.s.TokenService - [getToken,237] - user: madaosen, backend Token: Bearer eyJhbGciOiJIUzUxMiJ9.eyJsb2dpbl91c2VyX2tleSI6ImYxYmJiNjVhLTZlYzQtNDg4Ni1hY2M3LTdkZjdmYTkxZjA0YyJ9.2XbJLwaH0AcO9GmF4c9rYdGM1vOnRkWV0_M_G_RTfJNR28k4zwPCUDBXbnn5BPFglD0zNgiJDQM-I3kzB8s8Fg
17:28:06.601 [http-nio-9587-exec-3] INFO  c.r.f.w.s.TokenService - [getToken,237] - user: madaosen, backend Token: Bearer eyJhbGciOiJIUzUxMiJ9.eyJsb2dpbl91c2VyX2tleSI6ImYxYmJiNjVhLTZlYzQtNDg4Ni1hY2M3LTdkZjdmYTkxZjA0YyJ9.2XbJLwaH0AcO9GmF4c9rYdGM1vOnRkWV0_M_G_RTfJNR28k4zwPCUDBXbnn5BPFglD0zNgiJDQM-I3kzB8s8Fg
17:28:06.725 [http-nio-9587-exec-3] INFO  c.r.w.l.TaskEventV2Listener - [onEvent,105] - EVENT :TASK_ASSIGNED
17:28:06.765 [http-nio-9587-exec-3] INFO  c.r.w.l.TaskEventV2Listener - [onEvent,105] - EVENT :TASK_COMPLETED
17:28:06.767 [http-nio-9587-exec-3] INFO  c.r.w.l.TaskEventV2Listener - [onEvent,121] - username :madaosen
17:28:06.980 [http-nio-9587-exec-3] INFO  c.r.w.l.TaskEventV2Listener - [onEvent,105] - EVENT :TASK_CREATED
17:28:06.987 [http-nio-9587-exec-3] INFO  c.r.f.w.s.TokenService - [getToken,237] - user: madaosen, backend Token: Bearer eyJhbGciOiJIUzUxMiJ9.eyJsb2dpbl91c2VyX2tleSI6ImYxYmJiNjVhLTZlYzQtNDg4Ni1hY2M3LTdkZjdmYTkxZjA0YyJ9.2XbJLwaH0AcO9GmF4c9rYdGM1vOnRkWV0_M_G_RTfJNR28k4zwPCUDBXbnn5BPFglD0zNgiJDQM-I3kzB8s8Fg
17:28:06.994 [http-nio-9587-exec-3] INFO  c.r.w.s.i.AiAgentTaskExecutionServiceImpl - [createWorkflowNodeTasks,320] - 审批流程节点未绑定自动执行且已启用的Agent，projectId=2095324734505078784, nodeId=SubmitProfessionalReviewMeetingsMaterials
17:28:06.994 [http-nio-9587-exec-3] INFO  c.r.w.l.TaskEventV2Listener - [onEvent,127] - username :madaosen
17:28:07.059 [http-nio-9587-exec-3] INFO  c.r.w.l.TaskEventV2Listener - [createOaTask,240] - task0: Task{createDate='2026-09-04 17:28:06', createOrg='45', createUser='madaosen', createUserName='madaosen', expiryDate='null', kindName='null', moduleName='null', needInputPwd='null', oaIId='null', oaMkId='null', receiveUser='madaosen', receiveUserName='madaosen', synId='null', synType='1', taskId='efcbba49-a842-11f1-aa48-da3bbfe162e3', tasksType='1', title='全生命周期平台督办：提交专业预审会前材料--测试表单001', type='0', url='http://www.sh.ctc.com/EFFPRO2/oa_verify?taskId=efcb6c28-a842-11f1-aa48-da3bbfe162e3&redirect=%2FEFFPRO2%2Fproject%2FagencyProject%2FdetailPage%3Fid%3D2095324734505078784'}
17:28:07.242 [http-nio-9587-exec-1] INFO  c.r.f.w.s.TokenService - [getToken,237] - user: madaosen, backend Token: Bearer eyJhbGciOiJIUzUxMiJ9.eyJsb2dpbl91c2VyX2tleSI6ImYxYmJiNjVhLTZlYzQtNDg4Ni1hY2M3LTdkZjdmYTkxZjA0YyJ9.2XbJLwaH0AcO9GmF4c9rYdGM1vOnRkWV0_M_G_RTfJNR28k4zwPCUDBXbnn5BPFglD0zNgiJDQM-I3kzB8s8Fg
17:28:07.242 [http-nio-9587-exec-2] INFO  c.r.f.w.s.TokenService - [getToken,237] - user: madaosen, backend Token: Bearer eyJhbGciOiJIUzUxMiJ9.eyJsb2dpbl91c2VyX2tleSI6ImYxYmJiNjVhLTZlYzQtNDg4Ni1hY2M3LTdkZjdmYTkxZjA0YyJ9.2XbJLwaH0AcO9GmF4c9rYdGM1vOnRkWV0_M_G_RTfJNR28k4zwPCUDBXbnn5BPFglD0zNgiJDQM-I3kzB8s8Fg
17:28:07.242 [http-nio-9587-exec-6] INFO  c.r.f.w.s.TokenService - [getToken,237] - user: madaosen, backend Token: Bearer eyJhbGciOiJIUzUxMiJ9.eyJsb2dpbl91c2VyX2tleSI6ImYxYmJiNjVhLTZlYzQtNDg4Ni1hY2M3LTdkZjdmYTkxZjA0YyJ9.2XbJLwaH0AcO9GmF4c9rYdGM1vOnRkWV0_M_G_RTfJNR28k4zwPCUDBXbnn5BPFglD0zNgiJDQM-I3kzB8s8Fg
17:28:07.242 [http-nio-9587-exec-9] INFO  c.r.f.w.s.TokenService - [getToken,237] - user: madaosen, backend Token: Bearer eyJhbGciOiJIUzUxMiJ9.eyJsb2dpbl91c2VyX2tleSI6ImYxYmJiNjVhLTZlYzQtNDg4Ni1hY2M3LTdkZjdmYTkxZjA0YyJ9.2XbJLwaH0AcO9GmF4c9rYdGM1vOnRkWV0_M_G_RTfJNR28k4zwPCUDBXbnn5BPFglD0zNgiJDQM-I3kzB8s8Fg
17:28:07.534 [http-nio-9587-exec-6] INFO  c.r.f.w.s.TokenService - [getToken,237] - user: madaosen, backend Token: Bearer eyJhbGciOiJIUzUxMiJ9.eyJsb2dpbl91c2VyX2tleSI6ImYxYmJiNjVhLTZlYzQtNDg4Ni1hY2M3LTdkZjdmYTkxZjA0YyJ9.2XbJLwaH0AcO9GmF4c9rYdGM1vOnRkWV0_M_G_RTfJNR28k4zwPCUDBXbnn5BPFglD0zNgiJDQM-I3kzB8s8Fg
17:28:07.535 [http-nio-9587-exec-3] INFO  c.r.f.w.s.TokenService - [getToken,237] - user: madaosen, backend Token: Bearer eyJhbGciOiJIUzUxMiJ9.eyJsb2dpbl91c2VyX2tleSI6ImYxYmJiNjVhLTZlYzQtNDg4Ni1hY2M3LTdkZjdmYTkxZjA0YyJ9.2XbJLwaH0AcO9GmF4c9rYdGM1vOnRkWV0_M_G_RTfJNR28k4zwPCUDBXbnn5BPFglD0zNgiJDQM-I3kzB8s8Fg
17:28:07.535 [http-nio-9587-exec-8] INFO  c.r.f.w.s.TokenService - [getToken,237] - user: madaosen, backend Token: Bearer eyJhbGciOiJIUzUxMiJ9.eyJsb2dpbl91c2VyX2tleSI6ImYxYmJiNjVhLTZlYzQtNDg4Ni1hY2M3LTdkZjdmYTkxZjA0YyJ9.2XbJLwaH0AcO9GmF4c9rYdGM1vOnRkWV0_M_G_RTfJNR28k4zwPCUDBXbnn5BPFglD0zNgiJDQM-I3kzB8s8Fg
17:28:07.535 [http-nio-9587-exec-1] INFO  c.r.f.w.s.TokenService - [getToken,237] - user: madaosen, backend Token: Bearer eyJhbGciOiJIUzUxMiJ9.eyJsb2dpbl91c2VyX2tleSI6ImYxYmJiNjVhLTZlYzQtNDg4Ni1hY2M3LTdkZjdmYTkxZjA0YyJ9.2XbJLwaH0AcO9GmF4c9rYdGM1vOnRkWV0_M_G_RTfJNR28k4zwPCUDBXbnn5BPFglD0zNgiJDQM-I3kzB8s8Fg
17:28:07.538 [http-nio-9587-exec-10] INFO  c.r.f.w.s.TokenService - [getToken,237] - user: madaosen, backend Token: Bearer eyJhbGciOiJIUzUxMiJ9.eyJsb2dpbl91c2VyX2tleSI6ImYxYmJiNjVhLTZlYzQtNDg4Ni1hY2M3LTdkZjdmYTkxZjA0YyJ9.2XbJLwaH0AcO9GmF4c9rYdGM1vOnRkWV0_M_G_RTfJNR28k4zwPCUDBXbnn5BPFglD0zNgiJDQM-I3kzB8s8Fg
17:28:07.540 [http-nio-9587-exec-7] INFO  c.r.f.w.s.TokenService - [getToken,237] - user: madaosen, backend Token: Bearer eyJhbGciOiJIUzUxMiJ9.eyJsb2dpbl91c2VyX2tleSI6ImYxYmJiNjVhLTZlYzQtNDg4Ni1hY2M3LTdkZjdmYTkxZjA0YyJ9.2XbJLwaH0AcO9GmF4c9rYdGM1vOnRkWV0_M_G_RTfJNR28k4zwPCUDBXbnn5BPFglD0zNgiJDQM-I3kzB8s8Fg
17:28:07.553 [http-nio-9587-exec-5] INFO  c.r.f.w.s.TokenService - [getToken,237] - user: madaosen, backend Token: Bearer eyJhbGciOiJIUzUxMiJ9.eyJsb2dpbl91c2VyX2tleSI6ImYxYmJiNjVhLTZlYzQtNDg4Ni1hY2M3LTdkZjdmYTkxZjA0YyJ9.2XbJLwaH0AcO9GmF4c9rYdGM1vOnRkWV0_M_G_RTfJNR28k4zwPCUDBXbnn5BPFglD0zNgiJDQM-I3kzB8s8Fg
17:28:07.566 [http-nio-9587-exec-4] INFO  c.r.f.w.s.TokenService - [getToken,237] - user: madaosen, backend Token: Bearer eyJhbGciOiJIUzUxMiJ9.eyJsb2dpbl91c2VyX2tleSI6ImYxYmJiNjVhLTZlYzQtNDg4Ni1hY2M3LTdkZjdmYTkxZjA0YyJ9.2XbJLwaH0AcO9GmF4c9rYdGM1vOnRkWV0_M_G_RTfJNR28k4zwPCUDBXbnn5BPFglD0zNgiJDQM-I3kzB8s8Fg
17:28:07.779 [http-nio-9587-exec-8] INFO  c.r.f.w.s.TokenService - [getToken,237] - user: madaosen, backend Token: Bearer eyJhbGciOiJIUzUxMiJ9.eyJsb2dpbl91c2VyX2tleSI6ImYxYmJiNjVhLTZlYzQtNDg4Ni1hY2M3LTdkZjdmYTkxZjA0YyJ9.2XbJLwaH0AcO9GmF4c9rYdGM1vOnRkWV0_M_G_RTfJNR28k4zwPCUDBXbnn5BPFglD0zNgiJDQM-I3kzB8s8Fg
17:28:07.779 [http-nio-9587-exec-7] INFO  c.r.f.w.s.TokenService - [getToken,237] - user: madaosen, backend Token: Bearer eyJhbGciOiJIUzUxMiJ9.eyJsb2dpbl91c2VyX2tleSI6ImYxYmJiNjVhLTZlYzQtNDg4Ni1hY2M3LTdkZjdmYTkxZjA0YyJ9.2XbJLwaH0AcO9GmF4c9rYdGM1vOnRkWV0_M_G_RTfJNR28k4zwPCUDBXbnn5BPFglD0zNgiJDQM-I3kzB8s8Fg
17:28:07.808 [http-nio-9587-exec-4] INFO  c.r.f.w.s.TokenService - [getToken,237] - user: madaosen, backend Token: Bearer eyJhbGciOiJIUzUxMiJ9.eyJsb2dpbl91c2VyX2tleSI6ImYxYmJiNjVhLTZlYzQtNDg4Ni1hY2M3LTdkZjdmYTkxZjA0YyJ9.2XbJLwaH0AcO9GmF4c9rYdGM1vOnRkWV0_M_G_RTfJNR28k4zwPCUDBXbnn5BPFglD0zNgiJDQM-I3kzB8s8Fg
17:28:07.857 [http-nio-9587-exec-10] INFO  c.r.f.w.s.TokenService - [getToken,237] - user: madaosen, backend Token: Bearer eyJhbGciOiJIUzUxMiJ9.eyJsb2dpbl91c2VyX2tleSI6ImYxYmJiNjVhLTZlYzQtNDg4Ni1hY2M3LTdkZjdmYTkxZjA0YyJ9.2XbJLwaH0AcO9GmF4c9rYdGM1vOnRkWV0_M_G_RTfJNR28k4zwPCUDBXbnn5BPFglD0zNgiJDQM-I3kzB8s8Fg
17:28:07.857 [http-nio-9587-exec-9] INFO  c.r.f.w.s.TokenService - [getToken,237] - user: madaosen, backend Token: Bearer eyJhbGciOiJIUzUxMiJ9.eyJsb2dpbl91c2VyX2tleSI6ImYxYmJiNjVhLTZlYzQtNDg4Ni1hY2M3LTdkZjdmYTkxZjA0YyJ9.2XbJLwaH0AcO9GmF4c9rYdGM1vOnRkWV0_M_G_RTfJNR28k4zwPCUDBXbnn5BPFglD0zNgiJDQM-I3kzB8s8Fg
17:28:07.857 [http-nio-9587-exec-2] INFO  c.r.f.w.s.TokenService - [getToken,237] - user: madaosen, backend Token: Bearer eyJhbGciOiJIUzUxMiJ9.eyJsb2dpbl91c2VyX2tleSI6ImYxYmJiNjVhLTZlYzQtNDg4Ni1hY2M3LTdkZjdmYTkxZjA0YyJ9.2XbJLwaH0AcO9GmF4c9rYdGM1vOnRkWV0_M_G_RTfJNR28k4zwPCUDBXbnn5BPFglD0zNgiJDQM-I3kzB8s8Fg
17:28:08.048 [http-nio-9587-exec-8] INFO  c.r.f.w.s.TokenService - [getToken,237] - user: madaosen, backend Token: Bearer eyJhbGciOiJIUzUxMiJ9.eyJsb2dpbl91c2VyX2tleSI6ImYxYmJiNjVhLTZlYzQtNDg4Ni1hY2M3LTdkZjdmYTkxZjA0YyJ9.2XbJLwaH0AcO9GmF4c9rYdGM1vOnRkWV0_M_G_RTfJNR28k4zwPCUDBXbnn5BPFglD0zNgiJDQM-I3kzB8s8Fg
17:28:11.710 [http-nio-9587-exec-4] INFO  c.r.f.w.s.TokenService - [getToken,237] - user: madaosen, backend Token: Bearer eyJhbGciOiJIUzUxMiJ9.eyJsb2dpbl91c2VyX2tleSI6ImYxYmJiNjVhLTZlYzQtNDg4Ni1hY2M3LTdkZjdmYTkxZjA0YyJ9.2XbJLwaH0AcO9GmF4c9rYdGM1vOnRkWV0_M_G_RTfJNR28k4zwPCUDBXbnn5BPFglD0zNgiJDQM-I3kzB8s8Fg
17:28:11.931 [http-nio-9587-exec-9] INFO  c.r.f.w.s.TokenService - [getToken,237] - user: madaosen, backend Token: Bearer eyJhbGciOiJIUzUxMiJ9.eyJsb2dpbl91c2VyX2tleSI6ImYxYmJiNjVhLTZlYzQtNDg4Ni1hY2M3LTdkZjdmYTkxZjA0YyJ9.2XbJLwaH0AcO9GmF4c9rYdGM1vOnRkWV0_M_G_RTfJNR28k4zwPCUDBXbnn5BPFglD0zNgiJDQM-I3kzB8s8Fg
17:28:11.933 [http-nio-9587-exec-10] INFO  c.r.f.w.s.TokenService - [getToken,237] - user: madaosen, backend Token: Bearer eyJhbGciOiJIUzUxMiJ9.eyJsb2dpbl91c2VyX2tleSI6ImYxYmJiNjVhLTZlYzQtNDg4Ni1hY2M3LTdkZjdmYTkxZjA0YyJ9.2XbJLwaH0AcO9GmF4c9rYdGM1vOnRkWV0_M_G_RTfJNR28k4zwPCUDBXbnn5BPFglD0zNgiJDQM-I3kzB8s8Fg
17:28:11.933 [http-nio-9587-exec-2] INFO  c.r.f.w.s.TokenService - [getToken,237] - user: madaosen, backend Token: Bearer eyJhbGciOiJIUzUxMiJ9.eyJsb2dpbl91c2VyX2tleSI6ImYxYmJiNjVhLTZlYzQtNDg4Ni1hY2M3LTdkZjdmYTkxZjA0YyJ9.2XbJLwaH0AcO9GmF4c9rYdGM1vOnRkWV0_M_G_RTfJNR28k4zwPCUDBXbnn5BPFglD0zNgiJDQM-I3kzB8s8Fg
17:28:11.988 [http-nio-9587-exec-8] INFO  c.r.f.w.s.TokenService - [getToken,237] - user: madaosen, backend Token: Bearer eyJhbGciOiJIUzUxMiJ9.eyJsb2dpbl91c2VyX2tleSI6ImYxYmJiNjVhLTZlYzQtNDg4Ni1hY2M3LTdkZjdmYTkxZjA0YyJ9.2XbJLwaH0AcO9GmF4c9rYdGM1vOnRkWV0_M_G_RTfJNR28k4zwPCUDBXbnn5BPFglD0zNgiJDQM-I3kzB8s8Fg
17:28:12.212 [http-nio-9587-exec-8] INFO  c.r.w.s.i.DigitalEmployeeAgentServiceImpl - [prepareChat,584] - [DEBUG] 数字员工实际发送prompt employeeCode=kcts-todo-employee conversationId=kcts-demo-1788512359950-cb4a50ec prompt=@待办数字员工

以下 JSON 中 currentUser 由科创智方服务端生成；clientReferences 仅是界面引用线索，涉及读取或写入业务数据时必须再次调用科创智方受控接口校验。附件 fileId 也必须按当前用户和 conversationId 校验后才能读取。
{"conversationId":"kcts-demo-1788512359950-cb4a50ec","attachments":[],"currentUser":{"userId":"460","displayName":"madaosen","roleId":"fill_role","roleIds":["operational_improvement_planner_role","pf_unit_dept_leader_role","annual_project_approval_fill_role","fill_role","rd_unit_director_role","unit_verify_role","chief_engineer_leader_role","ai_audit_rule","product_innovation_accept_role","chief_engineer_director_role","workflow_user_update_role","email","rd_unit_leader_role","professional_leader_role","pf_project_manager_role","verify_role","software_cost_manager_role","allocation_role","prospective_study_planner_role","project_read_all_role","science_technology_fill_role","pf_director_role","self_develop_planner_role","hgbz","science_technology_read_role","chief_engineer_manager_role","product_innovation_planner_role","other_accept_role"],"userName":"madaosen"},"clientReferences":{"businessReferences":[{"id":"task:2095324734505078784:SubmitProfessionalReviewMeetingsMaterials:1","kind":"todo","name":"当前任务 · 提交专业预审会前材料","projectId":"2095324734505078784","projectName":"测试表单001","status":"提交专业预审会前材料","taskId":"efcb6c28-a842-11f1-aa48-da3bbfe162e3","taskKey":"SubmitProfessionalReviewMeetingsMaterials"}]},"todoContext":{"schemaVersion":"1.0","status":"ready","task":{"taskId":"efcb6c28-a842-11f1-aa48-da3bbfe162e3","taskKey":"SubmitProfessionalReviewMeetingsMaterials","taskName":"提交专业预审会前材料","projectId":"2095324734505078784","projectName":"测试表单001","roleLabel":"当前办理人","actionType":"submit","canReject":false},"confirmation":{"required":true,"submitBy":"browser_session","submitToolAllowed":false,"label":"确认提交"},"project":{"id":"2095324734505078784","name":"测试表单001","projectCategory":"operational_improvement","projectCategoryName":"运营提升","projectProfessionalField":"1","projectProfessionalFieldName":"前瞻研究","isPlanProject":"2031553275975671808","isSelfDeveloped":0,"isBaseCutting":0,"requirementUnit":"zqj","requirementUnitName":"中区局","undertakeUnit":"SHGSRHCXYFJD","undertakeUnitName":"上海公司融合创新研发基地","operationUnit":"shgsrhcxyfjd","planStartDate":"2024-11-01","planEndDate":"2025-11-30"},"formSchema":[{"controlId":"submit_professional_review_meetings_materials","controlType":"upload","label":"专业预审会前材料","value":"","displayValue":"","required":false,"modelMaySuggest":false,"humanConfirmationRequired":true,"options":[]}],"responseContract":{"type":"kcts.todo_form_patch","patchKey":"formPatch","knownControlIds":["submit_professional_review_meetings_materials"],"rules":["只能建议 formSchema 中存在的 controlId","select 和 radio 只能使用 options 中的 value","没有充分依据的字段必须留空并加入 missingFields","不得调用工具或接口提交审批，最终提交必须由浏览器当前登录用户确认"]}}}

本轮是科创智方待办辅助，todoContext 是服务端权威上下文。仅使用其中 project、formSchema 和节点 signals；不调用工具，不伪造控件或人员，不替用户提交。审批意见 radio 只用 decisionSuggestion 表达，不列入 formPatch 或 missingFields。处理意见限60个汉字；其他当前结论下的必填项无法确定时才列入 missingFields，此时 status=needs_input 且不建议 approve。只返回符合 responseContract 的一个 kcts.todo_form_patch JSON 对象，不要 Markdown 或额外说明。
17:28:13.205 [http-nio-9587-exec-4] INFO  c.r.f.w.s.TokenService - [getToken,237] - user: madaosen, backend Token: Bearer eyJhbGciOiJIUzUxMiJ9.eyJsb2dpbl91c2VyX2tleSI6ImYxYmJiNjVhLTZlYzQtNDg4Ni1hY2M3LTdkZjdmYTkxZjA0YyJ9.2XbJLwaH0AcO9GmF4c9rYdGM1vOnRkWV0_M_G_RTfJNR28k4zwPCUDBXbnn5BPFglD0zNgiJDQM-I3kzB8s8Fg
17:28:14.404 [http-nio-9587-exec-1] INFO  c.r.f.w.s.TokenService - [getToken,237] - user: madaosen, backend Token: Bearer eyJhbGciOiJIUzUxMiJ9.eyJsb2dpbl91c2VyX2tleSI6ImYxYmJiNjVhLTZlYzQtNDg4Ni1hY2M3LTdkZjdmYTkxZjA0YyJ9.2XbJLwaH0AcO9GmF4c9rYdGM1vOnRkWV0_M_G_RTfJNR28k4zwPCUDBXbnn5BPFglD0zNgiJDQM-I3kzB8s8Fg
17:28:15.609 [http-nio-9587-exec-9] INFO  c.r.f.w.s.TokenService - [getToken,237] - user: madaosen, backend Token: Bearer eyJhbGciOiJIUzUxMiJ9.eyJsb2dpbl91c2VyX2tleSI6ImYxYmJiNjVhLTZlYzQtNDg4Ni1hY2M3LTdkZjdmYTkxZjA0YyJ9.2XbJLwaH0AcO9GmF4c9rYdGM1vOnRkWV0_M_G_RTfJNR28k4zwPCUDBXbnn5BPFglD0zNgiJDQM-I3kzB8s8Fg
17:28:16.811 [http-nio-9587-exec-10] INFO  c.r.f.w.s.TokenService - [getToken,237] - user: madaosen, backend Token: Bearer eyJhbGciOiJIUzUxMiJ9.eyJsb2dpbl91c2VyX2tleSI6ImYxYmJiNjVhLTZlYzQtNDg4Ni1hY2M3LTdkZjdmYTkxZjA0YyJ9.2XbJLwaH0AcO9GmF4c9rYdGM1vOnRkWV0_M_G_RTfJNR28k4zwPCUDBXbnn5BPFglD0zNgiJDQM-I3kzB8s8Fg
17:28:18.017 [http-nio-9587-exec-8] INFO  c.r.f.w.s.TokenService - [getToken,237] - user: madaosen, backend Token: Bearer eyJhbGciOiJIUzUxMiJ9.eyJsb2dpbl91c2VyX2tleSI6ImYxYmJiNjVhLTZlYzQtNDg4Ni1hY2M3LTdkZjdmYTkxZjA0YyJ9.2XbJLwaH0AcO9GmF4c9rYdGM1vOnRkWV0_M_G_RTfJNR28k4zwPCUDBXbnn5BPFglD0zNgiJDQM-I3kzB8s8Fg
17:28:18.974 [http-nio-9587-exec-3] INFO  c.r.f.w.s.TokenService - [getToken,237] - user: madaosen, backend Token: Bearer eyJhbGciOiJIUzUxMiJ9.eyJsb2dpbl91c2VyX2tleSI6ImYxYmJiNjVhLTZlYzQtNDg4Ni1hY2M3LTdkZjdmYTkxZjA0YyJ9.2XbJLwaH0AcO9GmF4c9rYdGM1vOnRkWV0_M_G_RTfJNR28k4zwPCUDBXbnn5BPFglD0zNgiJDQM-I3kzB8s8Fg
17:28:19.097 [http-nio-9587-exec-6] INFO  c.r.f.w.s.TokenService - [getToken,237] - user: madaosen, backend Token: Bearer eyJhbGciOiJIUzUxMiJ9.eyJsb2dpbl91c2VyX2tleSI6ImYxYmJiNjVhLTZlYzQtNDg4Ni1hY2M3LTdkZjdmYTkxZjA0YyJ9.2XbJLwaH0AcO9GmF4c9rYdGM1vOnRkWV0_M_G_RTfJNR28k4zwPCUDBXbnn5BPFglD0zNgiJDQM-I3kzB8s8Fg
17:28:19.232 [http-nio-9587-exec-2] INFO  c.r.f.w.s.TokenService - [getToken,237] - user: madaosen, backend Token: Bearer eyJhbGciOiJIUzUxMiJ9.eyJsb2dpbl91c2VyX2tleSI6ImYxYmJiNjVhLTZlYzQtNDg4Ni1hY2M3LTdkZjdmYTkxZjA0YyJ9.2XbJLwaH0AcO9GmF4c9rYdGM1vOnRkWV0_M_G_RTfJNR28k4zwPCUDBXbnn5BPFglD0zNgiJDQM-I3kzB8s8Fg
17:28:19.541 [http-nio-9587-exec-7] INFO  c.r.f.w.s.TokenService - [getToken,237] - user: madaosen, backend Token: Bearer eyJhbGciOiJIUzUxMiJ9.eyJsb2dpbl91c2VyX2tleSI6ImYxYmJiNjVhLTZlYzQtNDg4Ni1hY2M3LTdkZjdmYTkxZjA0YyJ9.2XbJLwaH0AcO9GmF4c9rYdGM1vOnRkWV0_M_G_RTfJNR28k4zwPCUDBXbnn5BPFglD0zNgiJDQM-I3kzB8s8Fg
17:28:20.404 [http-nio-9587-exec-3] INFO  c.r.f.w.s.TokenService - [getToken,237] - user: madaosen, backend Token: Bearer eyJhbGciOiJIUzUxMiJ9.eyJsb2dpbl91c2VyX2tleSI6ImYxYmJiNjVhLTZlYzQtNDg4Ni1hY2M3LTdkZjdmYTkxZjA0YyJ9.2XbJLwaH0AcO9GmF4c9rYdGM1vOnRkWV0_M_G_RTfJNR28k4zwPCUDBXbnn5BPFglD0zNgiJDQM-I3kzB8s8Fg
17:28:20.404 [http-nio-9587-exec-4] INFO  c.r.f.w.s.TokenService - [getToken,237] - user: madaosen, backend Token: Bearer eyJhbGciOiJIUzUxMiJ9.eyJsb2dpbl91c2VyX2tleSI6ImYxYmJiNjVhLTZlYzQtNDg4Ni1hY2M3LTdkZjdmYTkxZjA0YyJ9.2XbJLwaH0AcO9GmF4c9rYdGM1vOnRkWV0_M_G_RTfJNR28k4zwPCUDBXbnn5BPFglD0zNgiJDQM-I3kzB8s8Fg
17:28:20.463 [http-nio-9587-exec-6] INFO  c.r.f.w.s.TokenService - [getToken,237] - user: madaosen, backend Token: Bearer eyJhbGciOiJIUzUxMiJ9.eyJsb2dpbl91c2VyX2tleSI6ImYxYmJiNjVhLTZlYzQtNDg4Ni1hY2M3LTdkZjdmYTkxZjA0YyJ9.2XbJLwaH0AcO9GmF4c9rYdGM1vOnRkWV0_M_G_RTfJNR28k4zwPCUDBXbnn5BPFglD0zNgiJDQM-I3kzB8s8Fg
17:28:55.133 [http-nio-9587-exec-3] INFO  c.r.f.w.s.TokenService - [getToken,237] - user: madaosen, backend Token: Bearer eyJhbGciOiJIUzUxMiJ9.eyJsb2dpbl91c2VyX2tleSI6ImYxYmJiNjVhLTZlYzQtNDg4Ni1hY2M3LTdkZjdmYTkxZjA0YyJ9.2XbJLwaH0AcO9GmF4c9rYdGM1vOnRkWV0_M_G_RTfJNR28k4zwPCUDBXbnn5BPFglD0zNgiJDQM-I3kzB8s8Fg
17:28:55.277 [http-nio-9587-exec-3] INFO  c.r.c.u.f.FileTypeDetector - [detectMimeType,32] - 文件名: 专业预审会前材料.docx, 声明的ContentType: application/vnd.openxmlformats-officedocument.wordprocessingml.document, Tika检测到的真实类型: application/vnd.openxmlformats-officedocument.wordprocessingml.document
17:28:55.278 [http-nio-9587-exec-3] INFO  c.r.w.c.s.SysFileController - [upload,299] - 上传文件: 专业预审会前材料.docx, 声明的ContentType: application/vnd.openxmlformats-officedocument.wordprocessingml.document, Tika检测到的真实类型: application/vnd.openxmlformats-officedocument.wordprocessingml.document
17:28:55.278 [http-nio-9587-exec-3] INFO  c.r.w.c.s.SysFileController - [upload,309] - 文件类型直接匹配白名单: 专业预审会前材料.docx -> application/vnd.openxmlformats-officedocument.wordprocessingml.document
17:28:55.278 [http-nio-9587-exec-3] INFO  c.r.w.c.s.SysFileController - [upload,331] - 文件类型校验通过: 专业预审会前材料.docx, 真实类型: application/vnd.openxmlformats-officedocument.wordprocessingml.document
17:28:55.581 [http-nio-9587-exec-3] INFO  c.r.s.s.i.SysFileServiceImpl - [upload,233] - oss文件上传成功=====>prod/upload/2026/09/04/5c9e5af1-558f-48aa-8e84-bc62ceca3b7e.docx
17:28:55.686 [http-nio-9587-exec-6] INFO  c.r.f.w.s.TokenService - [getToken,237] - user: madaosen, backend Token: Bearer eyJhbGciOiJIUzUxMiJ9.eyJsb2dpbl91c2VyX2tleSI6ImYxYmJiNjVhLTZlYzQtNDg4Ni1hY2M3LTdkZjdmYTkxZjA0YyJ9.2XbJLwaH0AcO9GmF4c9rYdGM1vOnRkWV0_M_G_RTfJNR28k4zwPCUDBXbnn5BPFglD0zNgiJDQM-I3kzB8s8Fg
17:28:56.720 [http-nio-9587-exec-5] INFO  c.r.f.w.s.TokenService - [getToken,237] - user: madaosen, backend Token: Bearer eyJhbGciOiJIUzUxMiJ9.eyJsb2dpbl91c2VyX2tleSI6ImYxYmJiNjVhLTZlYzQtNDg4Ni1hY2M3LTdkZjdmYTkxZjA0YyJ9.2XbJLwaH0AcO9GmF4c9rYdGM1vOnRkWV0_M_G_RTfJNR28k4zwPCUDBXbnn5BPFglD0zNgiJDQM-I3kzB8s8Fg
17:28:56.746 [http-nio-9587-exec-5] INFO  c.r.w.l.TaskEventV2Listener - [onEvent,105] - EVENT :TASK_ASSIGNED
17:28:56.759 [http-nio-9587-exec-5] INFO  c.r.w.l.TaskEventV2Listener - [onEvent,105] - EVENT :TASK_COMPLETED
17:28:56.759 [http-nio-9587-exec-5] INFO  c.r.w.l.TaskEventV2Listener - [onEvent,121] - username :madaosen
17:28:56.841 [http-nio-9587-exec-5] INFO  c.r.w.l.TaskEventV2Listener - [onEvent,105] - EVENT :TASK_CREATED
17:28:56.843 [http-nio-9587-exec-5] INFO  c.r.f.w.s.TokenService - [getToken,237] - user: madaosen, backend Token: Bearer eyJhbGciOiJIUzUxMiJ9.eyJsb2dpbl91c2VyX2tleSI6ImYxYmJiNjVhLTZlYzQtNDg4Ni1hY2M3LTdkZjdmYTkxZjA0YyJ9.2XbJLwaH0AcO9GmF4c9rYdGM1vOnRkWV0_M_G_RTfJNR28k4zwPCUDBXbnn5BPFglD0zNgiJDQM-I3kzB8s8Fg
17:28:56.846 [http-nio-9587-exec-5] INFO  c.r.w.s.i.AiAgentTaskExecutionServiceImpl - [createWorkflowNodeTasks,320] - 审批流程节点未绑定自动执行且已启用的Agent，projectId=2095324734505078784, nodeId=VerifyProfessionalReviewMeetingsMaterials
17:28:56.846 [http-nio-9587-exec-5] INFO  c.r.w.l.TaskEventV2Listener - [onEvent,127] - username :madaosen
17:28:56.906 [http-nio-9587-exec-5] INFO  c.r.w.l.TaskEventV2Listener - [createOaTask,240] - task0: Task{createDate='2026-09-04 17:28:56', createOrg='45', createUser='madaosen', createUserName='madaosen', expiryDate='null', kindName='null', moduleName='null', needInputPwd='null', oaIId='null', oaMkId='null', receiveUser='madaosen', receiveUserName='madaosen', synId='null', synType='1', taskId='0d85e572-a843-11f1-aa48-da3bbfe162e3', tasksType='1', title='全生命周期平台督办：审核专业预审会前材料--测试表单001', type='0', url='http://www.sh.ctc.com/EFFPRO2/oa_verify?taskId=0d85be61-a843-11f1-aa48-da3bbfe162e3&redirect=%2FEFFPRO2%2Fproject%2FagencyProject%2FdetailPage%3Fid%3D2095324734505078784'}
17:28:56.969 [http-nio-9587-exec-10] INFO  c.r.f.w.s.TokenService - [getToken,237] - user: madaosen, backend Token: Bearer eyJhbGciOiJIUzUxMiJ9.eyJsb2dpbl91c2VyX2tleSI6ImYxYmJiNjVhLTZlYzQtNDg4Ni1hY2M3LTdkZjdmYTkxZjA0YyJ9.2XbJLwaH0AcO9GmF4c9rYdGM1vOnRkWV0_M_G_RTfJNR28k4zwPCUDBXbnn5BPFglD0zNgiJDQM-I3kzB8s8Fg
17:28:56.971 [http-nio-9587-exec-7] INFO  c.r.f.w.s.TokenService - [getToken,237] - user: madaosen, backend Token: Bearer eyJhbGciOiJIUzUxMiJ9.eyJsb2dpbl91c2VyX2tleSI6ImYxYmJiNjVhLTZlYzQtNDg4Ni1hY2M3LTdkZjdmYTkxZjA0YyJ9.2XbJLwaH0AcO9GmF4c9rYdGM1vOnRkWV0_M_G_RTfJNR28k4zwPCUDBXbnn5BPFglD0zNgiJDQM-I3kzB8s8Fg
17:28:56.973 [http-nio-9587-exec-1] INFO  c.r.f.w.s.TokenService - [getToken,237] - user: madaosen, backend Token: Bearer eyJhbGciOiJIUzUxMiJ9.eyJsb2dpbl91c2VyX2tleSI6ImYxYmJiNjVhLTZlYzQtNDg4Ni1hY2M3LTdkZjdmYTkxZjA0YyJ9.2XbJLwaH0AcO9GmF4c9rYdGM1vOnRkWV0_M_G_RTfJNR28k4zwPCUDBXbnn5BPFglD0zNgiJDQM-I3kzB8s8Fg
17:28:56.973 [http-nio-9587-exec-6] INFO  c.r.f.w.s.TokenService - [getToken,237] - user: madaosen, backend Token: Bearer eyJhbGciOiJIUzUxMiJ9.eyJsb2dpbl91c2VyX2tleSI6ImYxYmJiNjVhLTZlYzQtNDg4Ni1hY2M3LTdkZjdmYTkxZjA0YyJ9.2XbJLwaH0AcO9GmF4c9rYdGM1vOnRkWV0_M_G_RTfJNR28k4zwPCUDBXbnn5BPFglD0zNgiJDQM-I3kzB8s8Fg
17:28:57.244 [http-nio-9587-exec-6] INFO  c.r.f.w.s.TokenService - [getToken,237] - user: madaosen, backend Token: Bearer eyJhbGciOiJIUzUxMiJ9.eyJsb2dpbl91c2VyX2tleSI6ImYxYmJiNjVhLTZlYzQtNDg4Ni1hY2M3LTdkZjdmYTkxZjA0YyJ9.2XbJLwaH0AcO9GmF4c9rYdGM1vOnRkWV0_M_G_RTfJNR28k4zwPCUDBXbnn5BPFglD0zNgiJDQM-I3kzB8s8Fg
17:28:57.245 [http-nio-9587-exec-10] INFO  c.r.f.w.s.TokenService - [getToken,237] - user: madaosen, backend Token: Bearer eyJhbGciOiJIUzUxMiJ9.eyJsb2dpbl91c2VyX2tleSI6ImYxYmJiNjVhLTZlYzQtNDg4Ni1hY2M3LTdkZjdmYTkxZjA0YyJ9.2XbJLwaH0AcO9GmF4c9rYdGM1vOnRkWV0_M_G_RTfJNR28k4zwPCUDBXbnn5BPFglD0zNgiJDQM-I3kzB8s8Fg
17:28:57.246 [http-nio-9587-exec-8] INFO  c.r.f.w.s.TokenService - [getToken,237] - user: madaosen, backend Token: Bearer eyJhbGciOiJIUzUxMiJ9.eyJsb2dpbl91c2VyX2tleSI6ImYxYmJiNjVhLTZlYzQtNDg4Ni1hY2M3LTdkZjdmYTkxZjA0YyJ9.2XbJLwaH0AcO9GmF4c9rYdGM1vOnRkWV0_M_G_RTfJNR28k4zwPCUDBXbnn5BPFglD0zNgiJDQM-I3kzB8s8Fg
17:28:57.246 [http-nio-9587-exec-5] INFO  c.r.f.w.s.TokenService - [getToken,237] - user: madaosen, backend Token: Bearer eyJhbGciOiJIUzUxMiJ9.eyJsb2dpbl91c2VyX2tleSI6ImYxYmJiNjVhLTZlYzQtNDg4Ni1hY2M3LTdkZjdmYTkxZjA0YyJ9.2XbJLwaH0AcO9GmF4c9rYdGM1vOnRkWV0_M_G_RTfJNR28k4zwPCUDBXbnn5BPFglD0zNgiJDQM-I3kzB8s8Fg
17:28:57.246 [http-nio-9587-exec-9] INFO  c.r.f.w.s.TokenService - [getToken,237] - user: madaosen, backend Token: Bearer eyJhbGciOiJIUzUxMiJ9.eyJsb2dpbl91c2VyX2tleSI6ImYxYmJiNjVhLTZlYzQtNDg4Ni1hY2M3LTdkZjdmYTkxZjA0YyJ9.2XbJLwaH0AcO9GmF4c9rYdGM1vOnRkWV0_M_G_RTfJNR28k4zwPCUDBXbnn5BPFglD0zNgiJDQM-I3kzB8s8Fg
17:28:57.246 [http-nio-9587-exec-2] INFO  c.r.f.w.s.TokenService - [getToken,237] - user: madaosen, backend Token: Bearer eyJhbGciOiJIUzUxMiJ9.eyJsb2dpbl91c2VyX2tleSI6ImYxYmJiNjVhLTZlYzQtNDg4Ni1hY2M3LTdkZjdmYTkxZjA0YyJ9.2XbJLwaH0AcO9GmF4c9rYdGM1vOnRkWV0_M_G_RTfJNR28k4zwPCUDBXbnn5BPFglD0zNgiJDQM-I3kzB8s8Fg
17:28:57.253 [http-nio-9587-exec-3] INFO  c.r.f.w.s.TokenService - [getToken,237] - user: madaosen, backend Token: Bearer eyJhbGciOiJIUzUxMiJ9.eyJsb2dpbl91c2VyX2tleSI6ImYxYmJiNjVhLTZlYzQtNDg4Ni1hY2M3LTdkZjdmYTkxZjA0YyJ9.2XbJLwaH0AcO9GmF4c9rYdGM1vOnRkWV0_M_G_RTfJNR28k4zwPCUDBXbnn5BPFglD0zNgiJDQM-I3kzB8s8Fg
17:28:57.259 [http-nio-9587-exec-7] INFO  c.r.f.w.s.TokenService - [getToken,237] - user: madaosen, backend Token: Bearer eyJhbGciOiJIUzUxMiJ9.eyJsb2dpbl91c2VyX2tleSI6ImYxYmJiNjVhLTZlYzQtNDg4Ni1hY2M3LTdkZjdmYTkxZjA0YyJ9.2XbJLwaH0AcO9GmF4c9rYdGM1vOnRkWV0_M_G_RTfJNR28k4zwPCUDBXbnn5BPFglD0zNgiJDQM-I3kzB8s8Fg
17:28:57.460 [http-nio-9587-exec-7] INFO  c.r.f.w.s.TokenService - [getToken,237] - user: madaosen, backend Token: Bearer eyJhbGciOiJIUzUxMiJ9.eyJsb2dpbl91c2VyX2tleSI6ImYxYmJiNjVhLTZlYzQtNDg4Ni1hY2M3LTdkZjdmYTkxZjA0YyJ9.2XbJLwaH0AcO9GmF4c9rYdGM1vOnRkWV0_M_G_RTfJNR28k4zwPCUDBXbnn5BPFglD0zNgiJDQM-I3kzB8s8Fg
17:28:57.460 [http-nio-9587-exec-5] INFO  c.r.f.w.s.TokenService - [getToken,237] - user: madaosen, backend Token: Bearer eyJhbGciOiJIUzUxMiJ9.eyJsb2dpbl91c2VyX2tleSI6ImYxYmJiNjVhLTZlYzQtNDg4Ni1hY2M3LTdkZjdmYTkxZjA0YyJ9.2XbJLwaH0AcO9GmF4c9rYdGM1vOnRkWV0_M_G_RTfJNR28k4zwPCUDBXbnn5BPFglD0zNgiJDQM-I3kzB8s8Fg
17:28:57.460 [http-nio-9587-exec-8] INFO  c.r.f.w.s.TokenService - [getToken,237] - user: madaosen, backend Token: Bearer eyJhbGciOiJIUzUxMiJ9.eyJsb2dpbl91c2VyX2tleSI6ImYxYmJiNjVhLTZlYzQtNDg4Ni1hY2M3LTdkZjdmYTkxZjA0YyJ9.2XbJLwaH0AcO9GmF4c9rYdGM1vOnRkWV0_M_G_RTfJNR28k4zwPCUDBXbnn5BPFglD0zNgiJDQM-I3kzB8s8Fg
17:28:57.504 [http-nio-9587-exec-6] INFO  c.r.f.w.s.TokenService - [getToken,237] - user: madaosen, backend Token: Bearer eyJhbGciOiJIUzUxMiJ9.eyJsb2dpbl91c2VyX2tleSI6ImYxYmJiNjVhLTZlYzQtNDg4Ni1hY2M3LTdkZjdmYTkxZjA0YyJ9.2XbJLwaH0AcO9GmF4c9rYdGM1vOnRkWV0_M_G_RTfJNR28k4zwPCUDBXbnn5BPFglD0zNgiJDQM-I3kzB8s8Fg
17:28:57.549 [http-nio-9587-exec-4] INFO  c.r.f.w.s.TokenService - [getToken,237] - user: madaosen, backend Token: Bearer eyJhbGciOiJIUzUxMiJ9.eyJsb2dpbl91c2VyX2tleSI6ImYxYmJiNjVhLTZlYzQtNDg4Ni1hY2M3LTdkZjdmYTkxZjA0YyJ9.2XbJLwaH0AcO9GmF4c9rYdGM1vOnRkWV0_M_G_RTfJNR28k4zwPCUDBXbnn5BPFglD0zNgiJDQM-I3kzB8s8Fg
17:28:57.549 [http-nio-9587-exec-2] INFO  c.r.f.w.s.TokenService - [getToken,237] - user: madaosen, backend Token: Bearer eyJhbGciOiJIUzUxMiJ9.eyJsb2dpbl91c2VyX2tleSI6ImYxYmJiNjVhLTZlYzQtNDg4Ni1hY2M3LTdkZjdmYTkxZjA0YyJ9.2XbJLwaH0AcO9GmF4c9rYdGM1vOnRkWV0_M_G_RTfJNR28k4zwPCUDBXbnn5BPFglD0zNgiJDQM-I3kzB8s8Fg
17:28:57.550 [http-nio-9587-exec-5] INFO  c.r.f.w.s.TokenService - [getToken,237] - user: madaosen, backend Token: Bearer eyJhbGciOiJIUzUxMiJ9.eyJsb2dpbl91c2VyX2tleSI6ImYxYmJiNjVhLTZlYzQtNDg4Ni1hY2M3LTdkZjdmYTkxZjA0YyJ9.2XbJLwaH0AcO9GmF4c9rYdGM1vOnRkWV0_M_G_RTfJNR28k4zwPCUDBXbnn5BPFglD0zNgiJDQM-I3kzB8s8Fg
17:28:57.712 [http-nio-9587-exec-8] INFO  c.r.f.w.s.TokenService - [getToken,237] - user: madaosen, backend Token: Bearer eyJhbGciOiJIUzUxMiJ9.eyJsb2dpbl91c2VyX2tleSI6ImYxYmJiNjVhLTZlYzQtNDg4Ni1hY2M3LTdkZjdmYTkxZjA0YyJ9.2XbJLwaH0AcO9GmF4c9rYdGM1vOnRkWV0_M_G_RTfJNR28k4zwPCUDBXbnn5BPFglD0zNgiJDQM-I3kzB8s8Fg
17:29:03.125 [http-nio-9587-exec-6] INFO  c.r.f.w.s.TokenService - [getToken,237] - user: madaosen, backend Token: Bearer eyJhbGciOiJIUzUxMiJ9.eyJsb2dpbl91c2VyX2tleSI6ImYxYmJiNjVhLTZlYzQtNDg4Ni1hY2M3LTdkZjdmYTkxZjA0YyJ9.2XbJLwaH0AcO9GmF4c9rYdGM1vOnRkWV0_M_G_RTfJNR28k4zwPCUDBXbnn5BPFglD0zNgiJDQM-I3kzB8s8Fg
17:29:03.365 [http-nio-9587-exec-2] INFO  c.r.f.w.s.TokenService - [getToken,237] - user: madaosen, backend Token: Bearer eyJhbGciOiJIUzUxMiJ9.eyJsb2dpbl91c2VyX2tleSI6ImYxYmJiNjVhLTZlYzQtNDg4Ni1hY2M3LTdkZjdmYTkxZjA0YyJ9.2XbJLwaH0AcO9GmF4c9rYdGM1vOnRkWV0_M_G_RTfJNR28k4zwPCUDBXbnn5BPFglD0zNgiJDQM-I3kzB8s8Fg
17:29:03.366 [http-nio-9587-exec-4] INFO  c.r.f.w.s.TokenService - [getToken,237] - user: madaosen, backend Token: Bearer eyJhbGciOiJIUzUxMiJ9.eyJsb2dpbl91c2VyX2tleSI6ImYxYmJiNjVhLTZlYzQtNDg4Ni1hY2M3LTdkZjdmYTkxZjA0YyJ9.2XbJLwaH0AcO9GmF4c9rYdGM1vOnRkWV0_M_G_RTfJNR28k4zwPCUDBXbnn5BPFglD0zNgiJDQM-I3kzB8s8Fg
17:29:03.369 [http-nio-9587-exec-5] INFO  c.r.f.w.s.TokenService - [getToken,237] - user: madaosen, backend Token: Bearer eyJhbGciOiJIUzUxMiJ9.eyJsb2dpbl91c2VyX2tleSI6ImYxYmJiNjVhLTZlYzQtNDg4Ni1hY2M3LTdkZjdmYTkxZjA0YyJ9.2XbJLwaH0AcO9GmF4c9rYdGM1vOnRkWV0_M_G_RTfJNR28k4zwPCUDBXbnn5BPFglD0zNgiJDQM-I3kzB8s8Fg
17:29:03.418 [http-nio-9587-exec-8] INFO  c.r.f.w.s.TokenService - [getToken,237] - user: madaosen, backend Token: Bearer eyJhbGciOiJIUzUxMiJ9.eyJsb2dpbl91c2VyX2tleSI6ImYxYmJiNjVhLTZlYzQtNDg4Ni1hY2M3LTdkZjdmYTkxZjA0YyJ9.2XbJLwaH0AcO9GmF4c9rYdGM1vOnRkWV0_M_G_RTfJNR28k4zwPCUDBXbnn5BPFglD0zNgiJDQM-I3kzB8s8Fg
17:29:03.627 [http-nio-9587-exec-8] INFO  c.r.w.s.i.DigitalEmployeeAgentServiceImpl - [prepareChat,584] - [DEBUG] 数字员工实际发送prompt employeeCode=kcts-todo-employee conversationId=kcts-demo-1788512359950-cb4a50ec prompt=@待办数字员工

以下 JSON 中 currentUser 由科创智方服务端生成；clientReferences 仅是界面引用线索，涉及读取或写入业务数据时必须再次调用科创智方受控接口校验。附件 fileId 也必须按当前用户和 conversationId 校验后才能读取。
{"conversationId":"kcts-demo-1788512359950-cb4a50ec","attachments":[],"currentUser":{"userId":"460","displayName":"madaosen","roleId":"fill_role","roleIds":["operational_improvement_planner_role","pf_unit_dept_leader_role","annual_project_approval_fill_role","fill_role","rd_unit_director_role","unit_verify_role","chief_engineer_leader_role","ai_audit_rule","product_innovation_accept_role","chief_engineer_director_role","workflow_user_update_role","email","rd_unit_leader_role","professional_leader_role","pf_project_manager_role","verify_role","software_cost_manager_role","allocation_role","prospective_study_planner_role","project_read_all_role","science_technology_fill_role","pf_director_role","self_develop_planner_role","hgbz","science_technology_read_role","chief_engineer_manager_role","product_innovation_planner_role","other_accept_role"],"userName":"madaosen"},"clientReferences":{"businessReferences":[{"id":"task:2095324734505078784:VerifyProfessionalReviewMeetingsMaterials:1","kind":"todo","name":"当前任务 · 审核专业预审会前材料","projectId":"2095324734505078784","projectName":"测试表单001","status":"审核专业预审会前材料","taskId":"0d85be61-a843-11f1-aa48-da3bbfe162e3","taskKey":"VerifyProfessionalReviewMeetingsMaterials"}]},"todoContext":{"schemaVersion":"1.0","status":"ready","task":{"taskId":"0d85be61-a843-11f1-aa48-da3bbfe162e3","taskKey":"VerifyProfessionalReviewMeetingsMaterials","taskName":"审核专业预审会前材料","projectId":"2095324734505078784","projectName":"测试表单001","roleLabel":"当前办理人","actionType":"approval","canReject":true},"confirmation":{"required":true,"submitBy":"browser_session","submitToolAllowed":false,"label":"确认办理"},"project":{"id":"2095324734505078784","name":"测试表单001","projectCategory":"operational_improvement","projectCategoryName":"运营提升","projectProfessionalField":"1","projectProfessionalFieldName":"前瞻研究","isPlanProject":"2031553275975671808","isSelfDeveloped":0,"isBaseCutting":0,"requirementUnit":"zqj","requirementUnitName":"中区局","undertakeUnit":"SHGSRHCXYFJD","undertakeUnitName":"上海公司融合创新研发基地","operationUnit":"shgsrhcxyfjd","planStartDate":"2024-11-01","planEndDate":"2025-11-30"},"formSchema":[{"controlId":"FormProperty_00skssn","controlType":"radio","label":"审批意见","value":"","displayValue":"","required":false,"modelMaySuggest":true,"humanConfirmationRequired":true,"options":[{"value":"0","label":"同意"},{"value":"1","label":"不同意"}]},{"controlId":"FormProperty_2fptchb","controlType":"textarea","label":"处理意见","value":"","displayValue":"","required":false,"modelMaySuggest":true,"humanConfirmationRequired":true,"options":[]}],"responseContract":{"type":"kcts.todo_form_patch","patchKey":"formPatch","knownControlIds":["FormProperty_00skssn","FormProperty_2fptchb"],"rules":["只能建议 formSchema 中存在的 controlId","select 和 radio 只能使用 options 中的 value","没有充分依据的字段必须留空并加入 missingFields","不得调用工具或接口提交审批，最终提交必须由浏览器当前登录用户确认"]}}}

本轮是科创智方待办辅助，todoContext 是服务端权威上下文。仅使用其中 project、formSchema 和节点 signals；不调用工具，不伪造控件或人员，不替用户提交。审批意见 radio 只用 decisionSuggestion 表达，不列入 formPatch 或 missingFields。处理意见限60个汉字；其他当前结论下的必填项无法确定时才列入 missingFields，此时 status=needs_input 且不建议 approve。只返回符合 responseContract 的一个 kcts.todo_form_patch JSON 对象，不要 Markdown 或额外说明。
17:29:04.632 [http-nio-9587-exec-6] INFO  c.r.f.w.s.TokenService - [getToken,237] - user: madaosen, backend Token: Bearer eyJhbGciOiJIUzUxMiJ9.eyJsb2dpbl91c2VyX2tleSI6ImYxYmJiNjVhLTZlYzQtNDg4Ni1hY2M3LTdkZjdmYTkxZjA0YyJ9.2XbJLwaH0AcO9GmF4c9rYdGM1vOnRkWV0_M_G_RTfJNR28k4zwPCUDBXbnn5BPFglD0zNgiJDQM-I3kzB8s8Fg
17:29:05.831 [http-nio-9587-exec-9] INFO  c.r.f.w.s.TokenService - [getToken,237] - user: madaosen, backend Token: Bearer eyJhbGciOiJIUzUxMiJ9.eyJsb2dpbl91c2VyX2tleSI6ImYxYmJiNjVhLTZlYzQtNDg4Ni1hY2M3LTdkZjdmYTkxZjA0YyJ9.2XbJLwaH0AcO9GmF4c9rYdGM1vOnRkWV0_M_G_RTfJNR28k4zwPCUDBXbnn5BPFglD0zNgiJDQM-I3kzB8s8Fg
17:29:07.044 [http-nio-9587-exec-2] INFO  c.r.f.w.s.TokenService - [getToken,237] - user: madaosen, backend Token: Bearer eyJhbGciOiJIUzUxMiJ9.eyJsb2dpbl91c2VyX2tleSI6ImYxYmJiNjVhLTZlYzQtNDg4Ni1hY2M3LTdkZjdmYTkxZjA0YyJ9.2XbJLwaH0AcO9GmF4c9rYdGM1vOnRkWV0_M_G_RTfJNR28k4zwPCUDBXbnn5BPFglD0zNgiJDQM-I3kzB8s8Fg
17:29:08.221 [http-nio-9587-exec-5] INFO  c.r.f.w.s.TokenService - [getToken,237] - user: madaosen, backend Token: Bearer eyJhbGciOiJIUzUxMiJ9.eyJsb2dpbl91c2VyX2tleSI6ImYxYmJiNjVhLTZlYzQtNDg4Ni1hY2M3LTdkZjdmYTkxZjA0YyJ9.2XbJLwaH0AcO9GmF4c9rYdGM1vOnRkWV0_M_G_RTfJNR28k4zwPCUDBXbnn5BPFglD0zNgiJDQM-I3kzB8s8Fg
17:29:09.441 [http-nio-9587-exec-8] INFO  c.r.f.w.s.TokenService - [getToken,237] - user: madaosen, backend Token: Bearer eyJhbGciOiJIUzUxMiJ9.eyJsb2dpbl91c2VyX2tleSI6ImYxYmJiNjVhLTZlYzQtNDg4Ni1hY2M3LTdkZjdmYTkxZjA0YyJ9.2XbJLwaH0AcO9GmF4c9rYdGM1vOnRkWV0_M_G_RTfJNR28k4zwPCUDBXbnn5BPFglD0zNgiJDQM-I3kzB8s8Fg
17:29:10.633 [http-nio-9587-exec-6] INFO  c.r.f.w.s.TokenService - [getToken,237] - user: madaosen, backend Token: Bearer eyJhbGciOiJIUzUxMiJ9.eyJsb2dpbl91c2VyX2tleSI6ImYxYmJiNjVhLTZlYzQtNDg4Ni1hY2M3LTdkZjdmYTkxZjA0YyJ9.2XbJLwaH0AcO9GmF4c9rYdGM1vOnRkWV0_M_G_RTfJNR28k4zwPCUDBXbnn5BPFglD0zNgiJDQM-I3kzB8s8Fg
17:29:10.949 [http-nio-9587-exec-1] INFO  c.r.f.w.s.TokenService - [getToken,237] - user: madaosen, backend Token: Bearer eyJhbGciOiJIUzUxMiJ9.eyJsb2dpbl91c2VyX2tleSI6ImYxYmJiNjVhLTZlYzQtNDg4Ni1hY2M3LTdkZjdmYTkxZjA0YyJ9.2XbJLwaH0AcO9GmF4c9rYdGM1vOnRkWV0_M_G_RTfJNR28k4zwPCUDBXbnn5BPFglD0zNgiJDQM-I3kzB8s8Fg
17:29:11.026 [http-nio-9587-exec-4] INFO  c.r.f.w.s.TokenService - [getToken,237] - user: madaosen, backend Token: Bearer eyJhbGciOiJIUzUxMiJ9.eyJsb2dpbl91c2VyX2tleSI6ImYxYmJiNjVhLTZlYzQtNDg4Ni1hY2M3LTdkZjdmYTkxZjA0YyJ9.2XbJLwaH0AcO9GmF4c9rYdGM1vOnRkWV0_M_G_RTfJNR28k4zwPCUDBXbnn5BPFglD0zNgiJDQM-I3kzB8s8Fg
17:29:11.420 [http-nio-9587-exec-7] INFO  c.r.f.w.s.TokenService - [getToken,237] - user: madaosen, backend Token: Bearer eyJhbGciOiJIUzUxMiJ9.eyJsb2dpbl91c2VyX2tleSI6ImYxYmJiNjVhLTZlYzQtNDg4Ni1hY2M3LTdkZjdmYTkxZjA0YyJ9.2XbJLwaH0AcO9GmF4c9rYdGM1vOnRkWV0_M_G_RTfJNR28k4zwPCUDBXbnn5BPFglD0zNgiJDQM-I3kzB8s8Fg
17:29:11.827 [http-nio-9587-exec-10] INFO  c.r.f.w.s.TokenService - [getToken,237] - user: madaosen, backend Token: Bearer eyJhbGciOiJIUzUxMiJ9.eyJsb2dpbl91c2VyX2tleSI6ImYxYmJiNjVhLTZlYzQtNDg4Ni1hY2M3LTdkZjdmYTkxZjA0YyJ9.2XbJLwaH0AcO9GmF4c9rYdGM1vOnRkWV0_M_G_RTfJNR28k4zwPCUDBXbnn5BPFglD0zNgiJDQM-I3kzB8s8Fg
17:29:12.304 [http-nio-9587-exec-3] INFO  c.r.f.w.s.TokenService - [getToken,237] - user: madaosen, backend Token: Bearer eyJhbGciOiJIUzUxMiJ9.eyJsb2dpbl91c2VyX2tleSI6ImYxYmJiNjVhLTZlYzQtNDg4Ni1hY2M3LTdkZjdmYTkxZjA0YyJ9.2XbJLwaH0AcO9GmF4c9rYdGM1vOnRkWV0_M_G_RTfJNR28k4zwPCUDBXbnn5BPFglD0zNgiJDQM-I3kzB8s8Fg
17:29:12.357 [http-nio-9587-exec-1] INFO  c.r.f.w.s.TokenService - [getToken,237] - user: madaosen, backend Token: Bearer eyJhbGciOiJIUzUxMiJ9.eyJsb2dpbl91c2VyX2tleSI6ImYxYmJiNjVhLTZlYzQtNDg4Ni1hY2M3LTdkZjdmYTkxZjA0YyJ9.2XbJLwaH0AcO9GmF4c9rYdGM1vOnRkWV0_M_G_RTfJNR28k4zwPCUDBXbnn5BPFglD0zNgiJDQM-I3kzB8s8Fg
17:29:33.030 [http-nio-9587-exec-4] INFO  c.r.f.w.s.TokenService - [getToken,237] - user: madaosen, backend Token: Bearer eyJhbGciOiJIUzUxMiJ9.eyJsb2dpbl91c2VyX2tleSI6ImYxYmJiNjVhLTZlYzQtNDg4Ni1hY2M3LTdkZjdmYTkxZjA0YyJ9.2XbJLwaH0AcO9GmF4c9rYdGM1vOnRkWV0_M_G_RTfJNR28k4zwPCUDBXbnn5BPFglD0zNgiJDQM-I3kzB8s8Fg
17:29:33.051 [http-nio-9587-exec-4] INFO  c.r.w.l.TaskEventV2Listener - [onEvent,105] - EVENT :TASK_ASSIGNED
17:29:33.066 [http-nio-9587-exec-4] INFO  c.r.w.l.TaskEventV2Listener - [onEvent,105] - EVENT :TASK_COMPLETED
17:29:33.066 [http-nio-9587-exec-4] INFO  c.r.w.l.TaskEventV2Listener - [onEvent,121] - username :madaosen
17:29:33.143 [http-nio-9587-exec-4] INFO  c.r.w.l.TaskEventV2Listener - [onEvent,105] - EVENT :TASK_CREATED
17:29:33.145 [http-nio-9587-exec-4] INFO  c.r.f.w.s.TokenService - [getToken,237] - user: madaosen, backend Token: Bearer eyJhbGciOiJIUzUxMiJ9.eyJsb2dpbl91c2VyX2tleSI6ImYxYmJiNjVhLTZlYzQtNDg4Ni1hY2M3LTdkZjdmYTkxZjA0YyJ9.2XbJLwaH0AcO9GmF4c9rYdGM1vOnRkWV0_M_G_RTfJNR28k4zwPCUDBXbnn5BPFglD0zNgiJDQM-I3kzB8s8Fg
17:29:33.149 [http-nio-9587-exec-4] INFO  c.r.w.s.i.AiAgentTaskExecutionServiceImpl - [createWorkflowNodeTasks,320] - 审批流程节点未绑定自动执行且已启用的Agent，projectId=2095324734505078784, nodeId=ProfessionalReviewMeetings
17:29:33.149 [http-nio-9587-exec-4] INFO  c.r.w.l.TaskEventV2Listener - [onEvent,127] - username :madaosen
17:29:33.218 [http-nio-9587-exec-4] INFO  c.r.w.l.TaskEventV2Listener - [createOaTask,240] - task0: Task{createDate='2026-09-04 17:29:33', createOrg='45', createUser='madaosen', createUserName='madaosen', expiryDate='null', kindName='null', moduleName='null', needInputPwd='null', oaIId='null', oaMkId='null', receiveUser='madaosen', receiveUserName='madaosen', synId='null', synType='1', taskId='23294b6e-a843-11f1-aa48-da3bbfe162e3', tasksType='1', title='全生命周期平台督办：专业预审会议结果--测试表单001', type='0', url='http://www.sh.ctc.com/EFFPRO2/oa_verify?taskId=2329245d-a843-11f1-aa48-da3bbfe162e3&redirect=%2FEFFPRO2%2Fproject%2FagencyProject%2FdetailPage%3Fid%3D2095324734505078784'}
17:29:33.290 [http-nio-9587-exec-6] INFO  c.r.f.w.s.TokenService - [getToken,237] - user: madaosen, backend Token: Bearer eyJhbGciOiJIUzUxMiJ9.eyJsb2dpbl91c2VyX2tleSI6ImYxYmJiNjVhLTZlYzQtNDg4Ni1hY2M3LTdkZjdmYTkxZjA0YyJ9.2XbJLwaH0AcO9GmF4c9rYdGM1vOnRkWV0_M_G_RTfJNR28k4zwPCUDBXbnn5BPFglD0zNgiJDQM-I3kzB8s8Fg
17:29:33.290 [http-nio-9587-exec-3] INFO  c.r.f.w.s.TokenService - [getToken,237] - user: madaosen, backend Token: Bearer eyJhbGciOiJIUzUxMiJ9.eyJsb2dpbl91c2VyX2tleSI6ImYxYmJiNjVhLTZlYzQtNDg4Ni1hY2M3LTdkZjdmYTkxZjA0YyJ9.2XbJLwaH0AcO9GmF4c9rYdGM1vOnRkWV0_M_G_RTfJNR28k4zwPCUDBXbnn5BPFglD0zNgiJDQM-I3kzB8s8Fg
17:29:33.290 [http-nio-9587-exec-9] INFO  c.r.f.w.s.TokenService - [getToken,237] - user: madaosen, backend Token: Bearer eyJhbGciOiJIUzUxMiJ9.eyJsb2dpbl91c2VyX2tleSI6ImYxYmJiNjVhLTZlYzQtNDg4Ni1hY2M3LTdkZjdmYTkxZjA0YyJ9.2XbJLwaH0AcO9GmF4c9rYdGM1vOnRkWV0_M_G_RTfJNR28k4zwPCUDBXbnn5BPFglD0zNgiJDQM-I3kzB8s8Fg
17:29:33.290 [http-nio-9587-exec-1] INFO  c.r.f.w.s.TokenService - [getToken,237] - user: madaosen, backend Token: Bearer eyJhbGciOiJIUzUxMiJ9.eyJsb2dpbl91c2VyX2tleSI6ImYxYmJiNjVhLTZlYzQtNDg4Ni1hY2M3LTdkZjdmYTkxZjA0YyJ9.2XbJLwaH0AcO9GmF4c9rYdGM1vOnRkWV0_M_G_RTfJNR28k4zwPCUDBXbnn5BPFglD0zNgiJDQM-I3kzB8s8Fg
17:29:33.575 [http-nio-9587-exec-1] INFO  c.r.f.w.s.TokenService - [getToken,237] - user: madaosen, backend Token: Bearer eyJhbGciOiJIUzUxMiJ9.eyJsb2dpbl91c2VyX2tleSI6ImYxYmJiNjVhLTZlYzQtNDg4Ni1hY2M3LTdkZjdmYTkxZjA0YyJ9.2XbJLwaH0AcO9GmF4c9rYdGM1vOnRkWV0_M_G_RTfJNR28k4zwPCUDBXbnn5BPFglD0zNgiJDQM-I3kzB8s8Fg
17:29:33.576 [http-nio-9587-exec-6] INFO  c.r.f.w.s.TokenService - [getToken,237] - user: madaosen, backend Token: Bearer eyJhbGciOiJIUzUxMiJ9.eyJsb2dpbl91c2VyX2tleSI6ImYxYmJiNjVhLTZlYzQtNDg4Ni1hY2M3LTdkZjdmYTkxZjA0YyJ9.2XbJLwaH0AcO9GmF4c9rYdGM1vOnRkWV0_M_G_RTfJNR28k4zwPCUDBXbnn5BPFglD0zNgiJDQM-I3kzB8s8Fg
17:29:33.576 [http-nio-9587-exec-2] INFO  c.r.f.w.s.TokenService - [getToken,237] - user: madaosen, backend Token: Bearer eyJhbGciOiJIUzUxMiJ9.eyJsb2dpbl91c2VyX2tleSI6ImYxYmJiNjVhLTZlYzQtNDg4Ni1hY2M3LTdkZjdmYTkxZjA0YyJ9.2XbJLwaH0AcO9GmF4c9rYdGM1vOnRkWV0_M_G_RTfJNR28k4zwPCUDBXbnn5BPFglD0zNgiJDQM-I3kzB8s8Fg
17:29:33.576 [http-nio-9587-exec-7] INFO  c.r.f.w.s.TokenService - [getToken,237] - user: madaosen, backend Token: Bearer eyJhbGciOiJIUzUxMiJ9.eyJsb2dpbl91c2VyX2tleSI6ImYxYmJiNjVhLTZlYzQtNDg4Ni1hY2M3LTdkZjdmYTkxZjA0YyJ9.2XbJLwaH0AcO9GmF4c9rYdGM1vOnRkWV0_M_G_RTfJNR28k4zwPCUDBXbnn5BPFglD0zNgiJDQM-I3kzB8s8Fg
17:29:33.576 [http-nio-9587-exec-4] INFO  c.r.f.w.s.TokenService - [getToken,237] - user: madaosen, backend Token: Bearer eyJhbGciOiJIUzUxMiJ9.eyJsb2dpbl91c2VyX2tleSI6ImYxYmJiNjVhLTZlYzQtNDg4Ni1hY2M3LTdkZjdmYTkxZjA0YyJ9.2XbJLwaH0AcO9GmF4c9rYdGM1vOnRkWV0_M_G_RTfJNR28k4zwPCUDBXbnn5BPFglD0zNgiJDQM-I3kzB8s8Fg
17:29:33.579 [http-nio-9587-exec-5] INFO  c.r.f.w.s.TokenService - [getToken,237] - user: madaosen, backend Token: Bearer eyJhbGciOiJIUzUxMiJ9.eyJsb2dpbl91c2VyX2tleSI6ImYxYmJiNjVhLTZlYzQtNDg4Ni1hY2M3LTdkZjdmYTkxZjA0YyJ9.2XbJLwaH0AcO9GmF4c9rYdGM1vOnRkWV0_M_G_RTfJNR28k4zwPCUDBXbnn5BPFglD0zNgiJDQM-I3kzB8s8Fg
17:29:33.595 [http-nio-9587-exec-8] INFO  c.r.f.w.s.TokenService - [getToken,237] - user: madaosen, backend Token: Bearer eyJhbGciOiJIUzUxMiJ9.eyJsb2dpbl91c2VyX2tleSI6ImYxYmJiNjVhLTZlYzQtNDg4Ni1hY2M3LTdkZjdmYTkxZjA0YyJ9.2XbJLwaH0AcO9GmF4c9rYdGM1vOnRkWV0_M_G_RTfJNR28k4zwPCUDBXbnn5BPFglD0zNgiJDQM-I3kzB8s8Fg
17:29:33.597 [http-nio-9587-exec-10] INFO  c.r.f.w.s.TokenService - [getToken,237] - user: madaosen, backend Token: Bearer eyJhbGciOiJIUzUxMiJ9.eyJsb2dpbl91c2VyX2tleSI6ImYxYmJiNjVhLTZlYzQtNDg4Ni1hY2M3LTdkZjdmYTkxZjA0YyJ9.2XbJLwaH0AcO9GmF4c9rYdGM1vOnRkWV0_M_G_RTfJNR28k4zwPCUDBXbnn5BPFglD0zNgiJDQM-I3kzB8s8Fg
17:29:33.813 [http-nio-9587-exec-8] INFO  c.r.f.w.s.TokenService - [getToken,237] - user: madaosen, backend Token: Bearer eyJhbGciOiJIUzUxMiJ9.eyJsb2dpbl91c2VyX2tleSI6ImYxYmJiNjVhLTZlYzQtNDg4Ni1hY2M3LTdkZjdmYTkxZjA0YyJ9.2XbJLwaH0AcO9GmF4c9rYdGM1vOnRkWV0_M_G_RTfJNR28k4zwPCUDBXbnn5BPFglD0zNgiJDQM-I3kzB8s8Fg
17:29:33.813 [http-nio-9587-exec-5] INFO  c.r.f.w.s.TokenService - [getToken,237] - user: madaosen, backend Token: Bearer eyJhbGciOiJIUzUxMiJ9.eyJsb2dpbl91c2VyX2tleSI6ImYxYmJiNjVhLTZlYzQtNDg4Ni1hY2M3LTdkZjdmYTkxZjA0YyJ9.2XbJLwaH0AcO9GmF4c9rYdGM1vOnRkWV0_M_G_RTfJNR28k4zwPCUDBXbnn5BPFglD0zNgiJDQM-I3kzB8s8Fg
17:29:33.814 [http-nio-9587-exec-10] INFO  c.r.f.w.s.TokenService - [getToken,237] - user: madaosen, backend Token: Bearer eyJhbGciOiJIUzUxMiJ9.eyJsb2dpbl91c2VyX2tleSI6ImYxYmJiNjVhLTZlYzQtNDg4Ni1hY2M3LTdkZjdmYTkxZjA0YyJ9.2XbJLwaH0AcO9GmF4c9rYdGM1vOnRkWV0_M_G_RTfJNR28k4zwPCUDBXbnn5BPFglD0zNgiJDQM-I3kzB8s8Fg
17:29:33.868 [http-nio-9587-exec-1] INFO  c.r.f.w.s.TokenService - [getToken,237] - user: madaosen, backend Token: Bearer eyJhbGciOiJIUzUxMiJ9.eyJsb2dpbl91c2VyX2tleSI6ImYxYmJiNjVhLTZlYzQtNDg4Ni1hY2M3LTdkZjdmYTkxZjA0YyJ9.2XbJLwaH0AcO9GmF4c9rYdGM1vOnRkWV0_M_G_RTfJNR28k4zwPCUDBXbnn5BPFglD0zNgiJDQM-I3kzB8s8Fg
17:29:33.913 [http-nio-9587-exec-9] INFO  c.r.f.w.s.TokenService - [getToken,237] - user: madaosen, backend Token: Bearer eyJhbGciOiJIUzUxMiJ9.eyJsb2dpbl91c2VyX2tleSI6ImYxYmJiNjVhLTZlYzQtNDg4Ni1hY2M3LTdkZjdmYTkxZjA0YyJ9.2XbJLwaH0AcO9GmF4c9rYdGM1vOnRkWV0_M_G_RTfJNR28k4zwPCUDBXbnn5BPFglD0zNgiJDQM-I3kzB8s8Fg
17:29:33.913 [http-nio-9587-exec-5] INFO  c.r.f.w.s.TokenService - [getToken,237] - user: madaosen, backend Token: Bearer eyJhbGciOiJIUzUxMiJ9.eyJsb2dpbl91c2VyX2tleSI6ImYxYmJiNjVhLTZlYzQtNDg4Ni1hY2M3LTdkZjdmYTkxZjA0YyJ9.2XbJLwaH0AcO9GmF4c9rYdGM1vOnRkWV0_M_G_RTfJNR28k4zwPCUDBXbnn5BPFglD0zNgiJDQM-I3kzB8s8Fg
17:29:33.913 [http-nio-9587-exec-7] INFO  c.r.f.w.s.TokenService - [getToken,237] - user: madaosen, backend Token: Bearer eyJhbGciOiJIUzUxMiJ9.eyJsb2dpbl91c2VyX2tleSI6ImYxYmJiNjVhLTZlYzQtNDg4Ni1hY2M3LTdkZjdmYTkxZjA0YyJ9.2XbJLwaH0AcO9GmF4c9rYdGM1vOnRkWV0_M_G_RTfJNR28k4zwPCUDBXbnn5BPFglD0zNgiJDQM-I3kzB8s8Fg
17:29:34.138 [http-nio-9587-exec-8] INFO  c.r.f.w.s.TokenService - [getToken,237] - user: madaosen, backend Token: Bearer eyJhbGciOiJIUzUxMiJ9.eyJsb2dpbl91c2VyX2tleSI6ImYxYmJiNjVhLTZlYzQtNDg4Ni1hY2M3LTdkZjdmYTkxZjA0YyJ9.2XbJLwaH0AcO9GmF4c9rYdGM1vOnRkWV0_M_G_RTfJNR28k4zwPCUDBXbnn5BPFglD0zNgiJDQM-I3kzB8s8Fg
17:29:42.103 [http-nio-9587-exec-1] INFO  c.r.f.w.s.TokenService - [getToken,237] - user: madaosen, backend Token: Bearer eyJhbGciOiJIUzUxMiJ9.eyJsb2dpbl91c2VyX2tleSI6ImYxYmJiNjVhLTZlYzQtNDg4Ni1hY2M3LTdkZjdmYTkxZjA0YyJ9.2XbJLwaH0AcO9GmF4c9rYdGM1vOnRkWV0_M_G_RTfJNR28k4zwPCUDBXbnn5BPFglD0zNgiJDQM-I3kzB8s8Fg
17:29:42.331 [http-nio-9587-exec-5] INFO  c.r.f.w.s.TokenService - [getToken,237] - user: madaosen, backend Token: Bearer eyJhbGciOiJIUzUxMiJ9.eyJsb2dpbl91c2VyX2tleSI6ImYxYmJiNjVhLTZlYzQtNDg4Ni1hY2M3LTdkZjdmYTkxZjA0YyJ9.2XbJLwaH0AcO9GmF4c9rYdGM1vOnRkWV0_M_G_RTfJNR28k4zwPCUDBXbnn5BPFglD0zNgiJDQM-I3kzB8s8Fg
17:29:42.334 [http-nio-9587-exec-9] INFO  c.r.f.w.s.TokenService - [getToken,237] - user: madaosen, backend Token: Bearer eyJhbGciOiJIUzUxMiJ9.eyJsb2dpbl91c2VyX2tleSI6ImYxYmJiNjVhLTZlYzQtNDg4Ni1hY2M3LTdkZjdmYTkxZjA0YyJ9.2XbJLwaH0AcO9GmF4c9rYdGM1vOnRkWV0_M_G_RTfJNR28k4zwPCUDBXbnn5BPFglD0zNgiJDQM-I3kzB8s8Fg
17:29:42.335 [http-nio-9587-exec-7] INFO  c.r.f.w.s.TokenService - [getToken,237] - user: madaosen, backend Token: Bearer eyJhbGciOiJIUzUxMiJ9.eyJsb2dpbl91c2VyX2tleSI6ImYxYmJiNjVhLTZlYzQtNDg4Ni1hY2M3LTdkZjdmYTkxZjA0YyJ9.2XbJLwaH0AcO9GmF4c9rYdGM1vOnRkWV0_M_G_RTfJNR28k4zwPCUDBXbnn5BPFglD0zNgiJDQM-I3kzB8s8Fg
17:29:42.390 [http-nio-9587-exec-8] INFO  c.r.f.w.s.TokenService - [getToken,237] - user: madaosen, backend Token: Bearer eyJhbGciOiJIUzUxMiJ9.eyJsb2dpbl91c2VyX2tleSI6ImYxYmJiNjVhLTZlYzQtNDg4Ni1hY2M3LTdkZjdmYTkxZjA0YyJ9.2XbJLwaH0AcO9GmF4c9rYdGM1vOnRkWV0_M_G_RTfJNR28k4zwPCUDBXbnn5BPFglD0zNgiJDQM-I3kzB8s8Fg
17:29:42.626 [http-nio-9587-exec-8] INFO  c.r.w.s.i.DigitalEmployeeAgentServiceImpl - [prepareChat,584] - [DEBUG] 数字员工实际发送prompt employeeCode=kcts-todo-employee conversationId=kcts-demo-1788512359950-cb4a50ec prompt=@待办数字员工

以下 JSON 中 currentUser 由科创智方服务端生成；clientReferences 仅是界面引用线索，涉及读取或写入业务数据时必须再次调用科创智方受控接口校验。附件 fileId 也必须按当前用户和 conversationId 校验后才能读取。
{"conversationId":"kcts-demo-1788512359950-cb4a50ec","attachments":[],"currentUser":{"userId":"460","displayName":"madaosen","roleId":"fill_role","roleIds":["operational_improvement_planner_role","pf_unit_dept_leader_role","annual_project_approval_fill_role","fill_role","rd_unit_director_role","unit_verify_role","chief_engineer_leader_role","ai_audit_rule","product_innovation_accept_role","chief_engineer_director_role","workflow_user_update_role","email","rd_unit_leader_role","professional_leader_role","pf_project_manager_role","verify_role","software_cost_manager_role","allocation_role","prospective_study_planner_role","project_read_all_role","science_technology_fill_role","pf_director_role","self_develop_planner_role","hgbz","science_technology_read_role","chief_engineer_manager_role","product_innovation_planner_role","other_accept_role"],"userName":"madaosen"},"clientReferences":{"businessReferences":[{"id":"task:2095324734505078784:ProfessionalReviewMeetings:1","kind":"todo","name":"当前任务 · 专业预审会议结果","projectId":"2095324734505078784","projectName":"测试表单001","status":"专业预审会议结果","taskId":"2329245d-a843-11f1-aa48-da3bbfe162e3","taskKey":"ProfessionalReviewMeetings"}]},"todoContext":{"schemaVersion":"1.0","status":"ready","task":{"taskId":"2329245d-a843-11f1-aa48-da3bbfe162e3","taskKey":"ProfessionalReviewMeetings","taskName":"专业预审会议结果","projectId":"2095324734505078784","projectName":"测试表单001","roleLabel":"当前办理人","actionType":"approval","canReject":true},"confirmation":{"required":true,"submitBy":"browser_session","submitToolAllowed":false,"label":"确认办理"},"project":{"id":"2095324734505078784","name":"测试表单001","projectCategory":"operational_improvement","projectCategoryName":"运营提升","projectProfessionalField":"1","projectProfessionalFieldName":"前瞻研究","isPlanProject":"2031553275975671808","isSelfDeveloped":0,"isBaseCutting":0,"requirementUnit":"zqj","requirementUnitName":"中区局","undertakeUnit":"SHGSRHCXYFJD","undertakeUnitName":"上海公司融合创新研发基地","operationUnit":"shgsrhcxyfjd","planStartDate":"2024-11-01","planEndDate":"2025-11-30"},"formSchema":[{"controlId":"FormProperty_3ngpkd1","controlType":"radio","label":"审批意见","value":"","displayValue":"","required":false,"modelMaySuggest":true,"humanConfirmationRequired":true,"options":[{"value":"0","label":"同意"},{"value":"1","label":"不同意"}]},{"controlId":"FormProperty_2eg98mr","controlType":"textarea","label":"处理意见","value":"","displayValue":"","required":false,"modelMaySuggest":true,"humanConfirmationRequired":true,"options":[]},{"controlId":"upload_professional_review_meetings_minutes","controlType":"upload","label":"专业预审会议纪要","value":"","displayValue":"","required":false,"modelMaySuggest":false,"humanConfirmationRequired":true,"options":[]}],"responseContract":{"type":"kcts.todo_form_patch","patchKey":"formPatch","knownControlIds":["FormProperty_3ngpkd1","FormProperty_2eg98mr","upload_professional_review_meetings_minutes"],"rules":["只能建议 formSchema 中存在的 controlId","select 和 radio 只能使用 options 中的 value","没有充分依据的字段必须留空并加入 missingFields","不得调用工具或接口提交审批，最终提交必须由浏览器当前登录用户确认"]}}}

本轮是科创智方待办辅助，todoContext 是服务端权威上下文。仅使用其中 project、formSchema 和节点 signals；不调用工具，不伪造控件或人员，不替用户提交。审批意见 radio 只用 decisionSuggestion 表达，不列入 formPatch 或 missingFields。处理意见限60个汉字；其他当前结论下的必填项无法确定时才列入 missingFields，此时 status=needs_input 且不建议 approve。只返回符合 responseContract 的一个 kcts.todo_form_patch JSON 对象，不要 Markdown 或额外说明。
17:29:43.622 [http-nio-9587-exec-1] INFO  c.r.f.w.s.TokenService - [getToken,237] - user: madaosen, backend Token: Bearer eyJhbGciOiJIUzUxMiJ9.eyJsb2dpbl91c2VyX2tleSI6ImYxYmJiNjVhLTZlYzQtNDg4Ni1hY2M3LTdkZjdmYTkxZjA0YyJ9.2XbJLwaH0AcO9GmF4c9rYdGM1vOnRkWV0_M_G_RTfJNR28k4zwPCUDBXbnn5BPFglD0zNgiJDQM-I3kzB8s8Fg
17:29:44.828 [http-nio-9587-exec-4] INFO  c.r.f.w.s.TokenService - [getToken,237] - user: madaosen, backend Token: Bearer eyJhbGciOiJIUzUxMiJ9.eyJsb2dpbl91c2VyX2tleSI6ImYxYmJiNjVhLTZlYzQtNDg4Ni1hY2M3LTdkZjdmYTkxZjA0YyJ9.2XbJLwaH0AcO9GmF4c9rYdGM1vOnRkWV0_M_G_RTfJNR28k4zwPCUDBXbnn5BPFglD0zNgiJDQM-I3kzB8s8Fg
17:29:46.008 [http-nio-9587-exec-5] INFO  c.r.f.w.s.TokenService - [getToken,237] - user: madaosen, backend Token: Bearer eyJhbGciOiJIUzUxMiJ9.eyJsb2dpbl91c2VyX2tleSI6ImYxYmJiNjVhLTZlYzQtNDg4Ni1hY2M3LTdkZjdmYTkxZjA0YyJ9.2XbJLwaH0AcO9GmF4c9rYdGM1vOnRkWV0_M_G_RTfJNR28k4zwPCUDBXbnn5BPFglD0zNgiJDQM-I3kzB8s8Fg
17:29:47.206 [http-nio-9587-exec-7] INFO  c.r.f.w.s.TokenService - [getToken,237] - user: madaosen, backend Token: Bearer eyJhbGciOiJIUzUxMiJ9.eyJsb2dpbl91c2VyX2tleSI6ImYxYmJiNjVhLTZlYzQtNDg4Ni1hY2M3LTdkZjdmYTkxZjA0YyJ9.2XbJLwaH0AcO9GmF4c9rYdGM1vOnRkWV0_M_G_RTfJNR28k4zwPCUDBXbnn5BPFglD0zNgiJDQM-I3kzB8s8Fg
17:29:48.454 [http-nio-9587-exec-8] INFO  c.r.f.w.s.TokenService - [getToken,237] - user: madaosen, backend Token: Bearer eyJhbGciOiJIUzUxMiJ9.eyJsb2dpbl91c2VyX2tleSI6ImYxYmJiNjVhLTZlYzQtNDg4Ni1hY2M3LTdkZjdmYTkxZjA0YyJ9.2XbJLwaH0AcO9GmF4c9rYdGM1vOnRkWV0_M_G_RTfJNR28k4zwPCUDBXbnn5BPFglD0zNgiJDQM-I3kzB8s8Fg
17:29:49.014 [http-nio-9587-exec-3] INFO  c.r.f.w.s.TokenService - [getToken,237] - user: madaosen, backend Token: Bearer eyJhbGciOiJIUzUxMiJ9.eyJsb2dpbl91c2VyX2tleSI6ImYxYmJiNjVhLTZlYzQtNDg4Ni1hY2M3LTdkZjdmYTkxZjA0YyJ9.2XbJLwaH0AcO9GmF4c9rYdGM1vOnRkWV0_M_G_RTfJNR28k4zwPCUDBXbnn5BPFglD0zNgiJDQM-I3kzB8s8Fg
17:29:49.093 [http-nio-9587-exec-2] INFO  c.r.f.w.s.TokenService - [getToken,237] - user: madaosen, backend Token: Bearer eyJhbGciOiJIUzUxMiJ9.eyJsb2dpbl91c2VyX2tleSI6ImYxYmJiNjVhLTZlYzQtNDg4Ni1hY2M3LTdkZjdmYTkxZjA0YyJ9.2XbJLwaH0AcO9GmF4c9rYdGM1vOnRkWV0_M_G_RTfJNR28k4zwPCUDBXbnn5BPFglD0zNgiJDQM-I3kzB8s8Fg
17:29:49.496 [http-nio-9587-exec-9] INFO  c.r.f.w.s.TokenService - [getToken,237] - user: madaosen, backend Token: Bearer eyJhbGciOiJIUzUxMiJ9.eyJsb2dpbl91c2VyX2tleSI6ImYxYmJiNjVhLTZlYzQtNDg4Ni1hY2M3LTdkZjdmYTkxZjA0YyJ9.2XbJLwaH0AcO9GmF4c9rYdGM1vOnRkWV0_M_G_RTfJNR28k4zwPCUDBXbnn5BPFglD0zNgiJDQM-I3kzB8s8Fg
17:29:49.594 [http-nio-9587-exec-10] INFO  c.r.f.w.s.TokenService - [getToken,237] - user: madaosen, backend Token: Bearer eyJhbGciOiJIUzUxMiJ9.eyJsb2dpbl91c2VyX2tleSI6ImYxYmJiNjVhLTZlYzQtNDg4Ni1hY2M3LTdkZjdmYTkxZjA0YyJ9.2XbJLwaH0AcO9GmF4c9rYdGM1vOnRkWV0_M_G_RTfJNR28k4zwPCUDBXbnn5BPFglD0zNgiJDQM-I3kzB8s8Fg
17:29:50.369 [http-nio-9587-exec-6] INFO  c.r.f.w.s.TokenService - [getToken,237] - user: madaosen, backend Token: Bearer eyJhbGciOiJIUzUxMiJ9.eyJsb2dpbl91c2VyX2tleSI6ImYxYmJiNjVhLTZlYzQtNDg4Ni1hY2M3LTdkZjdmYTkxZjA0YyJ9.2XbJLwaH0AcO9GmF4c9rYdGM1vOnRkWV0_M_G_RTfJNR28k4zwPCUDBXbnn5BPFglD0zNgiJDQM-I3kzB8s8Fg
17:29:50.428 [http-nio-9587-exec-3] INFO  c.r.f.w.s.TokenService - [getToken,237] - user: madaosen, backend Token: Bearer eyJhbGciOiJIUzUxMiJ9.eyJsb2dpbl91c2VyX2tleSI6ImYxYmJiNjVhLTZlYzQtNDg4Ni1hY2M3LTdkZjdmYTkxZjA0YyJ9.2XbJLwaH0AcO9GmF4c9rYdGM1vOnRkWV0_M_G_RTfJNR28k4zwPCUDBXbnn5BPFglD0zNgiJDQM-I3kzB8s8Fg
17:30:03.898 [http-nio-9587-exec-2] INFO  c.r.f.w.s.TokenService - [getToken,237] - user: madaosen, backend Token: Bearer eyJhbGciOiJIUzUxMiJ9.eyJsb2dpbl91c2VyX2tleSI6ImYxYmJiNjVhLTZlYzQtNDg4Ni1hY2M3LTdkZjdmYTkxZjA0YyJ9.2XbJLwaH0AcO9GmF4c9rYdGM1vOnRkWV0_M_G_RTfJNR28k4zwPCUDBXbnn5BPFglD0zNgiJDQM-I3kzB8s8Fg
17:30:03.926 [http-nio-9587-exec-2] INFO  c.r.w.l.TaskEventV2Listener - [onEvent,105] - EVENT :TASK_ASSIGNED
17:30:03.947 [http-nio-9587-exec-2] INFO  c.r.w.l.TaskEventV2Listener - [onEvent,105] - EVENT :TASK_COMPLETED
17:30:03.948 [http-nio-9587-exec-2] INFO  c.r.w.l.TaskEventV2Listener - [onEvent,121] - username :madaosen
17:30:04.050 [http-nio-9587-exec-2] INFO  c.r.w.l.TaskEventV2Listener - [onEvent,105] - EVENT :TASK_CREATED
17:30:04.053 [http-nio-9587-exec-2] INFO  c.r.f.w.s.TokenService - [getToken,237] - user: madaosen, backend Token: Bearer eyJhbGciOiJIUzUxMiJ9.eyJsb2dpbl91c2VyX2tleSI6ImYxYmJiNjVhLTZlYzQtNDg4Ni1hY2M3LTdkZjdmYTkxZjA0YyJ9.2XbJLwaH0AcO9GmF4c9rYdGM1vOnRkWV0_M_G_RTfJNR28k4zwPCUDBXbnn5BPFglD0zNgiJDQM-I3kzB8s8Fg
17:30:04.058 [http-nio-9587-exec-2] INFO  c.r.w.s.i.AiAgentTaskExecutionServiceImpl - [createWorkflowNodeTasks,320] - 审批流程节点未绑定自动执行且已启用的Agent，projectId=2095324734505078784, nodeId=FillUndertakeUnitMeetingPassTime
17:30:04.059 [http-nio-9587-exec-2] INFO  c.r.w.l.TaskEventV2Listener - [onEvent,127] - username :madaosen
17:30:04.135 [http-nio-9587-exec-2] INFO  c.r.w.l.TaskEventV2Listener - [createOaTask,240] - task0: Task{createDate='2026-09-04 17:30:04', createOrg='45', createUser='madaosen', createUserName='madaosen', expiryDate='null', kindName='null', moduleName='null', needInputPwd='null', oaIId='null', oaMkId='null', receiveUser='madaosen', receiveUserName='madaosen', synId='null', synType='1', taskId='3595542e-a843-11f1-aa48-da3bbfe162e3', tasksType='1', title='全生命周期平台督办：填写承担单位办公会通过时间--测试表单001', type='0', url='http://www.sh.ctc.com/EFFPRO2/oa_verify?taskId=35952d1d-a843-11f1-aa48-da3bbfe162e3&redirect=%2FEFFPRO2%2Fproject%2FagencyProject%2FdetailPage%3Fid%3D2095324734505078784'}
17:30:04.241 [http-nio-9587-exec-8] INFO  c.r.f.w.s.TokenService - [getToken,237] - user: madaosen, backend Token: Bearer eyJhbGciOiJIUzUxMiJ9.eyJsb2dpbl91c2VyX2tleSI6ImYxYmJiNjVhLTZlYzQtNDg4Ni1hY2M3LTdkZjdmYTkxZjA0YyJ9.2XbJLwaH0AcO9GmF4c9rYdGM1vOnRkWV0_M_G_RTfJNR28k4zwPCUDBXbnn5BPFglD0zNgiJDQM-I3kzB8s8Fg
17:30:04.241 [http-nio-9587-exec-6] INFO  c.r.f.w.s.TokenService - [getToken,237] - user: madaosen, backend Token: Bearer eyJhbGciOiJIUzUxMiJ9.eyJsb2dpbl91c2VyX2tleSI6ImYxYmJiNjVhLTZlYzQtNDg4Ni1hY2M3LTdkZjdmYTkxZjA0YyJ9.2XbJLwaH0AcO9GmF4c9rYdGM1vOnRkWV0_M_G_RTfJNR28k4zwPCUDBXbnn5BPFglD0zNgiJDQM-I3kzB8s8Fg
17:30:04.241 [http-nio-9587-exec-10] INFO  c.r.f.w.s.TokenService - [getToken,237] - user: madaosen, backend Token: Bearer eyJhbGciOiJIUzUxMiJ9.eyJsb2dpbl91c2VyX2tleSI6ImYxYmJiNjVhLTZlYzQtNDg4Ni1hY2M3LTdkZjdmYTkxZjA0YyJ9.2XbJLwaH0AcO9GmF4c9rYdGM1vOnRkWV0_M_G_RTfJNR28k4zwPCUDBXbnn5BPFglD0zNgiJDQM-I3kzB8s8Fg
17:30:04.243 [http-nio-9587-exec-3] INFO  c.r.f.w.s.TokenService - [getToken,237] - user: madaosen, backend Token: Bearer eyJhbGciOiJIUzUxMiJ9.eyJsb2dpbl91c2VyX2tleSI6ImYxYmJiNjVhLTZlYzQtNDg4Ni1hY2M3LTdkZjdmYTkxZjA0YyJ9.2XbJLwaH0AcO9GmF4c9rYdGM1vOnRkWV0_M_G_RTfJNR28k4zwPCUDBXbnn5BPFglD0zNgiJDQM-I3kzB8s8Fg
17:30:04.586 [http-nio-9587-exec-10] INFO  c.r.f.w.s.TokenService - [getToken,237] - user: madaosen, backend Token: Bearer eyJhbGciOiJIUzUxMiJ9.eyJsb2dpbl91c2VyX2tleSI6ImYxYmJiNjVhLTZlYzQtNDg4Ni1hY2M3LTdkZjdmYTkxZjA0YyJ9.2XbJLwaH0AcO9GmF4c9rYdGM1vOnRkWV0_M_G_RTfJNR28k4zwPCUDBXbnn5BPFglD0zNgiJDQM-I3kzB8s8Fg
17:30:04.586 [http-nio-9587-exec-3] INFO  c.r.f.w.s.TokenService - [getToken,237] - user: madaosen, backend Token: Bearer eyJhbGciOiJIUzUxMiJ9.eyJsb2dpbl91c2VyX2tleSI6ImYxYmJiNjVhLTZlYzQtNDg4Ni1hY2M3LTdkZjdmYTkxZjA0YyJ9.2XbJLwaH0AcO9GmF4c9rYdGM1vOnRkWV0_M_G_RTfJNR28k4zwPCUDBXbnn5BPFglD0zNgiJDQM-I3kzB8s8Fg
17:30:04.586 [http-nio-9587-exec-8] INFO  c.r.f.w.s.TokenService - [getToken,237] - user: madaosen, backend Token: Bearer eyJhbGciOiJIUzUxMiJ9.eyJsb2dpbl91c2VyX2tleSI6ImYxYmJiNjVhLTZlYzQtNDg4Ni1hY2M3LTdkZjdmYTkxZjA0YyJ9.2XbJLwaH0AcO9GmF4c9rYdGM1vOnRkWV0_M_G_RTfJNR28k4zwPCUDBXbnn5BPFglD0zNgiJDQM-I3kzB8s8Fg
17:30:04.587 [http-nio-9587-exec-5] INFO  c.r.f.w.s.TokenService - [getToken,237] - user: madaosen, backend Token: Bearer eyJhbGciOiJIUzUxMiJ9.eyJsb2dpbl91c2VyX2tleSI6ImYxYmJiNjVhLTZlYzQtNDg4Ni1hY2M3LTdkZjdmYTkxZjA0YyJ9.2XbJLwaH0AcO9GmF4c9rYdGM1vOnRkWV0_M_G_RTfJNR28k4zwPCUDBXbnn5BPFglD0zNgiJDQM-I3kzB8s8Fg
17:30:04.587 [http-nio-9587-exec-9] INFO  c.r.f.w.s.TokenService - [getToken,237] - user: madaosen, backend Token: Bearer eyJhbGciOiJIUzUxMiJ9.eyJsb2dpbl91c2VyX2tleSI6ImYxYmJiNjVhLTZlYzQtNDg4Ni1hY2M3LTdkZjdmYTkxZjA0YyJ9.2XbJLwaH0AcO9GmF4c9rYdGM1vOnRkWV0_M_G_RTfJNR28k4zwPCUDBXbnn5BPFglD0zNgiJDQM-I3kzB8s8Fg
17:30:04.589 [http-nio-9587-exec-2] INFO  c.r.f.w.s.TokenService - [getToken,237] - user: madaosen, backend Token: Bearer eyJhbGciOiJIUzUxMiJ9.eyJsb2dpbl91c2VyX2tleSI6ImYxYmJiNjVhLTZlYzQtNDg4Ni1hY2M3LTdkZjdmYTkxZjA0YyJ9.2XbJLwaH0AcO9GmF4c9rYdGM1vOnRkWV0_M_G_RTfJNR28k4zwPCUDBXbnn5BPFglD0zNgiJDQM-I3kzB8s8Fg
17:30:04.604 [http-nio-9587-exec-7] INFO  c.r.f.w.s.TokenService - [getToken,237] - user: madaosen, backend Token: Bearer eyJhbGciOiJIUzUxMiJ9.eyJsb2dpbl91c2VyX2tleSI6ImYxYmJiNjVhLTZlYzQtNDg4Ni1hY2M3LTdkZjdmYTkxZjA0YyJ9.2XbJLwaH0AcO9GmF4c9rYdGM1vOnRkWV0_M_G_RTfJNR28k4zwPCUDBXbnn5BPFglD0zNgiJDQM-I3kzB8s8Fg
17:30:04.606 [http-nio-9587-exec-1] INFO  c.r.f.w.s.TokenService - [getToken,237] - user: madaosen, backend Token: Bearer eyJhbGciOiJIUzUxMiJ9.eyJsb2dpbl91c2VyX2tleSI6ImYxYmJiNjVhLTZlYzQtNDg4Ni1hY2M3LTdkZjdmYTkxZjA0YyJ9.2XbJLwaH0AcO9GmF4c9rYdGM1vOnRkWV0_M_G_RTfJNR28k4zwPCUDBXbnn5BPFglD0zNgiJDQM-I3kzB8s8Fg
17:30:04.862 [http-nio-9587-exec-7] INFO  c.r.f.w.s.TokenService - [getToken,237] - user: madaosen, backend Token: Bearer eyJhbGciOiJIUzUxMiJ9.eyJsb2dpbl91c2VyX2tleSI6ImYxYmJiNjVhLTZlYzQtNDg4Ni1hY2M3LTdkZjdmYTkxZjA0YyJ9.2XbJLwaH0AcO9GmF4c9rYdGM1vOnRkWV0_M_G_RTfJNR28k4zwPCUDBXbnn5BPFglD0zNgiJDQM-I3kzB8s8Fg
17:30:04.862 [http-nio-9587-exec-2] INFO  c.r.f.w.s.TokenService - [getToken,237] - user: madaosen, backend Token: Bearer eyJhbGciOiJIUzUxMiJ9.eyJsb2dpbl91c2VyX2tleSI6ImYxYmJiNjVhLTZlYzQtNDg4Ni1hY2M3LTdkZjdmYTkxZjA0YyJ9.2XbJLwaH0AcO9GmF4c9rYdGM1vOnRkWV0_M_G_RTfJNR28k4zwPCUDBXbnn5BPFglD0zNgiJDQM-I3kzB8s8Fg
17:30:04.862 [http-nio-9587-exec-1] INFO  c.r.f.w.s.TokenService - [getToken,237] - user: madaosen, backend Token: Bearer eyJhbGciOiJIUzUxMiJ9.eyJsb2dpbl91c2VyX2tleSI6ImYxYmJiNjVhLTZlYzQtNDg4Ni1hY2M3LTdkZjdmYTkxZjA0YyJ9.2XbJLwaH0AcO9GmF4c9rYdGM1vOnRkWV0_M_G_RTfJNR28k4zwPCUDBXbnn5BPFglD0zNgiJDQM-I3kzB8s8Fg
17:30:04.901 [http-nio-9587-exec-5] INFO  c.r.f.w.s.TokenService - [getToken,237] - user: madaosen, backend Token: Bearer eyJhbGciOiJIUzUxMiJ9.eyJsb2dpbl91c2VyX2tleSI6ImYxYmJiNjVhLTZlYzQtNDg4Ni1hY2M3LTdkZjdmYTkxZjA0YyJ9.2XbJLwaH0AcO9GmF4c9rYdGM1vOnRkWV0_M_G_RTfJNR28k4zwPCUDBXbnn5BPFglD0zNgiJDQM-I3kzB8s8Fg
17:30:04.926 [http-nio-9587-exec-6] INFO  c.r.f.w.s.TokenService - [getToken,237] - user: madaosen, backend Token: Bearer eyJhbGciOiJIUzUxMiJ9.eyJsb2dpbl91c2VyX2tleSI6ImYxYmJiNjVhLTZlYzQtNDg4Ni1hY2M3LTdkZjdmYTkxZjA0YyJ9.2XbJLwaH0AcO9GmF4c9rYdGM1vOnRkWV0_M_G_RTfJNR28k4zwPCUDBXbnn5BPFglD0zNgiJDQM-I3kzB8s8Fg
17:30:04.926 [http-nio-9587-exec-10] INFO  c.r.f.w.s.TokenService - [getToken,237] - user: madaosen, backend Token: Bearer eyJhbGciOiJIUzUxMiJ9.eyJsb2dpbl91c2VyX2tleSI6ImYxYmJiNjVhLTZlYzQtNDg4Ni1hY2M3LTdkZjdmYTkxZjA0YyJ9.2XbJLwaH0AcO9GmF4c9rYdGM1vOnRkWV0_M_G_RTfJNR28k4zwPCUDBXbnn5BPFglD0zNgiJDQM-I3kzB8s8Fg
17:30:04.926 [http-nio-9587-exec-1] INFO  c.r.f.w.s.TokenService - [getToken,237] - user: madaosen, backend Token: Bearer eyJhbGciOiJIUzUxMiJ9.eyJsb2dpbl91c2VyX2tleSI6ImYxYmJiNjVhLTZlYzQtNDg4Ni1hY2M3LTdkZjdmYTkxZjA0YyJ9.2XbJLwaH0AcO9GmF4c9rYdGM1vOnRkWV0_M_G_RTfJNR28k4zwPCUDBXbnn5BPFglD0zNgiJDQM-I3kzB8s8Fg
17:30:05.094 [http-nio-9587-exec-2] INFO  c.r.f.w.s.TokenService - [getToken,237] - user: madaosen, backend Token: Bearer eyJhbGciOiJIUzUxMiJ9.eyJsb2dpbl91c2VyX2tleSI6ImYxYmJiNjVhLTZlYzQtNDg4Ni1hY2M3LTdkZjdmYTkxZjA0YyJ9.2XbJLwaH0AcO9GmF4c9rYdGM1vOnRkWV0_M_G_RTfJNR28k4zwPCUDBXbnn5BPFglD0zNgiJDQM-I3kzB8s8Fg
17:30:26.075 [http-nio-9587-exec-5] INFO  c.r.f.w.s.TokenService - [getToken,237] - user: madaosen, backend Token: Bearer eyJhbGciOiJIUzUxMiJ9.eyJsb2dpbl91c2VyX2tleSI6ImYxYmJiNjVhLTZlYzQtNDg4Ni1hY2M3LTdkZjdmYTkxZjA0YyJ9.2XbJLwaH0AcO9GmF4c9rYdGM1vOnRkWV0_M_G_RTfJNR28k4zwPCUDBXbnn5BPFglD0zNgiJDQM-I3kzB8s8Fg
17:30:26.289 [http-nio-9587-exec-1] INFO  c.r.f.w.s.TokenService - [getToken,237] - user: madaosen, backend Token: Bearer eyJhbGciOiJIUzUxMiJ9.eyJsb2dpbl91c2VyX2tleSI6ImYxYmJiNjVhLTZlYzQtNDg4Ni1hY2M3LTdkZjdmYTkxZjA0YyJ9.2XbJLwaH0AcO9GmF4c9rYdGM1vOnRkWV0_M_G_RTfJNR28k4zwPCUDBXbnn5BPFglD0zNgiJDQM-I3kzB8s8Fg
17:30:26.291 [http-nio-9587-exec-10] INFO  c.r.f.w.s.TokenService - [getToken,237] - user: madaosen, backend Token: Bearer eyJhbGciOiJIUzUxMiJ9.eyJsb2dpbl91c2VyX2tleSI6ImYxYmJiNjVhLTZlYzQtNDg4Ni1hY2M3LTdkZjdmYTkxZjA0YyJ9.2XbJLwaH0AcO9GmF4c9rYdGM1vOnRkWV0_M_G_RTfJNR28k4zwPCUDBXbnn5BPFglD0zNgiJDQM-I3kzB8s8Fg
17:30:26.291 [http-nio-9587-exec-6] INFO  c.r.f.w.s.TokenService - [getToken,237] - user: madaosen, backend Token: Bearer eyJhbGciOiJIUzUxMiJ9.eyJsb2dpbl91c2VyX2tleSI6ImYxYmJiNjVhLTZlYzQtNDg4Ni1hY2M3LTdkZjdmYTkxZjA0YyJ9.2XbJLwaH0AcO9GmF4c9rYdGM1vOnRkWV0_M_G_RTfJNR28k4zwPCUDBXbnn5BPFglD0zNgiJDQM-I3kzB8s8Fg
17:30:26.341 [http-nio-9587-exec-2] INFO  c.r.f.w.s.TokenService - [getToken,237] - user: madaosen, backend Token: Bearer eyJhbGciOiJIUzUxMiJ9.eyJsb2dpbl91c2VyX2tleSI6ImYxYmJiNjVhLTZlYzQtNDg4Ni1hY2M3LTdkZjdmYTkxZjA0YyJ9.2XbJLwaH0AcO9GmF4c9rYdGM1vOnRkWV0_M_G_RTfJNR28k4zwPCUDBXbnn5BPFglD0zNgiJDQM-I3kzB8s8Fg
17:30:26.567 [http-nio-9587-exec-2] INFO  c.r.w.s.i.DigitalEmployeeAgentServiceImpl - [prepareChat,584] - [DEBUG] 数字员工实际发送prompt employeeCode=kcts-todo-employee conversationId=kcts-demo-1788512359950-cb4a50ec prompt=@待办数字员工

以下 JSON 中 currentUser 由科创智方服务端生成；clientReferences 仅是界面引用线索，涉及读取或写入业务数据时必须再次调用科创智方受控接口校验。附件 fileId 也必须按当前用户和 conversationId 校验后才能读取。
{"conversationId":"kcts-demo-1788512359950-cb4a50ec","attachments":[],"currentUser":{"userId":"460","displayName":"madaosen","roleId":"fill_role","roleIds":["operational_improvement_planner_role","pf_unit_dept_leader_role","annual_project_approval_fill_role","fill_role","rd_unit_director_role","unit_verify_role","chief_engineer_leader_role","ai_audit_rule","product_innovation_accept_role","chief_engineer_director_role","workflow_user_update_role","email","rd_unit_leader_role","professional_leader_role","pf_project_manager_role","verify_role","software_cost_manager_role","allocation_role","prospective_study_planner_role","project_read_all_role","science_technology_fill_role","pf_director_role","self_develop_planner_role","hgbz","science_technology_read_role","chief_engineer_manager_role","product_innovation_planner_role","other_accept_role"],"userName":"madaosen"},"clientReferences":{"businessReferences":[{"id":"task:2095324734505078784:FillUndertakeUnitMeetingPassTime:1","kind":"todo","name":"当前任务 · 填写承担单位办公会通过时间","projectId":"2095324734505078784","projectName":"测试表单001","status":"填写承担单位办公会通过时间","taskId":"35952d1d-a843-11f1-aa48-da3bbfe162e3","taskKey":"FillUndertakeUnitMeetingPassTime"}]},"todoContext":{"schemaVersion":"1.0","status":"ready","task":{"taskId":"35952d1d-a843-11f1-aa48-da3bbfe162e3","taskKey":"FillUndertakeUnitMeetingPassTime","taskName":"填写承担单位办公会通过时间","projectId":"2095324734505078784","projectName":"测试表单001","roleLabel":"当前办理人","actionType":"submit","canReject":false},"confirmation":{"required":true,"submitBy":"browser_session","submitToolAllowed":false,"label":"确认提交"},"project":{"id":"2095324734505078784","name":"测试表单001","projectCategory":"operational_improvement","projectCategoryName":"运营提升","projectProfessionalField":"1","projectProfessionalFieldName":"前瞻研究","isPlanProject":"2031553275975671808","isSelfDeveloped":0,"isBaseCutting":0,"requirementUnit":"zqj","requirementUnitName":"中区局","undertakeUnit":"SHGSRHCXYFJD","undertakeUnitName":"上海公司融合创新研发基地","operationUnit":"shgsrhcxyfjd","planStartDate":"2024-11-01","planEndDate":"2025-11-30"},"formSchema":[{"controlId":"undertake_unit_work_meeting_pass_time","controlType":"datetime","label":"承担单位办公会通过时间","value":"","displayValue":"","required":false,"modelMaySuggest":true,"humanConfirmationRequired":true,"options":[]},{"controlId":"upload_undertake_unit_meeting_minutes","controlType":"upload","label":"承担单位办公会议纪要","value":"","displayValue":"","required":false,"modelMaySuggest":false,"humanConfirmationRequired":true,"options":[]}],"responseContract":{"type":"kcts.todo_form_patch","patchKey":"formPatch","knownControlIds":["undertake_unit_work_meeting_pass_time","upload_undertake_unit_meeting_minutes"],"rules":["只能建议 formSchema 中存在的 controlId","select 和 radio 只能使用 options 中的 value","没有充分依据的字段必须留空并加入 missingFields","不得调用工具或接口提交审批，最终提交必须由浏览器当前登录用户确认"]}}}

本轮是科创智方待办辅助，todoContext 是服务端权威上下文。仅使用其中 project、formSchema 和节点 signals；不调用工具，不伪造控件或人员，不替用户提交。审批意见 radio 只用 decisionSuggestion 表达，不列入 formPatch 或 missingFields。处理意见限60个汉字；其他当前结论下的必填项无法确定时才列入 missingFields，此时 status=needs_input 且不建议 approve。只返回符合 responseContract 的一个 kcts.todo_form_patch JSON 对象，不要 Markdown 或额外说明。
17:30:27.545 [http-nio-9587-exec-5] INFO  c.r.f.w.s.TokenService - [getToken,237] - user: madaosen, backend Token: Bearer eyJhbGciOiJIUzUxMiJ9.eyJsb2dpbl91c2VyX2tleSI6ImYxYmJiNjVhLTZlYzQtNDg4Ni1hY2M3LTdkZjdmYTkxZjA0YyJ9.2XbJLwaH0AcO9GmF4c9rYdGM1vOnRkWV0_M_G_RTfJNR28k4zwPCUDBXbnn5BPFglD0zNgiJDQM-I3kzB8s8Fg
17:30:28.747 [http-nio-9587-exec-8] INFO  c.r.f.w.s.TokenService - [getToken,237] - user: madaosen, backend Token: Bearer eyJhbGciOiJIUzUxMiJ9.eyJsb2dpbl91c2VyX2tleSI6ImYxYmJiNjVhLTZlYzQtNDg4Ni1hY2M3LTdkZjdmYTkxZjA0YyJ9.2XbJLwaH0AcO9GmF4c9rYdGM1vOnRkWV0_M_G_RTfJNR28k4zwPCUDBXbnn5BPFglD0zNgiJDQM-I3kzB8s8Fg
17:30:29.955 [http-nio-9587-exec-1] INFO  c.r.f.w.s.TokenService - [getToken,237] - user: madaosen, backend Token: Bearer eyJhbGciOiJIUzUxMiJ9.eyJsb2dpbl91c2VyX2tleSI6ImYxYmJiNjVhLTZlYzQtNDg4Ni1hY2M3LTdkZjdmYTkxZjA0YyJ9.2XbJLwaH0AcO9GmF4c9rYdGM1vOnRkWV0_M_G_RTfJNR28k4zwPCUDBXbnn5BPFglD0zNgiJDQM-I3kzB8s8Fg
17:30:31.158 [http-nio-9587-exec-6] INFO  c.r.f.w.s.TokenService - [getToken,237] - user: madaosen, backend Token: Bearer eyJhbGciOiJIUzUxMiJ9.eyJsb2dpbl91c2VyX2tleSI6ImYxYmJiNjVhLTZlYzQtNDg4Ni1hY2M3LTdkZjdmYTkxZjA0YyJ9.2XbJLwaH0AcO9GmF4c9rYdGM1vOnRkWV0_M_G_RTfJNR28k4zwPCUDBXbnn5BPFglD0zNgiJDQM-I3kzB8s8Fg
17:30:32.407 [http-nio-9587-exec-2] INFO  c.r.f.w.s.TokenService - [getToken,237] - user: madaosen, backend Token: Bearer eyJhbGciOiJIUzUxMiJ9.eyJsb2dpbl91c2VyX2tleSI6ImYxYmJiNjVhLTZlYzQtNDg4Ni1hY2M3LTdkZjdmYTkxZjA0YyJ9.2XbJLwaH0AcO9GmF4c9rYdGM1vOnRkWV0_M_G_RTfJNR28k4zwPCUDBXbnn5BPFglD0zNgiJDQM-I3kzB8s8Fg
17:30:33.472 [http-nio-9587-exec-9] INFO  c.r.f.w.s.TokenService - [getToken,237] - user: madaosen, backend Token: Bearer eyJhbGciOiJIUzUxMiJ9.eyJsb2dpbl91c2VyX2tleSI6ImYxYmJiNjVhLTZlYzQtNDg4Ni1hY2M3LTdkZjdmYTkxZjA0YyJ9.2XbJLwaH0AcO9GmF4c9rYdGM1vOnRkWV0_M_G_RTfJNR28k4zwPCUDBXbnn5BPFglD0zNgiJDQM-I3kzB8s8Fg
17:30:33.563 [http-nio-9587-exec-4] INFO  c.r.f.w.s.TokenService - [getToken,237] - user: madaosen, backend Token: Bearer eyJhbGciOiJIUzUxMiJ9.eyJsb2dpbl91c2VyX2tleSI6ImYxYmJiNjVhLTZlYzQtNDg4Ni1hY2M3LTdkZjdmYTkxZjA0YyJ9.2XbJLwaH0AcO9GmF4c9rYdGM1vOnRkWV0_M_G_RTfJNR28k4zwPCUDBXbnn5BPFglD0zNgiJDQM-I3kzB8s8Fg
17:30:33.577 [http-nio-9587-exec-10] INFO  c.r.f.w.s.TokenService - [getToken,237] - user: madaosen, backend Token: Bearer eyJhbGciOiJIUzUxMiJ9.eyJsb2dpbl91c2VyX2tleSI6ImYxYmJiNjVhLTZlYzQtNDg4Ni1hY2M3LTdkZjdmYTkxZjA0YyJ9.2XbJLwaH0AcO9GmF4c9rYdGM1vOnRkWV0_M_G_RTfJNR28k4zwPCUDBXbnn5BPFglD0zNgiJDQM-I3kzB8s8Fg
17:30:33.991 [http-nio-9587-exec-7] INFO  c.r.f.w.s.TokenService - [getToken,237] - user: madaosen, backend Token: Bearer eyJhbGciOiJIUzUxMiJ9.eyJsb2dpbl91c2VyX2tleSI6ImYxYmJiNjVhLTZlYzQtNDg4Ni1hY2M3LTdkZjdmYTkxZjA0YyJ9.2XbJLwaH0AcO9GmF4c9rYdGM1vOnRkWV0_M_G_RTfJNR28k4zwPCUDBXbnn5BPFglD0zNgiJDQM-I3kzB8s8Fg
17:30:34.760 [http-nio-9587-exec-3] INFO  c.r.f.w.s.TokenService - [getToken,237] - user: madaosen, backend Token: Bearer eyJhbGciOiJIUzUxMiJ9.eyJsb2dpbl91c2VyX2tleSI6ImYxYmJiNjVhLTZlYzQtNDg4Ni1hY2M3LTdkZjdmYTkxZjA0YyJ9.2XbJLwaH0AcO9GmF4c9rYdGM1vOnRkWV0_M_G_RTfJNR28k4zwPCUDBXbnn5BPFglD0zNgiJDQM-I3kzB8s8Fg
17:30:34.878 [http-nio-9587-exec-9] INFO  c.r.f.w.s.TokenService - [getToken,237] - user: madaosen, backend Token: Bearer eyJhbGciOiJIUzUxMiJ9.eyJsb2dpbl91c2VyX2tleSI6ImYxYmJiNjVhLTZlYzQtNDg4Ni1hY2M3LTdkZjdmYTkxZjA0YyJ9.2XbJLwaH0AcO9GmF4c9rYdGM1vOnRkWV0_M_G_RTfJNR28k4zwPCUDBXbnn5BPFglD0zNgiJDQM-I3kzB8s8Fg
17:30:34.905 [http-nio-9587-exec-4] INFO  c.r.f.w.s.TokenService - [getToken,237] - user: madaosen, backend Token: Bearer eyJhbGciOiJIUzUxMiJ9.eyJsb2dpbl91c2VyX2tleSI6ImYxYmJiNjVhLTZlYzQtNDg4Ni1hY2M3LTdkZjdmYTkxZjA0YyJ9.2XbJLwaH0AcO9GmF4c9rYdGM1vOnRkWV0_M_G_RTfJNR28k4zwPCUDBXbnn5BPFglD0zNgiJDQM-I3kzB8s8Fg
17:32:11.389 [SpringApplicationShutdownHook] INFO  o.q.c.QuartzScheduler - [standby,585] - Scheduler RuoyiScheduler_$_DESKTOP-GL3RGKM1788513171591 paused.
17:32:11.390 [SpringApplicationShutdownHook] INFO  o.a.s.AbstractActivitiSmartLifeCycle - [stop,95] - Stopping...
17:32:11.390 [SpringApplicationShutdownHook] INFO  o.a.s.AbstractActivitiSmartLifeCycle - [stop,99] - Stopped.
17:32:11.390 [SpringApplicationShutdownHook] INFO  o.a.s.AbstractActivitiSmartLifeCycle - [stop,95] - Stopping...
17:32:11.390 [SpringApplicationShutdownHook] INFO  o.a.s.AbstractActivitiSmartLifeCycle - [stop,99] - Stopped.
17:32:11.390 [SpringApplicationShutdownHook] INFO  o.a.s.AbstractActivitiSmartLifeCycle - [stop,95] - Stopping...
17:32:11.390 [SpringApplicationShutdownHook] INFO  o.a.s.AbstractActivitiSmartLifeCycle - [stop,99] - Stopped.
17:32:11.390 [SpringApplicationShutdownHook] INFO  o.a.s.AbstractActivitiSmartLifeCycle - [stop,95] - Stopping...
17:32:11.390 [SpringApplicationShutdownHook] INFO  o.a.s.AbstractActivitiSmartLifeCycle - [stop,99] - Stopped.
17:32:13.237 [SpringApplicationShutdownHook] INFO  o.q.c.QuartzScheduler - [shutdown,666] - Scheduler RuoyiScheduler_$_DESKTOP-GL3RGKM1788513171591 shutting down.
17:32:13.237 [SpringApplicationShutdownHook] INFO  o.q.c.QuartzScheduler - [standby,585] - Scheduler RuoyiScheduler_$_DESKTOP-GL3RGKM1788513171591 paused.
17:32:13.238 [SpringApplicationShutdownHook] INFO  o.q.c.QuartzScheduler - [shutdown,740] - Scheduler RuoyiScheduler_$_DESKTOP-GL3RGKM1788513171591 shutdown complete.
17:32:13.238 [SpringApplicationShutdownHook] INFO  sys-user - [shutdownAsyncManager,31] - ====关闭后台任务任务线程池====
17:32:13.246 [SpringApplicationShutdownHook] INFO  o.a.e.i.a.DefaultAsyncJobExecutor - [shutdown,212] - Shutting down the default async job executor [org.activiti.spring.SpringAsyncExecutor].
17:32:13.247 [activiti-acquire-timer-jobs] INFO  o.a.e.i.a.AcquireTimerJobsRunnable - [run,119] - {} stopped async job due acquisition
17:32:13.247 [activiti-reset-expired-jobs] INFO  o.a.e.i.a.ResetExpiredJobsRunnable - [run,103] - {} stopped resetting expired jobs
17:32:13.247 [activiti-acquire-async-jobs] INFO  o.a.e.i.a.AcquireAsyncJobsDueRunnable - [run,119] - {} stopped async job due acquisition
17:32:13.262 [SpringApplicationShutdownHook] INFO  c.a.d.p.DruidDataSource - [close,2032] - {dataSource-1} closing ...
17:32:13.267 [SpringApplicationShutdownHook] INFO  c.a.d.p.DruidDataSource - [close,2104] - {dataSource-1} closed
17:32:30.132 [restartedMain] INFO  c.r.RuoYiApplication - [logStarting,53] - Starting RuoYiApplication using Java 17.0.10 with PID 23716 (C:\Users\Administrator\Desktop\kcts\kcts\ruoyi-admin\target\classes started by Administrator in C:\Users\Administrator\Desktop\kcts)
17:32:30.135 [restartedMain] INFO  c.r.RuoYiApplication - [logStartupProfileInfo,658] - The following 1 profile is active: "local"
17:32:36.371 [restartedMain] INFO  o.a.c.c.AprLifecycleListener - [log,173] - An older version [1.2.35] of the Apache Tomcat Native library is installed, while Tomcat recommends a minimum version of [2.0.5]
17:32:36.372 [restartedMain] INFO  o.a.c.c.AprLifecycleListener - [log,173] - Loaded Apache Tomcat Native library [1.2.35] using APR version [1.7.0].
17:32:36.375 [restartedMain] INFO  o.a.c.c.AprLifecycleListener - [log,173] - OpenSSL successfully initialized [OpenSSL 1.1.1q  5 Jul 2022]
17:32:36.397 [restartedMain] INFO  o.a.c.c.StandardService - [log,173] - Starting service [Tomcat]
17:32:36.398 [restartedMain] INFO  o.a.c.c.StandardEngine - [log,173] - Starting Servlet engine: [Apache Tomcat/10.1.33]
17:32:36.593 [restartedMain] INFO  o.a.c.c.C.[.[.[/] - [log,173] - Initializing Spring embedded WebApplicationContext
17:32:39.828 [restartedMain] INFO  c.a.d.p.DruidDataSource - [init,985] - {dataSource-1} inited
17:32:46.696 [restartedMain] INFO  o.a.s.r.ResourceFinder - [discoverResources,49] - No process definitions were found for auto-deployment in the location `classpath*:**/processes/`
17:32:48.458 [restartedMain] INFO  o.a.s.r.ResourceFinder - [discoverResources,49] - No process extensions were found for auto-deployment in the location 'classpath*:**/processes/'
17:32:48.714 [restartedMain] INFO  o.a.e.i.c.ProcessEngineConfigurationImpl - [initConfigurators,1570] - Found 1 Process Engine Configurators in total:
17:32:48.716 [restartedMain] INFO  o.a.e.i.c.ProcessEngineConfigurationImpl - [initConfigurators,1572] - class org.activiti.spring.process.conf.ProcessExtensionsConfiguratorAutoConfiguration (priority:10000)
17:32:48.716 [restartedMain] INFO  o.a.e.i.c.ProcessEngineConfigurationImpl - [configuratorsBeforeInit,1582] - Executing beforeInit() of class org.activiti.spring.process.conf.ProcessExtensionsConfiguratorAutoConfiguration (priority:10000)
17:32:49.509 [restartedMain] INFO  o.a.e.i.c.ProcessEngineConfigurationImpl - [configuratorsAfterInit,1589] - Executing configure() of class org.activiti.spring.process.conf.ProcessExtensionsConfiguratorAutoConfiguration (priority:10000)
17:32:49.540 [restartedMain] INFO  o.a.e.i.ProcessEngineImpl - [<init>,78] - ProcessEngine default created
17:32:49.543 [restartedMain] INFO  o.a.e.i.a.DefaultAsyncJobExecutor - [start,173] - Starting up the default async job executor [org.activiti.spring.SpringAsyncExecutor].
17:32:49.544 [Thread-4] INFO  o.a.e.i.a.AcquireAsyncJobsDueRunnable - [run,49] - {} starting to acquire async jobs due
17:32:49.544 [Thread-5] INFO  o.a.e.i.a.AcquireTimerJobsRunnable - [run,53] - {} starting to acquire async jobs due
17:32:49.544 [Thread-6] INFO  o.a.e.i.a.ResetExpiredJobsRunnable - [run,55] - {} starting to reset expired jobs
17:32:49.650 [restartedMain] INFO  o.a.e.i.c.DeployCmd - [executeDeploy,103] - Launching new deployment with version: 1
17:32:53.457 [restartedMain] INFO  o.q.i.StdSchedulerFactory - [instantiate,1220] - Using default implementation for ThreadExecutor
17:32:53.483 [restartedMain] INFO  o.q.c.SchedulerSignalerImpl - [<init>,61] - Initialized Scheduler Signaller of type: class org.quartz.core.SchedulerSignalerImpl
17:32:53.483 [restartedMain] INFO  o.q.c.QuartzScheduler - [<init>,229] - Quartz Scheduler v.2.3.2 created.
17:32:53.493 [restartedMain] INFO  o.q.c.QuartzScheduler - [initialize,294] - Scheduler meta-data: Quartz Scheduler (v2.3.2) 'RuoyiScheduler' with instanceId 'DESKTOP-GL3RGKM1788514373461'
  Scheduler class: 'org.quartz.core.QuartzScheduler' - running locally.
  NOT STARTED.
  Currently in standby mode.
  Number of jobs executed: 0
  Using thread pool 'org.quartz.simpl.SimpleThreadPool' - with 20 threads.
  Using job-store 'org.springframework.scheduling.quartz.LocalDataSourceJobStore' - which supports persistence. and is clustered.

17:32:53.494 [restartedMain] INFO  o.q.i.StdSchedulerFactory - [instantiate,1374] - Quartz scheduler 'RuoyiScheduler' initialized from an externally provided properties instance.
17:32:53.494 [restartedMain] INFO  o.q.i.StdSchedulerFactory - [instantiate,1378] - Quartz scheduler version: 2.3.2
17:32:53.497 [restartedMain] INFO  o.q.c.QuartzScheduler - [setJobFactory,2293] - JobFactory set to: org.springframework.scheduling.quartz.AdaptableJobFactory@4f3888a6
17:32:54.878 [restartedMain] INFO  o.a.c.w.s.f.ReflectionServiceFactoryBean - [buildServiceFromClass,436] - Creating Service {http://impl.webservice.system.ruoyi.com/}OADeptServiceImplService from class com.ruoyi.system.webservice.impl.OADeptServiceImpl
17:32:56.026 [restartedMain] INFO  o.a.c.e.ServerImpl - [initDestination,95] - Setting the server's publish address to be /syncdep
17:32:56.077 [restartedMain] INFO  o.a.c.w.s.f.ReflectionServiceFactoryBean - [buildServiceFromClass,436] - Creating Service {http://impl.webservice.system.ruoyi.com/}OAUserServiceImplService from class com.ruoyi.system.webservice.impl.OAUserServiceImpl
17:32:56.197 [restartedMain] INFO  o.a.c.e.ServerImpl - [initDestination,95] - Setting the server's publish address to be /syncuser
17:32:56.208 [restartedMain] INFO  o.a.c.w.s.f.ReflectionServiceFactoryBean - [buildServiceFromClass,436] - Creating Service {http://ideal.sh.cn.tc}ICreateInfoServiceService from class com.ruoyi.system.webservice.createinfo.ICreateInfoService
17:33:02.186 [restartedMain] INFO  o.a.s.AbstractActivitiSmartLifeCycle - [start,81] - Starting...
17:33:02.537 [restartedMain] INFO  o.a.s.AbstractActivitiSmartLifeCycle - [start,86] - Started.
17:33:02.537 [restartedMain] INFO  o.a.s.AbstractActivitiSmartLifeCycle - [start,81] - Starting...
17:33:02.577 [restartedMain] INFO  o.a.s.AbstractActivitiSmartLifeCycle - [start,86] - Started.
17:33:02.577 [restartedMain] INFO  o.a.s.AbstractActivitiSmartLifeCycle - [start,81] - Starting...
17:33:03.229 [Quartz Scheduler [RuoyiScheduler]] INFO  o.q.c.QuartzScheduler - [start,547] - Scheduler RuoyiScheduler_$_DESKTOP-GL3RGKM1788514373461 started.
17:33:04.314 [restartedMain] INFO  o.a.s.AbstractActivitiSmartLifeCycle - [start,86] - Started.
17:33:04.314 [restartedMain] INFO  o.a.s.AbstractActivitiSmartLifeCycle - [start,81] - Starting...
17:33:08.721 [restartedMain] INFO  o.a.s.AbstractActivitiSmartLifeCycle - [start,86] - Started.
17:33:08.747 [restartedMain] INFO  c.r.RuoYiApplication - [logStarted,59] - Started RuoYiApplication in 39.267 seconds (process running for 41.384)
17:33:09.044 [restartedMain] INFO  c.r.w.k.SaslClient - [consume,109] - login user: admin
17:33:09.096 [restartedMain] INFO  o.a.k.c.c.ConsumerConfig - [logAll,347] - ConsumerConfig values: 
	allow.auto.create.topics = true
	auto.commit.interval.ms = 5000
	auto.offset.reset = earliest
	bootstrap.servers = [10.145.219.3:8423, 10.145.219.4:8423, 10.145.219.5:8423]
	check.crcs = true
	client.dns.lookup = default
	client.id = 
	client.rack = 
	connections.max.idle.ms = 540000
	default.api.timeout.ms = 60000
	enable.auto.commit = false
	exclude.internal.topics = true
	fetch.max.bytes = 52428800
	fetch.max.wait.ms = 500
	fetch.min.bytes = 1
	group.id = DE_C_HRMS_STIEP
	group.instance.id = null
	heartbeat.interval.ms = 3000
	interceptor.classes = []
	internal.leave.group.on.close = true
	isolation.level = read_uncommitted
	key.deserializer = class org.apache.kafka.common.serialization.StringDeserializer
	max.partition.fetch.bytes = 1048576
	max.poll.interval.ms = 300000
	max.poll.records = 30
	metadata.max.age.ms = 300000
	metric.reporters = []
	metrics.num.samples = 2
	metrics.recording.level = INFO
	metrics.sample.window.ms = 30000
	partition.assignment.strategy = [class org.apache.kafka.clients.consumer.RangeAssignor]
	receive.buffer.bytes = 65536
	reconnect.backoff.max.ms = 1000
	reconnect.backoff.ms = 50
	request.timeout.ms = 30000
	retry.backoff.ms = 100
	sasl.client.callback.handler.class = null
	sasl.jaas.config = [hidden]
	sasl.kerberos.kinit.cmd = /usr/bin/kinit
	sasl.kerberos.min.time.before.relogin = 60000
	sasl.kerberos.service.name = null
	sasl.kerberos.ticket.renew.jitter = 0.05
	sasl.kerberos.ticket.renew.window.factor = 0.8
	sasl.login.callback.handler.class = null
	sasl.login.class = null
	sasl.login.refresh.buffer.seconds = 300
	sasl.login.refresh.min.period.seconds = 60
	sasl.login.refresh.window.factor = 0.8
	sasl.login.refresh.window.jitter = 0.05
	sasl.mechanism = SCRAM-SHA-512
	security.protocol = SASL_PLAINTEXT
	send.buffer.bytes = 131072
	session.timeout.ms = 10000
	ssl.cipher.suites = null
	ssl.enabled.protocols = [TLSv1.2, TLSv1.1, TLSv1]
	ssl.endpoint.identification.algorithm = https
	ssl.key.password = null
	ssl.keymanager.algorithm = SunX509
	ssl.keystore.location = null
	ssl.keystore.password = null
	ssl.keystore.type = JKS
	ssl.protocol = TLS
	ssl.provider = null
	ssl.secure.random.implementation = null
	ssl.trustmanager.algorithm = PKIX
	ssl.truststore.location = null
	ssl.truststore.password = null
	ssl.truststore.type = JKS
	value.deserializer = class org.apache.kafka.common.serialization.StringDeserializer

17:33:09.359 [restartedMain] INFO  o.a.k.c.s.a.AbstractLogin - [login,61] - Successfully logged in.
17:33:10.329 [RMI TCP Connection(5)-172.33.1.108] INFO  o.a.c.c.C.[.[.[/] - [log,173] - Initializing Spring DispatcherServlet 'dispatcherServlet'
17:33:10.691 [restartedMain] INFO  o.a.k.c.u.AppInfoParser - [<init>,117] - Kafka version: 2.3.0
17:33:10.692 [restartedMain] INFO  o.a.k.c.u.AppInfoParser - [<init>,118] - Kafka commitId: fc1aaa116b661c8a
17:33:10.692 [restartedMain] INFO  o.a.k.c.u.AppInfoParser - [<init>,119] - Kafka startTimeMs: 1788514390684
17:33:10.699 [restartedMain] INFO  o.a.k.c.c.KafkaConsumer - [subscribe,964] - [Consumer clientId=consumer-1, groupId=DE_C_HRMS_STIEP] Subscribed to topic(s): DE_HRMS_STIEP
17:33:10.700 [restartedMain] INFO  c.r.w.k.SaslClient - [consume,127] - start consumer kafka
17:33:18.991 [http-nio-9587-exec-2] INFO  c.r.f.w.s.TokenService - [getToken,237] - user: madaosen, backend Token: Bearer eyJhbGciOiJIUzUxMiJ9.eyJsb2dpbl91c2VyX2tleSI6ImYxYmJiNjVhLTZlYzQtNDg4Ni1hY2M3LTdkZjdmYTkxZjA0YyJ9.2XbJLwaH0AcO9GmF4c9rYdGM1vOnRkWV0_M_G_RTfJNR28k4zwPCUDBXbnn5BPFglD0zNgiJDQM-I3kzB8s8Fg
17:33:19.220 [http-nio-9587-exec-10] INFO  c.r.f.w.s.TokenService - [getToken,237] - user: madaosen, backend Token: Bearer eyJhbGciOiJIUzUxMiJ9.eyJsb2dpbl91c2VyX2tleSI6ImYxYmJiNjVhLTZlYzQtNDg4Ni1hY2M3LTdkZjdmYTkxZjA0YyJ9.2XbJLwaH0AcO9GmF4c9rYdGM1vOnRkWV0_M_G_RTfJNR28k4zwPCUDBXbnn5BPFglD0zNgiJDQM-I3kzB8s8Fg
17:33:19.223 [http-nio-9587-exec-4] INFO  c.r.f.w.s.TokenService - [getToken,237] - user: madaosen, backend Token: Bearer eyJhbGciOiJIUzUxMiJ9.eyJsb2dpbl91c2VyX2tleSI6ImYxYmJiNjVhLTZlYzQtNDg4Ni1hY2M3LTdkZjdmYTkxZjA0YyJ9.2XbJLwaH0AcO9GmF4c9rYdGM1vOnRkWV0_M_G_RTfJNR28k4zwPCUDBXbnn5BPFglD0zNgiJDQM-I3kzB8s8Fg
17:33:19.226 [http-nio-9587-exec-5] INFO  c.r.f.w.s.TokenService - [getToken,237] - user: madaosen, backend Token: Bearer eyJhbGciOiJIUzUxMiJ9.eyJsb2dpbl91c2VyX2tleSI6ImYxYmJiNjVhLTZlYzQtNDg4Ni1hY2M3LTdkZjdmYTkxZjA0YyJ9.2XbJLwaH0AcO9GmF4c9rYdGM1vOnRkWV0_M_G_RTfJNR28k4zwPCUDBXbnn5BPFglD0zNgiJDQM-I3kzB8s8Fg
17:33:19.233 [http-nio-9587-exec-2] INFO  c.r.f.w.s.TokenService - [getToken,237] - user: madaosen, backend Token: Bearer eyJhbGciOiJIUzUxMiJ9.eyJsb2dpbl91c2VyX2tleSI6ImYxYmJiNjVhLTZlYzQtNDg4Ni1hY2M3LTdkZjdmYTkxZjA0YyJ9.2XbJLwaH0AcO9GmF4c9rYdGM1vOnRkWV0_M_G_RTfJNR28k4zwPCUDBXbnn5BPFglD0zNgiJDQM-I3kzB8s8Fg
17:33:19.258 [http-nio-9587-exec-1] INFO  c.r.f.w.s.TokenService - [getToken,237] - user: madaosen, backend Token: Bearer eyJhbGciOiJIUzUxMiJ9.eyJsb2dpbl91c2VyX2tleSI6ImYxYmJiNjVhLTZlYzQtNDg4Ni1hY2M3LTdkZjdmYTkxZjA0YyJ9.2XbJLwaH0AcO9GmF4c9rYdGM1vOnRkWV0_M_G_RTfJNR28k4zwPCUDBXbnn5BPFglD0zNgiJDQM-I3kzB8s8Fg
17:33:19.262 [http-nio-9587-exec-8] INFO  c.r.f.w.s.TokenService - [getToken,237] - user: madaosen, backend Token: Bearer eyJhbGciOiJIUzUxMiJ9.eyJsb2dpbl91c2VyX2tleSI6ImYxYmJiNjVhLTZlYzQtNDg4Ni1hY2M3LTdkZjdmYTkxZjA0YyJ9.2XbJLwaH0AcO9GmF4c9rYdGM1vOnRkWV0_M_G_RTfJNR28k4zwPCUDBXbnn5BPFglD0zNgiJDQM-I3kzB8s8Fg
17:33:19.369 [http-nio-9587-exec-2] INFO  c.r.f.w.s.TokenService - [getToken,237] - user: madaosen, backend Token: Bearer eyJhbGciOiJIUzUxMiJ9.eyJsb2dpbl91c2VyX2tleSI6ImYxYmJiNjVhLTZlYzQtNDg4Ni1hY2M3LTdkZjdmYTkxZjA0YyJ9.2XbJLwaH0AcO9GmF4c9rYdGM1vOnRkWV0_M_G_RTfJNR28k4zwPCUDBXbnn5BPFglD0zNgiJDQM-I3kzB8s8Fg
17:33:19.385 [http-nio-9587-exec-7] INFO  c.r.f.w.s.TokenService - [getToken,237] - user: madaosen, backend Token: Bearer eyJhbGciOiJIUzUxMiJ9.eyJsb2dpbl91c2VyX2tleSI6ImYxYmJiNjVhLTZlYzQtNDg4Ni1hY2M3LTdkZjdmYTkxZjA0YyJ9.2XbJLwaH0AcO9GmF4c9rYdGM1vOnRkWV0_M_G_RTfJNR28k4zwPCUDBXbnn5BPFglD0zNgiJDQM-I3kzB8s8Fg
17:33:19.394 [http-nio-9587-exec-9] INFO  c.r.f.w.s.TokenService - [getToken,237] - user: madaosen, backend Token: Bearer eyJhbGciOiJIUzUxMiJ9.eyJsb2dpbl91c2VyX2tleSI6ImYxYmJiNjVhLTZlYzQtNDg4Ni1hY2M3LTdkZjdmYTkxZjA0YyJ9.2XbJLwaH0AcO9GmF4c9rYdGM1vOnRkWV0_M_G_RTfJNR28k4zwPCUDBXbnn5BPFglD0zNgiJDQM-I3kzB8s8Fg
17:33:19.553 [http-nio-9587-exec-6] INFO  c.r.f.w.s.TokenService - [getToken,237] - user: madaosen, backend Token: Bearer eyJhbGciOiJIUzUxMiJ9.eyJsb2dpbl91c2VyX2tleSI6ImYxYmJiNjVhLTZlYzQtNDg4Ni1hY2M3LTdkZjdmYTkxZjA0YyJ9.2XbJLwaH0AcO9GmF4c9rYdGM1vOnRkWV0_M_G_RTfJNR28k4zwPCUDBXbnn5BPFglD0zNgiJDQM-I3kzB8s8Fg
17:33:19.676 [http-nio-9587-exec-3] INFO  c.r.f.w.s.TokenService - [getToken,237] - user: madaosen, backend Token: Bearer eyJhbGciOiJIUzUxMiJ9.eyJsb2dpbl91c2VyX2tleSI6ImYxYmJiNjVhLTZlYzQtNDg4Ni1hY2M3LTdkZjdmYTkxZjA0YyJ9.2XbJLwaH0AcO9GmF4c9rYdGM1vOnRkWV0_M_G_RTfJNR28k4zwPCUDBXbnn5BPFglD0zNgiJDQM-I3kzB8s8Fg
17:33:19.678 [http-nio-9587-exec-4] INFO  c.r.f.w.s.TokenService - [getToken,237] - user: madaosen, backend Token: Bearer eyJhbGciOiJIUzUxMiJ9.eyJsb2dpbl91c2VyX2tleSI6ImYxYmJiNjVhLTZlYzQtNDg4Ni1hY2M3LTdkZjdmYTkxZjA0YyJ9.2XbJLwaH0AcO9GmF4c9rYdGM1vOnRkWV0_M_G_RTfJNR28k4zwPCUDBXbnn5BPFglD0zNgiJDQM-I3kzB8s8Fg
17:33:19.682 [http-nio-9587-exec-2] INFO  c.r.f.w.s.TokenService - [getToken,237] - user: madaosen, backend Token: Bearer eyJhbGciOiJIUzUxMiJ9.eyJsb2dpbl91c2VyX2tleSI6ImYxYmJiNjVhLTZlYzQtNDg4Ni1hY2M3LTdkZjdmYTkxZjA0YyJ9.2XbJLwaH0AcO9GmF4c9rYdGM1vOnRkWV0_M_G_RTfJNR28k4zwPCUDBXbnn5BPFglD0zNgiJDQM-I3kzB8s8Fg
17:33:19.712 [http-nio-9587-exec-9] INFO  c.r.f.w.s.TokenService - [getToken,237] - user: madaosen, backend Token: Bearer eyJhbGciOiJIUzUxMiJ9.eyJsb2dpbl91c2VyX2tleSI6ImYxYmJiNjVhLTZlYzQtNDg4Ni1hY2M3LTdkZjdmYTkxZjA0YyJ9.2XbJLwaH0AcO9GmF4c9rYdGM1vOnRkWV0_M_G_RTfJNR28k4zwPCUDBXbnn5BPFglD0zNgiJDQM-I3kzB8s8Fg
17:33:19.747 [http-nio-9587-exec-7] INFO  c.r.f.w.s.TokenService - [getToken,237] - user: madaosen, backend Token: Bearer eyJhbGciOiJIUzUxMiJ9.eyJsb2dpbl91c2VyX2tleSI6ImYxYmJiNjVhLTZlYzQtNDg4Ni1hY2M3LTdkZjdmYTkxZjA0YyJ9.2XbJLwaH0AcO9GmF4c9rYdGM1vOnRkWV0_M_G_RTfJNR28k4zwPCUDBXbnn5BPFglD0zNgiJDQM-I3kzB8s8Fg
17:33:19.750 [http-nio-9587-exec-10] INFO  c.r.f.w.s.TokenService - [getToken,237] - user: madaosen, backend Token: Bearer eyJhbGciOiJIUzUxMiJ9.eyJsb2dpbl91c2VyX2tleSI6ImYxYmJiNjVhLTZlYzQtNDg4Ni1hY2M3LTdkZjdmYTkxZjA0YyJ9.2XbJLwaH0AcO9GmF4c9rYdGM1vOnRkWV0_M_G_RTfJNR28k4zwPCUDBXbnn5BPFglD0zNgiJDQM-I3kzB8s8Fg
17:33:19.861 [http-nio-9587-exec-6] INFO  c.r.f.w.s.TokenService - [getToken,237] - user: madaosen, backend Token: Bearer eyJhbGciOiJIUzUxMiJ9.eyJsb2dpbl91c2VyX2tleSI6ImYxYmJiNjVhLTZlYzQtNDg4Ni1hY2M3LTdkZjdmYTkxZjA0YyJ9.2XbJLwaH0AcO9GmF4c9rYdGM1vOnRkWV0_M_G_RTfJNR28k4zwPCUDBXbnn5BPFglD0zNgiJDQM-I3kzB8s8Fg
17:33:19.885 [http-nio-9587-exec-4] INFO  c.r.f.w.s.TokenService - [getToken,237] - user: madaosen, backend Token: Bearer eyJhbGciOiJIUzUxMiJ9.eyJsb2dpbl91c2VyX2tleSI6ImYxYmJiNjVhLTZlYzQtNDg4Ni1hY2M3LTdkZjdmYTkxZjA0YyJ9.2XbJLwaH0AcO9GmF4c9rYdGM1vOnRkWV0_M_G_RTfJNR28k4zwPCUDBXbnn5BPFglD0zNgiJDQM-I3kzB8s8Fg
17:33:19.891 [http-nio-9587-exec-3] INFO  c.r.f.w.s.TokenService - [getToken,237] - user: madaosen, backend Token: Bearer eyJhbGciOiJIUzUxMiJ9.eyJsb2dpbl91c2VyX2tleSI6ImYxYmJiNjVhLTZlYzQtNDg4Ni1hY2M3LTdkZjdmYTkxZjA0YyJ9.2XbJLwaH0AcO9GmF4c9rYdGM1vOnRkWV0_M_G_RTfJNR28k4zwPCUDBXbnn5BPFglD0zNgiJDQM-I3kzB8s8Fg
17:33:19.947 [http-nio-9587-exec-7] INFO  c.r.f.w.s.TokenService - [getToken,237] - user: madaosen, backend Token: Bearer eyJhbGciOiJIUzUxMiJ9.eyJsb2dpbl91c2VyX2tleSI6ImYxYmJiNjVhLTZlYzQtNDg4Ni1hY2M3LTdkZjdmYTkxZjA0YyJ9.2XbJLwaH0AcO9GmF4c9rYdGM1vOnRkWV0_M_G_RTfJNR28k4zwPCUDBXbnn5BPFglD0zNgiJDQM-I3kzB8s8Fg
17:33:20.030 [http-nio-9587-exec-8] INFO  c.r.f.w.s.TokenService - [getToken,237] - user: madaosen, backend Token: Bearer eyJhbGciOiJIUzUxMiJ9.eyJsb2dpbl91c2VyX2tleSI6ImYxYmJiNjVhLTZlYzQtNDg4Ni1hY2M3LTdkZjdmYTkxZjA0YyJ9.2XbJLwaH0AcO9GmF4c9rYdGM1vOnRkWV0_M_G_RTfJNR28k4zwPCUDBXbnn5BPFglD0zNgiJDQM-I3kzB8s8Fg
17:33:24.625 [http-nio-9587-exec-9] INFO  c.r.f.w.s.TokenService - [getToken,237] - user: madaosen, backend Token: Bearer eyJhbGciOiJIUzUxMiJ9.eyJsb2dpbl91c2VyX2tleSI6ImYxYmJiNjVhLTZlYzQtNDg4Ni1hY2M3LTdkZjdmYTkxZjA0YyJ9.2XbJLwaH0AcO9GmF4c9rYdGM1vOnRkWV0_M_G_RTfJNR28k4zwPCUDBXbnn5BPFglD0zNgiJDQM-I3kzB8s8Fg
17:33:25.274 [http-nio-9587-exec-7] INFO  c.r.f.w.s.TokenService - [getToken,237] - user: madaosen, backend Token: Bearer eyJhbGciOiJIUzUxMiJ9.eyJsb2dpbl91c2VyX2tleSI6ImYxYmJiNjVhLTZlYzQtNDg4Ni1hY2M3LTdkZjdmYTkxZjA0YyJ9.2XbJLwaH0AcO9GmF4c9rYdGM1vOnRkWV0_M_G_RTfJNR28k4zwPCUDBXbnn5BPFglD0zNgiJDQM-I3kzB8s8Fg
17:33:25.288 [http-nio-9587-exec-7] INFO  c.r.f.w.s.TokenService - [getToken,237] - user: madaosen, backend Token: Bearer eyJhbGciOiJIUzUxMiJ9.eyJsb2dpbl91c2VyX2tleSI6ImYxYmJiNjVhLTZlYzQtNDg4Ni1hY2M3LTdkZjdmYTkxZjA0YyJ9.2XbJLwaH0AcO9GmF4c9rYdGM1vOnRkWV0_M_G_RTfJNR28k4zwPCUDBXbnn5BPFglD0zNgiJDQM-I3kzB8s8Fg
17:33:25.300 [http-nio-9587-exec-8] INFO  c.r.f.w.s.TokenService - [getToken,237] - user: madaosen, backend Token: Bearer eyJhbGciOiJIUzUxMiJ9.eyJsb2dpbl91c2VyX2tleSI6ImYxYmJiNjVhLTZlYzQtNDg4Ni1hY2M3LTdkZjdmYTkxZjA0YyJ9.2XbJLwaH0AcO9GmF4c9rYdGM1vOnRkWV0_M_G_RTfJNR28k4zwPCUDBXbnn5BPFglD0zNgiJDQM-I3kzB8s8Fg
17:33:25.337 [http-nio-9587-exec-1] INFO  c.r.f.w.s.TokenService - [getToken,237] - user: madaosen, backend Token: Bearer eyJhbGciOiJIUzUxMiJ9.eyJsb2dpbl91c2VyX2tleSI6ImYxYmJiNjVhLTZlYzQtNDg4Ni1hY2M3LTdkZjdmYTkxZjA0YyJ9.2XbJLwaH0AcO9GmF4c9rYdGM1vOnRkWV0_M_G_RTfJNR28k4zwPCUDBXbnn5BPFglD0zNgiJDQM-I3kzB8s8Fg
17:33:25.743 [http-nio-9587-exec-1] INFO  c.r.w.s.i.DigitalEmployeeAgentServiceImpl - [prepareChat,584] - [DEBUG] 数字员工实际发送prompt employeeCode=kcts-todo-employee conversationId=kcts-demo-1788514399124-44cdaa66 prompt=@待办数字员工

以下 JSON 中 currentUser 由科创智方服务端生成；clientReferences 仅是界面引用线索，涉及读取或写入业务数据时必须再次调用科创智方受控接口校验。附件 fileId 也必须按当前用户和 conversationId 校验后才能读取。
{"conversationId":"kcts-demo-1788514399124-44cdaa66","attachments":[],"currentUser":{"roleIds":["operational_improvement_planner_role","pf_unit_dept_leader_role","annual_project_approval_fill_role","fill_role","rd_unit_director_role","unit_verify_role","chief_engineer_leader_role","ai_audit_rule","product_innovation_accept_role","chief_engineer_director_role","workflow_user_update_role","email","rd_unit_leader_role","professional_leader_role","pf_project_manager_role","verify_role","software_cost_manager_role","allocation_role","prospective_study_planner_role","project_read_all_role","science_technology_fill_role","pf_director_role","self_develop_planner_role","hgbz","science_technology_read_role","chief_engineer_manager_role","product_innovation_planner_role","other_accept_role"],"userName":"madaosen","userId":"460","displayName":"madaosen","roleId":"fill_role"},"clientReferences":{"businessReferences":[{"id":"todo:2094616833662640128:5ecf8444-a83f-11f1-b7aa-da3bbfe162e3","kind":"todo","name":"项目管理员立项签发","projectId":"2094616833662640128","projectName":"测试流程表单","status":"项目管理员立项签发","taskId":"5ecf8444-a83f-11f1-b7aa-da3bbfe162e3","taskKey":"PmProjectApprovalIssuance"}]},"todoContext":{"schemaVersion":"1.0","status":"ready","task":{"taskId":"5ecf8444-a83f-11f1-b7aa-da3bbfe162e3","taskKey":"PmProjectApprovalIssuance","taskName":"项目管理员立项签发","projectId":"2094616833662640128","projectName":"测试流程表单","roleLabel":"当前办理人","actionType":"submit","canReject":false},"confirmation":{"required":true,"submitBy":"browser_session","submitToolAllowed":false,"label":"确认提交"},"project":{"id":"2094616833662640128","name":"测试流程表单","projectCategory":"prospective_study","projectCategoryName":"前瞻研究","projectProfessionalField":"1","projectProfessionalFieldName":"前瞻研究","isPlanProject":"2031546865748692995","isSelfDeveloped":0,"isBaseCutting":0,"requirementUnit":"zqj","requirementUnitName":"中区局","undertakeUnit":"SHGSRHCXYFJD","undertakeUnitName":"上海公司融合创新研发基地","operationUnit":"shgsrhcxyfjd","planStartDate":"2026-09-16","planEndDate":"2027-01-23","rdIntelligentComputeResource":"222222217"},"formSchema":[{"controlId":"FormProperty_2044sdl","controlType":"textarea","label":"处理意见","value":"","displayValue":"","required":false,"modelMaySuggest":true,"humanConfirmationRequired":true,"options":[]},{"controlId":"rd_intelligent_compute_resource","controlType":"double","label":"研发用智算资源(单位:元)","value":"","displayValue":"","required":false,"modelMaySuggest":true,"humanConfirmationRequired":true,"options":[]}],"approvalIssuanceSignals":{"sourceFound":true,"prefillValues":{"rd_intelligent_compute_resource":{"source":"project_info.rd_intelligent_compute_resource","displayValue":"222222217","value":"222222217"}},"sourceFormKey":"project_info"},"responseContract":{"type":"kcts.todo_form_patch","patchKey":"formPatch","knownControlIds":["FormProperty_2044sdl","rd_intelligent_compute_resource"],"rules":["只能建议 formSchema 中存在的 controlId","select 和 radio 只能使用 options 中的 value","没有充分依据的字段必须留空并加入 missingFields","不得调用工具或接口提交审批，最终提交必须由浏览器当前登录用户确认"]}}}

本轮是科创智方待办辅助，todoContext 是服务端权威上下文。仅使用其中 project、formSchema 和节点 signals；不调用工具，不伪造控件或人员，不替用户提交。审批意见 radio 只用 decisionSuggestion 表达，不列入 formPatch 或 missingFields。处理意见限60个汉字；其他当前结论下的必填项无法确定时才列入 missingFields，此时 status=needs_input 且不建议 approve。只返回符合 responseContract 的一个 kcts.todo_form_patch JSON 对象，不要 Markdown 或额外说明。
17:33:26.539 [http-nio-9587-exec-9] INFO  c.r.f.w.s.TokenService - [getToken,237] - user: madaosen, backend Token: Bearer eyJhbGciOiJIUzUxMiJ9.eyJsb2dpbl91c2VyX2tleSI6ImYxYmJiNjVhLTZlYzQtNDg4Ni1hY2M3LTdkZjdmYTkxZjA0YyJ9.2XbJLwaH0AcO9GmF4c9rYdGM1vOnRkWV0_M_G_RTfJNR28k4zwPCUDBXbnn5BPFglD0zNgiJDQM-I3kzB8s8Fg
17:33:27.734 [http-nio-9587-exec-10] INFO  c.r.f.w.s.TokenService - [getToken,237] - user: madaosen, backend Token: Bearer eyJhbGciOiJIUzUxMiJ9.eyJsb2dpbl91c2VyX2tleSI6ImYxYmJiNjVhLTZlYzQtNDg4Ni1hY2M3LTdkZjdmYTkxZjA0YyJ9.2XbJLwaH0AcO9GmF4c9rYdGM1vOnRkWV0_M_G_RTfJNR28k4zwPCUDBXbnn5BPFglD0zNgiJDQM-I3kzB8s8Fg
17:33:28.932 [http-nio-9587-exec-2] INFO  c.r.f.w.s.TokenService - [getToken,237] - user: madaosen, backend Token: Bearer eyJhbGciOiJIUzUxMiJ9.eyJsb2dpbl91c2VyX2tleSI6ImYxYmJiNjVhLTZlYzQtNDg4Ni1hY2M3LTdkZjdmYTkxZjA0YyJ9.2XbJLwaH0AcO9GmF4c9rYdGM1vOnRkWV0_M_G_RTfJNR28k4zwPCUDBXbnn5BPFglD0zNgiJDQM-I3kzB8s8Fg
17:33:30.134 [http-nio-9587-exec-8] INFO  c.r.f.w.s.TokenService - [getToken,237] - user: madaosen, backend Token: Bearer eyJhbGciOiJIUzUxMiJ9.eyJsb2dpbl91c2VyX2tleSI6ImYxYmJiNjVhLTZlYzQtNDg4Ni1hY2M3LTdkZjdmYTkxZjA0YyJ9.2XbJLwaH0AcO9GmF4c9rYdGM1vOnRkWV0_M_G_RTfJNR28k4zwPCUDBXbnn5BPFglD0zNgiJDQM-I3kzB8s8Fg
17:33:31.336 [http-nio-9587-exec-1] INFO  c.r.f.w.s.TokenService - [getToken,237] - user: madaosen, backend Token: Bearer eyJhbGciOiJIUzUxMiJ9.eyJsb2dpbl91c2VyX2tleSI6ImYxYmJiNjVhLTZlYzQtNDg4Ni1hY2M3LTdkZjdmYTkxZjA0YyJ9.2XbJLwaH0AcO9GmF4c9rYdGM1vOnRkWV0_M_G_RTfJNR28k4zwPCUDBXbnn5BPFglD0zNgiJDQM-I3kzB8s8Fg
17:33:32.535 [http-nio-9587-exec-9] INFO  c.r.f.w.s.TokenService - [getToken,237] - user: madaosen, backend Token: Bearer eyJhbGciOiJIUzUxMiJ9.eyJsb2dpbl91c2VyX2tleSI6ImYxYmJiNjVhLTZlYzQtNDg4Ni1hY2M3LTdkZjdmYTkxZjA0YyJ9.2XbJLwaH0AcO9GmF4c9rYdGM1vOnRkWV0_M_G_RTfJNR28k4zwPCUDBXbnn5BPFglD0zNgiJDQM-I3kzB8s8Fg
17:33:33.738 [http-nio-9587-exec-10] INFO  c.r.f.w.s.TokenService - [getToken,237] - user: madaosen, backend Token: Bearer eyJhbGciOiJIUzUxMiJ9.eyJsb2dpbl91c2VyX2tleSI6ImYxYmJiNjVhLTZlYzQtNDg4Ni1hY2M3LTdkZjdmYTkxZjA0YyJ9.2XbJLwaH0AcO9GmF4c9rYdGM1vOnRkWV0_M_G_RTfJNR28k4zwPCUDBXbnn5BPFglD0zNgiJDQM-I3kzB8s8Fg
17:33:34.933 [http-nio-9587-exec-2] INFO  c.r.f.w.s.TokenService - [getToken,237] - user: madaosen, backend Token: Bearer eyJhbGciOiJIUzUxMiJ9.eyJsb2dpbl91c2VyX2tleSI6ImYxYmJiNjVhLTZlYzQtNDg4Ni1hY2M3LTdkZjdmYTkxZjA0YyJ9.2XbJLwaH0AcO9GmF4c9rYdGM1vOnRkWV0_M_G_RTfJNR28k4zwPCUDBXbnn5BPFglD0zNgiJDQM-I3kzB8s8Fg
17:33:36.137 [http-nio-9587-exec-8] INFO  c.r.f.w.s.TokenService - [getToken,237] - user: madaosen, backend Token: Bearer eyJhbGciOiJIUzUxMiJ9.eyJsb2dpbl91c2VyX2tleSI6ImYxYmJiNjVhLTZlYzQtNDg4Ni1hY2M3LTdkZjdmYTkxZjA0YyJ9.2XbJLwaH0AcO9GmF4c9rYdGM1vOnRkWV0_M_G_RTfJNR28k4zwPCUDBXbnn5BPFglD0zNgiJDQM-I3kzB8s8Fg
17:33:37.336 [http-nio-9587-exec-1] INFO  c.r.f.w.s.TokenService - [getToken,237] - user: madaosen, backend Token: Bearer eyJhbGciOiJIUzUxMiJ9.eyJsb2dpbl91c2VyX2tleSI6ImYxYmJiNjVhLTZlYzQtNDg4Ni1hY2M3LTdkZjdmYTkxZjA0YyJ9.2XbJLwaH0AcO9GmF4c9rYdGM1vOnRkWV0_M_G_RTfJNR28k4zwPCUDBXbnn5BPFglD0zNgiJDQM-I3kzB8s8Fg
17:33:38.537 [http-nio-9587-exec-9] INFO  c.r.f.w.s.TokenService - [getToken,237] - user: madaosen, backend Token: Bearer eyJhbGciOiJIUzUxMiJ9.eyJsb2dpbl91c2VyX2tleSI6ImYxYmJiNjVhLTZlYzQtNDg4Ni1hY2M3LTdkZjdmYTkxZjA0YyJ9.2XbJLwaH0AcO9GmF4c9rYdGM1vOnRkWV0_M_G_RTfJNR28k4zwPCUDBXbnn5BPFglD0zNgiJDQM-I3kzB8s8Fg
17:33:39.740 [http-nio-9587-exec-10] INFO  c.r.f.w.s.TokenService - [getToken,237] - user: madaosen, backend Token: Bearer eyJhbGciOiJIUzUxMiJ9.eyJsb2dpbl91c2VyX2tleSI6ImYxYmJiNjVhLTZlYzQtNDg4Ni1hY2M3LTdkZjdmYTkxZjA0YyJ9.2XbJLwaH0AcO9GmF4c9rYdGM1vOnRkWV0_M_G_RTfJNR28k4zwPCUDBXbnn5BPFglD0zNgiJDQM-I3kzB8s8Fg
17:33:40.934 [http-nio-9587-exec-2] INFO  c.r.f.w.s.TokenService - [getToken,237] - user: madaosen, backend Token: Bearer eyJhbGciOiJIUzUxMiJ9.eyJsb2dpbl91c2VyX2tleSI6ImYxYmJiNjVhLTZlYzQtNDg4Ni1hY2M3LTdkZjdmYTkxZjA0YyJ9.2XbJLwaH0AcO9GmF4c9rYdGM1vOnRkWV0_M_G_RTfJNR28k4zwPCUDBXbnn5BPFglD0zNgiJDQM-I3kzB8s8Fg
17:33:42.136 [http-nio-9587-exec-8] INFO  c.r.f.w.s.TokenService - [getToken,237] - user: madaosen, backend Token: Bearer eyJhbGciOiJIUzUxMiJ9.eyJsb2dpbl91c2VyX2tleSI6ImYxYmJiNjVhLTZlYzQtNDg4Ni1hY2M3LTdkZjdmYTkxZjA0YyJ9.2XbJLwaH0AcO9GmF4c9rYdGM1vOnRkWV0_M_G_RTfJNR28k4zwPCUDBXbnn5BPFglD0zNgiJDQM-I3kzB8s8Fg
17:33:42.532 [http-nio-9587-exec-6] INFO  c.r.f.w.s.TokenService - [getToken,237] - user: madaosen, backend Token: Bearer eyJhbGciOiJIUzUxMiJ9.eyJsb2dpbl91c2VyX2tleSI6ImYxYmJiNjVhLTZlYzQtNDg4Ni1hY2M3LTdkZjdmYTkxZjA0YyJ9.2XbJLwaH0AcO9GmF4c9rYdGM1vOnRkWV0_M_G_RTfJNR28k4zwPCUDBXbnn5BPFglD0zNgiJDQM-I3kzB8s8Fg
17:33:42.559 [http-nio-9587-exec-3] INFO  c.r.f.w.s.TokenService - [getToken,237] - user: madaosen, backend Token: Bearer eyJhbGciOiJIUzUxMiJ9.eyJsb2dpbl91c2VyX2tleSI6ImYxYmJiNjVhLTZlYzQtNDg4Ni1hY2M3LTdkZjdmYTkxZjA0YyJ9.2XbJLwaH0AcO9GmF4c9rYdGM1vOnRkWV0_M_G_RTfJNR28k4zwPCUDBXbnn5BPFglD0zNgiJDQM-I3kzB8s8Fg
17:33:42.891 [http-nio-9587-exec-4] INFO  c.r.f.w.s.TokenService - [getToken,237] - user: madaosen, backend Token: Bearer eyJhbGciOiJIUzUxMiJ9.eyJsb2dpbl91c2VyX2tleSI6ImYxYmJiNjVhLTZlYzQtNDg4Ni1hY2M3LTdkZjdmYTkxZjA0YyJ9.2XbJLwaH0AcO9GmF4c9rYdGM1vOnRkWV0_M_G_RTfJNR28k4zwPCUDBXbnn5BPFglD0zNgiJDQM-I3kzB8s8Fg
17:33:43.336 [http-nio-9587-exec-7] INFO  c.r.f.w.s.TokenService - [getToken,237] - user: madaosen, backend Token: Bearer eyJhbGciOiJIUzUxMiJ9.eyJsb2dpbl91c2VyX2tleSI6ImYxYmJiNjVhLTZlYzQtNDg4Ni1hY2M3LTdkZjdmYTkxZjA0YyJ9.2XbJLwaH0AcO9GmF4c9rYdGM1vOnRkWV0_M_G_RTfJNR28k4zwPCUDBXbnn5BPFglD0zNgiJDQM-I3kzB8s8Fg
17:33:43.717 [http-nio-9587-exec-5] INFO  c.r.f.w.s.TokenService - [getToken,237] - user: madaosen, backend Token: Bearer eyJhbGciOiJIUzUxMiJ9.eyJsb2dpbl91c2VyX2tleSI6ImYxYmJiNjVhLTZlYzQtNDg4Ni1hY2M3LTdkZjdmYTkxZjA0YyJ9.2XbJLwaH0AcO9GmF4c9rYdGM1vOnRkWV0_M_G_RTfJNR28k4zwPCUDBXbnn5BPFglD0zNgiJDQM-I3kzB8s8Fg
17:33:43.738 [http-nio-9587-exec-6] INFO  c.r.f.w.s.TokenService - [getToken,237] - user: madaosen, backend Token: Bearer eyJhbGciOiJIUzUxMiJ9.eyJsb2dpbl91c2VyX2tleSI6ImYxYmJiNjVhLTZlYzQtNDg4Ni1hY2M3LTdkZjdmYTkxZjA0YyJ9.2XbJLwaH0AcO9GmF4c9rYdGM1vOnRkWV0_M_G_RTfJNR28k4zwPCUDBXbnn5BPFglD0zNgiJDQM-I3kzB8s8Fg
17:33:50.789 [http-nio-9587-exec-9] INFO  c.r.f.w.s.TokenService - [getToken,237] - user: madaosen, backend Token: Bearer eyJhbGciOiJIUzUxMiJ9.eyJsb2dpbl91c2VyX2tleSI6ImYxYmJiNjVhLTZlYzQtNDg4Ni1hY2M3LTdkZjdmYTkxZjA0YyJ9.2XbJLwaH0AcO9GmF4c9rYdGM1vOnRkWV0_M_G_RTfJNR28k4zwPCUDBXbnn5BPFglD0zNgiJDQM-I3kzB8s8Fg
17:33:50.796 [http-nio-9587-exec-7] INFO  c.r.f.w.s.TokenService - [getToken,237] - user: madaosen, backend Token: Bearer eyJhbGciOiJIUzUxMiJ9.eyJsb2dpbl91c2VyX2tleSI6ImYxYmJiNjVhLTZlYzQtNDg4Ni1hY2M3LTdkZjdmYTkxZjA0YyJ9.2XbJLwaH0AcO9GmF4c9rYdGM1vOnRkWV0_M_G_RTfJNR28k4zwPCUDBXbnn5BPFglD0zNgiJDQM-I3kzB8s8Fg
17:33:50.796 [http-nio-9587-exec-5] INFO  c.r.f.w.s.TokenService - [getToken,237] - user: madaosen, backend Token: Bearer eyJhbGciOiJIUzUxMiJ9.eyJsb2dpbl91c2VyX2tleSI6ImYxYmJiNjVhLTZlYzQtNDg4Ni1hY2M3LTdkZjdmYTkxZjA0YyJ9.2XbJLwaH0AcO9GmF4c9rYdGM1vOnRkWV0_M_G_RTfJNR28k4zwPCUDBXbnn5BPFglD0zNgiJDQM-I3kzB8s8Fg
17:33:50.798 [http-nio-9587-exec-6] INFO  c.r.f.w.s.TokenService - [getToken,237] - user: madaosen, backend Token: Bearer eyJhbGciOiJIUzUxMiJ9.eyJsb2dpbl91c2VyX2tleSI6ImYxYmJiNjVhLTZlYzQtNDg4Ni1hY2M3LTdkZjdmYTkxZjA0YyJ9.2XbJLwaH0AcO9GmF4c9rYdGM1vOnRkWV0_M_G_RTfJNR28k4zwPCUDBXbnn5BPFglD0zNgiJDQM-I3kzB8s8Fg
17:33:50.798 [http-nio-9587-exec-10] INFO  c.r.f.w.s.TokenService - [getToken,237] - user: madaosen, backend Token: Bearer eyJhbGciOiJIUzUxMiJ9.eyJsb2dpbl91c2VyX2tleSI6ImYxYmJiNjVhLTZlYzQtNDg4Ni1hY2M3LTdkZjdmYTkxZjA0YyJ9.2XbJLwaH0AcO9GmF4c9rYdGM1vOnRkWV0_M_G_RTfJNR28k4zwPCUDBXbnn5BPFglD0zNgiJDQM-I3kzB8s8Fg
17:33:50.799 [http-nio-9587-exec-8] INFO  c.r.f.w.s.TokenService - [getToken,237] - user: madaosen, backend Token: Bearer eyJhbGciOiJIUzUxMiJ9.eyJsb2dpbl91c2VyX2tleSI6ImYxYmJiNjVhLTZlYzQtNDg4Ni1hY2M3LTdkZjdmYTkxZjA0YyJ9.2XbJLwaH0AcO9GmF4c9rYdGM1vOnRkWV0_M_G_RTfJNR28k4zwPCUDBXbnn5BPFglD0zNgiJDQM-I3kzB8s8Fg
17:33:50.833 [http-nio-9587-exec-3] INFO  c.r.f.w.s.TokenService - [getToken,237] - user: madaosen, backend Token: Bearer eyJhbGciOiJIUzUxMiJ9.eyJsb2dpbl91c2VyX2tleSI6ImYxYmJiNjVhLTZlYzQtNDg4Ni1hY2M3LTdkZjdmYTkxZjA0YyJ9.2XbJLwaH0AcO9GmF4c9rYdGM1vOnRkWV0_M_G_RTfJNR28k4zwPCUDBXbnn5BPFglD0zNgiJDQM-I3kzB8s8Fg
17:33:50.840 [http-nio-9587-exec-8] INFO  c.r.f.w.s.TokenService - [getToken,237] - user: madaosen, backend Token: Bearer eyJhbGciOiJIUzUxMiJ9.eyJsb2dpbl91c2VyX2tleSI6ImYxYmJiNjVhLTZlYzQtNDg4Ni1hY2M3LTdkZjdmYTkxZjA0YyJ9.2XbJLwaH0AcO9GmF4c9rYdGM1vOnRkWV0_M_G_RTfJNR28k4zwPCUDBXbnn5BPFglD0zNgiJDQM-I3kzB8s8Fg
17:33:50.844 [http-nio-9587-exec-1] INFO  c.r.f.w.s.TokenService - [getToken,237] - user: madaosen, backend Token: Bearer eyJhbGciOiJIUzUxMiJ9.eyJsb2dpbl91c2VyX2tleSI6ImYxYmJiNjVhLTZlYzQtNDg4Ni1hY2M3LTdkZjdmYTkxZjA0YyJ9.2XbJLwaH0AcO9GmF4c9rYdGM1vOnRkWV0_M_G_RTfJNR28k4zwPCUDBXbnn5BPFglD0zNgiJDQM-I3kzB8s8Fg
17:33:50.864 [http-nio-9587-exec-2] INFO  c.r.f.w.s.TokenService - [getToken,237] - user: madaosen, backend Token: Bearer eyJhbGciOiJIUzUxMiJ9.eyJsb2dpbl91c2VyX2tleSI6ImYxYmJiNjVhLTZlYzQtNDg4Ni1hY2M3LTdkZjdmYTkxZjA0YyJ9.2XbJLwaH0AcO9GmF4c9rYdGM1vOnRkWV0_M_G_RTfJNR28k4zwPCUDBXbnn5BPFglD0zNgiJDQM-I3kzB8s8Fg
17:33:50.880 [http-nio-9587-exec-4] INFO  c.r.f.w.s.TokenService - [getToken,237] - user: madaosen, backend Token: Bearer eyJhbGciOiJIUzUxMiJ9.eyJsb2dpbl91c2VyX2tleSI6ImYxYmJiNjVhLTZlYzQtNDg4Ni1hY2M3LTdkZjdmYTkxZjA0YyJ9.2XbJLwaH0AcO9GmF4c9rYdGM1vOnRkWV0_M_G_RTfJNR28k4zwPCUDBXbnn5BPFglD0zNgiJDQM-I3kzB8s8Fg
17:33:50.923 [http-nio-9587-exec-6] INFO  c.r.f.w.s.TokenService - [getToken,237] - user: madaosen, backend Token: Bearer eyJhbGciOiJIUzUxMiJ9.eyJsb2dpbl91c2VyX2tleSI6ImYxYmJiNjVhLTZlYzQtNDg4Ni1hY2M3LTdkZjdmYTkxZjA0YyJ9.2XbJLwaH0AcO9GmF4c9rYdGM1vOnRkWV0_M_G_RTfJNR28k4zwPCUDBXbnn5BPFglD0zNgiJDQM-I3kzB8s8Fg
17:33:50.944 [http-nio-9587-exec-3] INFO  c.r.f.w.s.TokenService - [getToken,237] - user: madaosen, backend Token: Bearer eyJhbGciOiJIUzUxMiJ9.eyJsb2dpbl91c2VyX2tleSI6ImYxYmJiNjVhLTZlYzQtNDg4Ni1hY2M3LTdkZjdmYTkxZjA0YyJ9.2XbJLwaH0AcO9GmF4c9rYdGM1vOnRkWV0_M_G_RTfJNR28k4zwPCUDBXbnn5BPFglD0zNgiJDQM-I3kzB8s8Fg
17:33:50.978 [http-nio-9587-exec-1] INFO  c.r.f.w.s.TokenService - [getToken,237] - user: madaosen, backend Token: Bearer eyJhbGciOiJIUzUxMiJ9.eyJsb2dpbl91c2VyX2tleSI6ImYxYmJiNjVhLTZlYzQtNDg4Ni1hY2M3LTdkZjdmYTkxZjA0YyJ9.2XbJLwaH0AcO9GmF4c9rYdGM1vOnRkWV0_M_G_RTfJNR28k4zwPCUDBXbnn5BPFglD0zNgiJDQM-I3kzB8s8Fg
17:33:51.034 [http-nio-9587-exec-7] INFO  c.r.f.w.s.TokenService - [getToken,237] - user: madaosen, backend Token: Bearer eyJhbGciOiJIUzUxMiJ9.eyJsb2dpbl91c2VyX2tleSI6ImYxYmJiNjVhLTZlYzQtNDg4Ni1hY2M3LTdkZjdmYTkxZjA0YyJ9.2XbJLwaH0AcO9GmF4c9rYdGM1vOnRkWV0_M_G_RTfJNR28k4zwPCUDBXbnn5BPFglD0zNgiJDQM-I3kzB8s8Fg
17:33:51.070 [http-nio-9587-exec-8] INFO  c.r.f.w.s.TokenService - [getToken,237] - user: madaosen, backend Token: Bearer eyJhbGciOiJIUzUxMiJ9.eyJsb2dpbl91c2VyX2tleSI6ImYxYmJiNjVhLTZlYzQtNDg4Ni1hY2M3LTdkZjdmYTkxZjA0YyJ9.2XbJLwaH0AcO9GmF4c9rYdGM1vOnRkWV0_M_G_RTfJNR28k4zwPCUDBXbnn5BPFglD0zNgiJDQM-I3kzB8s8Fg
17:33:51.071 [http-nio-9587-exec-6] INFO  c.r.f.w.s.TokenService - [getToken,237] - user: madaosen, backend Token: Bearer eyJhbGciOiJIUzUxMiJ9.eyJsb2dpbl91c2VyX2tleSI6ImYxYmJiNjVhLTZlYzQtNDg4Ni1hY2M3LTdkZjdmYTkxZjA0YyJ9.2XbJLwaH0AcO9GmF4c9rYdGM1vOnRkWV0_M_G_RTfJNR28k4zwPCUDBXbnn5BPFglD0zNgiJDQM-I3kzB8s8Fg
17:33:51.096 [http-nio-9587-exec-3] INFO  c.r.f.w.s.TokenService - [getToken,237] - user: madaosen, backend Token: Bearer eyJhbGciOiJIUzUxMiJ9.eyJsb2dpbl91c2VyX2tleSI6ImYxYmJiNjVhLTZlYzQtNDg4Ni1hY2M3LTdkZjdmYTkxZjA0YyJ9.2XbJLwaH0AcO9GmF4c9rYdGM1vOnRkWV0_M_G_RTfJNR28k4zwPCUDBXbnn5BPFglD0zNgiJDQM-I3kzB8s8Fg
17:33:51.096 [http-nio-9587-exec-5] INFO  c.r.f.w.s.TokenService - [getToken,237] - user: madaosen, backend Token: Bearer eyJhbGciOiJIUzUxMiJ9.eyJsb2dpbl91c2VyX2tleSI6ImYxYmJiNjVhLTZlYzQtNDg4Ni1hY2M3LTdkZjdmYTkxZjA0YyJ9.2XbJLwaH0AcO9GmF4c9rYdGM1vOnRkWV0_M_G_RTfJNR28k4zwPCUDBXbnn5BPFglD0zNgiJDQM-I3kzB8s8Fg
17:33:51.477 [http-nio-9587-exec-4] INFO  c.r.f.w.s.TokenService - [getToken,237] - user: madaosen, backend Token: Bearer eyJhbGciOiJIUzUxMiJ9.eyJsb2dpbl91c2VyX2tleSI6ImYxYmJiNjVhLTZlYzQtNDg4Ni1hY2M3LTdkZjdmYTkxZjA0YyJ9.2XbJLwaH0AcO9GmF4c9rYdGM1vOnRkWV0_M_G_RTfJNR28k4zwPCUDBXbnn5BPFglD0zNgiJDQM-I3kzB8s8Fg
17:33:51.500 [http-nio-9587-exec-6] INFO  c.r.f.w.s.TokenService - [getToken,237] - user: madaosen, backend Token: Bearer eyJhbGciOiJIUzUxMiJ9.eyJsb2dpbl91c2VyX2tleSI6ImYxYmJiNjVhLTZlYzQtNDg4Ni1hY2M3LTdkZjdmYTkxZjA0YyJ9.2XbJLwaH0AcO9GmF4c9rYdGM1vOnRkWV0_M_G_RTfJNR28k4zwPCUDBXbnn5BPFglD0zNgiJDQM-I3kzB8s8Fg
17:33:51.500 [http-nio-9587-exec-4] INFO  c.r.f.w.s.TokenService - [getToken,237] - user: madaosen, backend Token: Bearer eyJhbGciOiJIUzUxMiJ9.eyJsb2dpbl91c2VyX2tleSI6ImYxYmJiNjVhLTZlYzQtNDg4Ni1hY2M3LTdkZjdmYTkxZjA0YyJ9.2XbJLwaH0AcO9GmF4c9rYdGM1vOnRkWV0_M_G_RTfJNR28k4zwPCUDBXbnn5BPFglD0zNgiJDQM-I3kzB8s8Fg
17:33:51.503 [http-nio-9587-exec-8] INFO  c.r.f.w.s.TokenService - [getToken,237] - user: madaosen, backend Token: Bearer eyJhbGciOiJIUzUxMiJ9.eyJsb2dpbl91c2VyX2tleSI6ImYxYmJiNjVhLTZlYzQtNDg4Ni1hY2M3LTdkZjdmYTkxZjA0YyJ9.2XbJLwaH0AcO9GmF4c9rYdGM1vOnRkWV0_M_G_RTfJNR28k4zwPCUDBXbnn5BPFglD0zNgiJDQM-I3kzB8s8Fg
17:33:51.506 [http-nio-9587-exec-3] INFO  c.r.f.w.s.TokenService - [getToken,237] - user: madaosen, backend Token: Bearer eyJhbGciOiJIUzUxMiJ9.eyJsb2dpbl91c2VyX2tleSI6ImYxYmJiNjVhLTZlYzQtNDg4Ni1hY2M3LTdkZjdmYTkxZjA0YyJ9.2XbJLwaH0AcO9GmF4c9rYdGM1vOnRkWV0_M_G_RTfJNR28k4zwPCUDBXbnn5BPFglD0zNgiJDQM-I3kzB8s8Fg
17:33:51.506 [http-nio-9587-exec-9] INFO  c.r.f.w.s.TokenService - [getToken,237] - user: madaosen, backend Token: Bearer eyJhbGciOiJIUzUxMiJ9.eyJsb2dpbl91c2VyX2tleSI6ImYxYmJiNjVhLTZlYzQtNDg4Ni1hY2M3LTdkZjdmYTkxZjA0YyJ9.2XbJLwaH0AcO9GmF4c9rYdGM1vOnRkWV0_M_G_RTfJNR28k4zwPCUDBXbnn5BPFglD0zNgiJDQM-I3kzB8s8Fg
17:33:51.539 [http-nio-9587-exec-7] INFO  c.r.f.w.s.TokenService - [getToken,237] - user: madaosen, backend Token: Bearer eyJhbGciOiJIUzUxMiJ9.eyJsb2dpbl91c2VyX2tleSI6ImYxYmJiNjVhLTZlYzQtNDg4Ni1hY2M3LTdkZjdmYTkxZjA0YyJ9.2XbJLwaH0AcO9GmF4c9rYdGM1vOnRkWV0_M_G_RTfJNR28k4zwPCUDBXbnn5BPFglD0zNgiJDQM-I3kzB8s8Fg
17:33:51.539 [http-nio-9587-exec-5] INFO  c.r.f.w.s.TokenService - [getToken,237] - user: madaosen, backend Token: Bearer eyJhbGciOiJIUzUxMiJ9.eyJsb2dpbl91c2VyX2tleSI6ImYxYmJiNjVhLTZlYzQtNDg4Ni1hY2M3LTdkZjdmYTkxZjA0YyJ9.2XbJLwaH0AcO9GmF4c9rYdGM1vOnRkWV0_M_G_RTfJNR28k4zwPCUDBXbnn5BPFglD0zNgiJDQM-I3kzB8s8Fg
17:33:51.539 [http-nio-9587-exec-2] INFO  c.r.f.w.s.TokenService - [getToken,237] - user: madaosen, backend Token: Bearer eyJhbGciOiJIUzUxMiJ9.eyJsb2dpbl91c2VyX2tleSI6ImYxYmJiNjVhLTZlYzQtNDg4Ni1hY2M3LTdkZjdmYTkxZjA0YyJ9.2XbJLwaH0AcO9GmF4c9rYdGM1vOnRkWV0_M_G_RTfJNR28k4zwPCUDBXbnn5BPFglD0zNgiJDQM-I3kzB8s8Fg
17:33:51.558 [http-nio-9587-exec-3] INFO  c.r.f.w.s.TokenService - [getToken,237] - user: madaosen, backend Token: Bearer eyJhbGciOiJIUzUxMiJ9.eyJsb2dpbl91c2VyX2tleSI6ImYxYmJiNjVhLTZlYzQtNDg4Ni1hY2M3LTdkZjdmYTkxZjA0YyJ9.2XbJLwaH0AcO9GmF4c9rYdGM1vOnRkWV0_M_G_RTfJNR28k4zwPCUDBXbnn5BPFglD0zNgiJDQM-I3kzB8s8Fg
17:33:51.599 [http-nio-9587-exec-7] INFO  c.r.f.w.s.TokenService - [getToken,237] - user: madaosen, backend Token: Bearer eyJhbGciOiJIUzUxMiJ9.eyJsb2dpbl91c2VyX2tleSI6ImYxYmJiNjVhLTZlYzQtNDg4Ni1hY2M3LTdkZjdmYTkxZjA0YyJ9.2XbJLwaH0AcO9GmF4c9rYdGM1vOnRkWV0_M_G_RTfJNR28k4zwPCUDBXbnn5BPFglD0zNgiJDQM-I3kzB8s8Fg
17:33:51.599 [http-nio-9587-exec-9] INFO  c.r.f.w.s.TokenService - [getToken,237] - user: madaosen, backend Token: Bearer eyJhbGciOiJIUzUxMiJ9.eyJsb2dpbl91c2VyX2tleSI6ImYxYmJiNjVhLTZlYzQtNDg4Ni1hY2M3LTdkZjdmYTkxZjA0YyJ9.2XbJLwaH0AcO9GmF4c9rYdGM1vOnRkWV0_M_G_RTfJNR28k4zwPCUDBXbnn5BPFglD0zNgiJDQM-I3kzB8s8Fg
17:33:51.599 [http-nio-9587-exec-5] INFO  c.r.f.w.s.TokenService - [getToken,237] - user: madaosen, backend Token: Bearer eyJhbGciOiJIUzUxMiJ9.eyJsb2dpbl91c2VyX2tleSI6ImYxYmJiNjVhLTZlYzQtNDg4Ni1hY2M3LTdkZjdmYTkxZjA0YyJ9.2XbJLwaH0AcO9GmF4c9rYdGM1vOnRkWV0_M_G_RTfJNR28k4zwPCUDBXbnn5BPFglD0zNgiJDQM-I3kzB8s8Fg
17:33:51.659 [http-nio-9587-exec-1] INFO  c.r.f.w.s.TokenService - [getToken,237] - user: madaosen, backend Token: Bearer eyJhbGciOiJIUzUxMiJ9.eyJsb2dpbl91c2VyX2tleSI6ImYxYmJiNjVhLTZlYzQtNDg4Ni1hY2M3LTdkZjdmYTkxZjA0YyJ9.2XbJLwaH0AcO9GmF4c9rYdGM1vOnRkWV0_M_G_RTfJNR28k4zwPCUDBXbnn5BPFglD0zNgiJDQM-I3kzB8s8Fg
17:33:51.706 [http-nio-9587-exec-6] INFO  c.r.f.w.s.TokenService - [getToken,237] - user: madaosen, backend Token: Bearer eyJhbGciOiJIUzUxMiJ9.eyJsb2dpbl91c2VyX2tleSI6ImYxYmJiNjVhLTZlYzQtNDg4Ni1hY2M3LTdkZjdmYTkxZjA0YyJ9.2XbJLwaH0AcO9GmF4c9rYdGM1vOnRkWV0_M_G_RTfJNR28k4zwPCUDBXbnn5BPFglD0zNgiJDQM-I3kzB8s8Fg
17:33:51.727 [http-nio-9587-exec-6] INFO  c.r.f.w.s.TokenService - [getToken,237] - user: madaosen, backend Token: Bearer eyJhbGciOiJIUzUxMiJ9.eyJsb2dpbl91c2VyX2tleSI6ImYxYmJiNjVhLTZlYzQtNDg4Ni1hY2M3LTdkZjdmYTkxZjA0YyJ9.2XbJLwaH0AcO9GmF4c9rYdGM1vOnRkWV0_M_G_RTfJNR28k4zwPCUDBXbnn5BPFglD0zNgiJDQM-I3kzB8s8Fg
17:33:51.730 [http-nio-9587-exec-4] INFO  c.r.f.w.s.TokenService - [getToken,237] - user: madaosen, backend Token: Bearer eyJhbGciOiJIUzUxMiJ9.eyJsb2dpbl91c2VyX2tleSI6ImYxYmJiNjVhLTZlYzQtNDg4Ni1hY2M3LTdkZjdmYTkxZjA0YyJ9.2XbJLwaH0AcO9GmF4c9rYdGM1vOnRkWV0_M_G_RTfJNR28k4zwPCUDBXbnn5BPFglD0zNgiJDQM-I3kzB8s8Fg
17:33:51.732 [http-nio-9587-exec-8] INFO  c.r.f.w.s.TokenService - [getToken,237] - user: madaosen, backend Token: Bearer eyJhbGciOiJIUzUxMiJ9.eyJsb2dpbl91c2VyX2tleSI6ImYxYmJiNjVhLTZlYzQtNDg4Ni1hY2M3LTdkZjdmYTkxZjA0YyJ9.2XbJLwaH0AcO9GmF4c9rYdGM1vOnRkWV0_M_G_RTfJNR28k4zwPCUDBXbnn5BPFglD0zNgiJDQM-I3kzB8s8Fg
17:33:51.734 [http-nio-9587-exec-2] INFO  c.r.f.w.s.TokenService - [getToken,237] - user: madaosen, backend Token: Bearer eyJhbGciOiJIUzUxMiJ9.eyJsb2dpbl91c2VyX2tleSI6ImYxYmJiNjVhLTZlYzQtNDg4Ni1hY2M3LTdkZjdmYTkxZjA0YyJ9.2XbJLwaH0AcO9GmF4c9rYdGM1vOnRkWV0_M_G_RTfJNR28k4zwPCUDBXbnn5BPFglD0zNgiJDQM-I3kzB8s8Fg
17:33:51.736 [http-nio-9587-exec-5] INFO  c.r.f.w.s.TokenService - [getToken,237] - user: madaosen, backend Token: Bearer eyJhbGciOiJIUzUxMiJ9.eyJsb2dpbl91c2VyX2tleSI6ImYxYmJiNjVhLTZlYzQtNDg4Ni1hY2M3LTdkZjdmYTkxZjA0YyJ9.2XbJLwaH0AcO9GmF4c9rYdGM1vOnRkWV0_M_G_RTfJNR28k4zwPCUDBXbnn5BPFglD0zNgiJDQM-I3kzB8s8Fg
17:33:51.752 [http-nio-9587-exec-10] INFO  c.r.f.w.s.TokenService - [getToken,237] - user: madaosen, backend Token: Bearer eyJhbGciOiJIUzUxMiJ9.eyJsb2dpbl91c2VyX2tleSI6ImYxYmJiNjVhLTZlYzQtNDg4Ni1hY2M3LTdkZjdmYTkxZjA0YyJ9.2XbJLwaH0AcO9GmF4c9rYdGM1vOnRkWV0_M_G_RTfJNR28k4zwPCUDBXbnn5BPFglD0zNgiJDQM-I3kzB8s8Fg
17:33:51.753 [http-nio-9587-exec-7] INFO  c.r.f.w.s.TokenService - [getToken,237] - user: madaosen, backend Token: Bearer eyJhbGciOiJIUzUxMiJ9.eyJsb2dpbl91c2VyX2tleSI6ImYxYmJiNjVhLTZlYzQtNDg4Ni1hY2M3LTdkZjdmYTkxZjA0YyJ9.2XbJLwaH0AcO9GmF4c9rYdGM1vOnRkWV0_M_G_RTfJNR28k4zwPCUDBXbnn5BPFglD0zNgiJDQM-I3kzB8s8Fg
17:33:51.754 [http-nio-9587-exec-9] INFO  c.r.f.w.s.TokenService - [getToken,237] - user: madaosen, backend Token: Bearer eyJhbGciOiJIUzUxMiJ9.eyJsb2dpbl91c2VyX2tleSI6ImYxYmJiNjVhLTZlYzQtNDg4Ni1hY2M3LTdkZjdmYTkxZjA0YyJ9.2XbJLwaH0AcO9GmF4c9rYdGM1vOnRkWV0_M_G_RTfJNR28k4zwPCUDBXbnn5BPFglD0zNgiJDQM-I3kzB8s8Fg
17:33:51.791 [http-nio-9587-exec-1] INFO  c.r.f.w.s.TokenService - [getToken,237] - user: madaosen, backend Token: Bearer eyJhbGciOiJIUzUxMiJ9.eyJsb2dpbl91c2VyX2tleSI6ImYxYmJiNjVhLTZlYzQtNDg4Ni1hY2M3LTdkZjdmYTkxZjA0YyJ9.2XbJLwaH0AcO9GmF4c9rYdGM1vOnRkWV0_M_G_RTfJNR28k4zwPCUDBXbnn5BPFglD0zNgiJDQM-I3kzB8s8Fg
17:33:51.819 [http-nio-9587-exec-8] INFO  c.r.f.w.s.TokenService - [getToken,237] - user: madaosen, backend Token: Bearer eyJhbGciOiJIUzUxMiJ9.eyJsb2dpbl91c2VyX2tleSI6ImYxYmJiNjVhLTZlYzQtNDg4Ni1hY2M3LTdkZjdmYTkxZjA0YyJ9.2XbJLwaH0AcO9GmF4c9rYdGM1vOnRkWV0_M_G_RTfJNR28k4zwPCUDBXbnn5BPFglD0zNgiJDQM-I3kzB8s8Fg
17:33:51.821 [http-nio-9587-exec-5] INFO  c.r.f.w.s.TokenService - [getToken,237] - user: madaosen, backend Token: Bearer eyJhbGciOiJIUzUxMiJ9.eyJsb2dpbl91c2VyX2tleSI6ImYxYmJiNjVhLTZlYzQtNDg4Ni1hY2M3LTdkZjdmYTkxZjA0YyJ9.2XbJLwaH0AcO9GmF4c9rYdGM1vOnRkWV0_M_G_RTfJNR28k4zwPCUDBXbnn5BPFglD0zNgiJDQM-I3kzB8s8Fg
17:33:51.825 [http-nio-9587-exec-10] INFO  c.r.f.w.s.TokenService - [getToken,237] - user: madaosen, backend Token: Bearer eyJhbGciOiJIUzUxMiJ9.eyJsb2dpbl91c2VyX2tleSI6ImYxYmJiNjVhLTZlYzQtNDg4Ni1hY2M3LTdkZjdmYTkxZjA0YyJ9.2XbJLwaH0AcO9GmF4c9rYdGM1vOnRkWV0_M_G_RTfJNR28k4zwPCUDBXbnn5BPFglD0zNgiJDQM-I3kzB8s8Fg
17:58:54.507 [SpringApplicationShutdownHook] INFO  o.q.c.QuartzScheduler - [standby,585] - Scheduler RuoyiScheduler_$_DESKTOP-GL3RGKM1788514373461 paused.
17:58:54.508 [SpringApplicationShutdownHook] INFO  o.a.s.AbstractActivitiSmartLifeCycle - [stop,95] - Stopping...
17:58:54.508 [SpringApplicationShutdownHook] INFO  o.a.s.AbstractActivitiSmartLifeCycle - [stop,99] - Stopped.
17:58:54.508 [SpringApplicationShutdownHook] INFO  o.a.s.AbstractActivitiSmartLifeCycle - [stop,95] - Stopping...
17:58:54.508 [SpringApplicationShutdownHook] INFO  o.a.s.AbstractActivitiSmartLifeCycle - [stop,99] - Stopped.
17:58:54.508 [SpringApplicationShutdownHook] INFO  o.a.s.AbstractActivitiSmartLifeCycle - [stop,95] - Stopping...
17:58:54.508 [SpringApplicationShutdownHook] INFO  o.a.s.AbstractActivitiSmartLifeCycle - [stop,99] - Stopped.
17:58:54.508 [SpringApplicationShutdownHook] INFO  o.a.s.AbstractActivitiSmartLifeCycle - [stop,95] - Stopping...
17:58:54.508 [SpringApplicationShutdownHook] INFO  o.a.s.AbstractActivitiSmartLifeCycle - [stop,99] - Stopped.
17:58:57.550 [SpringApplicationShutdownHook] INFO  o.q.c.QuartzScheduler - [shutdown,666] - Scheduler RuoyiScheduler_$_DESKTOP-GL3RGKM1788514373461 shutting down.
17:58:57.550 [SpringApplicationShutdownHook] INFO  o.q.c.QuartzScheduler - [standby,585] - Scheduler RuoyiScheduler_$_DESKTOP-GL3RGKM1788514373461 paused.
17:58:57.558 [SpringApplicationShutdownHook] INFO  o.q.c.QuartzScheduler - [shutdown,740] - Scheduler RuoyiScheduler_$_DESKTOP-GL3RGKM1788514373461 shutdown complete.
17:58:57.558 [SpringApplicationShutdownHook] INFO  sys-user - [shutdownAsyncManager,31] - ====关闭后台任务任务线程池====
17:58:57.581 [SpringApplicationShutdownHook] INFO  o.a.e.i.a.DefaultAsyncJobExecutor - [shutdown,212] - Shutting down the default async job executor [org.activiti.spring.SpringAsyncExecutor].
17:58:57.581 [activiti-acquire-timer-jobs] INFO  o.a.e.i.a.AcquireTimerJobsRunnable - [run,119] - {} stopped async job due acquisition
17:58:57.581 [activiti-reset-expired-jobs] INFO  o.a.e.i.a.ResetExpiredJobsRunnable - [run,103] - {} stopped resetting expired jobs
17:58:57.581 [activiti-acquire-async-jobs] INFO  o.a.e.i.a.AcquireAsyncJobsDueRunnable - [run,119] - {} stopped async job due acquisition
17:58:57.604 [SpringApplicationShutdownHook] INFO  c.a.d.p.DruidDataSource - [close,2032] - {dataSource-1} closing ...
17:58:57.621 [SpringApplicationShutdownHook] INFO  c.a.d.p.DruidDataSource - [close,2104] - {dataSource-1} closed
