11:32:38.719 [background-preinit] INFO  o.h.v.i.util.Version - [<clinit>,18] - HV000001: Hibernate Validator 9.0.1.Final
11:32:38.776 [restartedMain] INFO  c.r.RuoYiApplication - [logStarting,53] - Starting RuoYiApplication using Java 22 with PID 6600 (C:\Users\Administrator\Desktop\kcts\kcts\ruoyi-admin\target\classes started by Administrator in C:\Users\Administrator\Desktop\kcts)
11:32:38.777 [restartedMain] INFO  c.r.RuoYiApplication - [logStartupProfileInfo,658] - The following 1 profile is active: "ai"
11:32:45.038 [restartedMain] INFO  o.a.c.c.AprLifecycleListener - [log,173] - An older version [1.2.35] of the Apache Tomcat Native library is installed, while Tomcat recommends a minimum version of [2.0.5]
11:32:45.039 [restartedMain] INFO  o.a.c.c.AprLifecycleListener - [log,173] - Loaded Apache Tomcat Native library [1.2.35] using APR version [1.7.0].
11:32:45.053 [restartedMain] INFO  o.a.c.c.AprLifecycleListener - [log,173] - OpenSSL successfully initialized [OpenSSL 1.1.1q  5 Jul 2022]
11:32:45.076 [restartedMain] INFO  o.a.c.h.Http11NioProtocol - [log,173] - Initializing ProtocolHandler ["http-nio-9587"]
11:32:45.077 [restartedMain] INFO  o.a.c.c.StandardService - [log,173] - Starting service [Tomcat]
11:32:45.078 [restartedMain] INFO  o.a.c.c.StandardEngine - [log,173] - Starting Servlet engine: [Apache Tomcat/10.1.33]
11:32:45.231 [restartedMain] INFO  o.a.c.c.C.[.[.[/] - [log,173] - Initializing Spring embedded WebApplicationContext
11:32:48.844 [restartedMain] INFO  c.a.d.p.DruidDataSource - [init,985] - {dataSource-1} inited
11:32:55.912 [restartedMain] INFO  o.a.s.r.ResourceFinder - [discoverResources,49] - No process definitions were found for auto-deployment in the location `classpath*:**/processes/`
11:32:57.714 [restartedMain] INFO  o.a.s.r.ResourceFinder - [discoverResources,49] - No process extensions were found for auto-deployment in the location 'classpath*:**/processes/'
11:32:57.926 [restartedMain] INFO  o.a.e.i.c.ProcessEngineConfigurationImpl - [initConfigurators,1570] - Found 1 Process Engine Configurators in total:
11:32:57.927 [restartedMain] INFO  o.a.e.i.c.ProcessEngineConfigurationImpl - [initConfigurators,1572] - class org.activiti.spring.process.conf.ProcessExtensionsConfiguratorAutoConfiguration (priority:10000)
11:32:57.927 [restartedMain] INFO  o.a.e.i.c.ProcessEngineConfigurationImpl - [configuratorsBeforeInit,1582] - Executing beforeInit() of class org.activiti.spring.process.conf.ProcessExtensionsConfiguratorAutoConfiguration (priority:10000)
11:32:58.573 [restartedMain] INFO  o.a.e.i.c.ProcessEngineConfigurationImpl - [configuratorsAfterInit,1589] - Executing configure() of class org.activiti.spring.process.conf.ProcessExtensionsConfiguratorAutoConfiguration (priority:10000)
11:32:58.603 [restartedMain] INFO  o.a.e.i.ProcessEngineImpl - [<init>,78] - ProcessEngine default created
11:32:58.605 [restartedMain] INFO  o.a.e.i.a.DefaultAsyncJobExecutor - [start,173] - Starting up the default async job executor [org.activiti.spring.SpringAsyncExecutor].
11:32:58.606 [Thread-4] INFO  o.a.e.i.a.AcquireAsyncJobsDueRunnable - [run,49] - {} starting to acquire async jobs due
11:32:58.606 [Thread-5] INFO  o.a.e.i.a.AcquireTimerJobsRunnable - [run,53] - {} starting to acquire async jobs due
11:32:58.606 [Thread-6] INFO  o.a.e.i.a.ResetExpiredJobsRunnable - [run,55] - {} starting to reset expired jobs
11:32:58.726 [restartedMain] INFO  o.a.e.i.c.DeployCmd - [executeDeploy,103] - Launching new deployment with version: 1
11:33:01.450 [restartedMain] INFO  o.q.i.StdSchedulerFactory - [instantiate,1220] - Using default implementation for ThreadExecutor
11:33:01.474 [restartedMain] INFO  o.q.c.SchedulerSignalerImpl - [<init>,61] - Initialized Scheduler Signaller of type: class org.quartz.core.SchedulerSignalerImpl
11:33:01.475 [restartedMain] INFO  o.q.c.QuartzScheduler - [<init>,229] - Quartz Scheduler v.2.3.2 created.
11:33:01.489 [restartedMain] INFO  o.q.c.QuartzScheduler - [initialize,294] - Scheduler meta-data: Quartz Scheduler (v2.3.2) 'RuoyiScheduler' with instanceId 'DESKTOP-GL3RGKM1787542381455'
  Scheduler class: 'org.quartz.core.QuartzScheduler' - running locally.
  NOT STARTED.
  Currently in standby mode.
  Number of jobs executed: 0
  Using thread pool 'org.quartz.simpl.SimpleThreadPool' - with 20 threads.
  Using job-store 'org.springframework.scheduling.quartz.LocalDataSourceJobStore' - which supports persistence. and is clustered.

11:33:01.490 [restartedMain] INFO  o.q.i.StdSchedulerFactory - [instantiate,1374] - Quartz scheduler 'RuoyiScheduler' initialized from an externally provided properties instance.
11:33:01.490 [restartedMain] INFO  o.q.i.StdSchedulerFactory - [instantiate,1378] - Quartz scheduler version: 2.3.2
11:33:01.495 [restartedMain] INFO  o.q.c.QuartzScheduler - [setJobFactory,2293] - JobFactory set to: org.springframework.scheduling.quartz.AdaptableJobFactory@6b20a4f9
11:33:03.059 [restartedMain] INFO  o.a.c.w.s.f.ReflectionServiceFactoryBean - [buildServiceFromClass,436] - Creating Service {http://impl.webservice.system.ruoyi.com/}OADeptServiceImplService from class com.ruoyi.system.webservice.impl.OADeptServiceImpl
11:33:03.964 [restartedMain] INFO  o.a.c.e.ServerImpl - [initDestination,95] - Setting the server's publish address to be /syncdep
11:33:04.001 [restartedMain] INFO  o.a.c.w.s.f.ReflectionServiceFactoryBean - [buildServiceFromClass,436] - Creating Service {http://impl.webservice.system.ruoyi.com/}OAUserServiceImplService from class com.ruoyi.system.webservice.impl.OAUserServiceImpl
11:33:04.092 [restartedMain] INFO  o.a.c.e.ServerImpl - [initDestination,95] - Setting the server's publish address to be /syncuser
11:33:04.101 [restartedMain] INFO  o.a.c.w.s.f.ReflectionServiceFactoryBean - [buildServiceFromClass,436] - Creating Service {http://ideal.sh.cn.tc}ICreateInfoServiceService from class com.ruoyi.system.webservice.createinfo.ICreateInfoService
11:33:09.122 [restartedMain] INFO  o.a.c.h.Http11NioProtocol - [log,173] - Starting ProtocolHandler ["http-nio-9587"]
11:33:09.145 [restartedMain] INFO  o.a.s.AbstractActivitiSmartLifeCycle - [start,81] - Starting...
11:33:09.546 [restartedMain] INFO  o.a.s.AbstractActivitiSmartLifeCycle - [start,86] - Started.
11:33:09.546 [restartedMain] INFO  o.a.s.AbstractActivitiSmartLifeCycle - [start,81] - Starting...
11:33:09.595 [restartedMain] INFO  o.a.s.AbstractActivitiSmartLifeCycle - [start,86] - Started.
11:33:09.595 [restartedMain] INFO  o.a.s.AbstractActivitiSmartLifeCycle - [start,81] - Starting...
11:33:10.228 [Quartz Scheduler [RuoyiScheduler]] INFO  o.q.c.QuartzScheduler - [start,547] - Scheduler RuoyiScheduler_$_DESKTOP-GL3RGKM1787542381455 started.
11:33:13.798 [restartedMain] INFO  o.a.s.AbstractActivitiSmartLifeCycle - [start,86] - Started.
11:33:13.798 [restartedMain] INFO  o.a.s.AbstractActivitiSmartLifeCycle - [start,81] - Starting...
11:33:16.518 [restartedMain] INFO  o.a.s.AbstractActivitiSmartLifeCycle - [start,86] - Started.
11:33:16.542 [restartedMain] INFO  c.r.RuoYiApplication - [logStarted,59] - Started RuoYiApplication in 38.338 seconds (process running for 40.452)
11:33:16.898 [RMI TCP Connection(6)-172.33.1.108] INFO  o.a.c.c.C.[.[.[/] - [log,173] - Initializing Spring DispatcherServlet 'dispatcherServlet'
11:33:16.930 [restartedMain] INFO  c.r.w.k.SaslClient - [consume,109] - login user: admin
11:33:17.004 [restartedMain] INFO  o.a.k.c.c.ConsumerConfig - [logAll,347] - ConsumerConfig values: 
	allow.auto.create.topics = true
	auto.commit.interval.ms = 5000
	auto.offset.reset = earliest
	bootstrap.servers = [10.145.219.3:8423, 10.145.219.4:8423, 10.145.219.5:8423]
	check.crcs = true
	client.dns.lookup = default
	client.id = 
	client.rack = 
	connections.max.idle.ms = 540000
	default.api.timeout.ms = 60000
	enable.auto.commit = false
	exclude.internal.topics = true
	fetch.max.bytes = 52428800
	fetch.max.wait.ms = 500
	fetch.min.bytes = 1
	group.id = DE_C_HRMS_STIEP
	group.instance.id = null
	heartbeat.interval.ms = 3000
	interceptor.classes = []
	internal.leave.group.on.close = true
	isolation.level = read_uncommitted
	key.deserializer = class org.apache.kafka.common.serialization.StringDeserializer
	max.partition.fetch.bytes = 1048576
	max.poll.interval.ms = 300000
	max.poll.records = 30
	metadata.max.age.ms = 300000
	metric.reporters = []
	metrics.num.samples = 2
	metrics.recording.level = INFO
	metrics.sample.window.ms = 30000
	partition.assignment.strategy = [class org.apache.kafka.clients.consumer.RangeAssignor]
	receive.buffer.bytes = 65536
	reconnect.backoff.max.ms = 1000
	reconnect.backoff.ms = 50
	request.timeout.ms = 30000
	retry.backoff.ms = 100
	sasl.client.callback.handler.class = null
	sasl.jaas.config = [hidden]
	sasl.kerberos.kinit.cmd = /usr/bin/kinit
	sasl.kerberos.min.time.before.relogin = 60000
	sasl.kerberos.service.name = null
	sasl.kerberos.ticket.renew.jitter = 0.05
	sasl.kerberos.ticket.renew.window.factor = 0.8
	sasl.login.callback.handler.class = null
	sasl.login.class = null
	sasl.login.refresh.buffer.seconds = 300
	sasl.login.refresh.min.period.seconds = 60
	sasl.login.refresh.window.factor = 0.8
	sasl.login.refresh.window.jitter = 0.05
	sasl.mechanism = SCRAM-SHA-512
	security.protocol = SASL_PLAINTEXT
	send.buffer.bytes = 131072
	session.timeout.ms = 10000
	ssl.cipher.suites = null
	ssl.enabled.protocols = [TLSv1.2, TLSv1.1, TLSv1]
	ssl.endpoint.identification.algorithm = https
	ssl.key.password = null
	ssl.keymanager.algorithm = SunX509
	ssl.keystore.location = null
	ssl.keystore.password = null
	ssl.keystore.type = JKS
	ssl.protocol = TLS
	ssl.provider = null
	ssl.secure.random.implementation = null
	ssl.trustmanager.algorithm = PKIX
	ssl.truststore.location = null
	ssl.truststore.password = null
	ssl.truststore.type = JKS
	value.deserializer = class org.apache.kafka.common.serialization.StringDeserializer

11:33:17.109 [restartedMain] INFO  o.a.k.c.s.a.AbstractLogin - [login,61] - Successfully logged in.
11:33:17.237 [restartedMain] INFO  o.a.k.c.u.AppInfoParser - [<init>,117] - Kafka version: 2.3.0
11:33:17.237 [restartedMain] INFO  o.a.k.c.u.AppInfoParser - [<init>,118] - Kafka commitId: fc1aaa116b661c8a
11:33:17.237 [restartedMain] INFO  o.a.k.c.u.AppInfoParser - [<init>,119] - Kafka startTimeMs: 1787542397232
11:33:17.240 [restartedMain] INFO  o.a.k.c.c.KafkaConsumer - [subscribe,964] - [Consumer clientId=consumer-1, groupId=DE_C_HRMS_STIEP] Subscribed to topic(s): DE_HRMS_STIEP
11:33:17.240 [restartedMain] INFO  c.r.w.k.SaslClient - [consume,127] - start consumer kafka
11:33:37.190 [Thread-9] INFO  o.q.c.QuartzScheduler - [standby,585] - Scheduler RuoyiScheduler_$_DESKTOP-GL3RGKM1787542381455 paused.
11:33:37.191 [Thread-9] INFO  o.a.s.AbstractActivitiSmartLifeCycle - [stop,95] - Stopping...
11:33:37.191 [Thread-9] INFO  o.a.s.AbstractActivitiSmartLifeCycle - [stop,99] - Stopped.
11:33:37.191 [Thread-9] INFO  o.a.s.AbstractActivitiSmartLifeCycle - [stop,95] - Stopping...
11:33:37.191 [Thread-9] INFO  o.a.s.AbstractActivitiSmartLifeCycle - [stop,99] - Stopped.
11:33:37.191 [Thread-9] INFO  o.a.s.AbstractActivitiSmartLifeCycle - [stop,95] - Stopping...
11:33:37.191 [Thread-9] INFO  o.a.s.AbstractActivitiSmartLifeCycle - [stop,99] - Stopped.
11:33:37.191 [Thread-9] INFO  o.a.s.AbstractActivitiSmartLifeCycle - [stop,95] - Stopping...
11:33:37.191 [Thread-9] INFO  o.a.s.AbstractActivitiSmartLifeCycle - [stop,99] - Stopped.
11:33:37.194 [tomcat-shutdown] INFO  o.a.c.h.Http11NioProtocol - [log,173] - Pausing ProtocolHandler ["http-nio-9587"]
11:33:37.203 [Thread-9] INFO  o.a.c.h.Http11NioProtocol - [log,173] - Stopping ProtocolHandler ["http-nio-9587"]
11:33:37.234 [Thread-9] INFO  o.q.c.QuartzScheduler - [shutdown,666] - Scheduler RuoyiScheduler_$_DESKTOP-GL3RGKM1787542381455 shutting down.
11:33:37.234 [Thread-9] INFO  o.q.c.QuartzScheduler - [standby,585] - Scheduler RuoyiScheduler_$_DESKTOP-GL3RGKM1787542381455 paused.
11:33:37.235 [Thread-9] INFO  o.q.c.QuartzScheduler - [shutdown,740] - Scheduler RuoyiScheduler_$_DESKTOP-GL3RGKM1787542381455 shutdown complete.
11:33:37.235 [Thread-9] INFO  sys-user - [shutdownAsyncManager,31] - ====关闭后台任务任务线程池====
11:33:37.253 [Thread-9] INFO  o.a.e.i.a.DefaultAsyncJobExecutor - [shutdown,212] - Shutting down the default async job executor [org.activiti.spring.SpringAsyncExecutor].
11:33:37.254 [activiti-acquire-async-jobs] INFO  o.a.e.i.a.AcquireAsyncJobsDueRunnable - [run,119] - {} stopped async job due acquisition
11:33:37.254 [activiti-reset-expired-jobs] INFO  o.a.e.i.a.ResetExpiredJobsRunnable - [run,103] - {} stopped resetting expired jobs
11:33:37.254 [activiti-acquire-timer-jobs] INFO  o.a.e.i.a.AcquireTimerJobsRunnable - [run,119] - {} stopped async job due acquisition
11:33:37.264 [Thread-9] INFO  c.a.d.p.DruidDataSource - [close,2032] - {dataSource-1} closing ...
11:33:37.270 [Thread-9] INFO  c.a.d.p.DruidDataSource - [close,2104] - {dataSource-1} closed
11:33:37.896 [restartedMain] INFO  c.r.RuoYiApplication - [logStarting,53] - Starting RuoYiApplication using Java 22 with PID 6600 (C:\Users\Administrator\Desktop\kcts\kcts\ruoyi-admin\target\classes started by Administrator in C:\Users\Administrator\Desktop\kcts)
11:33:37.897 [restartedMain] INFO  c.r.RuoYiApplication - [logStartupProfileInfo,658] - The following 1 profile is active: "ai"
11:33:44.290 [restartedMain] INFO  o.a.c.c.AprLifecycleListener - [log,173] - An older version [1.2.35] of the Apache Tomcat Native library is installed, while Tomcat recommends a minimum version of [2.0.5]
11:33:44.290 [restartedMain] INFO  o.a.c.c.AprLifecycleListener - [log,173] - Loaded Apache Tomcat Native library [1.2.35] using APR version [1.7.0].
11:33:44.290 [restartedMain] INFO  o.a.c.c.AprLifecycleListener - [log,173] - OpenSSL successfully initialized [OpenSSL 1.1.1q  5 Jul 2022]
11:33:44.291 [restartedMain] INFO  o.a.c.h.Http11NioProtocol - [log,173] - Initializing ProtocolHandler ["http-nio-9587"]
11:33:44.291 [restartedMain] INFO  o.a.c.c.StandardService - [log,173] - Starting service [Tomcat]
11:33:44.291 [restartedMain] INFO  o.a.c.c.StandardEngine - [log,173] - Starting Servlet engine: [Apache Tomcat/10.1.33]
11:33:44.430 [restartedMain] INFO  o.a.c.c.C.[.[.[/] - [log,173] - Initializing Spring embedded WebApplicationContext
11:33:47.685 [restartedMain] INFO  c.a.d.p.DruidDataSource - [init,985] - {dataSource-2} inited
11:33:54.914 [restartedMain] INFO  o.a.s.r.ResourceFinder - [discoverResources,49] - No process definitions were found for auto-deployment in the location `classpath*:**/processes/`
11:33:56.830 [restartedMain] INFO  o.a.s.r.ResourceFinder - [discoverResources,49] - No process extensions were found for auto-deployment in the location 'classpath*:**/processes/'
11:33:57.036 [restartedMain] INFO  o.a.e.i.c.ProcessEngineConfigurationImpl - [initConfigurators,1570] - Found 1 Process Engine Configurators in total:
11:33:57.036 [restartedMain] INFO  o.a.e.i.c.ProcessEngineConfigurationImpl - [initConfigurators,1572] - class org.activiti.spring.process.conf.ProcessExtensionsConfiguratorAutoConfiguration (priority:10000)
11:33:57.036 [restartedMain] INFO  o.a.e.i.c.ProcessEngineConfigurationImpl - [configuratorsBeforeInit,1582] - Executing beforeInit() of class org.activiti.spring.process.conf.ProcessExtensionsConfiguratorAutoConfiguration (priority:10000)
11:33:57.412 [restartedMain] INFO  o.a.e.i.c.ProcessEngineConfigurationImpl - [configuratorsAfterInit,1589] - Executing configure() of class org.activiti.spring.process.conf.ProcessExtensionsConfiguratorAutoConfiguration (priority:10000)
11:33:57.421 [restartedMain] INFO  o.a.e.i.ProcessEngineImpl - [<init>,78] - ProcessEngine default created
11:33:57.421 [restartedMain] INFO  o.a.e.i.a.DefaultAsyncJobExecutor - [start,173] - Starting up the default async job executor [org.activiti.spring.SpringAsyncExecutor].
11:33:57.422 [Thread-18] INFO  o.a.e.i.a.AcquireTimerJobsRunnable - [run,53] - {} starting to acquire async jobs due
11:33:57.422 [Thread-19] INFO  o.a.e.i.a.ResetExpiredJobsRunnable - [run,55] - {} starting to reset expired jobs
11:33:57.422 [Thread-17] INFO  o.a.e.i.a.AcquireAsyncJobsDueRunnable - [run,49] - {} starting to acquire async jobs due
11:33:57.508 [restartedMain] INFO  o.a.e.i.c.DeployCmd - [executeDeploy,103] - Launching new deployment with version: 1
11:33:59.409 [restartedMain] INFO  o.q.i.StdSchedulerFactory - [instantiate,1220] - Using default implementation for ThreadExecutor
11:33:59.411 [restartedMain] INFO  o.q.c.SchedulerSignalerImpl - [<init>,61] - Initialized Scheduler Signaller of type: class org.quartz.core.SchedulerSignalerImpl
11:33:59.411 [restartedMain] INFO  o.q.c.QuartzScheduler - [<init>,229] - Quartz Scheduler v.2.3.2 created.
11:33:59.412 [restartedMain] INFO  o.q.c.QuartzScheduler - [initialize,294] - Scheduler meta-data: Quartz Scheduler (v2.3.2) 'RuoyiScheduler' with instanceId 'DESKTOP-GL3RGKM1787542439410'
  Scheduler class: 'org.quartz.core.QuartzScheduler' - running locally.
  NOT STARTED.
  Currently in standby mode.
  Number of jobs executed: 0
  Using thread pool 'org.quartz.simpl.SimpleThreadPool' - with 20 threads.
  Using job-store 'org.springframework.scheduling.quartz.LocalDataSourceJobStore' - which supports persistence. and is clustered.

11:33:59.412 [restartedMain] INFO  o.q.i.StdSchedulerFactory - [instantiate,1374] - Quartz scheduler 'RuoyiScheduler' initialized from an externally provided properties instance.
11:33:59.412 [restartedMain] INFO  o.q.i.StdSchedulerFactory - [instantiate,1378] - Quartz scheduler version: 2.3.2
11:33:59.412 [restartedMain] INFO  o.q.c.QuartzScheduler - [setJobFactory,2293] - JobFactory set to: org.springframework.scheduling.quartz.AdaptableJobFactory@3dc47e1a
11:34:00.398 [restartedMain] INFO  o.a.c.w.s.f.ReflectionServiceFactoryBean - [buildServiceFromClass,436] - Creating Service {http://impl.webservice.system.ruoyi.com/}OADeptServiceImplService from class com.ruoyi.system.webservice.impl.OADeptServiceImpl
11:34:00.620 [restartedMain] INFO  o.a.c.e.ServerImpl - [initDestination,95] - Setting the server's publish address to be /syncdep
11:34:00.647 [restartedMain] INFO  o.a.c.w.s.f.ReflectionServiceFactoryBean - [buildServiceFromClass,436] - Creating Service {http://impl.webservice.system.ruoyi.com/}OAUserServiceImplService from class com.ruoyi.system.webservice.impl.OAUserServiceImpl
11:34:00.756 [restartedMain] INFO  o.a.c.e.ServerImpl - [initDestination,95] - Setting the server's publish address to be /syncuser
11:34:00.760 [restartedMain] INFO  o.a.c.w.s.f.ReflectionServiceFactoryBean - [buildServiceFromClass,436] - Creating Service {http://ideal.sh.cn.tc}ICreateInfoServiceService from class com.ruoyi.system.webservice.createinfo.ICreateInfoService
11:34:03.947 [restartedMain] INFO  o.a.c.h.Http11NioProtocol - [log,173] - Starting ProtocolHandler ["http-nio-9587"]
11:34:03.951 [restartedMain] INFO  o.a.s.AbstractActivitiSmartLifeCycle - [start,81] - Starting...
11:34:04.208 [restartedMain] INFO  o.a.s.AbstractActivitiSmartLifeCycle - [start,86] - Started.
11:34:04.208 [restartedMain] INFO  o.a.s.AbstractActivitiSmartLifeCycle - [start,81] - Starting...
11:34:04.247 [restartedMain] INFO  o.a.s.AbstractActivitiSmartLifeCycle - [start,86] - Started.
11:34:04.247 [restartedMain] INFO  o.a.s.AbstractActivitiSmartLifeCycle - [start,81] - Starting...
11:34:05.117 [Quartz Scheduler [RuoyiScheduler]] INFO  o.q.c.QuartzScheduler - [start,547] - Scheduler RuoyiScheduler_$_DESKTOP-GL3RGKM1787542439410 started.
11:34:07.950 [restartedMain] INFO  o.a.s.AbstractActivitiSmartLifeCycle - [start,86] - Started.
11:34:07.950 [restartedMain] INFO  o.a.s.AbstractActivitiSmartLifeCycle - [start,81] - Starting...
11:34:10.606 [restartedMain] INFO  o.a.s.AbstractActivitiSmartLifeCycle - [start,86] - Started.
11:34:10.617 [restartedMain] INFO  c.r.RuoYiApplication - [logStarted,59] - Started RuoYiApplication in 32.971 seconds (process running for 94.526)
11:34:10.618 [SpringApplicationShutdownHook] INFO  o.q.c.QuartzScheduler - [standby,585] - Scheduler RuoyiScheduler_$_DESKTOP-GL3RGKM1787542439410 paused.
11:34:10.618 [SpringApplicationShutdownHook] INFO  o.a.s.AbstractActivitiSmartLifeCycle - [stop,95] - Stopping...
11:34:10.618 [SpringApplicationShutdownHook] INFO  o.a.s.AbstractActivitiSmartLifeCycle - [stop,99] - Stopped.
11:34:10.618 [SpringApplicationShutdownHook] INFO  o.a.s.AbstractActivitiSmartLifeCycle - [stop,95] - Stopping...
11:34:10.618 [SpringApplicationShutdownHook] INFO  o.a.s.AbstractActivitiSmartLifeCycle - [stop,99] - Stopped.
11:34:10.618 [SpringApplicationShutdownHook] INFO  o.a.s.AbstractActivitiSmartLifeCycle - [stop,95] - Stopping...
11:34:10.618 [SpringApplicationShutdownHook] INFO  o.a.s.AbstractActivitiSmartLifeCycle - [stop,99] - Stopped.
11:34:10.618 [SpringApplicationShutdownHook] INFO  o.a.s.AbstractActivitiSmartLifeCycle - [stop,95] - Stopping...
11:34:10.618 [SpringApplicationShutdownHook] INFO  o.a.s.AbstractActivitiSmartLifeCycle - [stop,99] - Stopped.
11:34:10.629 [SpringApplicationShutdownHook] INFO  o.q.c.QuartzScheduler - [shutdown,666] - Scheduler RuoyiScheduler_$_DESKTOP-GL3RGKM1787542439410 shutting down.
11:34:10.629 [SpringApplicationShutdownHook] INFO  o.q.c.QuartzScheduler - [standby,585] - Scheduler RuoyiScheduler_$_DESKTOP-GL3RGKM1787542439410 paused.
11:34:10.629 [SpringApplicationShutdownHook] INFO  o.q.c.QuartzScheduler - [shutdown,740] - Scheduler RuoyiScheduler_$_DESKTOP-GL3RGKM1787542439410 shutdown complete.
11:34:10.629 [SpringApplicationShutdownHook] INFO  sys-user - [shutdownAsyncManager,31] - ====关闭后台任务任务线程池====
11:34:10.636 [SpringApplicationShutdownHook] INFO  o.a.e.i.a.DefaultAsyncJobExecutor - [shutdown,212] - Shutting down the default async job executor [org.activiti.spring.SpringAsyncExecutor].
11:34:10.636 [activiti-acquire-timer-jobs] INFO  o.a.e.i.a.AcquireTimerJobsRunnable - [run,119] - {} stopped async job due acquisition
11:34:10.636 [activiti-acquire-async-jobs] INFO  o.a.e.i.a.AcquireAsyncJobsDueRunnable - [run,119] - {} stopped async job due acquisition
11:34:10.636 [activiti-reset-expired-jobs] INFO  o.a.e.i.a.ResetExpiredJobsRunnable - [run,103] - {} stopped resetting expired jobs
11:34:10.642 [SpringApplicationShutdownHook] INFO  c.a.d.p.DruidDataSource - [close,2032] - {dataSource-2} closing ...
11:34:10.644 [SpringApplicationShutdownHook] INFO  c.a.d.p.DruidDataSource - [close,2104] - {dataSource-2} closed
11:34:15.933 [background-preinit] INFO  o.h.v.i.util.Version - [<clinit>,18] - HV000001: Hibernate Validator 9.0.1.Final
11:34:15.999 [restartedMain] INFO  c.r.RuoYiApplication - [logStarting,53] - Starting RuoYiApplication using Java 17.0.10 with PID 1536 (C:\Users\Administrator\Desktop\kcts\kcts\ruoyi-admin\target\classes started by Administrator in C:\Users\Administrator\Desktop\kcts)
11:34:16.000 [restartedMain] INFO  c.r.RuoYiApplication - [logStartupProfileInfo,658] - The following 1 profile is active: "local"
11:34:22.173 [restartedMain] INFO  o.a.c.c.AprLifecycleListener - [log,173] - An older version [1.2.35] of the Apache Tomcat Native library is installed, while Tomcat recommends a minimum version of [2.0.5]
11:34:22.174 [restartedMain] INFO  o.a.c.c.AprLifecycleListener - [log,173] - Loaded Apache Tomcat Native library [1.2.35] using APR version [1.7.0].
11:34:22.178 [restartedMain] INFO  o.a.c.c.AprLifecycleListener - [log,173] - OpenSSL successfully initialized [OpenSSL 1.1.1q  5 Jul 2022]
11:34:22.204 [restartedMain] INFO  o.a.c.h.Http11NioProtocol - [log,173] - Initializing ProtocolHandler ["http-nio-9587"]
11:34:22.206 [restartedMain] INFO  o.a.c.c.StandardService - [log,173] - Starting service [Tomcat]
11:34:22.206 [restartedMain] INFO  o.a.c.c.StandardEngine - [log,173] - Starting Servlet engine: [Apache Tomcat/10.1.33]
11:34:22.370 [restartedMain] INFO  o.a.c.c.C.[.[.[/] - [log,173] - Initializing Spring embedded WebApplicationContext
11:34:25.637 [restartedMain] INFO  c.a.d.p.DruidDataSource - [init,985] - {dataSource-1} inited
11:34:32.312 [restartedMain] INFO  o.a.s.r.ResourceFinder - [discoverResources,49] - No process definitions were found for auto-deployment in the location `classpath*:**/processes/`
11:34:34.345 [restartedMain] INFO  o.a.s.r.ResourceFinder - [discoverResources,49] - No process extensions were found for auto-deployment in the location 'classpath*:**/processes/'
11:34:34.837 [restartedMain] INFO  o.a.e.i.c.ProcessEngineConfigurationImpl - [initConfigurators,1570] - Found 1 Process Engine Configurators in total:
11:34:34.837 [restartedMain] INFO  o.a.e.i.c.ProcessEngineConfigurationImpl - [initConfigurators,1572] - class org.activiti.spring.process.conf.ProcessExtensionsConfiguratorAutoConfiguration (priority:10000)
11:34:34.838 [restartedMain] INFO  o.a.e.i.c.ProcessEngineConfigurationImpl - [configuratorsBeforeInit,1582] - Executing beforeInit() of class org.activiti.spring.process.conf.ProcessExtensionsConfiguratorAutoConfiguration (priority:10000)
11:34:35.964 [restartedMain] INFO  o.a.e.i.c.ProcessEngineConfigurationImpl - [configuratorsAfterInit,1589] - Executing configure() of class org.activiti.spring.process.conf.ProcessExtensionsConfiguratorAutoConfiguration (priority:10000)
11:34:36.024 [restartedMain] INFO  o.a.e.i.ProcessEngineImpl - [<init>,78] - ProcessEngine default created
11:34:36.026 [restartedMain] INFO  o.a.e.i.a.DefaultAsyncJobExecutor - [start,173] - Starting up the default async job executor [org.activiti.spring.SpringAsyncExecutor].
11:34:36.027 [Thread-5] INFO  o.a.e.i.a.AcquireTimerJobsRunnable - [run,53] - {} starting to acquire async jobs due
11:34:36.027 [Thread-6] INFO  o.a.e.i.a.ResetExpiredJobsRunnable - [run,55] - {} starting to reset expired jobs
11:34:36.027 [Thread-4] INFO  o.a.e.i.a.AcquireAsyncJobsDueRunnable - [run,49] - {} starting to acquire async jobs due
11:34:36.200 [restartedMain] INFO  o.a.e.i.c.DeployCmd - [executeDeploy,103] - Launching new deployment with version: 1
11:34:40.332 [restartedMain] INFO  o.q.i.StdSchedulerFactory - [instantiate,1220] - Using default implementation for ThreadExecutor
11:34:40.360 [restartedMain] INFO  o.q.c.SchedulerSignalerImpl - [<init>,61] - Initialized Scheduler Signaller of type: class org.quartz.core.SchedulerSignalerImpl
11:34:40.360 [restartedMain] INFO  o.q.c.QuartzScheduler - [<init>,229] - Quartz Scheduler v.2.3.2 created.
11:34:40.370 [restartedMain] INFO  o.q.c.QuartzScheduler - [initialize,294] - Scheduler meta-data: Quartz Scheduler (v2.3.2) 'RuoyiScheduler' with instanceId 'DESKTOP-GL3RGKM1787542480339'
  Scheduler class: 'org.quartz.core.QuartzScheduler' - running locally.
  NOT STARTED.
  Currently in standby mode.
  Number of jobs executed: 0
  Using thread pool 'org.quartz.simpl.SimpleThreadPool' - with 20 threads.
  Using job-store 'org.springframework.scheduling.quartz.LocalDataSourceJobStore' - which supports persistence. and is clustered.

11:34:40.371 [restartedMain] INFO  o.q.i.StdSchedulerFactory - [instantiate,1374] - Quartz scheduler 'RuoyiScheduler' initialized from an externally provided properties instance.
11:34:40.371 [restartedMain] INFO  o.q.i.StdSchedulerFactory - [instantiate,1378] - Quartz scheduler version: 2.3.2
11:34:40.374 [restartedMain] INFO  o.q.c.QuartzScheduler - [setJobFactory,2293] - JobFactory set to: org.springframework.scheduling.quartz.AdaptableJobFactory@3f76260c
11:34:41.998 [restartedMain] INFO  o.a.c.w.s.f.ReflectionServiceFactoryBean - [buildServiceFromClass,436] - Creating Service {http://impl.webservice.system.ruoyi.com/}OADeptServiceImplService from class com.ruoyi.system.webservice.impl.OADeptServiceImpl
11:34:42.794 [restartedMain] INFO  o.a.c.e.ServerImpl - [initDestination,95] - Setting the server's publish address to be /syncdep
11:34:42.830 [restartedMain] INFO  o.a.c.w.s.f.ReflectionServiceFactoryBean - [buildServiceFromClass,436] - Creating Service {http://impl.webservice.system.ruoyi.com/}OAUserServiceImplService from class com.ruoyi.system.webservice.impl.OAUserServiceImpl
11:34:42.931 [restartedMain] INFO  o.a.c.e.ServerImpl - [initDestination,95] - Setting the server's publish address to be /syncuser
11:34:42.941 [restartedMain] INFO  o.a.c.w.s.f.ReflectionServiceFactoryBean - [buildServiceFromClass,436] - Creating Service {http://ideal.sh.cn.tc}ICreateInfoServiceService from class com.ruoyi.system.webservice.createinfo.ICreateInfoService
11:34:47.682 [restartedMain] INFO  o.a.c.h.Http11NioProtocol - [log,173] - Starting ProtocolHandler ["http-nio-9587"]
11:34:47.706 [restartedMain] INFO  o.a.s.AbstractActivitiSmartLifeCycle - [start,81] - Starting...
11:34:47.999 [restartedMain] INFO  o.a.s.AbstractActivitiSmartLifeCycle - [start,86] - Started.
11:34:47.999 [restartedMain] INFO  o.a.s.AbstractActivitiSmartLifeCycle - [start,81] - Starting...
11:34:48.037 [restartedMain] INFO  o.a.s.AbstractActivitiSmartLifeCycle - [start,86] - Started.
11:34:48.038 [restartedMain] INFO  o.a.s.AbstractActivitiSmartLifeCycle - [start,81] - Starting...
11:34:48.744 [Quartz Scheduler [RuoyiScheduler]] INFO  o.q.c.QuartzScheduler - [start,547] - Scheduler RuoyiScheduler_$_DESKTOP-GL3RGKM1787542480339 started.
11:34:49.673 [restartedMain] INFO  o.a.s.AbstractActivitiSmartLifeCycle - [start,86] - Started.
11:34:49.674 [restartedMain] INFO  o.a.s.AbstractActivitiSmartLifeCycle - [start,81] - Starting...
11:34:53.875 [restartedMain] INFO  o.a.s.AbstractActivitiSmartLifeCycle - [start,86] - Started.
11:34:53.906 [restartedMain] INFO  c.r.RuoYiApplication - [logStarted,59] - Started RuoYiApplication in 38.519 seconds (process running for 40.533)
11:34:54.219 [restartedMain] INFO  c.r.w.k.SaslClient - [consume,109] - login user: admin
11:34:54.237 [RMI TCP Connection(8)-172.33.1.108] INFO  o.a.c.c.C.[.[.[/] - [log,173] - Initializing Spring DispatcherServlet 'dispatcherServlet'
11:34:54.295 [restartedMain] INFO  o.a.k.c.c.ConsumerConfig - [logAll,347] - ConsumerConfig values: 
	allow.auto.create.topics = true
	auto.commit.interval.ms = 5000
	auto.offset.reset = earliest
	bootstrap.servers = [10.145.219.3:8423, 10.145.219.4:8423, 10.145.219.5:8423]
	check.crcs = true
	client.dns.lookup = default
	client.id = 
	client.rack = 
	connections.max.idle.ms = 540000
	default.api.timeout.ms = 60000
	enable.auto.commit = false
	exclude.internal.topics = true
	fetch.max.bytes = 52428800
	fetch.max.wait.ms = 500
	fetch.min.bytes = 1
	group.id = DE_C_HRMS_STIEP
	group.instance.id = null
	heartbeat.interval.ms = 3000
	interceptor.classes = []
	internal.leave.group.on.close = true
	isolation.level = read_uncommitted
	key.deserializer = class org.apache.kafka.common.serialization.StringDeserializer
	max.partition.fetch.bytes = 1048576
	max.poll.interval.ms = 300000
	max.poll.records = 30
	metadata.max.age.ms = 300000
	metric.reporters = []
	metrics.num.samples = 2
	metrics.recording.level = INFO
	metrics.sample.window.ms = 30000
	partition.assignment.strategy = [class org.apache.kafka.clients.consumer.RangeAssignor]
	receive.buffer.bytes = 65536
	reconnect.backoff.max.ms = 1000
	reconnect.backoff.ms = 50
	request.timeout.ms = 30000
	retry.backoff.ms = 100
	sasl.client.callback.handler.class = null
	sasl.jaas.config = [hidden]
	sasl.kerberos.kinit.cmd = /usr/bin/kinit
	sasl.kerberos.min.time.before.relogin = 60000
	sasl.kerberos.service.name = null
	sasl.kerberos.ticket.renew.jitter = 0.05
	sasl.kerberos.ticket.renew.window.factor = 0.8
	sasl.login.callback.handler.class = null
	sasl.login.class = null
	sasl.login.refresh.buffer.seconds = 300
	sasl.login.refresh.min.period.seconds = 60
	sasl.login.refresh.window.factor = 0.8
	sasl.login.refresh.window.jitter = 0.05
	sasl.mechanism = SCRAM-SHA-512
	security.protocol = SASL_PLAINTEXT
	send.buffer.bytes = 131072
	session.timeout.ms = 10000
	ssl.cipher.suites = null
	ssl.enabled.protocols = [TLSv1.2, TLSv1.1, TLSv1]
	ssl.endpoint.identification.algorithm = https
	ssl.key.password = null
	ssl.keymanager.algorithm = SunX509
	ssl.keystore.location = null
	ssl.keystore.password = null
	ssl.keystore.type = JKS
	ssl.protocol = TLS
	ssl.provider = null
	ssl.secure.random.implementation = null
	ssl.trustmanager.algorithm = PKIX
	ssl.truststore.location = null
	ssl.truststore.password = null
	ssl.truststore.type = JKS
	value.deserializer = class org.apache.kafka.common.serialization.StringDeserializer

11:34:54.366 [restartedMain] INFO  o.a.k.c.s.a.AbstractLogin - [login,61] - Successfully logged in.
11:34:54.466 [restartedMain] INFO  o.a.k.c.u.AppInfoParser - [<init>,117] - Kafka version: 2.3.0
11:34:54.467 [restartedMain] INFO  o.a.k.c.u.AppInfoParser - [<init>,118] - Kafka commitId: fc1aaa116b661c8a
11:34:54.467 [restartedMain] INFO  o.a.k.c.u.AppInfoParser - [<init>,119] - Kafka startTimeMs: 1787542494463
11:34:54.470 [restartedMain] INFO  o.a.k.c.c.KafkaConsumer - [subscribe,964] - [Consumer clientId=consumer-1, groupId=DE_C_HRMS_STIEP] Subscribed to topic(s): DE_HRMS_STIEP
11:34:54.470 [restartedMain] INFO  c.r.w.k.SaslClient - [consume,127] - start consumer kafka
11:40:49.480 [http-nio-9587-exec-3] INFO  c.r.f.w.s.TokenService - [getToken,227] - backend Token: null
11:40:49.480 [http-nio-9587-exec-1] INFO  c.r.f.w.s.TokenService - [getToken,227] - backend Token: null
11:40:51.701 [http-nio-9587-exec-9] INFO  c.r.f.w.s.TokenService - [getToken,227] - backend Token: null
11:40:51.834 [schedule-pool-2] INFO  sys-user - [run,58] - [127.0.0.1]内网IP[admin][Error][验证码已失效]
11:40:57.069 [http-nio-9587-exec-2] INFO  c.r.f.w.s.TokenService - [getToken,227] - backend Token: null
11:40:57.192 [schedule-pool-4] INFO  sys-user - [run,58] - [127.0.0.1]内网IP[admin][Success][登录成功]
11:40:57.289 [http-nio-9587-exec-8] INFO  c.r.f.w.s.TokenService - [getToken,227] - backend Token: Bearer eyJhbGciOiJIUzUxMiJ9.eyJsb2dpbl91c2VyX2tleSI6ImJmMzcxZTQ3LTViYzEtNDdmMC1hZjFkLWVmN2VhNTVjMGJjMiJ9.Hw7MN4amUJqIk_MVITafrHP5Lob2BD1rGXKIkVFGceCN3z-I2-48q4P7aZ_m3rQ7BweN-FyOk50NSiK_lSPMhw
11:40:57.337 [http-nio-9587-exec-8] INFO  c.r.f.w.s.TokenService - [getToken,227] - backend Token: Bearer eyJhbGciOiJIUzUxMiJ9.eyJsb2dpbl91c2VyX2tleSI6ImJmMzcxZTQ3LTViYzEtNDdmMC1hZjFkLWVmN2VhNTVjMGJjMiJ9.Hw7MN4amUJqIk_MVITafrHP5Lob2BD1rGXKIkVFGceCN3z-I2-48q4P7aZ_m3rQ7BweN-FyOk50NSiK_lSPMhw
11:40:57.481 [http-nio-9587-exec-9] INFO  c.r.f.w.s.TokenService - [getToken,227] - backend Token: Bearer eyJhbGciOiJIUzUxMiJ9.eyJsb2dpbl91c2VyX2tleSI6ImJmMzcxZTQ3LTViYzEtNDdmMC1hZjFkLWVmN2VhNTVjMGJjMiJ9.Hw7MN4amUJqIk_MVITafrHP5Lob2BD1rGXKIkVFGceCN3z-I2-48q4P7aZ_m3rQ7BweN-FyOk50NSiK_lSPMhw
11:40:57.486 [http-nio-9587-exec-1] INFO  c.r.f.w.s.TokenService - [getToken,227] - backend Token: Bearer eyJhbGciOiJIUzUxMiJ9.eyJsb2dpbl91c2VyX2tleSI6ImJmMzcxZTQ3LTViYzEtNDdmMC1hZjFkLWVmN2VhNTVjMGJjMiJ9.Hw7MN4amUJqIk_MVITafrHP5Lob2BD1rGXKIkVFGceCN3z-I2-48q4P7aZ_m3rQ7BweN-FyOk50NSiK_lSPMhw
11:40:57.489 [http-nio-9587-exec-2] INFO  c.r.f.w.s.TokenService - [getToken,227] - backend Token: Bearer eyJhbGciOiJIUzUxMiJ9.eyJsb2dpbl91c2VyX2tleSI6ImJmMzcxZTQ3LTViYzEtNDdmMC1hZjFkLWVmN2VhNTVjMGJjMiJ9.Hw7MN4amUJqIk_MVITafrHP5Lob2BD1rGXKIkVFGceCN3z-I2-48q4P7aZ_m3rQ7BweN-FyOk50NSiK_lSPMhw
11:40:57.489 [http-nio-9587-exec-5] INFO  c.r.f.w.s.TokenService - [getToken,227] - backend Token: Bearer eyJhbGciOiJIUzUxMiJ9.eyJsb2dpbl91c2VyX2tleSI6ImJmMzcxZTQ3LTViYzEtNDdmMC1hZjFkLWVmN2VhNTVjMGJjMiJ9.Hw7MN4amUJqIk_MVITafrHP5Lob2BD1rGXKIkVFGceCN3z-I2-48q4P7aZ_m3rQ7BweN-FyOk50NSiK_lSPMhw
11:40:57.503 [http-nio-9587-exec-4] INFO  c.r.f.w.s.TokenService - [getToken,227] - backend Token: Bearer eyJhbGciOiJIUzUxMiJ9.eyJsb2dpbl91c2VyX2tleSI6ImJmMzcxZTQ3LTViYzEtNDdmMC1hZjFkLWVmN2VhNTVjMGJjMiJ9.Hw7MN4amUJqIk_MVITafrHP5Lob2BD1rGXKIkVFGceCN3z-I2-48q4P7aZ_m3rQ7BweN-FyOk50NSiK_lSPMhw
11:40:57.504 [http-nio-9587-exec-7] INFO  c.r.f.w.s.TokenService - [getToken,227] - backend Token: Bearer eyJhbGciOiJIUzUxMiJ9.eyJsb2dpbl91c2VyX2tleSI6ImJmMzcxZTQ3LTViYzEtNDdmMC1hZjFkLWVmN2VhNTVjMGJjMiJ9.Hw7MN4amUJqIk_MVITafrHP5Lob2BD1rGXKIkVFGceCN3z-I2-48q4P7aZ_m3rQ7BweN-FyOk50NSiK_lSPMhw
11:40:57.526 [http-nio-9587-exec-6] INFO  c.r.f.w.s.TokenService - [getToken,227] - backend Token: Bearer eyJhbGciOiJIUzUxMiJ9.eyJsb2dpbl91c2VyX2tleSI6ImJmMzcxZTQ3LTViYzEtNDdmMC1hZjFkLWVmN2VhNTVjMGJjMiJ9.Hw7MN4amUJqIk_MVITafrHP5Lob2BD1rGXKIkVFGceCN3z-I2-48q4P7aZ_m3rQ7BweN-FyOk50NSiK_lSPMhw
11:40:57.533 [http-nio-9587-exec-4] INFO  c.r.f.w.s.TokenService - [getToken,227] - backend Token: Bearer eyJhbGciOiJIUzUxMiJ9.eyJsb2dpbl91c2VyX2tleSI6ImJmMzcxZTQ3LTViYzEtNDdmMC1hZjFkLWVmN2VhNTVjMGJjMiJ9.Hw7MN4amUJqIk_MVITafrHP5Lob2BD1rGXKIkVFGceCN3z-I2-48q4P7aZ_m3rQ7BweN-FyOk50NSiK_lSPMhw
11:40:57.533 [http-nio-9587-exec-1] INFO  c.r.f.w.s.TokenService - [getToken,227] - backend Token: Bearer eyJhbGciOiJIUzUxMiJ9.eyJsb2dpbl91c2VyX2tleSI6ImJmMzcxZTQ3LTViYzEtNDdmMC1hZjFkLWVmN2VhNTVjMGJjMiJ9.Hw7MN4amUJqIk_MVITafrHP5Lob2BD1rGXKIkVFGceCN3z-I2-48q4P7aZ_m3rQ7BweN-FyOk50NSiK_lSPMhw
11:40:57.551 [http-nio-9587-exec-3] INFO  c.r.f.w.s.TokenService - [getToken,227] - backend Token: Bearer eyJhbGciOiJIUzUxMiJ9.eyJsb2dpbl91c2VyX2tleSI6ImJmMzcxZTQ3LTViYzEtNDdmMC1hZjFkLWVmN2VhNTVjMGJjMiJ9.Hw7MN4amUJqIk_MVITafrHP5Lob2BD1rGXKIkVFGceCN3z-I2-48q4P7aZ_m3rQ7BweN-FyOk50NSiK_lSPMhw
11:40:57.749 [http-nio-9587-exec-8] INFO  c.r.f.w.s.TokenService - [getToken,227] - backend Token: Bearer eyJhbGciOiJIUzUxMiJ9.eyJsb2dpbl91c2VyX2tleSI6ImJmMzcxZTQ3LTViYzEtNDdmMC1hZjFkLWVmN2VhNTVjMGJjMiJ9.Hw7MN4amUJqIk_MVITafrHP5Lob2BD1rGXKIkVFGceCN3z-I2-48q4P7aZ_m3rQ7BweN-FyOk50NSiK_lSPMhw
11:40:57.749 [http-nio-9587-exec-10] INFO  c.r.f.w.s.TokenService - [getToken,227] - backend Token: Bearer eyJhbGciOiJIUzUxMiJ9.eyJsb2dpbl91c2VyX2tleSI6ImJmMzcxZTQ3LTViYzEtNDdmMC1hZjFkLWVmN2VhNTVjMGJjMiJ9.Hw7MN4amUJqIk_MVITafrHP5Lob2BD1rGXKIkVFGceCN3z-I2-48q4P7aZ_m3rQ7BweN-FyOk50NSiK_lSPMhw
11:40:57.754 [http-nio-9587-exec-10] INFO  c.r.f.w.s.TokenService - [getToken,227] - backend Token: Bearer eyJhbGciOiJIUzUxMiJ9.eyJsb2dpbl91c2VyX2tleSI6ImJmMzcxZTQ3LTViYzEtNDdmMC1hZjFkLWVmN2VhNTVjMGJjMiJ9.Hw7MN4amUJqIk_MVITafrHP5Lob2BD1rGXKIkVFGceCN3z-I2-48q4P7aZ_m3rQ7BweN-FyOk50NSiK_lSPMhw
11:40:57.759 [http-nio-9587-exec-8] INFO  c.r.f.w.s.TokenService - [getToken,227] - backend Token: Bearer eyJhbGciOiJIUzUxMiJ9.eyJsb2dpbl91c2VyX2tleSI6ImJmMzcxZTQ3LTViYzEtNDdmMC1hZjFkLWVmN2VhNTVjMGJjMiJ9.Hw7MN4amUJqIk_MVITafrHP5Lob2BD1rGXKIkVFGceCN3z-I2-48q4P7aZ_m3rQ7BweN-FyOk50NSiK_lSPMhw
12:00:00.003 [schedule-pool-8] INFO  c.r.w.s.ProjectStopTask - [checkProjectSubmitExpire,19] - ==========>ProjectStopTask.checkProjectSubmitExpire  start ---------- 
12:00:00.003 [schedule-pool-7] INFO  c.r.w.s.ScienceTechnologyReportTask - [syncScienceTechnologyReportRdInvestment,19] - ==========>ScienceTechnologyReportTask.syncScienceTechnologyReportRdInvestment  start ---------- 
12:00:00.003 [schedule-pool-3] INFO  c.r.w.s.ReadDataTask - [remoteReadRdInvestmentCheckSelfDevelopPeopleMonthFile,27] - ==========>readDataTask.remoteReadRdInvestmentCheckSelfDevelopPeopleMonthFile  start ---------- 
12:00:00.003 [schedule-pool-6] INFO  c.r.w.s.ReadDataTask - [remoteReadCheckWorkHour,43] - ==========>readDataTask.remoteReadCheckWorkHour  start ---------- 
12:00:00.003 [schedule-pool-5] INFO  c.r.w.s.ProjectAlarmTask - [checkProjectHandleExpireSendMail,26] - ==========>projectAlarmTask.checkProjectHandleExpireSendMail  start ---------- 
12:00:00.003 [schedule-pool-1] INFO  c.r.w.s.ReadDataTask - [remoteReadDataLakeFile,19] - ==========>readDataTask.remoteReadDataLakeFile  start ---------- 
12:00:00.003 [schedule-pool-9] INFO  c.r.w.s.ReadDataTask - [remoteReadTalentTrainingSixMonthWorkhourCompleteNum,35] - ==========>readDataTask.remoteReadTalentTrainingSixMonthWorkhourCompleteNum  start ---------- 
12:00:00.003 [schedule-pool-10] INFO  c.r.w.s.ProjectAlarmTask - [checkProjectHandleExpire,18] - ==========>projectAlarmTask.checkProjectHandleExpire  start ---------- 
12:00:00.010 [schedule-pool-7] INFO  c.r.w.s.ScienceTechnologyReportTask - [syncScienceTechnologyReportRdInvestment,21] - ==========>ScienceTechnologyReportTask.syncScienceTechnologyReportRdInvestment  end ---------- 
12:00:00.064 [schedule-pool-8] INFO  c.r.w.s.i.ProjectInfoServiceImpl - [checkProjectSubmitExpire,4707] - ==========>项目中止检查定时任务；项目中止成功
12:00:00.065 [schedule-pool-8] INFO  c.r.w.s.ProjectStopTask - [checkProjectSubmitExpire,21] - ==========>ProjectStopTask.checkProjectSubmitExpire  end ---------- 
12:00:00.068 [schedule-pool-10] INFO  c.r.w.s.i.ProjectAlarmServiceImpl - [checkProjectHandleExpire,268] - ==========>项目告警检查定时任务；项目告警成功
12:00:00.069 [schedule-pool-10] INFO  c.r.w.s.ProjectAlarmTask - [checkProjectHandleExpire,20] - ==========>checkProjectHandleExpire.checkProjectHandleExpire  end ---------- 
12:00:00.070 [schedule-pool-5] INFO  c.r.w.s.i.ProjectAlarmServiceImpl - [checkProjectHandleExpireSendMail,134] - ==========>项目处理超时发送邮件定时任务；执行成功
12:00:00.070 [schedule-pool-5] INFO  c.r.w.s.ProjectAlarmTask - [checkProjectHandleExpireSendMail,28] - ==========>checkProjectHandleExpire.checkProjectHandleExpireSendMail  end ---------- 
12:00:21.089 [schedule-pool-6] INFO  c.r.w.s.i.ProjectInfoServiceImpl - [remoteReadCheckWorkHour,3574] - ==========>remoteReadCheckWorkHour，unknown exception
12:00:21.090 [schedule-pool-3] INFO  c.r.w.s.i.ProjectInfoServiceImpl - [remoteReadRdInvestmentCheckSelfDevelopPeopleMonthFile,533] - ==========>remoteReadRdInvestmentCheckSelfDevelopPeopleMonthFile，unknown exception
12:00:21.090 [schedule-pool-6] INFO  c.r.w.s.ReadDataTask - [remoteReadCheckWorkHour,45] - ==========>readDataTask.remoteReadCheckWorkHour  end ---------- 
12:00:21.090 [schedule-pool-3] INFO  c.r.w.s.ReadDataTask - [remoteReadRdInvestmentCheckSelfDevelopPeopleMonthFile,29] - ==========>readDataTask.remoteReadRdInvestmentCheckSelfDevelopPeopleMonthFile  end ---------- 
12:00:21.097 [schedule-pool-1] INFO  c.r.w.s.i.ProjectInfoServiceImpl - [remoteReadDataLakeFile,6837] - ==========>remoteReadDataLakeFile，unknown exception
12:00:21.098 [schedule-pool-9] INFO  c.r.w.s.i.ProjectInfoServiceImpl - [remoteReadTalentTrainingSixMonthWorkhourCompleteNum,637] - ==========>remoteReadTalentTrainingSixMonthWorkhourCompleteNum，unknown exception
12:00:21.098 [schedule-pool-1] INFO  c.r.w.s.ReadDataTask - [remoteReadDataLakeFile,21] - ==========>readDataTask.remoteReadDataLakeFile  end ---------- 
12:00:21.098 [schedule-pool-9] INFO  c.r.w.s.ReadDataTask - [remoteReadTalentTrainingSixMonthWorkhourCompleteNum,37] - ==========>readDataTask.remoteReadTalentTrainingSixMonthWorkhourCompleteNum  end ---------- 
12:49:54.846 [SpringApplicationShutdownHook] INFO  o.q.c.QuartzScheduler - [standby,585] - Scheduler RuoyiScheduler_$_DESKTOP-GL3RGKM1787542480339 paused.
12:49:54.847 [SpringApplicationShutdownHook] INFO  o.a.s.AbstractActivitiSmartLifeCycle - [stop,95] - Stopping...
12:49:54.847 [SpringApplicationShutdownHook] INFO  o.a.s.AbstractActivitiSmartLifeCycle - [stop,99] - Stopped.
12:49:54.847 [SpringApplicationShutdownHook] INFO  o.a.s.AbstractActivitiSmartLifeCycle - [stop,95] - Stopping...
12:49:54.847 [SpringApplicationShutdownHook] INFO  o.a.s.AbstractActivitiSmartLifeCycle - [stop,99] - Stopped.
12:49:54.847 [SpringApplicationShutdownHook] INFO  o.a.s.AbstractActivitiSmartLifeCycle - [stop,95] - Stopping...
12:49:54.847 [SpringApplicationShutdownHook] INFO  o.a.s.AbstractActivitiSmartLifeCycle - [stop,99] - Stopped.
12:49:54.848 [SpringApplicationShutdownHook] INFO  o.a.s.AbstractActivitiSmartLifeCycle - [stop,95] - Stopping...
12:49:54.848 [SpringApplicationShutdownHook] INFO  o.a.s.AbstractActivitiSmartLifeCycle - [stop,99] - Stopped.
12:49:55.534 [SpringApplicationShutdownHook] INFO  o.q.c.QuartzScheduler - [shutdown,666] - Scheduler RuoyiScheduler_$_DESKTOP-GL3RGKM1787542480339 shutting down.
12:49:55.534 [SpringApplicationShutdownHook] INFO  o.q.c.QuartzScheduler - [standby,585] - Scheduler RuoyiScheduler_$_DESKTOP-GL3RGKM1787542480339 paused.
12:49:55.535 [SpringApplicationShutdownHook] INFO  o.q.c.QuartzScheduler - [shutdown,740] - Scheduler RuoyiScheduler_$_DESKTOP-GL3RGKM1787542480339 shutdown complete.
12:49:55.535 [SpringApplicationShutdownHook] INFO  sys-user - [shutdownAsyncManager,31] - ====关闭后台任务任务线程池====
12:49:55.545 [SpringApplicationShutdownHook] INFO  o.a.e.i.a.DefaultAsyncJobExecutor - [shutdown,212] - Shutting down the default async job executor [org.activiti.spring.SpringAsyncExecutor].
12:49:55.545 [activiti-reset-expired-jobs] INFO  o.a.e.i.a.ResetExpiredJobsRunnable - [run,103] - {} stopped resetting expired jobs
12:49:55.545 [activiti-acquire-timer-jobs] INFO  o.a.e.i.a.AcquireTimerJobsRunnable - [run,119] - {} stopped async job due acquisition
12:49:55.545 [activiti-acquire-async-jobs] INFO  o.a.e.i.a.AcquireAsyncJobsDueRunnable - [run,119] - {} stopped async job due acquisition
12:49:55.555 [SpringApplicationShutdownHook] INFO  c.a.d.p.DruidDataSource - [close,2032] - {dataSource-1} closing ...
12:49:55.558 [SpringApplicationShutdownHook] INFO  c.a.d.p.DruidDataSource - [close,2104] - {dataSource-1} closed
14:42:23.496 [background-preinit] INFO  o.h.v.i.util.Version - [<clinit>,18] - HV000001: Hibernate Validator 9.0.1.Final
14:42:23.575 [restartedMain] INFO  c.r.RuoYiApplication - [logStarting,53] - Starting RuoYiApplication using Java 17.0.10 with PID 19876 (C:\Users\Administrator\Desktop\kcts\kcts\ruoyi-admin\target\classes started by Administrator in C:\Users\Administrator\Desktop\kcts)
14:42:23.577 [restartedMain] INFO  c.r.RuoYiApplication - [logStartupProfileInfo,658] - The following 1 profile is active: "local"
14:42:31.479 [restartedMain] INFO  o.a.c.c.AprLifecycleListener - [log,173] - An older version [1.2.35] of the Apache Tomcat Native library is installed, while Tomcat recommends a minimum version of [2.0.5]
14:42:31.480 [restartedMain] INFO  o.a.c.c.AprLifecycleListener - [log,173] - Loaded Apache Tomcat Native library [1.2.35] using APR version [1.7.0].
14:42:31.495 [restartedMain] INFO  o.a.c.c.AprLifecycleListener - [log,173] - OpenSSL successfully initialized [OpenSSL 1.1.1q  5 Jul 2022]
14:42:31.517 [restartedMain] INFO  o.a.c.h.Http11NioProtocol - [log,173] - Initializing ProtocolHandler ["http-nio-9587"]
14:42:31.520 [restartedMain] INFO  o.a.c.c.StandardService - [log,173] - Starting service [Tomcat]
14:42:31.521 [restartedMain] INFO  o.a.c.c.StandardEngine - [log,173] - Starting Servlet engine: [Apache Tomcat/10.1.33]
14:42:31.702 [restartedMain] INFO  o.a.c.c.C.[.[.[/] - [log,173] - Initializing Spring embedded WebApplicationContext
14:42:35.038 [restartedMain] INFO  c.a.d.p.DruidDataSource - [init,985] - {dataSource-1} inited
14:42:41.546 [restartedMain] INFO  o.a.s.r.ResourceFinder - [discoverResources,49] - No process definitions were found for auto-deployment in the location `classpath*:**/processes/`
14:42:43.770 [restartedMain] INFO  o.a.s.r.ResourceFinder - [discoverResources,49] - No process extensions were found for auto-deployment in the location 'classpath*:**/processes/'
14:42:44.087 [restartedMain] INFO  o.a.e.i.c.ProcessEngineConfigurationImpl - [initConfigurators,1570] - Found 1 Process Engine Configurators in total:
14:42:44.087 [restartedMain] INFO  o.a.e.i.c.ProcessEngineConfigurationImpl - [initConfigurators,1572] - class org.activiti.spring.process.conf.ProcessExtensionsConfiguratorAutoConfiguration (priority:10000)
14:42:44.088 [restartedMain] INFO  o.a.e.i.c.ProcessEngineConfigurationImpl - [configuratorsBeforeInit,1582] - Executing beforeInit() of class org.activiti.spring.process.conf.ProcessExtensionsConfiguratorAutoConfiguration (priority:10000)
14:42:45.345 [restartedMain] INFO  o.a.e.i.c.ProcessEngineConfigurationImpl - [configuratorsAfterInit,1589] - Executing configure() of class org.activiti.spring.process.conf.ProcessExtensionsConfiguratorAutoConfiguration (priority:10000)
14:42:45.407 [restartedMain] INFO  o.a.e.i.ProcessEngineImpl - [<init>,78] - ProcessEngine default created
14:42:45.410 [restartedMain] INFO  o.a.e.i.a.DefaultAsyncJobExecutor - [start,173] - Starting up the default async job executor [org.activiti.spring.SpringAsyncExecutor].
14:42:45.411 [Thread-4] INFO  o.a.e.i.a.AcquireAsyncJobsDueRunnable - [run,49] - {} starting to acquire async jobs due
14:42:45.411 [Thread-6] INFO  o.a.e.i.a.ResetExpiredJobsRunnable - [run,55] - {} starting to reset expired jobs
14:42:45.411 [Thread-5] INFO  o.a.e.i.a.AcquireTimerJobsRunnable - [run,53] - {} starting to acquire async jobs due
14:42:45.551 [restartedMain] INFO  o.a.e.i.c.DeployCmd - [executeDeploy,103] - Launching new deployment with version: 1
14:42:48.468 [restartedMain] INFO  o.q.i.StdSchedulerFactory - [instantiate,1220] - Using default implementation for ThreadExecutor
14:42:48.493 [restartedMain] INFO  o.q.c.SchedulerSignalerImpl - [<init>,61] - Initialized Scheduler Signaller of type: class org.quartz.core.SchedulerSignalerImpl
14:42:48.494 [restartedMain] INFO  o.q.c.QuartzScheduler - [<init>,229] - Quartz Scheduler v.2.3.2 created.
14:42:48.504 [restartedMain] INFO  o.q.c.QuartzScheduler - [initialize,294] - Scheduler meta-data: Quartz Scheduler (v2.3.2) 'RuoyiScheduler' with instanceId 'DESKTOP-GL3RGKM1787553768472'
  Scheduler class: 'org.quartz.core.QuartzScheduler' - running locally.
  NOT STARTED.
  Currently in standby mode.
  Number of jobs executed: 0
  Using thread pool 'org.quartz.simpl.SimpleThreadPool' - with 20 threads.
  Using job-store 'org.springframework.scheduling.quartz.LocalDataSourceJobStore' - which supports persistence. and is clustered.

14:42:48.505 [restartedMain] INFO  o.q.i.StdSchedulerFactory - [instantiate,1374] - Quartz scheduler 'RuoyiScheduler' initialized from an externally provided properties instance.
14:42:48.505 [restartedMain] INFO  o.q.i.StdSchedulerFactory - [instantiate,1378] - Quartz scheduler version: 2.3.2
14:42:48.508 [restartedMain] INFO  o.q.c.QuartzScheduler - [setJobFactory,2293] - JobFactory set to: org.springframework.scheduling.quartz.AdaptableJobFactory@3c0587d4
14:42:49.825 [restartedMain] INFO  o.a.c.w.s.f.ReflectionServiceFactoryBean - [buildServiceFromClass,436] - Creating Service {http://impl.webservice.system.ruoyi.com/}OADeptServiceImplService from class com.ruoyi.system.webservice.impl.OADeptServiceImpl
14:42:50.662 [restartedMain] INFO  o.a.c.e.ServerImpl - [initDestination,95] - Setting the server's publish address to be /syncdep
14:42:50.702 [restartedMain] INFO  o.a.c.w.s.f.ReflectionServiceFactoryBean - [buildServiceFromClass,436] - Creating Service {http://impl.webservice.system.ruoyi.com/}OAUserServiceImplService from class com.ruoyi.system.webservice.impl.OAUserServiceImpl
14:42:50.796 [restartedMain] INFO  o.a.c.e.ServerImpl - [initDestination,95] - Setting the server's publish address to be /syncuser
14:42:50.805 [restartedMain] INFO  o.a.c.w.s.f.ReflectionServiceFactoryBean - [buildServiceFromClass,436] - Creating Service {http://ideal.sh.cn.tc}ICreateInfoServiceService from class com.ruoyi.system.webservice.createinfo.ICreateInfoService
14:42:55.416 [restartedMain] INFO  o.a.c.h.Http11NioProtocol - [log,173] - Starting ProtocolHandler ["http-nio-9587"]
14:42:55.442 [restartedMain] INFO  o.a.s.AbstractActivitiSmartLifeCycle - [start,81] - Starting...
14:42:55.731 [restartedMain] INFO  o.a.s.AbstractActivitiSmartLifeCycle - [start,86] - Started.
14:42:55.732 [restartedMain] INFO  o.a.s.AbstractActivitiSmartLifeCycle - [start,81] - Starting...
14:42:55.762 [restartedMain] INFO  o.a.s.AbstractActivitiSmartLifeCycle - [start,86] - Started.
14:42:55.762 [restartedMain] INFO  o.a.s.AbstractActivitiSmartLifeCycle - [start,81] - Starting...
14:42:56.489 [Quartz Scheduler [RuoyiScheduler]] INFO  o.q.c.QuartzScheduler - [start,547] - Scheduler RuoyiScheduler_$_DESKTOP-GL3RGKM1787553768472 started.
14:42:57.325 [restartedMain] INFO  o.a.s.AbstractActivitiSmartLifeCycle - [start,86] - Started.
14:42:57.326 [restartedMain] INFO  o.a.s.AbstractActivitiSmartLifeCycle - [start,81] - Starting...
14:43:01.606 [restartedMain] INFO  o.a.s.AbstractActivitiSmartLifeCycle - [start,86] - Started.
14:43:01.639 [restartedMain] INFO  c.r.RuoYiApplication - [logStarted,59] - Started RuoYiApplication in 38.854 seconds (process running for 40.82)
14:43:01.980 [restartedMain] INFO  c.r.w.k.SaslClient - [consume,109] - login user: admin
14:43:02.044 [restartedMain] INFO  o.a.k.c.c.ConsumerConfig - [logAll,347] - ConsumerConfig values: 
	allow.auto.create.topics = true
	auto.commit.interval.ms = 5000
	auto.offset.reset = earliest
	bootstrap.servers = [10.145.219.3:8423, 10.145.219.4:8423, 10.145.219.5:8423]
	check.crcs = true
	client.dns.lookup = default
	client.id = 
	client.rack = 
	connections.max.idle.ms = 540000
	default.api.timeout.ms = 60000
	enable.auto.commit = false
	exclude.internal.topics = true
	fetch.max.bytes = 52428800
	fetch.max.wait.ms = 500
	fetch.min.bytes = 1
	group.id = DE_C_HRMS_STIEP
	group.instance.id = null
	heartbeat.interval.ms = 3000
	interceptor.classes = []
	internal.leave.group.on.close = true
	isolation.level = read_uncommitted
	key.deserializer = class org.apache.kafka.common.serialization.StringDeserializer
	max.partition.fetch.bytes = 1048576
	max.poll.interval.ms = 300000
	max.poll.records = 30
	metadata.max.age.ms = 300000
	metric.reporters = []
	metrics.num.samples = 2
	metrics.recording.level = INFO
	metrics.sample.window.ms = 30000
	partition.assignment.strategy = [class org.apache.kafka.clients.consumer.RangeAssignor]
	receive.buffer.bytes = 65536
	reconnect.backoff.max.ms = 1000
	reconnect.backoff.ms = 50
	request.timeout.ms = 30000
	retry.backoff.ms = 100
	sasl.client.callback.handler.class = null
	sasl.jaas.config = [hidden]
	sasl.kerberos.kinit.cmd = /usr/bin/kinit
	sasl.kerberos.min.time.before.relogin = 60000
	sasl.kerberos.service.name = null
	sasl.kerberos.ticket.renew.jitter = 0.05
	sasl.kerberos.ticket.renew.window.factor = 0.8
	sasl.login.callback.handler.class = null
	sasl.login.class = null
	sasl.login.refresh.buffer.seconds = 300
	sasl.login.refresh.min.period.seconds = 60
	sasl.login.refresh.window.factor = 0.8
	sasl.login.refresh.window.jitter = 0.05
	sasl.mechanism = SCRAM-SHA-512
	security.protocol = SASL_PLAINTEXT
	send.buffer.bytes = 131072
	session.timeout.ms = 10000
	ssl.cipher.suites = null
	ssl.enabled.protocols = [TLSv1.2, TLSv1.1, TLSv1]
	ssl.endpoint.identification.algorithm = https
	ssl.key.password = null
	ssl.keymanager.algorithm = SunX509
	ssl.keystore.location = null
	ssl.keystore.password = null
	ssl.keystore.type = JKS
	ssl.protocol = TLS
	ssl.provider = null
	ssl.secure.random.implementation = null
	ssl.trustmanager.algorithm = PKIX
	ssl.truststore.location = null
	ssl.truststore.password = null
	ssl.truststore.type = JKS
	value.deserializer = class org.apache.kafka.common.serialization.StringDeserializer

14:43:02.131 [restartedMain] INFO  o.a.k.c.s.a.AbstractLogin - [login,61] - Successfully logged in.
14:43:02.239 [restartedMain] INFO  o.a.k.c.u.AppInfoParser - [<init>,117] - Kafka version: 2.3.0
14:43:02.239 [restartedMain] INFO  o.a.k.c.u.AppInfoParser - [<init>,118] - Kafka commitId: fc1aaa116b661c8a
14:43:02.240 [restartedMain] INFO  o.a.k.c.u.AppInfoParser - [<init>,119] - Kafka startTimeMs: 1787553782235
14:43:02.243 [restartedMain] INFO  o.a.k.c.c.KafkaConsumer - [subscribe,964] - [Consumer clientId=consumer-1, groupId=DE_C_HRMS_STIEP] Subscribed to topic(s): DE_HRMS_STIEP
14:43:02.243 [restartedMain] INFO  c.r.w.k.SaslClient - [consume,127] - start consumer kafka
14:43:17.791 [http-nio-9587-exec-1] INFO  o.a.c.c.C.[.[.[/] - [log,173] - Initializing Spring DispatcherServlet 'dispatcherServlet'
14:43:17.852 [http-nio-9587-exec-3] INFO  c.r.f.w.s.TokenService - [getToken,227] - backend Token: Bearer eyJhbGciOiJIUzUxMiJ9.eyJsb2dpbl91c2VyX2tleSI6ImJmMzcxZTQ3LTViYzEtNDdmMC1hZjFkLWVmN2VhNTVjMGJjMiJ9.Hw7MN4amUJqIk_MVITafrHP5Lob2BD1rGXKIkVFGceCN3z-I2-48q4P7aZ_m3rQ7BweN-FyOk50NSiK_lSPMhw
14:43:17.954 [http-nio-9587-exec-3] INFO  c.r.f.w.s.TokenService - [getToken,227] - backend Token: Bearer eyJhbGciOiJIUzUxMiJ9.eyJsb2dpbl91c2VyX2tleSI6ImJmMzcxZTQ3LTViYzEtNDdmMC1hZjFkLWVmN2VhNTVjMGJjMiJ9.Hw7MN4amUJqIk_MVITafrHP5Lob2BD1rGXKIkVFGceCN3z-I2-48q4P7aZ_m3rQ7BweN-FyOk50NSiK_lSPMhw
14:43:18.180 [http-nio-9587-exec-4] INFO  c.r.f.w.s.TokenService - [getToken,227] - backend Token: Bearer eyJhbGciOiJIUzUxMiJ9.eyJsb2dpbl91c2VyX2tleSI6ImJmMzcxZTQ3LTViYzEtNDdmMC1hZjFkLWVmN2VhNTVjMGJjMiJ9.Hw7MN4amUJqIk_MVITafrHP5Lob2BD1rGXKIkVFGceCN3z-I2-48q4P7aZ_m3rQ7BweN-FyOk50NSiK_lSPMhw
14:43:18.182 [http-nio-9587-exec-2] INFO  c.r.f.w.s.TokenService - [getToken,227] - backend Token: Bearer eyJhbGciOiJIUzUxMiJ9.eyJsb2dpbl91c2VyX2tleSI6ImJmMzcxZTQ3LTViYzEtNDdmMC1hZjFkLWVmN2VhNTVjMGJjMiJ9.Hw7MN4amUJqIk_MVITafrHP5Lob2BD1rGXKIkVFGceCN3z-I2-48q4P7aZ_m3rQ7BweN-FyOk50NSiK_lSPMhw
14:43:18.190 [http-nio-9587-exec-1] INFO  c.r.f.w.s.TokenService - [getToken,227] - backend Token: Bearer eyJhbGciOiJIUzUxMiJ9.eyJsb2dpbl91c2VyX2tleSI6ImJmMzcxZTQ3LTViYzEtNDdmMC1hZjFkLWVmN2VhNTVjMGJjMiJ9.Hw7MN4amUJqIk_MVITafrHP5Lob2BD1rGXKIkVFGceCN3z-I2-48q4P7aZ_m3rQ7BweN-FyOk50NSiK_lSPMhw
14:43:18.191 [http-nio-9587-exec-6] INFO  c.r.f.w.s.TokenService - [getToken,227] - backend Token: Bearer eyJhbGciOiJIUzUxMiJ9.eyJsb2dpbl91c2VyX2tleSI6ImJmMzcxZTQ3LTViYzEtNDdmMC1hZjFkLWVmN2VhNTVjMGJjMiJ9.Hw7MN4amUJqIk_MVITafrHP5Lob2BD1rGXKIkVFGceCN3z-I2-48q4P7aZ_m3rQ7BweN-FyOk50NSiK_lSPMhw
14:43:18.195 [http-nio-9587-exec-10] INFO  c.r.f.w.s.TokenService - [getToken,227] - backend Token: Bearer eyJhbGciOiJIUzUxMiJ9.eyJsb2dpbl91c2VyX2tleSI6ImJmMzcxZTQ3LTViYzEtNDdmMC1hZjFkLWVmN2VhNTVjMGJjMiJ9.Hw7MN4amUJqIk_MVITafrHP5Lob2BD1rGXKIkVFGceCN3z-I2-48q4P7aZ_m3rQ7BweN-FyOk50NSiK_lSPMhw
14:43:18.195 [http-nio-9587-exec-9] INFO  c.r.f.w.s.TokenService - [getToken,227] - backend Token: Bearer eyJhbGciOiJIUzUxMiJ9.eyJsb2dpbl91c2VyX2tleSI6ImJmMzcxZTQ3LTViYzEtNDdmMC1hZjFkLWVmN2VhNTVjMGJjMiJ9.Hw7MN4amUJqIk_MVITafrHP5Lob2BD1rGXKIkVFGceCN3z-I2-48q4P7aZ_m3rQ7BweN-FyOk50NSiK_lSPMhw
14:43:18.230 [http-nio-9587-exec-2] INFO  c.r.f.w.s.TokenService - [getToken,227] - backend Token: Bearer eyJhbGciOiJIUzUxMiJ9.eyJsb2dpbl91c2VyX2tleSI6ImJmMzcxZTQ3LTViYzEtNDdmMC1hZjFkLWVmN2VhNTVjMGJjMiJ9.Hw7MN4amUJqIk_MVITafrHP5Lob2BD1rGXKIkVFGceCN3z-I2-48q4P7aZ_m3rQ7BweN-FyOk50NSiK_lSPMhw
14:43:18.230 [http-nio-9587-exec-10] INFO  c.r.f.w.s.TokenService - [getToken,227] - backend Token: Bearer eyJhbGciOiJIUzUxMiJ9.eyJsb2dpbl91c2VyX2tleSI6ImJmMzcxZTQ3LTViYzEtNDdmMC1hZjFkLWVmN2VhNTVjMGJjMiJ9.Hw7MN4amUJqIk_MVITafrHP5Lob2BD1rGXKIkVFGceCN3z-I2-48q4P7aZ_m3rQ7BweN-FyOk50NSiK_lSPMhw
14:43:18.242 [http-nio-9587-exec-8] INFO  c.r.f.w.s.TokenService - [getToken,227] - backend Token: Bearer eyJhbGciOiJIUzUxMiJ9.eyJsb2dpbl91c2VyX2tleSI6ImJmMzcxZTQ3LTViYzEtNDdmMC1hZjFkLWVmN2VhNTVjMGJjMiJ9.Hw7MN4amUJqIk_MVITafrHP5Lob2BD1rGXKIkVFGceCN3z-I2-48q4P7aZ_m3rQ7BweN-FyOk50NSiK_lSPMhw
14:43:18.242 [http-nio-9587-exec-3] INFO  c.r.f.w.s.TokenService - [getToken,227] - backend Token: Bearer eyJhbGciOiJIUzUxMiJ9.eyJsb2dpbl91c2VyX2tleSI6ImJmMzcxZTQ3LTViYzEtNDdmMC1hZjFkLWVmN2VhNTVjMGJjMiJ9.Hw7MN4amUJqIk_MVITafrHP5Lob2BD1rGXKIkVFGceCN3z-I2-48q4P7aZ_m3rQ7BweN-FyOk50NSiK_lSPMhw
14:43:18.256 [http-nio-9587-exec-7] INFO  c.r.f.w.s.TokenService - [getToken,227] - backend Token: Bearer eyJhbGciOiJIUzUxMiJ9.eyJsb2dpbl91c2VyX2tleSI6ImJmMzcxZTQ3LTViYzEtNDdmMC1hZjFkLWVmN2VhNTVjMGJjMiJ9.Hw7MN4amUJqIk_MVITafrHP5Lob2BD1rGXKIkVFGceCN3z-I2-48q4P7aZ_m3rQ7BweN-FyOk50NSiK_lSPMhw
14:43:18.265 [http-nio-9587-exec-5] INFO  c.r.f.w.s.TokenService - [getToken,227] - backend Token: Bearer eyJhbGciOiJIUzUxMiJ9.eyJsb2dpbl91c2VyX2tleSI6ImJmMzcxZTQ3LTViYzEtNDdmMC1hZjFkLWVmN2VhNTVjMGJjMiJ9.Hw7MN4amUJqIk_MVITafrHP5Lob2BD1rGXKIkVFGceCN3z-I2-48q4P7aZ_m3rQ7BweN-FyOk50NSiK_lSPMhw
14:43:18.268 [http-nio-9587-exec-7] INFO  c.r.f.w.s.TokenService - [getToken,227] - backend Token: Bearer eyJhbGciOiJIUzUxMiJ9.eyJsb2dpbl91c2VyX2tleSI6ImJmMzcxZTQ3LTViYzEtNDdmMC1hZjFkLWVmN2VhNTVjMGJjMiJ9.Hw7MN4amUJqIk_MVITafrHP5Lob2BD1rGXKIkVFGceCN3z-I2-48q4P7aZ_m3rQ7BweN-FyOk50NSiK_lSPMhw
14:43:18.281 [http-nio-9587-exec-5] INFO  c.r.f.w.s.TokenService - [getToken,227] - backend Token: Bearer eyJhbGciOiJIUzUxMiJ9.eyJsb2dpbl91c2VyX2tleSI6ImJmMzcxZTQ3LTViYzEtNDdmMC1hZjFkLWVmN2VhNTVjMGJjMiJ9.Hw7MN4amUJqIk_MVITafrHP5Lob2BD1rGXKIkVFGceCN3z-I2-48q4P7aZ_m3rQ7BweN-FyOk50NSiK_lSPMhw
14:43:25.300 [http-nio-9587-exec-4] INFO  c.r.f.w.s.TokenService - [getToken,227] - backend Token: Bearer eyJhbGciOiJIUzUxMiJ9.eyJsb2dpbl91c2VyX2tleSI6ImJmMzcxZTQ3LTViYzEtNDdmMC1hZjFkLWVmN2VhNTVjMGJjMiJ9.Hw7MN4amUJqIk_MVITafrHP5Lob2BD1rGXKIkVFGceCN3z-I2-48q4P7aZ_m3rQ7BweN-FyOk50NSiK_lSPMhw
14:43:25.342 [schedule-pool-1] INFO  sys-user - [run,58] - [127.0.0.1]内网IP[admin][Logout][退出成功]
14:43:25.415 [http-nio-9587-exec-3] INFO  c.r.f.w.s.TokenService - [getToken,227] - backend Token: null
14:43:25.415 [http-nio-9587-exec-6] INFO  c.r.f.w.s.TokenService - [getToken,227] - backend Token: null
14:43:33.415 [http-nio-9587-exec-7] INFO  c.r.f.w.s.TokenService - [getToken,227] - backend Token: null
14:43:33.457 [schedule-pool-3] INFO  sys-user - [run,58] - [127.0.0.1]内网IP[admin][Error][验证码错误]
14:43:33.460 [http-nio-9587-exec-1] INFO  c.r.f.w.s.TokenService - [getToken,227] - backend Token: null
14:43:37.391 [http-nio-9587-exec-10] INFO  c.r.f.w.s.TokenService - [getToken,227] - backend Token: null
14:43:37.515 [schedule-pool-5] INFO  sys-user - [run,58] - [127.0.0.1]内网IP[admin][Success][登录成功]
14:43:37.538 [http-nio-9587-exec-9] INFO  c.r.f.w.s.TokenService - [getToken,227] - backend Token: Bearer eyJhbGciOiJIUzUxMiJ9.eyJsb2dpbl91c2VyX2tleSI6ImY2ZjdlYTUwLWY1NGMtNDU1MS1hZjA2LWYxZjgzM2VkYjNjYyJ9.6BXwGDUc-9pvYr9L4skCUonpLF6v7WpalXBSgOAtUS-CNSceVjcbseKp0OsBhfdL_JJ9wcMEEDOtsSfXpoMv4w
14:43:37.542 [http-nio-9587-exec-9] INFO  c.r.f.w.s.TokenService - [getToken,227] - backend Token: Bearer eyJhbGciOiJIUzUxMiJ9.eyJsb2dpbl91c2VyX2tleSI6ImY2ZjdlYTUwLWY1NGMtNDU1MS1hZjA2LWYxZjgzM2VkYjNjYyJ9.6BXwGDUc-9pvYr9L4skCUonpLF6v7WpalXBSgOAtUS-CNSceVjcbseKp0OsBhfdL_JJ9wcMEEDOtsSfXpoMv4w
14:43:37.675 [http-nio-9587-exec-6] INFO  c.r.f.w.s.TokenService - [getToken,227] - backend Token: Bearer eyJhbGciOiJIUzUxMiJ9.eyJsb2dpbl91c2VyX2tleSI6ImY2ZjdlYTUwLWY1NGMtNDU1MS1hZjA2LWYxZjgzM2VkYjNjYyJ9.6BXwGDUc-9pvYr9L4skCUonpLF6v7WpalXBSgOAtUS-CNSceVjcbseKp0OsBhfdL_JJ9wcMEEDOtsSfXpoMv4w
14:43:37.679 [http-nio-9587-exec-7] INFO  c.r.f.w.s.TokenService - [getToken,227] - backend Token: Bearer eyJhbGciOiJIUzUxMiJ9.eyJsb2dpbl91c2VyX2tleSI6ImY2ZjdlYTUwLWY1NGMtNDU1MS1hZjA2LWYxZjgzM2VkYjNjYyJ9.6BXwGDUc-9pvYr9L4skCUonpLF6v7WpalXBSgOAtUS-CNSceVjcbseKp0OsBhfdL_JJ9wcMEEDOtsSfXpoMv4w
14:43:37.684 [http-nio-9587-exec-8] INFO  c.r.f.w.s.TokenService - [getToken,227] - backend Token: Bearer eyJhbGciOiJIUzUxMiJ9.eyJsb2dpbl91c2VyX2tleSI6ImY2ZjdlYTUwLWY1NGMtNDU1MS1hZjA2LWYxZjgzM2VkYjNjYyJ9.6BXwGDUc-9pvYr9L4skCUonpLF6v7WpalXBSgOAtUS-CNSceVjcbseKp0OsBhfdL_JJ9wcMEEDOtsSfXpoMv4w
14:43:37.687 [http-nio-9587-exec-10] INFO  c.r.f.w.s.TokenService - [getToken,227] - backend Token: Bearer eyJhbGciOiJIUzUxMiJ9.eyJsb2dpbl91c2VyX2tleSI6ImY2ZjdlYTUwLWY1NGMtNDU1MS1hZjA2LWYxZjgzM2VkYjNjYyJ9.6BXwGDUc-9pvYr9L4skCUonpLF6v7WpalXBSgOAtUS-CNSceVjcbseKp0OsBhfdL_JJ9wcMEEDOtsSfXpoMv4w
14:43:37.687 [http-nio-9587-exec-7] INFO  c.r.f.w.s.TokenService - [getToken,227] - backend Token: Bearer eyJhbGciOiJIUzUxMiJ9.eyJsb2dpbl91c2VyX2tleSI6ImY2ZjdlYTUwLWY1NGMtNDU1MS1hZjA2LWYxZjgzM2VkYjNjYyJ9.6BXwGDUc-9pvYr9L4skCUonpLF6v7WpalXBSgOAtUS-CNSceVjcbseKp0OsBhfdL_JJ9wcMEEDOtsSfXpoMv4w
14:43:37.699 [http-nio-9587-exec-5] INFO  c.r.f.w.s.TokenService - [getToken,227] - backend Token: Bearer eyJhbGciOiJIUzUxMiJ9.eyJsb2dpbl91c2VyX2tleSI6ImY2ZjdlYTUwLWY1NGMtNDU1MS1hZjA2LWYxZjgzM2VkYjNjYyJ9.6BXwGDUc-9pvYr9L4skCUonpLF6v7WpalXBSgOAtUS-CNSceVjcbseKp0OsBhfdL_JJ9wcMEEDOtsSfXpoMv4w
14:43:37.705 [http-nio-9587-exec-1] INFO  c.r.f.w.s.TokenService - [getToken,227] - backend Token: Bearer eyJhbGciOiJIUzUxMiJ9.eyJsb2dpbl91c2VyX2tleSI6ImY2ZjdlYTUwLWY1NGMtNDU1MS1hZjA2LWYxZjgzM2VkYjNjYyJ9.6BXwGDUc-9pvYr9L4skCUonpLF6v7WpalXBSgOAtUS-CNSceVjcbseKp0OsBhfdL_JJ9wcMEEDOtsSfXpoMv4w
14:43:37.707 [http-nio-9587-exec-2] INFO  c.r.f.w.s.TokenService - [getToken,227] - backend Token: Bearer eyJhbGciOiJIUzUxMiJ9.eyJsb2dpbl91c2VyX2tleSI6ImY2ZjdlYTUwLWY1NGMtNDU1MS1hZjA2LWYxZjgzM2VkYjNjYyJ9.6BXwGDUc-9pvYr9L4skCUonpLF6v7WpalXBSgOAtUS-CNSceVjcbseKp0OsBhfdL_JJ9wcMEEDOtsSfXpoMv4w
14:43:37.709 [http-nio-9587-exec-1] INFO  c.r.f.w.s.TokenService - [getToken,227] - backend Token: Bearer eyJhbGciOiJIUzUxMiJ9.eyJsb2dpbl91c2VyX2tleSI6ImY2ZjdlYTUwLWY1NGMtNDU1MS1hZjA2LWYxZjgzM2VkYjNjYyJ9.6BXwGDUc-9pvYr9L4skCUonpLF6v7WpalXBSgOAtUS-CNSceVjcbseKp0OsBhfdL_JJ9wcMEEDOtsSfXpoMv4w
14:43:37.722 [http-nio-9587-exec-8] INFO  c.r.f.w.s.TokenService - [getToken,227] - backend Token: Bearer eyJhbGciOiJIUzUxMiJ9.eyJsb2dpbl91c2VyX2tleSI6ImY2ZjdlYTUwLWY1NGMtNDU1MS1hZjA2LWYxZjgzM2VkYjNjYyJ9.6BXwGDUc-9pvYr9L4skCUonpLF6v7WpalXBSgOAtUS-CNSceVjcbseKp0OsBhfdL_JJ9wcMEEDOtsSfXpoMv4w
14:43:37.723 [http-nio-9587-exec-6] INFO  c.r.f.w.s.TokenService - [getToken,227] - backend Token: Bearer eyJhbGciOiJIUzUxMiJ9.eyJsb2dpbl91c2VyX2tleSI6ImY2ZjdlYTUwLWY1NGMtNDU1MS1hZjA2LWYxZjgzM2VkYjNjYyJ9.6BXwGDUc-9pvYr9L4skCUonpLF6v7WpalXBSgOAtUS-CNSceVjcbseKp0OsBhfdL_JJ9wcMEEDOtsSfXpoMv4w
14:43:37.723 [http-nio-9587-exec-4] INFO  c.r.f.w.s.TokenService - [getToken,227] - backend Token: Bearer eyJhbGciOiJIUzUxMiJ9.eyJsb2dpbl91c2VyX2tleSI6ImY2ZjdlYTUwLWY1NGMtNDU1MS1hZjA2LWYxZjgzM2VkYjNjYyJ9.6BXwGDUc-9pvYr9L4skCUonpLF6v7WpalXBSgOAtUS-CNSceVjcbseKp0OsBhfdL_JJ9wcMEEDOtsSfXpoMv4w
14:43:37.727 [http-nio-9587-exec-6] INFO  c.r.f.w.s.TokenService - [getToken,227] - backend Token: Bearer eyJhbGciOiJIUzUxMiJ9.eyJsb2dpbl91c2VyX2tleSI6ImY2ZjdlYTUwLWY1NGMtNDU1MS1hZjA2LWYxZjgzM2VkYjNjYyJ9.6BXwGDUc-9pvYr9L4skCUonpLF6v7WpalXBSgOAtUS-CNSceVjcbseKp0OsBhfdL_JJ9wcMEEDOtsSfXpoMv4w
14:43:37.731 [http-nio-9587-exec-4] INFO  c.r.f.w.s.TokenService - [getToken,227] - backend Token: Bearer eyJhbGciOiJIUzUxMiJ9.eyJsb2dpbl91c2VyX2tleSI6ImY2ZjdlYTUwLWY1NGMtNDU1MS1hZjA2LWYxZjgzM2VkYjNjYyJ9.6BXwGDUc-9pvYr9L4skCUonpLF6v7WpalXBSgOAtUS-CNSceVjcbseKp0OsBhfdL_JJ9wcMEEDOtsSfXpoMv4w
14:43:54.467 [http-nio-9587-exec-5] INFO  c.r.f.w.s.TokenService - [getToken,227] - backend Token: Bearer eyJhbGciOiJIUzUxMiJ9.eyJsb2dpbl91c2VyX2tleSI6ImY2ZjdlYTUwLWY1NGMtNDU1MS1hZjA2LWYxZjgzM2VkYjNjYyJ9.6BXwGDUc-9pvYr9L4skCUonpLF6v7WpalXBSgOAtUS-CNSceVjcbseKp0OsBhfdL_JJ9wcMEEDOtsSfXpoMv4w
14:43:54.478 [http-nio-9587-exec-1] INFO  c.r.f.w.s.TokenService - [getToken,227] - backend Token: Bearer eyJhbGciOiJIUzUxMiJ9.eyJsb2dpbl91c2VyX2tleSI6ImY2ZjdlYTUwLWY1NGMtNDU1MS1hZjA2LWYxZjgzM2VkYjNjYyJ9.6BXwGDUc-9pvYr9L4skCUonpLF6v7WpalXBSgOAtUS-CNSceVjcbseKp0OsBhfdL_JJ9wcMEEDOtsSfXpoMv4w
14:43:54.477 [http-nio-9587-exec-6] INFO  c.r.f.w.s.TokenService - [getToken,227] - backend Token: Bearer eyJhbGciOiJIUzUxMiJ9.eyJsb2dpbl91c2VyX2tleSI6ImY2ZjdlYTUwLWY1NGMtNDU1MS1hZjA2LWYxZjgzM2VkYjNjYyJ9.6BXwGDUc-9pvYr9L4skCUonpLF6v7WpalXBSgOAtUS-CNSceVjcbseKp0OsBhfdL_JJ9wcMEEDOtsSfXpoMv4w
14:43:54.478 [http-nio-9587-exec-8] INFO  c.r.f.w.s.TokenService - [getToken,227] - backend Token: Bearer eyJhbGciOiJIUzUxMiJ9.eyJsb2dpbl91c2VyX2tleSI6ImY2ZjdlYTUwLWY1NGMtNDU1MS1hZjA2LWYxZjgzM2VkYjNjYyJ9.6BXwGDUc-9pvYr9L4skCUonpLF6v7WpalXBSgOAtUS-CNSceVjcbseKp0OsBhfdL_JJ9wcMEEDOtsSfXpoMv4w
14:43:54.479 [http-nio-9587-exec-7] INFO  c.r.f.w.s.TokenService - [getToken,227] - backend Token: Bearer eyJhbGciOiJIUzUxMiJ9.eyJsb2dpbl91c2VyX2tleSI6ImY2ZjdlYTUwLWY1NGMtNDU1MS1hZjA2LWYxZjgzM2VkYjNjYyJ9.6BXwGDUc-9pvYr9L4skCUonpLF6v7WpalXBSgOAtUS-CNSceVjcbseKp0OsBhfdL_JJ9wcMEEDOtsSfXpoMv4w
14:43:54.495 [http-nio-9587-exec-10] INFO  c.r.f.w.s.TokenService - [getToken,227] - backend Token: Bearer eyJhbGciOiJIUzUxMiJ9.eyJsb2dpbl91c2VyX2tleSI6ImY2ZjdlYTUwLWY1NGMtNDU1MS1hZjA2LWYxZjgzM2VkYjNjYyJ9.6BXwGDUc-9pvYr9L4skCUonpLF6v7WpalXBSgOAtUS-CNSceVjcbseKp0OsBhfdL_JJ9wcMEEDOtsSfXpoMv4w
14:43:54.497 [http-nio-9587-exec-1] INFO  c.r.f.w.s.TokenService - [getToken,227] - backend Token: Bearer eyJhbGciOiJIUzUxMiJ9.eyJsb2dpbl91c2VyX2tleSI6ImY2ZjdlYTUwLWY1NGMtNDU1MS1hZjA2LWYxZjgzM2VkYjNjYyJ9.6BXwGDUc-9pvYr9L4skCUonpLF6v7WpalXBSgOAtUS-CNSceVjcbseKp0OsBhfdL_JJ9wcMEEDOtsSfXpoMv4w
14:43:54.497 [http-nio-9587-exec-3] INFO  c.r.f.w.s.TokenService - [getToken,227] - backend Token: Bearer eyJhbGciOiJIUzUxMiJ9.eyJsb2dpbl91c2VyX2tleSI6ImY2ZjdlYTUwLWY1NGMtNDU1MS1hZjA2LWYxZjgzM2VkYjNjYyJ9.6BXwGDUc-9pvYr9L4skCUonpLF6v7WpalXBSgOAtUS-CNSceVjcbseKp0OsBhfdL_JJ9wcMEEDOtsSfXpoMv4w
14:43:54.509 [http-nio-9587-exec-8] INFO  c.r.f.w.s.TokenService - [getToken,227] - backend Token: Bearer eyJhbGciOiJIUzUxMiJ9.eyJsb2dpbl91c2VyX2tleSI6ImY2ZjdlYTUwLWY1NGMtNDU1MS1hZjA2LWYxZjgzM2VkYjNjYyJ9.6BXwGDUc-9pvYr9L4skCUonpLF6v7WpalXBSgOAtUS-CNSceVjcbseKp0OsBhfdL_JJ9wcMEEDOtsSfXpoMv4w
14:43:54.509 [http-nio-9587-exec-7] INFO  c.r.f.w.s.TokenService - [getToken,227] - backend Token: Bearer eyJhbGciOiJIUzUxMiJ9.eyJsb2dpbl91c2VyX2tleSI6ImY2ZjdlYTUwLWY1NGMtNDU1MS1hZjA2LWYxZjgzM2VkYjNjYyJ9.6BXwGDUc-9pvYr9L4skCUonpLF6v7WpalXBSgOAtUS-CNSceVjcbseKp0OsBhfdL_JJ9wcMEEDOtsSfXpoMv4w
14:44:40.064 [http-nio-9587-exec-6] INFO  c.r.f.w.s.TokenService - [getToken,227] - backend Token: Bearer eyJhbGciOiJIUzUxMiJ9.eyJsb2dpbl91c2VyX2tleSI6ImY2ZjdlYTUwLWY1NGMtNDU1MS1hZjA2LWYxZjgzM2VkYjNjYyJ9.6BXwGDUc-9pvYr9L4skCUonpLF6v7WpalXBSgOAtUS-CNSceVjcbseKp0OsBhfdL_JJ9wcMEEDOtsSfXpoMv4w
14:44:40.067 [http-nio-9587-exec-6] INFO  c.r.f.w.s.TokenService - [getToken,227] - backend Token: Bearer eyJhbGciOiJIUzUxMiJ9.eyJsb2dpbl91c2VyX2tleSI6ImY2ZjdlYTUwLWY1NGMtNDU1MS1hZjA2LWYxZjgzM2VkYjNjYyJ9.6BXwGDUc-9pvYr9L4skCUonpLF6v7WpalXBSgOAtUS-CNSceVjcbseKp0OsBhfdL_JJ9wcMEEDOtsSfXpoMv4w
14:44:40.304 [http-nio-9587-exec-9] INFO  c.r.f.w.s.TokenService - [getToken,227] - backend Token: Bearer eyJhbGciOiJIUzUxMiJ9.eyJsb2dpbl91c2VyX2tleSI6ImY2ZjdlYTUwLWY1NGMtNDU1MS1hZjA2LWYxZjgzM2VkYjNjYyJ9.6BXwGDUc-9pvYr9L4skCUonpLF6v7WpalXBSgOAtUS-CNSceVjcbseKp0OsBhfdL_JJ9wcMEEDOtsSfXpoMv4w
14:44:40.308 [http-nio-9587-exec-1] INFO  c.r.f.w.s.TokenService - [getToken,227] - backend Token: Bearer eyJhbGciOiJIUzUxMiJ9.eyJsb2dpbl91c2VyX2tleSI6ImY2ZjdlYTUwLWY1NGMtNDU1MS1hZjA2LWYxZjgzM2VkYjNjYyJ9.6BXwGDUc-9pvYr9L4skCUonpLF6v7WpalXBSgOAtUS-CNSceVjcbseKp0OsBhfdL_JJ9wcMEEDOtsSfXpoMv4w
14:44:40.313 [http-nio-9587-exec-1] INFO  c.r.f.w.s.TokenService - [getToken,227] - backend Token: Bearer eyJhbGciOiJIUzUxMiJ9.eyJsb2dpbl91c2VyX2tleSI6ImY2ZjdlYTUwLWY1NGMtNDU1MS1hZjA2LWYxZjgzM2VkYjNjYyJ9.6BXwGDUc-9pvYr9L4skCUonpLF6v7WpalXBSgOAtUS-CNSceVjcbseKp0OsBhfdL_JJ9wcMEEDOtsSfXpoMv4w
14:44:40.315 [http-nio-9587-exec-10] INFO  c.r.f.w.s.TokenService - [getToken,227] - backend Token: Bearer eyJhbGciOiJIUzUxMiJ9.eyJsb2dpbl91c2VyX2tleSI6ImY2ZjdlYTUwLWY1NGMtNDU1MS1hZjA2LWYxZjgzM2VkYjNjYyJ9.6BXwGDUc-9pvYr9L4skCUonpLF6v7WpalXBSgOAtUS-CNSceVjcbseKp0OsBhfdL_JJ9wcMEEDOtsSfXpoMv4w
14:44:40.318 [http-nio-9587-exec-5] INFO  c.r.f.w.s.TokenService - [getToken,227] - backend Token: Bearer eyJhbGciOiJIUzUxMiJ9.eyJsb2dpbl91c2VyX2tleSI6ImY2ZjdlYTUwLWY1NGMtNDU1MS1hZjA2LWYxZjgzM2VkYjNjYyJ9.6BXwGDUc-9pvYr9L4skCUonpLF6v7WpalXBSgOAtUS-CNSceVjcbseKp0OsBhfdL_JJ9wcMEEDOtsSfXpoMv4w
14:44:40.332 [http-nio-9587-exec-4] INFO  c.r.f.w.s.TokenService - [getToken,227] - backend Token: Bearer eyJhbGciOiJIUzUxMiJ9.eyJsb2dpbl91c2VyX2tleSI6ImY2ZjdlYTUwLWY1NGMtNDU1MS1hZjA2LWYxZjgzM2VkYjNjYyJ9.6BXwGDUc-9pvYr9L4skCUonpLF6v7WpalXBSgOAtUS-CNSceVjcbseKp0OsBhfdL_JJ9wcMEEDOtsSfXpoMv4w
14:44:40.336 [http-nio-9587-exec-3] INFO  c.r.f.w.s.TokenService - [getToken,227] - backend Token: Bearer eyJhbGciOiJIUzUxMiJ9.eyJsb2dpbl91c2VyX2tleSI6ImY2ZjdlYTUwLWY1NGMtNDU1MS1hZjA2LWYxZjgzM2VkYjNjYyJ9.6BXwGDUc-9pvYr9L4skCUonpLF6v7WpalXBSgOAtUS-CNSceVjcbseKp0OsBhfdL_JJ9wcMEEDOtsSfXpoMv4w
14:44:40.341 [http-nio-9587-exec-3] INFO  c.r.f.w.s.TokenService - [getToken,227] - backend Token: Bearer eyJhbGciOiJIUzUxMiJ9.eyJsb2dpbl91c2VyX2tleSI6ImY2ZjdlYTUwLWY1NGMtNDU1MS1hZjA2LWYxZjgzM2VkYjNjYyJ9.6BXwGDUc-9pvYr9L4skCUonpLF6v7WpalXBSgOAtUS-CNSceVjcbseKp0OsBhfdL_JJ9wcMEEDOtsSfXpoMv4w
14:44:40.356 [http-nio-9587-exec-2] INFO  c.r.f.w.s.TokenService - [getToken,227] - backend Token: Bearer eyJhbGciOiJIUzUxMiJ9.eyJsb2dpbl91c2VyX2tleSI6ImY2ZjdlYTUwLWY1NGMtNDU1MS1hZjA2LWYxZjgzM2VkYjNjYyJ9.6BXwGDUc-9pvYr9L4skCUonpLF6v7WpalXBSgOAtUS-CNSceVjcbseKp0OsBhfdL_JJ9wcMEEDOtsSfXpoMv4w
14:44:40.359 [http-nio-9587-exec-7] INFO  c.r.f.w.s.TokenService - [getToken,227] - backend Token: Bearer eyJhbGciOiJIUzUxMiJ9.eyJsb2dpbl91c2VyX2tleSI6ImY2ZjdlYTUwLWY1NGMtNDU1MS1hZjA2LWYxZjgzM2VkYjNjYyJ9.6BXwGDUc-9pvYr9L4skCUonpLF6v7WpalXBSgOAtUS-CNSceVjcbseKp0OsBhfdL_JJ9wcMEEDOtsSfXpoMv4w
14:44:40.364 [http-nio-9587-exec-7] INFO  c.r.f.w.s.TokenService - [getToken,227] - backend Token: Bearer eyJhbGciOiJIUzUxMiJ9.eyJsb2dpbl91c2VyX2tleSI6ImY2ZjdlYTUwLWY1NGMtNDU1MS1hZjA2LWYxZjgzM2VkYjNjYyJ9.6BXwGDUc-9pvYr9L4skCUonpLF6v7WpalXBSgOAtUS-CNSceVjcbseKp0OsBhfdL_JJ9wcMEEDOtsSfXpoMv4w
14:44:40.366 [http-nio-9587-exec-8] INFO  c.r.f.w.s.TokenService - [getToken,227] - backend Token: Bearer eyJhbGciOiJIUzUxMiJ9.eyJsb2dpbl91c2VyX2tleSI6ImY2ZjdlYTUwLWY1NGMtNDU1MS1hZjA2LWYxZjgzM2VkYjNjYyJ9.6BXwGDUc-9pvYr9L4skCUonpLF6v7WpalXBSgOAtUS-CNSceVjcbseKp0OsBhfdL_JJ9wcMEEDOtsSfXpoMv4w
14:44:40.378 [http-nio-9587-exec-9] INFO  c.r.f.w.s.TokenService - [getToken,227] - backend Token: Bearer eyJhbGciOiJIUzUxMiJ9.eyJsb2dpbl91c2VyX2tleSI6ImY2ZjdlYTUwLWY1NGMtNDU1MS1hZjA2LWYxZjgzM2VkYjNjYyJ9.6BXwGDUc-9pvYr9L4skCUonpLF6v7WpalXBSgOAtUS-CNSceVjcbseKp0OsBhfdL_JJ9wcMEEDOtsSfXpoMv4w
14:44:40.383 [http-nio-9587-exec-9] INFO  c.r.f.w.s.TokenService - [getToken,227] - backend Token: Bearer eyJhbGciOiJIUzUxMiJ9.eyJsb2dpbl91c2VyX2tleSI6ImY2ZjdlYTUwLWY1NGMtNDU1MS1hZjA2LWYxZjgzM2VkYjNjYyJ9.6BXwGDUc-9pvYr9L4skCUonpLF6v7WpalXBSgOAtUS-CNSceVjcbseKp0OsBhfdL_JJ9wcMEEDOtsSfXpoMv4w
14:44:50.925 [http-nio-9587-exec-10] INFO  c.r.f.w.s.TokenService - [getToken,227] - backend Token: Bearer eyJhbGciOiJIUzUxMiJ9.eyJsb2dpbl91c2VyX2tleSI6ImY2ZjdlYTUwLWY1NGMtNDU1MS1hZjA2LWYxZjgzM2VkYjNjYyJ9.6BXwGDUc-9pvYr9L4skCUonpLF6v7WpalXBSgOAtUS-CNSceVjcbseKp0OsBhfdL_JJ9wcMEEDOtsSfXpoMv4w
14:44:50.929 [http-nio-9587-exec-10] INFO  c.r.f.w.s.TokenService - [getToken,227] - backend Token: Bearer eyJhbGciOiJIUzUxMiJ9.eyJsb2dpbl91c2VyX2tleSI6ImY2ZjdlYTUwLWY1NGMtNDU1MS1hZjA2LWYxZjgzM2VkYjNjYyJ9.6BXwGDUc-9pvYr9L4skCUonpLF6v7WpalXBSgOAtUS-CNSceVjcbseKp0OsBhfdL_JJ9wcMEEDOtsSfXpoMv4w
14:44:51.128 [http-nio-9587-exec-8] INFO  c.r.f.w.s.TokenService - [getToken,227] - backend Token: Bearer eyJhbGciOiJIUzUxMiJ9.eyJsb2dpbl91c2VyX2tleSI6ImY2ZjdlYTUwLWY1NGMtNDU1MS1hZjA2LWYxZjgzM2VkYjNjYyJ9.6BXwGDUc-9pvYr9L4skCUonpLF6v7WpalXBSgOAtUS-CNSceVjcbseKp0OsBhfdL_JJ9wcMEEDOtsSfXpoMv4w
14:44:51.133 [http-nio-9587-exec-2] INFO  c.r.f.w.s.TokenService - [getToken,227] - backend Token: Bearer eyJhbGciOiJIUzUxMiJ9.eyJsb2dpbl91c2VyX2tleSI6ImY2ZjdlYTUwLWY1NGMtNDU1MS1hZjA2LWYxZjgzM2VkYjNjYyJ9.6BXwGDUc-9pvYr9L4skCUonpLF6v7WpalXBSgOAtUS-CNSceVjcbseKp0OsBhfdL_JJ9wcMEEDOtsSfXpoMv4w
14:44:51.137 [http-nio-9587-exec-2] INFO  c.r.f.w.s.TokenService - [getToken,227] - backend Token: Bearer eyJhbGciOiJIUzUxMiJ9.eyJsb2dpbl91c2VyX2tleSI6ImY2ZjdlYTUwLWY1NGMtNDU1MS1hZjA2LWYxZjgzM2VkYjNjYyJ9.6BXwGDUc-9pvYr9L4skCUonpLF6v7WpalXBSgOAtUS-CNSceVjcbseKp0OsBhfdL_JJ9wcMEEDOtsSfXpoMv4w
14:44:51.138 [http-nio-9587-exec-1] INFO  c.r.f.w.s.TokenService - [getToken,227] - backend Token: Bearer eyJhbGciOiJIUzUxMiJ9.eyJsb2dpbl91c2VyX2tleSI6ImY2ZjdlYTUwLWY1NGMtNDU1MS1hZjA2LWYxZjgzM2VkYjNjYyJ9.6BXwGDUc-9pvYr9L4skCUonpLF6v7WpalXBSgOAtUS-CNSceVjcbseKp0OsBhfdL_JJ9wcMEEDOtsSfXpoMv4w
14:44:51.142 [http-nio-9587-exec-3] INFO  c.r.f.w.s.TokenService - [getToken,227] - backend Token: Bearer eyJhbGciOiJIUzUxMiJ9.eyJsb2dpbl91c2VyX2tleSI6ImY2ZjdlYTUwLWY1NGMtNDU1MS1hZjA2LWYxZjgzM2VkYjNjYyJ9.6BXwGDUc-9pvYr9L4skCUonpLF6v7WpalXBSgOAtUS-CNSceVjcbseKp0OsBhfdL_JJ9wcMEEDOtsSfXpoMv4w
14:44:51.158 [http-nio-9587-exec-4] INFO  c.r.f.w.s.TokenService - [getToken,227] - backend Token: Bearer eyJhbGciOiJIUzUxMiJ9.eyJsb2dpbl91c2VyX2tleSI6ImY2ZjdlYTUwLWY1NGMtNDU1MS1hZjA2LWYxZjgzM2VkYjNjYyJ9.6BXwGDUc-9pvYr9L4skCUonpLF6v7WpalXBSgOAtUS-CNSceVjcbseKp0OsBhfdL_JJ9wcMEEDOtsSfXpoMv4w
14:44:51.163 [http-nio-9587-exec-8] INFO  c.r.f.w.s.TokenService - [getToken,227] - backend Token: Bearer eyJhbGciOiJIUzUxMiJ9.eyJsb2dpbl91c2VyX2tleSI6ImY2ZjdlYTUwLWY1NGMtNDU1MS1hZjA2LWYxZjgzM2VkYjNjYyJ9.6BXwGDUc-9pvYr9L4skCUonpLF6v7WpalXBSgOAtUS-CNSceVjcbseKp0OsBhfdL_JJ9wcMEEDOtsSfXpoMv4w
14:44:51.163 [http-nio-9587-exec-10] INFO  c.r.f.w.s.TokenService - [getToken,227] - backend Token: Bearer eyJhbGciOiJIUzUxMiJ9.eyJsb2dpbl91c2VyX2tleSI6ImY2ZjdlYTUwLWY1NGMtNDU1MS1hZjA2LWYxZjgzM2VkYjNjYyJ9.6BXwGDUc-9pvYr9L4skCUonpLF6v7WpalXBSgOAtUS-CNSceVjcbseKp0OsBhfdL_JJ9wcMEEDOtsSfXpoMv4w
14:44:51.169 [http-nio-9587-exec-10] INFO  c.r.f.w.s.TokenService - [getToken,227] - backend Token: Bearer eyJhbGciOiJIUzUxMiJ9.eyJsb2dpbl91c2VyX2tleSI6ImY2ZjdlYTUwLWY1NGMtNDU1MS1hZjA2LWYxZjgzM2VkYjNjYyJ9.6BXwGDUc-9pvYr9L4skCUonpLF6v7WpalXBSgOAtUS-CNSceVjcbseKp0OsBhfdL_JJ9wcMEEDOtsSfXpoMv4w
14:44:51.175 [http-nio-9587-exec-3] INFO  c.r.f.w.s.TokenService - [getToken,227] - backend Token: Bearer eyJhbGciOiJIUzUxMiJ9.eyJsb2dpbl91c2VyX2tleSI6ImY2ZjdlYTUwLWY1NGMtNDU1MS1hZjA2LWYxZjgzM2VkYjNjYyJ9.6BXwGDUc-9pvYr9L4skCUonpLF6v7WpalXBSgOAtUS-CNSceVjcbseKp0OsBhfdL_JJ9wcMEEDOtsSfXpoMv4w
14:44:51.175 [http-nio-9587-exec-5] INFO  c.r.f.w.s.TokenService - [getToken,227] - backend Token: Bearer eyJhbGciOiJIUzUxMiJ9.eyJsb2dpbl91c2VyX2tleSI6ImY2ZjdlYTUwLWY1NGMtNDU1MS1hZjA2LWYxZjgzM2VkYjNjYyJ9.6BXwGDUc-9pvYr9L4skCUonpLF6v7WpalXBSgOAtUS-CNSceVjcbseKp0OsBhfdL_JJ9wcMEEDOtsSfXpoMv4w
14:44:51.176 [http-nio-9587-exec-9] INFO  c.r.f.w.s.TokenService - [getToken,227] - backend Token: Bearer eyJhbGciOiJIUzUxMiJ9.eyJsb2dpbl91c2VyX2tleSI6ImY2ZjdlYTUwLWY1NGMtNDU1MS1hZjA2LWYxZjgzM2VkYjNjYyJ9.6BXwGDUc-9pvYr9L4skCUonpLF6v7WpalXBSgOAtUS-CNSceVjcbseKp0OsBhfdL_JJ9wcMEEDOtsSfXpoMv4w
14:44:51.178 [http-nio-9587-exec-3] INFO  c.r.f.w.s.TokenService - [getToken,227] - backend Token: Bearer eyJhbGciOiJIUzUxMiJ9.eyJsb2dpbl91c2VyX2tleSI6ImY2ZjdlYTUwLWY1NGMtNDU1MS1hZjA2LWYxZjgzM2VkYjNjYyJ9.6BXwGDUc-9pvYr9L4skCUonpLF6v7WpalXBSgOAtUS-CNSceVjcbseKp0OsBhfdL_JJ9wcMEEDOtsSfXpoMv4w
14:44:51.180 [http-nio-9587-exec-5] INFO  c.r.f.w.s.TokenService - [getToken,227] - backend Token: Bearer eyJhbGciOiJIUzUxMiJ9.eyJsb2dpbl91c2VyX2tleSI6ImY2ZjdlYTUwLWY1NGMtNDU1MS1hZjA2LWYxZjgzM2VkYjNjYyJ9.6BXwGDUc-9pvYr9L4skCUonpLF6v7WpalXBSgOAtUS-CNSceVjcbseKp0OsBhfdL_JJ9wcMEEDOtsSfXpoMv4w
14:51:46.819 [http-nio-9587-exec-2] INFO  c.r.f.w.s.TokenService - [getToken,227] - backend Token: Bearer eyJhbGciOiJIUzUxMiJ9.eyJsb2dpbl91c2VyX2tleSI6ImY2ZjdlYTUwLWY1NGMtNDU1MS1hZjA2LWYxZjgzM2VkYjNjYyJ9.6BXwGDUc-9pvYr9L4skCUonpLF6v7WpalXBSgOAtUS-CNSceVjcbseKp0OsBhfdL_JJ9wcMEEDOtsSfXpoMv4w
14:51:46.823 [http-nio-9587-exec-6] INFO  c.r.f.w.s.TokenService - [getToken,227] - backend Token: Bearer eyJhbGciOiJIUzUxMiJ9.eyJsb2dpbl91c2VyX2tleSI6ImY2ZjdlYTUwLWY1NGMtNDU1MS1hZjA2LWYxZjgzM2VkYjNjYyJ9.6BXwGDUc-9pvYr9L4skCUonpLF6v7WpalXBSgOAtUS-CNSceVjcbseKp0OsBhfdL_JJ9wcMEEDOtsSfXpoMv4w
14:51:46.823 [http-nio-9587-exec-3] INFO  c.r.f.w.s.TokenService - [getToken,227] - backend Token: Bearer eyJhbGciOiJIUzUxMiJ9.eyJsb2dpbl91c2VyX2tleSI6ImY2ZjdlYTUwLWY1NGMtNDU1MS1hZjA2LWYxZjgzM2VkYjNjYyJ9.6BXwGDUc-9pvYr9L4skCUonpLF6v7WpalXBSgOAtUS-CNSceVjcbseKp0OsBhfdL_JJ9wcMEEDOtsSfXpoMv4w
14:51:46.829 [http-nio-9587-exec-5] INFO  c.r.f.w.s.TokenService - [getToken,227] - backend Token: Bearer eyJhbGciOiJIUzUxMiJ9.eyJsb2dpbl91c2VyX2tleSI6ImY2ZjdlYTUwLWY1NGMtNDU1MS1hZjA2LWYxZjgzM2VkYjNjYyJ9.6BXwGDUc-9pvYr9L4skCUonpLF6v7WpalXBSgOAtUS-CNSceVjcbseKp0OsBhfdL_JJ9wcMEEDOtsSfXpoMv4w
14:51:46.830 [http-nio-9587-exec-10] INFO  c.r.f.w.s.TokenService - [getToken,227] - backend Token: Bearer eyJhbGciOiJIUzUxMiJ9.eyJsb2dpbl91c2VyX2tleSI6ImY2ZjdlYTUwLWY1NGMtNDU1MS1hZjA2LWYxZjgzM2VkYjNjYyJ9.6BXwGDUc-9pvYr9L4skCUonpLF6v7WpalXBSgOAtUS-CNSceVjcbseKp0OsBhfdL_JJ9wcMEEDOtsSfXpoMv4w
14:51:46.843 [http-nio-9587-exec-9] INFO  c.r.f.w.s.TokenService - [getToken,227] - backend Token: Bearer eyJhbGciOiJIUzUxMiJ9.eyJsb2dpbl91c2VyX2tleSI6ImY2ZjdlYTUwLWY1NGMtNDU1MS1hZjA2LWYxZjgzM2VkYjNjYyJ9.6BXwGDUc-9pvYr9L4skCUonpLF6v7WpalXBSgOAtUS-CNSceVjcbseKp0OsBhfdL_JJ9wcMEEDOtsSfXpoMv4w
14:51:46.853 [http-nio-9587-exec-7] INFO  c.r.f.w.s.TokenService - [getToken,227] - backend Token: Bearer eyJhbGciOiJIUzUxMiJ9.eyJsb2dpbl91c2VyX2tleSI6ImY2ZjdlYTUwLWY1NGMtNDU1MS1hZjA2LWYxZjgzM2VkYjNjYyJ9.6BXwGDUc-9pvYr9L4skCUonpLF6v7WpalXBSgOAtUS-CNSceVjcbseKp0OsBhfdL_JJ9wcMEEDOtsSfXpoMv4w
14:51:46.853 [http-nio-9587-exec-4] INFO  c.r.f.w.s.TokenService - [getToken,227] - backend Token: Bearer eyJhbGciOiJIUzUxMiJ9.eyJsb2dpbl91c2VyX2tleSI6ImY2ZjdlYTUwLWY1NGMtNDU1MS1hZjA2LWYxZjgzM2VkYjNjYyJ9.6BXwGDUc-9pvYr9L4skCUonpLF6v7WpalXBSgOAtUS-CNSceVjcbseKp0OsBhfdL_JJ9wcMEEDOtsSfXpoMv4w
14:51:46.858 [http-nio-9587-exec-10] INFO  c.r.f.w.s.TokenService - [getToken,227] - backend Token: Bearer eyJhbGciOiJIUzUxMiJ9.eyJsb2dpbl91c2VyX2tleSI6ImY2ZjdlYTUwLWY1NGMtNDU1MS1hZjA2LWYxZjgzM2VkYjNjYyJ9.6BXwGDUc-9pvYr9L4skCUonpLF6v7WpalXBSgOAtUS-CNSceVjcbseKp0OsBhfdL_JJ9wcMEEDOtsSfXpoMv4w
14:51:46.858 [http-nio-9587-exec-3] INFO  c.r.f.w.s.TokenService - [getToken,227] - backend Token: Bearer eyJhbGciOiJIUzUxMiJ9.eyJsb2dpbl91c2VyX2tleSI6ImY2ZjdlYTUwLWY1NGMtNDU1MS1hZjA2LWYxZjgzM2VkYjNjYyJ9.6BXwGDUc-9pvYr9L4skCUonpLF6v7WpalXBSgOAtUS-CNSceVjcbseKp0OsBhfdL_JJ9wcMEEDOtsSfXpoMv4w
14:53:38.877 [http-nio-9587-exec-10] INFO  c.r.f.w.s.TokenService - [getToken,227] - backend Token: Bearer eyJhbGciOiJIUzUxMiJ9.eyJsb2dpbl91c2VyX2tleSI6ImY2ZjdlYTUwLWY1NGMtNDU1MS1hZjA2LWYxZjgzM2VkYjNjYyJ9.6BXwGDUc-9pvYr9L4skCUonpLF6v7WpalXBSgOAtUS-CNSceVjcbseKp0OsBhfdL_JJ9wcMEEDOtsSfXpoMv4w
14:53:38.891 [schedule-pool-7] INFO  sys-user - [run,58] - [127.0.0.1]内网IP[admin][Logout][退出成功]
14:53:38.902 [http-nio-9587-exec-3] INFO  c.r.f.w.s.TokenService - [getToken,227] - backend Token: null
14:53:38.903 [http-nio-9587-exec-9] INFO  c.r.f.w.s.TokenService - [getToken,227] - backend Token: null
14:53:44.365 [http-nio-9587-exec-4] INFO  c.r.f.w.s.TokenService - [getToken,227] - backend Token: null
14:53:44.488 [schedule-pool-9] INFO  sys-user - [run,58] - [127.0.0.1]内网IP[madaosen][Success][登录成功]
14:53:44.506 [http-nio-9587-exec-8] INFO  c.r.f.w.s.TokenService - [getToken,227] - backend Token: Bearer eyJhbGciOiJIUzUxMiJ9.eyJsb2dpbl91c2VyX2tleSI6IjQ3NDAzZjNjLTQ3NjQtNDQzOS04OTE1LTI1YzI3YzQ3MjM3ZSJ9.ilMTlngEFUl7-BolnlHrNe5GONkv-BtYo0Mo-gEiX7zVUsp2cBnkbe0eo0Pe2Gj4DP8KV4lapK8tT6_6bwmrHQ
14:53:44.508 [http-nio-9587-exec-8] INFO  c.r.f.w.s.TokenService - [getToken,227] - backend Token: Bearer eyJhbGciOiJIUzUxMiJ9.eyJsb2dpbl91c2VyX2tleSI6IjQ3NDAzZjNjLTQ3NjQtNDQzOS04OTE1LTI1YzI3YzQ3MjM3ZSJ9.ilMTlngEFUl7-BolnlHrNe5GONkv-BtYo0Mo-gEiX7zVUsp2cBnkbe0eo0Pe2Gj4DP8KV4lapK8tT6_6bwmrHQ
14:53:44.611 [http-nio-9587-exec-7] INFO  c.r.f.w.s.TokenService - [getToken,227] - backend Token: Bearer eyJhbGciOiJIUzUxMiJ9.eyJsb2dpbl91c2VyX2tleSI6IjQ3NDAzZjNjLTQ3NjQtNDQzOS04OTE1LTI1YzI3YzQ3MjM3ZSJ9.ilMTlngEFUl7-BolnlHrNe5GONkv-BtYo0Mo-gEiX7zVUsp2cBnkbe0eo0Pe2Gj4DP8KV4lapK8tT6_6bwmrHQ
14:53:44.614 [http-nio-9587-exec-10] INFO  c.r.f.w.s.TokenService - [getToken,227] - backend Token: Bearer eyJhbGciOiJIUzUxMiJ9.eyJsb2dpbl91c2VyX2tleSI6IjQ3NDAzZjNjLTQ3NjQtNDQzOS04OTE1LTI1YzI3YzQ3MjM3ZSJ9.ilMTlngEFUl7-BolnlHrNe5GONkv-BtYo0Mo-gEiX7zVUsp2cBnkbe0eo0Pe2Gj4DP8KV4lapK8tT6_6bwmrHQ
14:53:44.619 [http-nio-9587-exec-1] INFO  c.r.f.w.s.TokenService - [getToken,227] - backend Token: Bearer eyJhbGciOiJIUzUxMiJ9.eyJsb2dpbl91c2VyX2tleSI6IjQ3NDAzZjNjLTQ3NjQtNDQzOS04OTE1LTI1YzI3YzQ3MjM3ZSJ9.ilMTlngEFUl7-BolnlHrNe5GONkv-BtYo0Mo-gEiX7zVUsp2cBnkbe0eo0Pe2Gj4DP8KV4lapK8tT6_6bwmrHQ
14:53:44.620 [http-nio-9587-exec-10] INFO  c.r.f.w.s.TokenService - [getToken,227] - backend Token: Bearer eyJhbGciOiJIUzUxMiJ9.eyJsb2dpbl91c2VyX2tleSI6IjQ3NDAzZjNjLTQ3NjQtNDQzOS04OTE1LTI1YzI3YzQ3MjM3ZSJ9.ilMTlngEFUl7-BolnlHrNe5GONkv-BtYo0Mo-gEiX7zVUsp2cBnkbe0eo0Pe2Gj4DP8KV4lapK8tT6_6bwmrHQ
14:53:44.623 [http-nio-9587-exec-4] INFO  c.r.f.w.s.TokenService - [getToken,227] - backend Token: Bearer eyJhbGciOiJIUzUxMiJ9.eyJsb2dpbl91c2VyX2tleSI6IjQ3NDAzZjNjLTQ3NjQtNDQzOS04OTE1LTI1YzI3YzQ3MjM3ZSJ9.ilMTlngEFUl7-BolnlHrNe5GONkv-BtYo0Mo-gEiX7zVUsp2cBnkbe0eo0Pe2Gj4DP8KV4lapK8tT6_6bwmrHQ
14:53:44.632 [http-nio-9587-exec-2] INFO  c.r.f.w.s.TokenService - [getToken,227] - backend Token: Bearer eyJhbGciOiJIUzUxMiJ9.eyJsb2dpbl91c2VyX2tleSI6IjQ3NDAzZjNjLTQ3NjQtNDQzOS04OTE1LTI1YzI3YzQ3MjM3ZSJ9.ilMTlngEFUl7-BolnlHrNe5GONkv-BtYo0Mo-gEiX7zVUsp2cBnkbe0eo0Pe2Gj4DP8KV4lapK8tT6_6bwmrHQ
14:53:44.635 [http-nio-9587-exec-3] INFO  c.r.f.w.s.TokenService - [getToken,227] - backend Token: Bearer eyJhbGciOiJIUzUxMiJ9.eyJsb2dpbl91c2VyX2tleSI6IjQ3NDAzZjNjLTQ3NjQtNDQzOS04OTE1LTI1YzI3YzQ3MjM3ZSJ9.ilMTlngEFUl7-BolnlHrNe5GONkv-BtYo0Mo-gEiX7zVUsp2cBnkbe0eo0Pe2Gj4DP8KV4lapK8tT6_6bwmrHQ
14:53:44.639 [http-nio-9587-exec-3] INFO  c.r.f.w.s.TokenService - [getToken,227] - backend Token: Bearer eyJhbGciOiJIUzUxMiJ9.eyJsb2dpbl91c2VyX2tleSI6IjQ3NDAzZjNjLTQ3NjQtNDQzOS04OTE1LTI1YzI3YzQ3MjM3ZSJ9.ilMTlngEFUl7-BolnlHrNe5GONkv-BtYo0Mo-gEiX7zVUsp2cBnkbe0eo0Pe2Gj4DP8KV4lapK8tT6_6bwmrHQ
14:53:44.648 [http-nio-9587-exec-5] INFO  c.r.f.w.s.TokenService - [getToken,227] - backend Token: Bearer eyJhbGciOiJIUzUxMiJ9.eyJsb2dpbl91c2VyX2tleSI6IjQ3NDAzZjNjLTQ3NjQtNDQzOS04OTE1LTI1YzI3YzQ3MjM3ZSJ9.ilMTlngEFUl7-BolnlHrNe5GONkv-BtYo0Mo-gEiX7zVUsp2cBnkbe0eo0Pe2Gj4DP8KV4lapK8tT6_6bwmrHQ
14:53:44.670 [http-nio-9587-exec-8] INFO  c.r.f.w.s.TokenService - [getToken,227] - backend Token: Bearer eyJhbGciOiJIUzUxMiJ9.eyJsb2dpbl91c2VyX2tleSI6IjQ3NDAzZjNjLTQ3NjQtNDQzOS04OTE1LTI1YzI3YzQ3MjM3ZSJ9.ilMTlngEFUl7-BolnlHrNe5GONkv-BtYo0Mo-gEiX7zVUsp2cBnkbe0eo0Pe2Gj4DP8KV4lapK8tT6_6bwmrHQ
14:53:44.687 [http-nio-9587-exec-4] INFO  c.r.f.w.s.TokenService - [getToken,227] - backend Token: Bearer eyJhbGciOiJIUzUxMiJ9.eyJsb2dpbl91c2VyX2tleSI6IjQ3NDAzZjNjLTQ3NjQtNDQzOS04OTE1LTI1YzI3YzQ3MjM3ZSJ9.ilMTlngEFUl7-BolnlHrNe5GONkv-BtYo0Mo-gEiX7zVUsp2cBnkbe0eo0Pe2Gj4DP8KV4lapK8tT6_6bwmrHQ
14:53:44.691 [http-nio-9587-exec-4] INFO  c.r.f.w.s.TokenService - [getToken,227] - backend Token: Bearer eyJhbGciOiJIUzUxMiJ9.eyJsb2dpbl91c2VyX2tleSI6IjQ3NDAzZjNjLTQ3NjQtNDQzOS04OTE1LTI1YzI3YzQ3MjM3ZSJ9.ilMTlngEFUl7-BolnlHrNe5GONkv-BtYo0Mo-gEiX7zVUsp2cBnkbe0eo0Pe2Gj4DP8KV4lapK8tT6_6bwmrHQ
14:53:44.694 [http-nio-9587-exec-7] INFO  c.r.f.w.s.TokenService - [getToken,227] - backend Token: Bearer eyJhbGciOiJIUzUxMiJ9.eyJsb2dpbl91c2VyX2tleSI6IjQ3NDAzZjNjLTQ3NjQtNDQzOS04OTE1LTI1YzI3YzQ3MjM3ZSJ9.ilMTlngEFUl7-BolnlHrNe5GONkv-BtYo0Mo-gEiX7zVUsp2cBnkbe0eo0Pe2Gj4DP8KV4lapK8tT6_6bwmrHQ
14:53:44.697 [http-nio-9587-exec-7] INFO  c.r.f.w.s.TokenService - [getToken,227] - backend Token: Bearer eyJhbGciOiJIUzUxMiJ9.eyJsb2dpbl91c2VyX2tleSI6IjQ3NDAzZjNjLTQ3NjQtNDQzOS04OTE1LTI1YzI3YzQ3MjM3ZSJ9.ilMTlngEFUl7-BolnlHrNe5GONkv-BtYo0Mo-gEiX7zVUsp2cBnkbe0eo0Pe2Gj4DP8KV4lapK8tT6_6bwmrHQ
14:53:47.678 [http-nio-9587-exec-9] INFO  c.r.f.w.s.TokenService - [getToken,227] - backend Token: Bearer eyJhbGciOiJIUzUxMiJ9.eyJsb2dpbl91c2VyX2tleSI6IjQ3NDAzZjNjLTQ3NjQtNDQzOS04OTE1LTI1YzI3YzQ3MjM3ZSJ9.ilMTlngEFUl7-BolnlHrNe5GONkv-BtYo0Mo-gEiX7zVUsp2cBnkbe0eo0Pe2Gj4DP8KV4lapK8tT6_6bwmrHQ
14:53:47.678 [http-nio-9587-exec-8] INFO  c.r.f.w.s.TokenService - [getToken,227] - backend Token: Bearer eyJhbGciOiJIUzUxMiJ9.eyJsb2dpbl91c2VyX2tleSI6IjQ3NDAzZjNjLTQ3NjQtNDQzOS04OTE1LTI1YzI3YzQ3MjM3ZSJ9.ilMTlngEFUl7-BolnlHrNe5GONkv-BtYo0Mo-gEiX7zVUsp2cBnkbe0eo0Pe2Gj4DP8KV4lapK8tT6_6bwmrHQ
14:53:50.436 [http-nio-9587-exec-10] INFO  c.r.f.w.s.TokenService - [getToken,227] - backend Token: Bearer eyJhbGciOiJIUzUxMiJ9.eyJsb2dpbl91c2VyX2tleSI6IjQ3NDAzZjNjLTQ3NjQtNDQzOS04OTE1LTI1YzI3YzQ3MjM3ZSJ9.ilMTlngEFUl7-BolnlHrNe5GONkv-BtYo0Mo-gEiX7zVUsp2cBnkbe0eo0Pe2Gj4DP8KV4lapK8tT6_6bwmrHQ
14:53:50.437 [http-nio-9587-exec-3] INFO  c.r.f.w.s.TokenService - [getToken,227] - backend Token: Bearer eyJhbGciOiJIUzUxMiJ9.eyJsb2dpbl91c2VyX2tleSI6IjQ3NDAzZjNjLTQ3NjQtNDQzOS04OTE1LTI1YzI3YzQ3MjM3ZSJ9.ilMTlngEFUl7-BolnlHrNe5GONkv-BtYo0Mo-gEiX7zVUsp2cBnkbe0eo0Pe2Gj4DP8KV4lapK8tT6_6bwmrHQ
14:53:54.132 [http-nio-9587-exec-2] INFO  c.r.f.w.s.TokenService - [getToken,227] - backend Token: Bearer eyJhbGciOiJIUzUxMiJ9.eyJsb2dpbl91c2VyX2tleSI6IjQ3NDAzZjNjLTQ3NjQtNDQzOS04OTE1LTI1YzI3YzQ3MjM3ZSJ9.ilMTlngEFUl7-BolnlHrNe5GONkv-BtYo0Mo-gEiX7zVUsp2cBnkbe0eo0Pe2Gj4DP8KV4lapK8tT6_6bwmrHQ
14:53:54.132 [http-nio-9587-exec-6] INFO  c.r.f.w.s.TokenService - [getToken,227] - backend Token: Bearer eyJhbGciOiJIUzUxMiJ9.eyJsb2dpbl91c2VyX2tleSI6IjQ3NDAzZjNjLTQ3NjQtNDQzOS04OTE1LTI1YzI3YzQ3MjM3ZSJ9.ilMTlngEFUl7-BolnlHrNe5GONkv-BtYo0Mo-gEiX7zVUsp2cBnkbe0eo0Pe2Gj4DP8KV4lapK8tT6_6bwmrHQ
14:53:56.525 [http-nio-9587-exec-4] INFO  c.r.f.w.s.TokenService - [getToken,227] - backend Token: Bearer eyJhbGciOiJIUzUxMiJ9.eyJsb2dpbl91c2VyX2tleSI6IjQ3NDAzZjNjLTQ3NjQtNDQzOS04OTE1LTI1YzI3YzQ3MjM3ZSJ9.ilMTlngEFUl7-BolnlHrNe5GONkv-BtYo0Mo-gEiX7zVUsp2cBnkbe0eo0Pe2Gj4DP8KV4lapK8tT6_6bwmrHQ
14:53:56.526 [http-nio-9587-exec-7] INFO  c.r.f.w.s.TokenService - [getToken,227] - backend Token: Bearer eyJhbGciOiJIUzUxMiJ9.eyJsb2dpbl91c2VyX2tleSI6IjQ3NDAzZjNjLTQ3NjQtNDQzOS04OTE1LTI1YzI3YzQ3MjM3ZSJ9.ilMTlngEFUl7-BolnlHrNe5GONkv-BtYo0Mo-gEiX7zVUsp2cBnkbe0eo0Pe2Gj4DP8KV4lapK8tT6_6bwmrHQ
14:56:06.724 [http-nio-9587-exec-7] INFO  c.r.f.w.s.TokenService - [getToken,227] - backend Token: Bearer eyJhbGciOiJIUzUxMiJ9.eyJsb2dpbl91c2VyX2tleSI6IjQ3NDAzZjNjLTQ3NjQtNDQzOS04OTE1LTI1YzI3YzQ3MjM3ZSJ9.ilMTlngEFUl7-BolnlHrNe5GONkv-BtYo0Mo-gEiX7zVUsp2cBnkbe0eo0Pe2Gj4DP8KV4lapK8tT6_6bwmrHQ
14:56:06.724 [http-nio-9587-exec-4] INFO  c.r.f.w.s.TokenService - [getToken,227] - backend Token: Bearer eyJhbGciOiJIUzUxMiJ9.eyJsb2dpbl91c2VyX2tleSI6IjQ3NDAzZjNjLTQ3NjQtNDQzOS04OTE1LTI1YzI3YzQ3MjM3ZSJ9.ilMTlngEFUl7-BolnlHrNe5GONkv-BtYo0Mo-gEiX7zVUsp2cBnkbe0eo0Pe2Gj4DP8KV4lapK8tT6_6bwmrHQ
14:56:20.101 [Thread-9] INFO  o.q.c.QuartzScheduler - [standby,585] - Scheduler RuoyiScheduler_$_DESKTOP-GL3RGKM1787553768472 paused.
14:56:20.101 [Thread-9] INFO  o.a.s.AbstractActivitiSmartLifeCycle - [stop,95] - Stopping...
14:56:20.101 [Thread-9] INFO  o.a.s.AbstractActivitiSmartLifeCycle - [stop,99] - Stopped.
14:56:20.101 [Thread-9] INFO  o.a.s.AbstractActivitiSmartLifeCycle - [stop,95] - Stopping...
14:56:20.101 [Thread-9] INFO  o.a.s.AbstractActivitiSmartLifeCycle - [stop,99] - Stopped.
14:56:20.101 [Thread-9] INFO  o.a.s.AbstractActivitiSmartLifeCycle - [stop,95] - Stopping...
14:56:20.101 [Thread-9] INFO  o.a.s.AbstractActivitiSmartLifeCycle - [stop,99] - Stopped.
14:56:20.101 [Thread-9] INFO  o.a.s.AbstractActivitiSmartLifeCycle - [stop,95] - Stopping...
14:56:20.102 [Thread-9] INFO  o.a.s.AbstractActivitiSmartLifeCycle - [stop,99] - Stopped.
14:56:20.104 [tomcat-shutdown] INFO  o.a.c.h.Http11NioProtocol - [log,173] - Pausing ProtocolHandler ["http-nio-9587"]
14:56:20.748 [Thread-9] INFO  o.a.c.h.Http11NioProtocol - [log,173] - Stopping ProtocolHandler ["http-nio-9587"]
14:56:20.786 [Thread-9] INFO  o.q.c.QuartzScheduler - [shutdown,666] - Scheduler RuoyiScheduler_$_DESKTOP-GL3RGKM1787553768472 shutting down.
14:56:20.786 [Thread-9] INFO  o.q.c.QuartzScheduler - [standby,585] - Scheduler RuoyiScheduler_$_DESKTOP-GL3RGKM1787553768472 paused.
14:56:20.787 [Thread-9] INFO  o.q.c.QuartzScheduler - [shutdown,740] - Scheduler RuoyiScheduler_$_DESKTOP-GL3RGKM1787553768472 shutdown complete.
14:56:20.787 [Thread-9] INFO  sys-user - [shutdownAsyncManager,31] - ====关闭后台任务任务线程池====
14:56:20.799 [Thread-9] INFO  o.a.e.i.a.DefaultAsyncJobExecutor - [shutdown,212] - Shutting down the default async job executor [org.activiti.spring.SpringAsyncExecutor].
14:56:20.799 [activiti-acquire-async-jobs] INFO  o.a.e.i.a.AcquireAsyncJobsDueRunnable - [run,119] - {} stopped async job due acquisition
14:56:20.799 [activiti-reset-expired-jobs] INFO  o.a.e.i.a.ResetExpiredJobsRunnable - [run,103] - {} stopped resetting expired jobs
14:56:20.799 [activiti-acquire-timer-jobs] INFO  o.a.e.i.a.AcquireTimerJobsRunnable - [run,119] - {} stopped async job due acquisition
14:56:20.813 [Thread-9] INFO  c.a.d.p.DruidDataSource - [close,2032] - {dataSource-1} closing ...
14:56:20.816 [Thread-9] INFO  c.a.d.p.DruidDataSource - [close,2104] - {dataSource-1} closed
14:56:21.306 [restartedMain] INFO  c.r.RuoYiApplication - [logStarting,53] - Starting RuoYiApplication using Java 17.0.10 with PID 19876 (C:\Users\Administrator\Desktop\kcts\kcts\ruoyi-admin\target\classes started by Administrator in C:\Users\Administrator\Desktop\kcts)
14:56:21.306 [restartedMain] INFO  c.r.RuoYiApplication - [logStartupProfileInfo,658] - The following 1 profile is active: "local"
14:56:34.210 [restartedMain] INFO  c.r.RuoYiApplication - [logStarting,53] - Starting RuoYiApplication using Java 17.0.10 with PID 19876 (C:\Users\Administrator\Desktop\kcts\kcts\ruoyi-admin\target\classes started by Administrator in C:\Users\Administrator\Desktop\kcts)
14:56:34.210 [restartedMain] INFO  c.r.RuoYiApplication - [logStartupProfileInfo,658] - The following 1 profile is active: "local"
14:56:46.856 [restartedMain] INFO  c.r.RuoYiApplication - [logStarting,53] - Starting RuoYiApplication using Java 17.0.10 with PID 19876 (C:\Users\Administrator\Desktop\kcts\kcts\ruoyi-admin\target\classes started by Administrator in C:\Users\Administrator\Desktop\kcts)
14:56:46.856 [restartedMain] INFO  c.r.RuoYiApplication - [logStartupProfileInfo,658] - The following 1 profile is active: "local"
14:56:55.725 [restartedMain] INFO  c.r.RuoYiApplication - [logStarting,53] - Starting RuoYiApplication using Java 17.0.10 with PID 19876 (C:\Users\Administrator\Desktop\kcts\kcts\ruoyi-admin\target\classes started by Administrator in C:\Users\Administrator\Desktop\kcts)
14:56:55.726 [restartedMain] INFO  c.r.RuoYiApplication - [logStartupProfileInfo,658] - The following 1 profile is active: "local"
14:57:06.780 [restartedMain] INFO  o.a.c.c.AprLifecycleListener - [log,173] - An older version [1.2.35] of the Apache Tomcat Native library is installed, while Tomcat recommends a minimum version of [2.0.5]
14:57:06.781 [restartedMain] INFO  o.a.c.c.AprLifecycleListener - [log,173] - Loaded Apache Tomcat Native library [1.2.35] using APR version [1.7.0].
14:57:06.781 [restartedMain] INFO  o.a.c.c.AprLifecycleListener - [log,173] - OpenSSL successfully initialized [OpenSSL 1.1.1q  5 Jul 2022]
14:57:06.781 [restartedMain] INFO  o.a.c.h.Http11NioProtocol - [log,173] - Initializing ProtocolHandler ["http-nio-9587"]
14:57:06.782 [restartedMain] INFO  o.a.c.c.StandardService - [log,173] - Starting service [Tomcat]
14:57:06.782 [restartedMain] INFO  o.a.c.c.StandardEngine - [log,173] - Starting Servlet engine: [Apache Tomcat/10.1.33]
14:57:06.937 [restartedMain] INFO  o.a.c.c.C.[.[.[/] - [log,173] - Initializing Spring embedded WebApplicationContext
14:57:10.632 [restartedMain] INFO  c.a.d.p.DruidDataSource - [close,2032] - {dataSource-0} closing ...
14:57:10.634 [restartedMain] INFO  o.a.c.c.StandardService - [log,173] - Stopping service [Tomcat]
14:57:17.033 [restartedMain] INFO  c.r.RuoYiApplication - [logStarting,53] - Starting RuoYiApplication using Java 17.0.10 with PID 19876 (C:\Users\Administrator\Desktop\kcts\kcts\ruoyi-admin\target\classes started by Administrator in C:\Users\Administrator\Desktop\kcts)
14:57:17.034 [restartedMain] INFO  c.r.RuoYiApplication - [logStartupProfileInfo,658] - The following 1 profile is active: "local"
14:57:28.497 [restartedMain] INFO  o.a.c.c.AprLifecycleListener - [log,173] - An older version [1.2.35] of the Apache Tomcat Native library is installed, while Tomcat recommends a minimum version of [2.0.5]
14:57:28.498 [restartedMain] INFO  o.a.c.c.AprLifecycleListener - [log,173] - Loaded Apache Tomcat Native library [1.2.35] using APR version [1.7.0].
14:57:28.498 [restartedMain] INFO  o.a.c.c.AprLifecycleListener - [log,173] - OpenSSL successfully initialized [OpenSSL 1.1.1q  5 Jul 2022]
14:57:28.499 [restartedMain] INFO  o.a.c.h.Http11NioProtocol - [log,173] - Initializing ProtocolHandler ["http-nio-9587"]
14:57:28.499 [restartedMain] INFO  o.a.c.c.StandardService - [log,173] - Starting service [Tomcat]
14:57:28.499 [restartedMain] INFO  o.a.c.c.StandardEngine - [log,173] - Starting Servlet engine: [Apache Tomcat/10.1.33]
14:57:28.661 [restartedMain] INFO  o.a.c.c.C.[.[.[/] - [log,173] - Initializing Spring embedded WebApplicationContext
14:57:32.158 [restartedMain] INFO  c.a.d.p.DruidDataSource - [init,985] - {dataSource-2} inited
14:57:32.760 [restartedMain] INFO  c.a.d.p.DruidDataSource - [close,2032] - {dataSource-2} closing ...
14:57:32.761 [restartedMain] INFO  c.a.d.p.DruidDataSource - [close,2104] - {dataSource-2} closed
14:57:32.764 [restartedMain] INFO  o.a.c.c.StandardService - [log,173] - Stopping service [Tomcat]
14:57:53.520 [restartedMain] INFO  c.r.RuoYiApplication - [logStarting,53] - Starting RuoYiApplication using Java 17.0.10 with PID 19876 (C:\Users\Administrator\Desktop\kcts\kcts\ruoyi-admin\target\classes started by Administrator in C:\Users\Administrator\Desktop\kcts)
14:57:53.521 [restartedMain] INFO  c.r.RuoYiApplication - [logStartupProfileInfo,658] - The following 1 profile is active: "local"
14:57:57.819 [restartedMain] INFO  o.a.c.c.AprLifecycleListener - [log,173] - An older version [1.2.35] of the Apache Tomcat Native library is installed, while Tomcat recommends a minimum version of [2.0.5]
14:57:57.819 [restartedMain] INFO  o.a.c.c.AprLifecycleListener - [log,173] - Loaded Apache Tomcat Native library [1.2.35] using APR version [1.7.0].
14:57:57.820 [restartedMain] INFO  o.a.c.c.AprLifecycleListener - [log,173] - OpenSSL successfully initialized [OpenSSL 1.1.1q  5 Jul 2022]
14:57:57.820 [restartedMain] INFO  o.a.c.h.Http11NioProtocol - [log,173] - Initializing ProtocolHandler ["http-nio-9587"]
14:57:57.820 [restartedMain] INFO  o.a.c.c.StandardService - [log,173] - Starting service [Tomcat]
14:57:57.820 [restartedMain] INFO  o.a.c.c.StandardEngine - [log,173] - Starting Servlet engine: [Apache Tomcat/10.1.33]
14:57:57.944 [restartedMain] INFO  o.a.c.c.C.[.[.[/] - [log,173] - Initializing Spring embedded WebApplicationContext
14:58:00.084 [restartedMain] INFO  c.a.d.p.DruidDataSource - [init,985] - {dataSource-3} inited
14:58:06.482 [restartedMain] INFO  o.a.s.r.ResourceFinder - [discoverResources,49] - No process definitions were found for auto-deployment in the location `classpath*:**/processes/`
14:58:08.319 [restartedMain] INFO  o.a.s.r.ResourceFinder - [discoverResources,49] - No process extensions were found for auto-deployment in the location 'classpath*:**/processes/'
14:58:08.546 [restartedMain] INFO  o.a.e.i.c.ProcessEngineConfigurationImpl - [initConfigurators,1570] - Found 1 Process Engine Configurators in total:
14:58:08.547 [restartedMain] INFO  o.a.e.i.c.ProcessEngineConfigurationImpl - [initConfigurators,1572] - class org.activiti.spring.process.conf.ProcessExtensionsConfiguratorAutoConfiguration (priority:10000)
14:58:08.547 [restartedMain] INFO  o.a.e.i.c.ProcessEngineConfigurationImpl - [configuratorsBeforeInit,1582] - Executing beforeInit() of class org.activiti.spring.process.conf.ProcessExtensionsConfiguratorAutoConfiguration (priority:10000)
14:58:08.953 [restartedMain] INFO  o.a.e.i.c.ProcessEngineConfigurationImpl - [configuratorsAfterInit,1589] - Executing configure() of class org.activiti.spring.process.conf.ProcessExtensionsConfiguratorAutoConfiguration (priority:10000)
14:58:08.962 [restartedMain] INFO  o.a.e.i.ProcessEngineImpl - [<init>,78] - ProcessEngine default created
14:58:08.962 [restartedMain] INFO  o.a.e.i.a.DefaultAsyncJobExecutor - [start,173] - Starting up the default async job executor [org.activiti.spring.SpringAsyncExecutor].
14:58:08.963 [Thread-31] INFO  o.a.e.i.a.AcquireAsyncJobsDueRunnable - [run,49] - {} starting to acquire async jobs due
14:58:08.963 [Thread-32] INFO  o.a.e.i.a.AcquireTimerJobsRunnable - [run,53] - {} starting to acquire async jobs due
14:58:08.963 [Thread-33] INFO  o.a.e.i.a.ResetExpiredJobsRunnable - [run,55] - {} starting to reset expired jobs
14:58:09.026 [restartedMain] INFO  o.a.e.i.c.DeployCmd - [executeDeploy,103] - Launching new deployment with version: 1
14:58:11.142 [restartedMain] INFO  o.q.i.StdSchedulerFactory - [instantiate,1220] - Using default implementation for ThreadExecutor
14:58:11.145 [restartedMain] INFO  o.q.c.SchedulerSignalerImpl - [<init>,61] - Initialized Scheduler Signaller of type: class org.quartz.core.SchedulerSignalerImpl
14:58:11.146 [restartedMain] INFO  o.q.c.QuartzScheduler - [<init>,229] - Quartz Scheduler v.2.3.2 created.
14:58:11.146 [restartedMain] INFO  o.q.c.QuartzScheduler - [initialize,294] - Scheduler meta-data: Quartz Scheduler (v2.3.2) 'RuoyiScheduler' with instanceId 'DESKTOP-GL3RGKM1787554691144'
  Scheduler class: 'org.quartz.core.QuartzScheduler' - running locally.
  NOT STARTED.
  Currently in standby mode.
  Number of jobs executed: 0
  Using thread pool 'org.quartz.simpl.SimpleThreadPool' - with 20 threads.
  Using job-store 'org.springframework.scheduling.quartz.LocalDataSourceJobStore' - which supports persistence. and is clustered.

14:58:11.146 [restartedMain] INFO  o.q.i.StdSchedulerFactory - [instantiate,1374] - Quartz scheduler 'RuoyiScheduler' initialized from an externally provided properties instance.
14:58:11.146 [restartedMain] INFO  o.q.i.StdSchedulerFactory - [instantiate,1378] - Quartz scheduler version: 2.3.2
14:58:11.146 [restartedMain] INFO  o.q.c.QuartzScheduler - [setJobFactory,2293] - JobFactory set to: org.springframework.scheduling.quartz.AdaptableJobFactory@1f401a5a
14:58:12.416 [restartedMain] INFO  o.a.c.w.s.f.ReflectionServiceFactoryBean - [buildServiceFromClass,436] - Creating Service {http://impl.webservice.system.ruoyi.com/}OADeptServiceImplService from class com.ruoyi.system.webservice.impl.OADeptServiceImpl
14:58:12.759 [restartedMain] INFO  o.a.c.e.ServerImpl - [initDestination,95] - Setting the server's publish address to be /syncdep
14:58:12.822 [restartedMain] INFO  o.a.c.w.s.f.ReflectionServiceFactoryBean - [buildServiceFromClass,436] - Creating Service {http://impl.webservice.system.ruoyi.com/}OAUserServiceImplService from class com.ruoyi.system.webservice.impl.OAUserServiceImpl
14:58:13.016 [restartedMain] INFO  o.a.c.e.ServerImpl - [initDestination,95] - Setting the server's publish address to be /syncuser
14:58:13.024 [restartedMain] INFO  o.a.c.w.s.f.ReflectionServiceFactoryBean - [buildServiceFromClass,436] - Creating Service {http://ideal.sh.cn.tc}ICreateInfoServiceService from class com.ruoyi.system.webservice.createinfo.ICreateInfoService
14:58:18.769 [restartedMain] INFO  o.a.c.h.Http11NioProtocol - [log,173] - Starting ProtocolHandler ["http-nio-9587"]
14:58:18.777 [restartedMain] INFO  o.a.s.AbstractActivitiSmartLifeCycle - [start,81] - Starting...
14:58:18.914 [restartedMain] INFO  o.a.s.AbstractActivitiSmartLifeCycle - [start,86] - Started.
14:58:18.914 [restartedMain] INFO  o.a.s.AbstractActivitiSmartLifeCycle - [start,81] - Starting...
14:58:18.954 [restartedMain] INFO  o.a.s.AbstractActivitiSmartLifeCycle - [start,86] - Started.
14:58:18.954 [restartedMain] INFO  o.a.s.AbstractActivitiSmartLifeCycle - [start,81] - Starting...
14:58:19.807 [Quartz Scheduler [RuoyiScheduler]] INFO  o.q.c.QuartzScheduler - [start,547] - Scheduler RuoyiScheduler_$_DESKTOP-GL3RGKM1787554691144 started.
14:58:20.965 [restartedMain] INFO  o.a.s.AbstractActivitiSmartLifeCycle - [start,86] - Started.
14:58:20.965 [restartedMain] INFO  o.a.s.AbstractActivitiSmartLifeCycle - [start,81] - Starting...
14:58:26.364 [restartedMain] INFO  o.a.s.AbstractActivitiSmartLifeCycle - [start,86] - Started.
14:58:26.381 [restartedMain] INFO  c.r.RuoYiApplication - [logStarted,59] - Started RuoYiApplication in 32.977 seconds (process running for 965.562)
14:58:26.717 [restartedMain] INFO  c.r.w.k.SaslClient - [consume,109] - login user: admin
14:58:26.727 [restartedMain] INFO  o.a.k.c.c.ConsumerConfig - [logAll,347] - ConsumerConfig values: 
	allow.auto.create.topics = true
	auto.commit.interval.ms = 5000
	auto.offset.reset = earliest
	bootstrap.servers = [10.145.219.3:8423, 10.145.219.4:8423, 10.145.219.5:8423]
	check.crcs = true
	client.dns.lookup = default
	client.id = 
	client.rack = 
	connections.max.idle.ms = 540000
	default.api.timeout.ms = 60000
	enable.auto.commit = false
	exclude.internal.topics = true
	fetch.max.bytes = 52428800
	fetch.max.wait.ms = 500
	fetch.min.bytes = 1
	group.id = DE_C_HRMS_STIEP
	group.instance.id = null
	heartbeat.interval.ms = 3000
	interceptor.classes = []
	internal.leave.group.on.close = true
	isolation.level = read_uncommitted
	key.deserializer = class org.apache.kafka.common.serialization.StringDeserializer
	max.partition.fetch.bytes = 1048576
	max.poll.interval.ms = 300000
	max.poll.records = 30
	metadata.max.age.ms = 300000
	metric.reporters = []
	metrics.num.samples = 2
	metrics.recording.level = INFO
	metrics.sample.window.ms = 30000
	partition.assignment.strategy = [class org.apache.kafka.clients.consumer.RangeAssignor]
	receive.buffer.bytes = 65536
	reconnect.backoff.max.ms = 1000
	reconnect.backoff.ms = 50
	request.timeout.ms = 30000
	retry.backoff.ms = 100
	sasl.client.callback.handler.class = null
	sasl.jaas.config = [hidden]
	sasl.kerberos.kinit.cmd = /usr/bin/kinit
	sasl.kerberos.min.time.before.relogin = 60000
	sasl.kerberos.service.name = null
	sasl.kerberos.ticket.renew.jitter = 0.05
	sasl.kerberos.ticket.renew.window.factor = 0.8
	sasl.login.callback.handler.class = null
	sasl.login.class = null
	sasl.login.refresh.buffer.seconds = 300
	sasl.login.refresh.min.period.seconds = 60
	sasl.login.refresh.window.factor = 0.8
	sasl.login.refresh.window.jitter = 0.05
	sasl.mechanism = SCRAM-SHA-512
	security.protocol = SASL_PLAINTEXT
	send.buffer.bytes = 131072
	session.timeout.ms = 10000
	ssl.cipher.suites = null
	ssl.enabled.protocols = [TLSv1.2, TLSv1.1, TLSv1]
	ssl.endpoint.identification.algorithm = https
	ssl.key.password = null
	ssl.keymanager.algorithm = SunX509
	ssl.keystore.location = null
	ssl.keystore.password = null
	ssl.keystore.type = JKS
	ssl.protocol = TLS
	ssl.provider = null
	ssl.secure.random.implementation = null
	ssl.trustmanager.algorithm = PKIX
	ssl.truststore.location = null
	ssl.truststore.password = null
	ssl.truststore.type = JKS
	value.deserializer = class org.apache.kafka.common.serialization.StringDeserializer

14:58:26.734 [restartedMain] INFO  o.a.k.c.u.AppInfoParser - [<init>,117] - Kafka version: 2.3.0
14:58:26.735 [restartedMain] INFO  o.a.k.c.u.AppInfoParser - [<init>,118] - Kafka commitId: fc1aaa116b661c8a
14:58:26.735 [restartedMain] INFO  o.a.k.c.u.AppInfoParser - [<init>,119] - Kafka startTimeMs: 1787554706734
14:58:26.735 [restartedMain] INFO  o.a.k.c.c.KafkaConsumer - [subscribe,964] - [Consumer clientId=consumer-2, groupId=DE_C_HRMS_STIEP] Subscribed to topic(s): DE_HRMS_STIEP
14:58:26.735 [restartedMain] INFO  c.r.w.k.SaslClient - [consume,127] - start consumer kafka
14:59:19.875 [http-nio-9587-exec-1] INFO  o.a.c.c.C.[.[.[/] - [log,173] - Initializing Spring DispatcherServlet 'dispatcherServlet'
14:59:19.883 [http-nio-9587-exec-2] INFO  c.r.f.w.s.TokenService - [getToken,227] - backend Token: Bearer eyJhbGciOiJIUzUxMiJ9.eyJsb2dpbl91c2VyX2tleSI6IjQ3NDAzZjNjLTQ3NjQtNDQzOS04OTE1LTI1YzI3YzQ3MjM3ZSJ9.ilMTlngEFUl7-BolnlHrNe5GONkv-BtYo0Mo-gEiX7zVUsp2cBnkbe0eo0Pe2Gj4DP8KV4lapK8tT6_6bwmrHQ
14:59:19.914 [http-nio-9587-exec-2] INFO  c.r.f.w.s.TokenService - [getToken,227] - backend Token: Bearer eyJhbGciOiJIUzUxMiJ9.eyJsb2dpbl91c2VyX2tleSI6IjQ3NDAzZjNjLTQ3NjQtNDQzOS04OTE1LTI1YzI3YzQ3MjM3ZSJ9.ilMTlngEFUl7-BolnlHrNe5GONkv-BtYo0Mo-gEiX7zVUsp2cBnkbe0eo0Pe2Gj4DP8KV4lapK8tT6_6bwmrHQ
14:59:20.185 [http-nio-9587-exec-5] INFO  c.r.f.w.s.TokenService - [getToken,227] - backend Token: Bearer eyJhbGciOiJIUzUxMiJ9.eyJsb2dpbl91c2VyX2tleSI6IjQ3NDAzZjNjLTQ3NjQtNDQzOS04OTE1LTI1YzI3YzQ3MjM3ZSJ9.ilMTlngEFUl7-BolnlHrNe5GONkv-BtYo0Mo-gEiX7zVUsp2cBnkbe0eo0Pe2Gj4DP8KV4lapK8tT6_6bwmrHQ
14:59:20.191 [http-nio-9587-exec-6] INFO  c.r.f.w.s.TokenService - [getToken,227] - backend Token: Bearer eyJhbGciOiJIUzUxMiJ9.eyJsb2dpbl91c2VyX2tleSI6IjQ3NDAzZjNjLTQ3NjQtNDQzOS04OTE1LTI1YzI3YzQ3MjM3ZSJ9.ilMTlngEFUl7-BolnlHrNe5GONkv-BtYo0Mo-gEiX7zVUsp2cBnkbe0eo0Pe2Gj4DP8KV4lapK8tT6_6bwmrHQ
14:59:20.191 [http-nio-9587-exec-7] INFO  c.r.f.w.s.TokenService - [getToken,227] - backend Token: Bearer eyJhbGciOiJIUzUxMiJ9.eyJsb2dpbl91c2VyX2tleSI6IjQ3NDAzZjNjLTQ3NjQtNDQzOS04OTE1LTI1YzI3YzQ3MjM3ZSJ9.ilMTlngEFUl7-BolnlHrNe5GONkv-BtYo0Mo-gEiX7zVUsp2cBnkbe0eo0Pe2Gj4DP8KV4lapK8tT6_6bwmrHQ
14:59:20.193 [http-nio-9587-exec-8] INFO  c.r.f.w.s.TokenService - [getToken,227] - backend Token: Bearer eyJhbGciOiJIUzUxMiJ9.eyJsb2dpbl91c2VyX2tleSI6IjQ3NDAzZjNjLTQ3NjQtNDQzOS04OTE1LTI1YzI3YzQ3MjM3ZSJ9.ilMTlngEFUl7-BolnlHrNe5GONkv-BtYo0Mo-gEiX7zVUsp2cBnkbe0eo0Pe2Gj4DP8KV4lapK8tT6_6bwmrHQ
14:59:20.210 [http-nio-9587-exec-4] INFO  c.r.f.w.s.TokenService - [getToken,227] - backend Token: Bearer eyJhbGciOiJIUzUxMiJ9.eyJsb2dpbl91c2VyX2tleSI6IjQ3NDAzZjNjLTQ3NjQtNDQzOS04OTE1LTI1YzI3YzQ3MjM3ZSJ9.ilMTlngEFUl7-BolnlHrNe5GONkv-BtYo0Mo-gEiX7zVUsp2cBnkbe0eo0Pe2Gj4DP8KV4lapK8tT6_6bwmrHQ
14:59:20.213 [http-nio-9587-exec-6] INFO  c.r.f.w.s.TokenService - [getToken,227] - backend Token: Bearer eyJhbGciOiJIUzUxMiJ9.eyJsb2dpbl91c2VyX2tleSI6IjQ3NDAzZjNjLTQ3NjQtNDQzOS04OTE1LTI1YzI3YzQ3MjM3ZSJ9.ilMTlngEFUl7-BolnlHrNe5GONkv-BtYo0Mo-gEiX7zVUsp2cBnkbe0eo0Pe2Gj4DP8KV4lapK8tT6_6bwmrHQ
14:59:20.264 [http-nio-9587-exec-10] INFO  c.r.f.w.s.TokenService - [getToken,227] - backend Token: Bearer eyJhbGciOiJIUzUxMiJ9.eyJsb2dpbl91c2VyX2tleSI6IjQ3NDAzZjNjLTQ3NjQtNDQzOS04OTE1LTI1YzI3YzQ3MjM3ZSJ9.ilMTlngEFUl7-BolnlHrNe5GONkv-BtYo0Mo-gEiX7zVUsp2cBnkbe0eo0Pe2Gj4DP8KV4lapK8tT6_6bwmrHQ
14:59:20.268 [http-nio-9587-exec-10] INFO  c.r.f.w.s.TokenService - [getToken,227] - backend Token: Bearer eyJhbGciOiJIUzUxMiJ9.eyJsb2dpbl91c2VyX2tleSI6IjQ3NDAzZjNjLTQ3NjQtNDQzOS04OTE1LTI1YzI3YzQ3MjM3ZSJ9.ilMTlngEFUl7-BolnlHrNe5GONkv-BtYo0Mo-gEiX7zVUsp2cBnkbe0eo0Pe2Gj4DP8KV4lapK8tT6_6bwmrHQ
14:59:20.273 [http-nio-9587-exec-3] INFO  c.r.f.w.s.TokenService - [getToken,227] - backend Token: Bearer eyJhbGciOiJIUzUxMiJ9.eyJsb2dpbl91c2VyX2tleSI6IjQ3NDAzZjNjLTQ3NjQtNDQzOS04OTE1LTI1YzI3YzQ3MjM3ZSJ9.ilMTlngEFUl7-BolnlHrNe5GONkv-BtYo0Mo-gEiX7zVUsp2cBnkbe0eo0Pe2Gj4DP8KV4lapK8tT6_6bwmrHQ
14:59:20.307 [http-nio-9587-exec-9] INFO  c.r.f.w.s.TokenService - [getToken,227] - backend Token: Bearer eyJhbGciOiJIUzUxMiJ9.eyJsb2dpbl91c2VyX2tleSI6IjQ3NDAzZjNjLTQ3NjQtNDQzOS04OTE1LTI1YzI3YzQ3MjM3ZSJ9.ilMTlngEFUl7-BolnlHrNe5GONkv-BtYo0Mo-gEiX7zVUsp2cBnkbe0eo0Pe2Gj4DP8KV4lapK8tT6_6bwmrHQ
14:59:20.347 [http-nio-9587-exec-4] INFO  c.r.f.w.s.TokenService - [getToken,227] - backend Token: Bearer eyJhbGciOiJIUzUxMiJ9.eyJsb2dpbl91c2VyX2tleSI6IjQ3NDAzZjNjLTQ3NjQtNDQzOS04OTE1LTI1YzI3YzQ3MjM3ZSJ9.ilMTlngEFUl7-BolnlHrNe5GONkv-BtYo0Mo-gEiX7zVUsp2cBnkbe0eo0Pe2Gj4DP8KV4lapK8tT6_6bwmrHQ
14:59:20.350 [http-nio-9587-exec-4] INFO  c.r.f.w.s.TokenService - [getToken,227] - backend Token: Bearer eyJhbGciOiJIUzUxMiJ9.eyJsb2dpbl91c2VyX2tleSI6IjQ3NDAzZjNjLTQ3NjQtNDQzOS04OTE1LTI1YzI3YzQ3MjM3ZSJ9.ilMTlngEFUl7-BolnlHrNe5GONkv-BtYo0Mo-gEiX7zVUsp2cBnkbe0eo0Pe2Gj4DP8KV4lapK8tT6_6bwmrHQ
14:59:20.350 [http-nio-9587-exec-5] INFO  c.r.f.w.s.TokenService - [getToken,227] - backend Token: Bearer eyJhbGciOiJIUzUxMiJ9.eyJsb2dpbl91c2VyX2tleSI6IjQ3NDAzZjNjLTQ3NjQtNDQzOS04OTE1LTI1YzI3YzQ3MjM3ZSJ9.ilMTlngEFUl7-BolnlHrNe5GONkv-BtYo0Mo-gEiX7zVUsp2cBnkbe0eo0Pe2Gj4DP8KV4lapK8tT6_6bwmrHQ
14:59:20.356 [http-nio-9587-exec-5] INFO  c.r.f.w.s.TokenService - [getToken,227] - backend Token: Bearer eyJhbGciOiJIUzUxMiJ9.eyJsb2dpbl91c2VyX2tleSI6IjQ3NDAzZjNjLTQ3NjQtNDQzOS04OTE1LTI1YzI3YzQ3MjM3ZSJ9.ilMTlngEFUl7-BolnlHrNe5GONkv-BtYo0Mo-gEiX7zVUsp2cBnkbe0eo0Pe2Gj4DP8KV4lapK8tT6_6bwmrHQ
14:59:28.370 [http-nio-9587-exec-9] INFO  c.r.f.w.s.TokenService - [getToken,227] - backend Token: Bearer eyJhbGciOiJIUzUxMiJ9.eyJsb2dpbl91c2VyX2tleSI6IjQ3NDAzZjNjLTQ3NjQtNDQzOS04OTE1LTI1YzI3YzQ3MjM3ZSJ9.ilMTlngEFUl7-BolnlHrNe5GONkv-BtYo0Mo-gEiX7zVUsp2cBnkbe0eo0Pe2Gj4DP8KV4lapK8tT6_6bwmrHQ
14:59:28.370 [http-nio-9587-exec-7] INFO  c.r.f.w.s.TokenService - [getToken,227] - backend Token: Bearer eyJhbGciOiJIUzUxMiJ9.eyJsb2dpbl91c2VyX2tleSI6IjQ3NDAzZjNjLTQ3NjQtNDQzOS04OTE1LTI1YzI3YzQ3MjM3ZSJ9.ilMTlngEFUl7-BolnlHrNe5GONkv-BtYo0Mo-gEiX7zVUsp2cBnkbe0eo0Pe2Gj4DP8KV4lapK8tT6_6bwmrHQ
14:59:32.686 [http-nio-9587-exec-6] INFO  c.r.f.w.s.TokenService - [getToken,227] - backend Token: Bearer eyJhbGciOiJIUzUxMiJ9.eyJsb2dpbl91c2VyX2tleSI6IjQ3NDAzZjNjLTQ3NjQtNDQzOS04OTE1LTI1YzI3YzQ3MjM3ZSJ9.ilMTlngEFUl7-BolnlHrNe5GONkv-BtYo0Mo-gEiX7zVUsp2cBnkbe0eo0Pe2Gj4DP8KV4lapK8tT6_6bwmrHQ
14:59:32.706 [http-nio-9587-exec-8] INFO  c.r.f.w.s.TokenService - [getToken,227] - backend Token: Bearer eyJhbGciOiJIUzUxMiJ9.eyJsb2dpbl91c2VyX2tleSI6IjQ3NDAzZjNjLTQ3NjQtNDQzOS04OTE1LTI1YzI3YzQ3MjM3ZSJ9.ilMTlngEFUl7-BolnlHrNe5GONkv-BtYo0Mo-gEiX7zVUsp2cBnkbe0eo0Pe2Gj4DP8KV4lapK8tT6_6bwmrHQ
14:59:32.710 [http-nio-9587-exec-1] INFO  c.r.f.w.s.TokenService - [getToken,227] - backend Token: Bearer eyJhbGciOiJIUzUxMiJ9.eyJsb2dpbl91c2VyX2tleSI6IjQ3NDAzZjNjLTQ3NjQtNDQzOS04OTE1LTI1YzI3YzQ3MjM3ZSJ9.ilMTlngEFUl7-BolnlHrNe5GONkv-BtYo0Mo-gEiX7zVUsp2cBnkbe0eo0Pe2Gj4DP8KV4lapK8tT6_6bwmrHQ
14:59:32.712 [http-nio-9587-exec-2] INFO  c.r.f.w.s.TokenService - [getToken,227] - backend Token: Bearer eyJhbGciOiJIUzUxMiJ9.eyJsb2dpbl91c2VyX2tleSI6IjQ3NDAzZjNjLTQ3NjQtNDQzOS04OTE1LTI1YzI3YzQ3MjM3ZSJ9.ilMTlngEFUl7-BolnlHrNe5GONkv-BtYo0Mo-gEiX7zVUsp2cBnkbe0eo0Pe2Gj4DP8KV4lapK8tT6_6bwmrHQ
14:59:32.727 [http-nio-9587-exec-5] INFO  c.r.f.w.s.TokenService - [getToken,227] - backend Token: Bearer eyJhbGciOiJIUzUxMiJ9.eyJsb2dpbl91c2VyX2tleSI6IjQ3NDAzZjNjLTQ3NjQtNDQzOS04OTE1LTI1YzI3YzQ3MjM3ZSJ9.ilMTlngEFUl7-BolnlHrNe5GONkv-BtYo0Mo-gEiX7zVUsp2cBnkbe0eo0Pe2Gj4DP8KV4lapK8tT6_6bwmrHQ
14:59:32.727 [http-nio-9587-exec-7] INFO  c.r.f.w.s.TokenService - [getToken,227] - backend Token: Bearer eyJhbGciOiJIUzUxMiJ9.eyJsb2dpbl91c2VyX2tleSI6IjQ3NDAzZjNjLTQ3NjQtNDQzOS04OTE1LTI1YzI3YzQ3MjM3ZSJ9.ilMTlngEFUl7-BolnlHrNe5GONkv-BtYo0Mo-gEiX7zVUsp2cBnkbe0eo0Pe2Gj4DP8KV4lapK8tT6_6bwmrHQ
14:59:32.729 [http-nio-9587-exec-10] INFO  c.r.f.w.s.TokenService - [getToken,227] - backend Token: Bearer eyJhbGciOiJIUzUxMiJ9.eyJsb2dpbl91c2VyX2tleSI6IjQ3NDAzZjNjLTQ3NjQtNDQzOS04OTE1LTI1YzI3YzQ3MjM3ZSJ9.ilMTlngEFUl7-BolnlHrNe5GONkv-BtYo0Mo-gEiX7zVUsp2cBnkbe0eo0Pe2Gj4DP8KV4lapK8tT6_6bwmrHQ
14:59:32.736 [http-nio-9587-exec-9] INFO  c.r.f.w.s.TokenService - [getToken,227] - backend Token: Bearer eyJhbGciOiJIUzUxMiJ9.eyJsb2dpbl91c2VyX2tleSI6IjQ3NDAzZjNjLTQ3NjQtNDQzOS04OTE1LTI1YzI3YzQ3MjM3ZSJ9.ilMTlngEFUl7-BolnlHrNe5GONkv-BtYo0Mo-gEiX7zVUsp2cBnkbe0eo0Pe2Gj4DP8KV4lapK8tT6_6bwmrHQ
14:59:32.739 [http-nio-9587-exec-3] INFO  c.r.f.w.s.TokenService - [getToken,227] - backend Token: Bearer eyJhbGciOiJIUzUxMiJ9.eyJsb2dpbl91c2VyX2tleSI6IjQ3NDAzZjNjLTQ3NjQtNDQzOS04OTE1LTI1YzI3YzQ3MjM3ZSJ9.ilMTlngEFUl7-BolnlHrNe5GONkv-BtYo0Mo-gEiX7zVUsp2cBnkbe0eo0Pe2Gj4DP8KV4lapK8tT6_6bwmrHQ
14:59:32.751 [http-nio-9587-exec-4] INFO  c.r.f.w.s.TokenService - [getToken,227] - backend Token: Bearer eyJhbGciOiJIUzUxMiJ9.eyJsb2dpbl91c2VyX2tleSI6IjQ3NDAzZjNjLTQ3NjQtNDQzOS04OTE1LTI1YzI3YzQ3MjM3ZSJ9.ilMTlngEFUl7-BolnlHrNe5GONkv-BtYo0Mo-gEiX7zVUsp2cBnkbe0eo0Pe2Gj4DP8KV4lapK8tT6_6bwmrHQ
15:00:00.002 [schedule-pool-4] INFO  c.r.w.s.ScienceTechnologyReportTask - [syncScienceTechnologyReportRdInvestment,19] - ==========>ScienceTechnologyReportTask.syncScienceTechnologyReportRdInvestment  start ---------- 
15:00:00.002 [schedule-pool-2] INFO  c.r.w.s.ProjectAlarmTask - [checkProjectHandleExpire,18] - ==========>projectAlarmTask.checkProjectHandleExpire  start ---------- 
15:00:00.002 [schedule-pool-1] INFO  c.r.w.s.ProjectStopTask - [checkProjectSubmitExpire,19] - ==========>ProjectStopTask.checkProjectSubmitExpire  start ---------- 
15:00:00.002 [schedule-pool-3] INFO  c.r.w.s.ProjectAlarmTask - [checkProjectHandleExpireSendMail,26] - ==========>projectAlarmTask.checkProjectHandleExpireSendMail  start ---------- 
15:00:00.005 [schedule-pool-4] INFO  c.r.w.s.ScienceTechnologyReportTask - [syncScienceTechnologyReportRdInvestment,21] - ==========>ScienceTechnologyReportTask.syncScienceTechnologyReportRdInvestment  end ---------- 
15:00:00.023 [schedule-pool-1] INFO  c.r.w.s.i.ProjectInfoServiceImpl - [checkProjectSubmitExpire,4707] - ==========>项目中止检查定时任务；项目中止成功
15:00:00.024 [schedule-pool-1] INFO  c.r.w.s.ProjectStopTask - [checkProjectSubmitExpire,21] - ==========>ProjectStopTask.checkProjectSubmitExpire  end ---------- 
15:00:00.028 [schedule-pool-3] INFO  c.r.w.s.i.ProjectAlarmServiceImpl - [checkProjectHandleExpireSendMail,134] - ==========>项目处理超时发送邮件定时任务；执行成功
15:00:00.028 [schedule-pool-2] INFO  c.r.w.s.i.ProjectAlarmServiceImpl - [checkProjectHandleExpire,268] - ==========>项目告警检查定时任务；项目告警成功
15:00:00.028 [schedule-pool-2] INFO  c.r.w.s.ProjectAlarmTask - [checkProjectHandleExpire,20] - ==========>checkProjectHandleExpire.checkProjectHandleExpire  end ---------- 
15:00:00.028 [schedule-pool-3] INFO  c.r.w.s.ProjectAlarmTask - [checkProjectHandleExpireSendMail,28] - ==========>checkProjectHandleExpire.checkProjectHandleExpireSendMail  end ---------- 
15:02:03.833 [Thread-14] INFO  o.q.c.QuartzScheduler - [standby,585] - Scheduler RuoyiScheduler_$_DESKTOP-GL3RGKM1787554691144 paused.
15:02:03.833 [Thread-14] INFO  o.a.s.AbstractActivitiSmartLifeCycle - [stop,95] - Stopping...
15:02:03.833 [Thread-14] INFO  o.a.s.AbstractActivitiSmartLifeCycle - [stop,99] - Stopped.
15:02:03.833 [Thread-14] INFO  o.a.s.AbstractActivitiSmartLifeCycle - [stop,95] - Stopping...
15:02:03.833 [Thread-14] INFO  o.a.s.AbstractActivitiSmartLifeCycle - [stop,99] - Stopped.
15:02:03.833 [Thread-14] INFO  o.a.s.AbstractActivitiSmartLifeCycle - [stop,95] - Stopping...
15:02:03.833 [Thread-14] INFO  o.a.s.AbstractActivitiSmartLifeCycle - [stop,99] - Stopped.
15:02:03.833 [Thread-14] INFO  o.a.s.AbstractActivitiSmartLifeCycle - [stop,95] - Stopping...
15:02:03.833 [Thread-14] INFO  o.a.s.AbstractActivitiSmartLifeCycle - [stop,99] - Stopped.
15:02:03.834 [tomcat-shutdown] INFO  o.a.c.h.Http11NioProtocol - [log,173] - Pausing ProtocolHandler ["http-nio-9587"]
15:02:04.567 [Thread-14] INFO  o.a.c.h.Http11NioProtocol - [log,173] - Stopping ProtocolHandler ["http-nio-9587"]
15:02:04.572 [Thread-14] INFO  o.q.c.QuartzScheduler - [shutdown,666] - Scheduler RuoyiScheduler_$_DESKTOP-GL3RGKM1787554691144 shutting down.
15:02:04.572 [Thread-14] INFO  o.q.c.QuartzScheduler - [standby,585] - Scheduler RuoyiScheduler_$_DESKTOP-GL3RGKM1787554691144 paused.
15:02:04.573 [Thread-14] INFO  o.q.c.QuartzScheduler - [shutdown,740] - Scheduler RuoyiScheduler_$_DESKTOP-GL3RGKM1787554691144 shutdown complete.
15:02:04.573 [Thread-14] INFO  sys-user - [shutdownAsyncManager,31] - ====关闭后台任务任务线程池====
15:02:04.579 [Thread-14] INFO  o.a.e.i.a.DefaultAsyncJobExecutor - [shutdown,212] - Shutting down the default async job executor [org.activiti.spring.SpringAsyncExecutor].
15:02:04.580 [activiti-acquire-async-jobs] INFO  o.a.e.i.a.AcquireAsyncJobsDueRunnable - [run,119] - {} stopped async job due acquisition
15:02:04.580 [activiti-acquire-timer-jobs] INFO  o.a.e.i.a.AcquireTimerJobsRunnable - [run,119] - {} stopped async job due acquisition
15:02:04.580 [activiti-reset-expired-jobs] INFO  o.a.e.i.a.ResetExpiredJobsRunnable - [run,103] - {} stopped resetting expired jobs
15:02:04.588 [Thread-14] INFO  c.a.d.p.DruidDataSource - [close,2032] - {dataSource-3} closing ...
15:02:04.588 [Thread-14] INFO  c.a.d.p.DruidDataSource - [close,2104] - {dataSource-3} closed
15:02:05.020 [restartedMain] INFO  c.r.RuoYiApplication - [logStarting,53] - Starting RuoYiApplication using Java 17.0.10 with PID 19876 (C:\Users\Administrator\Desktop\kcts\kcts\ruoyi-admin\target\classes started by Administrator in C:\Users\Administrator\Desktop\kcts)
15:02:05.020 [restartedMain] INFO  c.r.RuoYiApplication - [logStartupProfileInfo,658] - The following 1 profile is active: "local"
15:02:16.445 [restartedMain] INFO  c.r.RuoYiApplication - [logStarting,53] - Starting RuoYiApplication using Java 17.0.10 with PID 19876 (C:\Users\Administrator\Desktop\kcts\kcts\ruoyi-admin\target\classes started by Administrator in C:\Users\Administrator\Desktop\kcts)
15:02:16.445 [restartedMain] INFO  c.r.RuoYiApplication - [logStartupProfileInfo,658] - The following 1 profile is active: "local"
15:02:22.559 [restartedMain] INFO  o.a.c.c.AprLifecycleListener - [log,173] - An older version [1.2.35] of the Apache Tomcat Native library is installed, while Tomcat recommends a minimum version of [2.0.5]
15:02:22.559 [restartedMain] INFO  o.a.c.c.AprLifecycleListener - [log,173] - Loaded Apache Tomcat Native library [1.2.35] using APR version [1.7.0].
15:02:22.559 [restartedMain] INFO  o.a.c.c.AprLifecycleListener - [log,173] - OpenSSL successfully initialized [OpenSSL 1.1.1q  5 Jul 2022]
15:02:22.560 [restartedMain] INFO  o.a.c.h.Http11NioProtocol - [log,173] - Initializing ProtocolHandler ["http-nio-9587"]
15:02:22.560 [restartedMain] INFO  o.a.c.c.StandardService - [log,173] - Starting service [Tomcat]
15:02:22.560 [restartedMain] INFO  o.a.c.c.StandardEngine - [log,173] - Starting Servlet engine: [Apache Tomcat/10.1.33]
15:02:22.755 [restartedMain] INFO  o.a.c.c.C.[.[.[/] - [log,173] - Initializing Spring embedded WebApplicationContext
15:02:24.113 [restartedMain] INFO  o.a.c.c.StandardService - [log,173] - Stopping service [Tomcat]
15:02:28.183 [restartedMain] INFO  c.r.RuoYiApplication - [logStarting,53] - Starting RuoYiApplication using Java 17.0.10 with PID 19876 (C:\Users\Administrator\Desktop\kcts\kcts\ruoyi-admin\target\classes started by Administrator in C:\Users\Administrator\Desktop\kcts)
15:02:28.183 [restartedMain] INFO  c.r.RuoYiApplication - [logStartupProfileInfo,658] - The following 1 profile is active: "local"
15:02:37.710 [restartedMain] INFO  o.a.c.c.AprLifecycleListener - [log,173] - An older version [1.2.35] of the Apache Tomcat Native library is installed, while Tomcat recommends a minimum version of [2.0.5]
15:02:37.710 [restartedMain] INFO  o.a.c.c.AprLifecycleListener - [log,173] - Loaded Apache Tomcat Native library [1.2.35] using APR version [1.7.0].
15:02:37.710 [restartedMain] INFO  o.a.c.c.AprLifecycleListener - [log,173] - OpenSSL successfully initialized [OpenSSL 1.1.1q  5 Jul 2022]
15:02:37.711 [restartedMain] INFO  o.a.c.h.Http11NioProtocol - [log,173] - Initializing ProtocolHandler ["http-nio-9587"]
15:02:37.711 [restartedMain] INFO  o.a.c.c.StandardService - [log,173] - Starting service [Tomcat]
15:02:37.711 [restartedMain] INFO  o.a.c.c.StandardEngine - [log,173] - Starting Servlet engine: [Apache Tomcat/10.1.33]
15:02:37.924 [restartedMain] INFO  o.a.c.c.C.[.[.[/] - [log,173] - Initializing Spring embedded WebApplicationContext
15:02:40.668 [restartedMain] INFO  c.a.d.p.DruidDataSource - [init,985] - {dataSource-4} inited
15:02:46.365 [restartedMain] INFO  o.a.s.r.ResourceFinder - [discoverResources,49] - No process definitions were found for auto-deployment in the location `classpath*:**/processes/`
15:02:48.697 [restartedMain] INFO  o.a.s.r.ResourceFinder - [discoverResources,49] - No process extensions were found for auto-deployment in the location 'classpath*:**/processes/'
15:02:48.908 [restartedMain] INFO  o.a.e.i.c.ProcessEngineConfigurationImpl - [initConfigurators,1570] - Found 1 Process Engine Configurators in total:
15:02:48.908 [restartedMain] INFO  o.a.e.i.c.ProcessEngineConfigurationImpl - [initConfigurators,1572] - class org.activiti.spring.process.conf.ProcessExtensionsConfiguratorAutoConfiguration (priority:10000)
15:02:48.908 [restartedMain] INFO  o.a.e.i.c.ProcessEngineConfigurationImpl - [configuratorsBeforeInit,1582] - Executing beforeInit() of class org.activiti.spring.process.conf.ProcessExtensionsConfiguratorAutoConfiguration (priority:10000)
15:02:49.248 [restartedMain] INFO  o.a.e.i.c.ProcessEngineConfigurationImpl - [configuratorsAfterInit,1589] - Executing configure() of class org.activiti.spring.process.conf.ProcessExtensionsConfiguratorAutoConfiguration (priority:10000)
15:02:49.255 [restartedMain] INFO  o.a.e.i.ProcessEngineImpl - [<init>,78] - ProcessEngine default created
15:02:49.256 [restartedMain] INFO  o.a.e.i.a.DefaultAsyncJobExecutor - [start,173] - Starting up the default async job executor [org.activiti.spring.SpringAsyncExecutor].
15:02:49.256 [Thread-48] INFO  o.a.e.i.a.AcquireAsyncJobsDueRunnable - [run,49] - {} starting to acquire async jobs due
15:02:49.256 [Thread-49] INFO  o.a.e.i.a.AcquireTimerJobsRunnable - [run,53] - {} starting to acquire async jobs due
15:02:49.256 [Thread-50] INFO  o.a.e.i.a.ResetExpiredJobsRunnable - [run,55] - {} starting to reset expired jobs
15:02:49.302 [restartedMain] INFO  o.a.e.i.c.DeployCmd - [executeDeploy,103] - Launching new deployment with version: 1
15:02:49.848 [restartedMain] INFO  o.a.e.i.a.DefaultAsyncJobExecutor - [shutdown,212] - Shutting down the default async job executor [org.activiti.spring.SpringAsyncExecutor].
15:02:49.848 [activiti-acquire-timer-jobs] INFO  o.a.e.i.a.AcquireTimerJobsRunnable - [run,119] - {} stopped async job due acquisition
15:02:49.848 [activiti-reset-expired-jobs] INFO  o.a.e.i.a.ResetExpiredJobsRunnable - [run,103] - {} stopped resetting expired jobs
15:02:49.848 [activiti-acquire-async-jobs] INFO  o.a.e.i.a.AcquireAsyncJobsDueRunnable - [run,119] - {} stopped async job due acquisition
15:02:49.850 [restartedMain] INFO  c.a.d.p.DruidDataSource - [close,2032] - {dataSource-4} closing ...
15:02:49.851 [restartedMain] INFO  c.a.d.p.DruidDataSource - [close,2104] - {dataSource-4} closed
15:02:49.854 [restartedMain] INFO  o.a.c.c.StandardService - [log,173] - Stopping service [Tomcat]
15:03:47.976 [restartedMain] INFO  c.r.RuoYiApplication - [logStarting,53] - Starting RuoYiApplication using Java 17.0.10 with PID 19876 (C:\Users\Administrator\Desktop\kcts\kcts\ruoyi-admin\target\classes started by Administrator in C:\Users\Administrator\Desktop\kcts)
15:03:47.977 [restartedMain] INFO  c.r.RuoYiApplication - [logStartupProfileInfo,658] - The following 1 profile is active: "local"
15:04:02.632 [restartedMain] INFO  c.r.RuoYiApplication - [logStarting,53] - Starting RuoYiApplication using Java 17.0.10 with PID 19876 (C:\Users\Administrator\Desktop\kcts\kcts\ruoyi-admin\target\classes started by Administrator in C:\Users\Administrator\Desktop\kcts)
15:04:02.632 [restartedMain] INFO  c.r.RuoYiApplication - [logStartupProfileInfo,658] - The following 1 profile is active: "local"
15:04:10.482 [restartedMain] INFO  o.a.c.c.AprLifecycleListener - [log,173] - An older version [1.2.35] of the Apache Tomcat Native library is installed, while Tomcat recommends a minimum version of [2.0.5]
15:04:10.483 [restartedMain] INFO  o.a.c.c.AprLifecycleListener - [log,173] - Loaded Apache Tomcat Native library [1.2.35] using APR version [1.7.0].
15:04:10.483 [restartedMain] INFO  o.a.c.c.AprLifecycleListener - [log,173] - OpenSSL successfully initialized [OpenSSL 1.1.1q  5 Jul 2022]
15:04:10.483 [restartedMain] INFO  o.a.c.h.Http11NioProtocol - [log,173] - Initializing ProtocolHandler ["http-nio-9587"]
15:04:10.484 [restartedMain] INFO  o.a.c.c.StandardService - [log,173] - Starting service [Tomcat]
15:04:10.484 [restartedMain] INFO  o.a.c.c.StandardEngine - [log,173] - Starting Servlet engine: [Apache Tomcat/10.1.33]
15:04:10.672 [restartedMain] INFO  o.a.c.c.C.[.[.[/] - [log,173] - Initializing Spring embedded WebApplicationContext
15:04:14.235 [restartedMain] INFO  c.a.d.p.DruidDataSource - [init,985] - {dataSource-5} inited
15:04:24.437 [restartedMain] INFO  o.a.s.r.ResourceFinder - [discoverResources,49] - No process definitions were found for auto-deployment in the location `classpath*:**/processes/`
15:04:27.454 [restartedMain] INFO  o.a.s.r.ResourceFinder - [discoverResources,49] - No process extensions were found for auto-deployment in the location 'classpath*:**/processes/'
15:04:27.819 [restartedMain] INFO  o.a.e.i.c.ProcessEngineConfigurationImpl - [initConfigurators,1570] - Found 1 Process Engine Configurators in total:
15:04:27.819 [restartedMain] INFO  o.a.e.i.c.ProcessEngineConfigurationImpl - [initConfigurators,1572] - class org.activiti.spring.process.conf.ProcessExtensionsConfiguratorAutoConfiguration (priority:10000)
15:04:27.820 [restartedMain] INFO  o.a.e.i.c.ProcessEngineConfigurationImpl - [configuratorsBeforeInit,1582] - Executing beforeInit() of class org.activiti.spring.process.conf.ProcessExtensionsConfiguratorAutoConfiguration (priority:10000)
15:04:28.416 [restartedMain] INFO  o.a.e.i.c.ProcessEngineConfigurationImpl - [configuratorsAfterInit,1589] - Executing configure() of class org.activiti.spring.process.conf.ProcessExtensionsConfiguratorAutoConfiguration (priority:10000)
15:04:28.425 [restartedMain] INFO  o.a.e.i.ProcessEngineImpl - [<init>,78] - ProcessEngine default created
15:04:28.426 [restartedMain] INFO  o.a.e.i.a.DefaultAsyncJobExecutor - [start,173] - Starting up the default async job executor [org.activiti.spring.SpringAsyncExecutor].
15:04:28.427 [Thread-57] INFO  o.a.e.i.a.AcquireAsyncJobsDueRunnable - [run,49] - {} starting to acquire async jobs due
15:04:28.427 [Thread-58] INFO  o.a.e.i.a.AcquireTimerJobsRunnable - [run,53] - {} starting to acquire async jobs due
15:04:28.427 [Thread-59] INFO  o.a.e.i.a.ResetExpiredJobsRunnable - [run,55] - {} starting to reset expired jobs
15:04:28.511 [restartedMain] INFO  o.a.e.i.c.DeployCmd - [executeDeploy,103] - Launching new deployment with version: 1
15:04:29.672 [restartedMain] INFO  o.a.e.i.a.DefaultAsyncJobExecutor - [shutdown,212] - Shutting down the default async job executor [org.activiti.spring.SpringAsyncExecutor].
15:04:29.673 [activiti-acquire-async-jobs] INFO  o.a.e.i.a.AcquireAsyncJobsDueRunnable - [run,119] - {} stopped async job due acquisition
15:04:29.673 [activiti-reset-expired-jobs] INFO  o.a.e.i.a.ResetExpiredJobsRunnable - [run,103] - {} stopped resetting expired jobs
15:04:29.673 [activiti-acquire-timer-jobs] INFO  o.a.e.i.a.AcquireTimerJobsRunnable - [run,119] - {} stopped async job due acquisition
15:04:29.675 [restartedMain] INFO  c.a.d.p.DruidDataSource - [close,2032] - {dataSource-5} closing ...
15:04:29.677 [restartedMain] INFO  c.a.d.p.DruidDataSource - [close,2104] - {dataSource-5} closed
15:04:29.682 [restartedMain] INFO  o.a.c.c.StandardService - [log,173] - Stopping service [Tomcat]
15:04:36.073 [restartedMain] INFO  c.r.RuoYiApplication - [logStarting,53] - Starting RuoYiApplication using Java 17.0.10 with PID 19876 (C:\Users\Administrator\Desktop\kcts\kcts\ruoyi-admin\target\classes started by Administrator in C:\Users\Administrator\Desktop\kcts)
15:04:36.073 [restartedMain] INFO  c.r.RuoYiApplication - [logStartupProfileInfo,658] - The following 1 profile is active: "local"
15:04:45.025 [restartedMain] INFO  o.a.c.c.AprLifecycleListener - [log,173] - An older version [1.2.35] of the Apache Tomcat Native library is installed, while Tomcat recommends a minimum version of [2.0.5]
15:04:45.025 [restartedMain] INFO  o.a.c.c.AprLifecycleListener - [log,173] - Loaded Apache Tomcat Native library [1.2.35] using APR version [1.7.0].
15:04:45.025 [restartedMain] INFO  o.a.c.c.AprLifecycleListener - [log,173] - OpenSSL successfully initialized [OpenSSL 1.1.1q  5 Jul 2022]
15:04:45.026 [restartedMain] INFO  o.a.c.h.Http11NioProtocol - [log,173] - Initializing ProtocolHandler ["http-nio-9587"]
15:04:45.026 [restartedMain] INFO  o.a.c.c.StandardService - [log,173] - Starting service [Tomcat]
15:04:45.026 [restartedMain] INFO  o.a.c.c.StandardEngine - [log,173] - Starting Servlet engine: [Apache Tomcat/10.1.33]
15:04:45.241 [restartedMain] INFO  o.a.c.c.C.[.[.[/] - [log,173] - Initializing Spring embedded WebApplicationContext
15:04:46.338 [restartedMain] INFO  o.a.c.c.StandardService - [log,173] - Stopping service [Tomcat]
15:04:50.620 [restartedMain] INFO  c.r.RuoYiApplication - [logStarting,53] - Starting RuoYiApplication using Java 17.0.10 with PID 19876 (C:\Users\Administrator\Desktop\kcts\kcts\ruoyi-admin\target\classes started by Administrator in C:\Users\Administrator\Desktop\kcts)
15:04:50.621 [restartedMain] INFO  c.r.RuoYiApplication - [logStartupProfileInfo,658] - The following 1 profile is active: "local"
15:04:58.721 [restartedMain] INFO  o.a.c.c.AprLifecycleListener - [log,173] - An older version [1.2.35] of the Apache Tomcat Native library is installed, while Tomcat recommends a minimum version of [2.0.5]
15:04:58.721 [restartedMain] INFO  o.a.c.c.AprLifecycleListener - [log,173] - Loaded Apache Tomcat Native library [1.2.35] using APR version [1.7.0].
15:04:58.721 [restartedMain] INFO  o.a.c.c.AprLifecycleListener - [log,173] - OpenSSL successfully initialized [OpenSSL 1.1.1q  5 Jul 2022]
15:04:58.722 [restartedMain] INFO  o.a.c.h.Http11NioProtocol - [log,173] - Initializing ProtocolHandler ["http-nio-9587"]
15:04:58.722 [restartedMain] INFO  o.a.c.c.StandardService - [log,173] - Starting service [Tomcat]
15:04:58.722 [restartedMain] INFO  o.a.c.c.StandardEngine - [log,173] - Starting Servlet engine: [Apache Tomcat/10.1.33]
15:04:58.908 [restartedMain] INFO  o.a.c.c.C.[.[.[/] - [log,173] - Initializing Spring embedded WebApplicationContext
15:05:00.335 [restartedMain] INFO  o.a.c.c.StandardService - [log,173] - Stopping service [Tomcat]
15:05:06.704 [restartedMain] INFO  c.r.RuoYiApplication - [logStarting,53] - Starting RuoYiApplication using Java 17.0.10 with PID 19876 (C:\Users\Administrator\Desktop\kcts\kcts\ruoyi-admin\target\classes started by Administrator in C:\Users\Administrator\Desktop\kcts)
15:05:06.705 [restartedMain] INFO  c.r.RuoYiApplication - [logStartupProfileInfo,658] - The following 1 profile is active: "local"
15:42:49.451 [background-preinit] INFO  o.h.v.i.util.Version - [<clinit>,18] - HV000001: Hibernate Validator 9.0.1.Final
15:42:49.517 [restartedMain] INFO  c.r.RuoYiApplication - [logStarting,53] - Starting RuoYiApplication using Java 17.0.10 with PID 24788 (C:\Users\Administrator\Desktop\kcts\kcts\ruoyi-admin\target\classes started by Administrator in C:\Users\Administrator\Desktop\kcts)
15:42:49.519 [restartedMain] INFO  c.r.RuoYiApplication - [logStartupProfileInfo,658] - The following 1 profile is active: "local"
15:42:57.042 [restartedMain] INFO  o.a.c.c.AprLifecycleListener - [log,173] - An older version [1.2.35] of the Apache Tomcat Native library is installed, while Tomcat recommends a minimum version of [2.0.5]
15:42:57.042 [restartedMain] INFO  o.a.c.c.AprLifecycleListener - [log,173] - Loaded Apache Tomcat Native library [1.2.35] using APR version [1.7.0].
15:42:57.056 [restartedMain] INFO  o.a.c.c.AprLifecycleListener - [log,173] - OpenSSL successfully initialized [OpenSSL 1.1.1q  5 Jul 2022]
15:42:57.078 [restartedMain] INFO  o.a.c.h.Http11NioProtocol - [log,173] - Initializing ProtocolHandler ["http-nio-9587"]
15:42:57.080 [restartedMain] INFO  o.a.c.c.StandardService - [log,173] - Starting service [Tomcat]
15:42:57.081 [restartedMain] INFO  o.a.c.c.StandardEngine - [log,173] - Starting Servlet engine: [Apache Tomcat/10.1.33]
15:42:57.242 [restartedMain] INFO  o.a.c.c.C.[.[.[/] - [log,173] - Initializing Spring embedded WebApplicationContext
15:43:00.558 [restartedMain] INFO  c.a.d.p.DruidDataSource - [init,985] - {dataSource-1} inited
15:43:07.692 [restartedMain] INFO  o.a.s.r.ResourceFinder - [discoverResources,49] - No process definitions were found for auto-deployment in the location `classpath*:**/processes/`
15:43:09.367 [restartedMain] INFO  o.a.s.r.ResourceFinder - [discoverResources,49] - No process extensions were found for auto-deployment in the location 'classpath*:**/processes/'
15:43:09.650 [restartedMain] INFO  o.a.e.i.c.ProcessEngineConfigurationImpl - [initConfigurators,1570] - Found 1 Process Engine Configurators in total:
15:43:09.651 [restartedMain] INFO  o.a.e.i.c.ProcessEngineConfigurationImpl - [initConfigurators,1572] - class org.activiti.spring.process.conf.ProcessExtensionsConfiguratorAutoConfiguration (priority:10000)
15:43:09.651 [restartedMain] INFO  o.a.e.i.c.ProcessEngineConfigurationImpl - [configuratorsBeforeInit,1582] - Executing beforeInit() of class org.activiti.spring.process.conf.ProcessExtensionsConfiguratorAutoConfiguration (priority:10000)
15:43:10.326 [restartedMain] INFO  o.a.e.i.c.ProcessEngineConfigurationImpl - [configuratorsAfterInit,1589] - Executing configure() of class org.activiti.spring.process.conf.ProcessExtensionsConfiguratorAutoConfiguration (priority:10000)
15:43:10.365 [restartedMain] INFO  o.a.e.i.ProcessEngineImpl - [<init>,78] - ProcessEngine default created
15:43:10.367 [restartedMain] INFO  o.a.e.i.a.DefaultAsyncJobExecutor - [start,173] - Starting up the default async job executor [org.activiti.spring.SpringAsyncExecutor].
15:43:10.368 [Thread-4] INFO  o.a.e.i.a.AcquireAsyncJobsDueRunnable - [run,49] - {} starting to acquire async jobs due
15:43:10.368 [Thread-6] INFO  o.a.e.i.a.ResetExpiredJobsRunnable - [run,55] - {} starting to reset expired jobs
15:43:10.368 [Thread-5] INFO  o.a.e.i.a.AcquireTimerJobsRunnable - [run,53] - {} starting to acquire async jobs due
15:43:10.459 [restartedMain] INFO  o.a.e.i.c.DeployCmd - [executeDeploy,103] - Launching new deployment with version: 1
15:43:13.263 [restartedMain] INFO  o.q.i.StdSchedulerFactory - [instantiate,1220] - Using default implementation for ThreadExecutor
15:43:13.281 [restartedMain] INFO  o.q.c.SchedulerSignalerImpl - [<init>,61] - Initialized Scheduler Signaller of type: class org.quartz.core.SchedulerSignalerImpl
15:43:13.282 [restartedMain] INFO  o.q.c.QuartzScheduler - [<init>,229] - Quartz Scheduler v.2.3.2 created.
15:43:13.291 [restartedMain] INFO  o.q.c.QuartzScheduler - [initialize,294] - Scheduler meta-data: Quartz Scheduler (v2.3.2) 'RuoyiScheduler' with instanceId 'DESKTOP-GL3RGKM1787557393266'
  Scheduler class: 'org.quartz.core.QuartzScheduler' - running locally.
  NOT STARTED.
  Currently in standby mode.
  Number of jobs executed: 0
  Using thread pool 'org.quartz.simpl.SimpleThreadPool' - with 20 threads.
  Using job-store 'org.springframework.scheduling.quartz.LocalDataSourceJobStore' - which supports persistence. and is clustered.

15:43:13.291 [restartedMain] INFO  o.q.i.StdSchedulerFactory - [instantiate,1374] - Quartz scheduler 'RuoyiScheduler' initialized from an externally provided properties instance.
15:43:13.291 [restartedMain] INFO  o.q.i.StdSchedulerFactory - [instantiate,1378] - Quartz scheduler version: 2.3.2
15:43:13.294 [restartedMain] INFO  o.q.c.QuartzScheduler - [setJobFactory,2293] - JobFactory set to: org.springframework.scheduling.quartz.AdaptableJobFactory@6f70b5e7
15:43:14.728 [restartedMain] INFO  o.a.c.w.s.f.ReflectionServiceFactoryBean - [buildServiceFromClass,436] - Creating Service {http://impl.webservice.system.ruoyi.com/}OADeptServiceImplService from class com.ruoyi.system.webservice.impl.OADeptServiceImpl
15:43:15.491 [restartedMain] INFO  o.a.c.e.ServerImpl - [initDestination,95] - Setting the server's publish address to be /syncdep
15:43:15.531 [restartedMain] INFO  o.a.c.w.s.f.ReflectionServiceFactoryBean - [buildServiceFromClass,436] - Creating Service {http://impl.webservice.system.ruoyi.com/}OAUserServiceImplService from class com.ruoyi.system.webservice.impl.OAUserServiceImpl
15:43:15.652 [restartedMain] INFO  o.a.c.e.ServerImpl - [initDestination,95] - Setting the server's publish address to be /syncuser
15:43:15.663 [restartedMain] INFO  o.a.c.w.s.f.ReflectionServiceFactoryBean - [buildServiceFromClass,436] - Creating Service {http://ideal.sh.cn.tc}ICreateInfoServiceService from class com.ruoyi.system.webservice.createinfo.ICreateInfoService
15:43:20.540 [restartedMain] INFO  o.a.c.h.Http11NioProtocol - [log,173] - Starting ProtocolHandler ["http-nio-9587"]
15:43:20.563 [restartedMain] INFO  o.a.s.AbstractActivitiSmartLifeCycle - [start,81] - Starting...
15:43:20.849 [restartedMain] INFO  o.a.s.AbstractActivitiSmartLifeCycle - [start,86] - Started.
15:43:20.849 [restartedMain] INFO  o.a.s.AbstractActivitiSmartLifeCycle - [start,81] - Starting...
15:43:20.883 [restartedMain] INFO  o.a.s.AbstractActivitiSmartLifeCycle - [start,86] - Started.
15:43:20.884 [restartedMain] INFO  o.a.s.AbstractActivitiSmartLifeCycle - [start,81] - Starting...
15:43:21.620 [Quartz Scheduler [RuoyiScheduler]] INFO  o.q.c.QuartzScheduler - [start,547] - Scheduler RuoyiScheduler_$_DESKTOP-GL3RGKM1787557393266 started.
15:43:22.499 [restartedMain] INFO  o.a.s.AbstractActivitiSmartLifeCycle - [start,86] - Started.
15:43:22.499 [restartedMain] INFO  o.a.s.AbstractActivitiSmartLifeCycle - [start,81] - Starting...
15:43:26.739 [restartedMain] INFO  o.a.s.AbstractActivitiSmartLifeCycle - [start,86] - Started.
15:43:26.766 [restartedMain] INFO  c.r.RuoYiApplication - [logStarted,59] - Started RuoYiApplication in 37.919 seconds (process running for 40.949)
15:43:27.064 [restartedMain] INFO  c.r.w.k.SaslClient - [consume,109] - login user: admin
15:43:27.124 [restartedMain] INFO  o.a.k.c.c.ConsumerConfig - [logAll,347] - ConsumerConfig values: 
	allow.auto.create.topics = true
	auto.commit.interval.ms = 5000
	auto.offset.reset = earliest
	bootstrap.servers = [10.145.219.3:8423, 10.145.219.4:8423, 10.145.219.5:8423]
	check.crcs = true
	client.dns.lookup = default
	client.id = 
	client.rack = 
	connections.max.idle.ms = 540000
	default.api.timeout.ms = 60000
	enable.auto.commit = false
	exclude.internal.topics = true
	fetch.max.bytes = 52428800
	fetch.max.wait.ms = 500
	fetch.min.bytes = 1
	group.id = DE_C_HRMS_STIEP
	group.instance.id = null
	heartbeat.interval.ms = 3000
	interceptor.classes = []
	internal.leave.group.on.close = true
	isolation.level = read_uncommitted
	key.deserializer = class org.apache.kafka.common.serialization.StringDeserializer
	max.partition.fetch.bytes = 1048576
	max.poll.interval.ms = 300000
	max.poll.records = 30
	metadata.max.age.ms = 300000
	metric.reporters = []
	metrics.num.samples = 2
	metrics.recording.level = INFO
	metrics.sample.window.ms = 30000
	partition.assignment.strategy = [class org.apache.kafka.clients.consumer.RangeAssignor]
	receive.buffer.bytes = 65536
	reconnect.backoff.max.ms = 1000
	reconnect.backoff.ms = 50
	request.timeout.ms = 30000
	retry.backoff.ms = 100
	sasl.client.callback.handler.class = null
	sasl.jaas.config = [hidden]
	sasl.kerberos.kinit.cmd = /usr/bin/kinit
	sasl.kerberos.min.time.before.relogin = 60000
	sasl.kerberos.service.name = null
	sasl.kerberos.ticket.renew.jitter = 0.05
	sasl.kerberos.ticket.renew.window.factor = 0.8
	sasl.login.callback.handler.class = null
	sasl.login.class = null
	sasl.login.refresh.buffer.seconds = 300
	sasl.login.refresh.min.period.seconds = 60
	sasl.login.refresh.window.factor = 0.8
	sasl.login.refresh.window.jitter = 0.05
	sasl.mechanism = SCRAM-SHA-512
	security.protocol = SASL_PLAINTEXT
	send.buffer.bytes = 131072
	session.timeout.ms = 10000
	ssl.cipher.suites = null
	ssl.enabled.protocols = [TLSv1.2, TLSv1.1, TLSv1]
	ssl.endpoint.identification.algorithm = https
	ssl.key.password = null
	ssl.keymanager.algorithm = SunX509
	ssl.keystore.location = null
	ssl.keystore.password = null
	ssl.keystore.type = JKS
	ssl.protocol = TLS
	ssl.provider = null
	ssl.secure.random.implementation = null
	ssl.trustmanager.algorithm = PKIX
	ssl.truststore.location = null
	ssl.truststore.password = null
	ssl.truststore.type = JKS
	value.deserializer = class org.apache.kafka.common.serialization.StringDeserializer

15:43:27.203 [restartedMain] INFO  o.a.k.c.s.a.AbstractLogin - [login,61] - Successfully logged in.
15:43:27.303 [restartedMain] INFO  o.a.k.c.u.AppInfoParser - [<init>,117] - Kafka version: 2.3.0
15:43:27.303 [restartedMain] INFO  o.a.k.c.u.AppInfoParser - [<init>,118] - Kafka commitId: fc1aaa116b661c8a
15:43:27.303 [restartedMain] INFO  o.a.k.c.u.AppInfoParser - [<init>,119] - Kafka startTimeMs: 1787557407299
15:43:27.306 [restartedMain] INFO  o.a.k.c.c.KafkaConsumer - [subscribe,964] - [Consumer clientId=consumer-1, groupId=DE_C_HRMS_STIEP] Subscribed to topic(s): DE_HRMS_STIEP
15:43:27.307 [restartedMain] INFO  c.r.w.k.SaslClient - [consume,127] - start consumer kafka
15:45:29.444 [http-nio-9587-exec-1] INFO  o.a.c.c.C.[.[.[/] - [log,173] - Initializing Spring DispatcherServlet 'dispatcherServlet'
15:45:29.895 [http-nio-9587-exec-2] INFO  c.r.f.w.s.TokenService - [getToken,229] - backend Token: Bearer eyJhbGciOiJIUzUxMiJ9.eyJsb2dpbl91c2VyX2tleSI6IjQ3NDAzZjNjLTQ3NjQtNDQzOS04OTE1LTI1YzI3YzQ3MjM3ZSJ9.ilMTlngEFUl7-BolnlHrNe5GONkv-BtYo0Mo-gEiX7zVUsp2cBnkbe0eo0Pe2Gj4DP8KV4lapK8tT6_6bwmrHQ, user: madaosen
15:45:29.943 [http-nio-9587-exec-2] INFO  c.r.f.w.s.TokenService - [getToken,229] - backend Token: Bearer eyJhbGciOiJIUzUxMiJ9.eyJsb2dpbl91c2VyX2tleSI6IjQ3NDAzZjNjLTQ3NjQtNDQzOS04OTE1LTI1YzI3YzQ3MjM3ZSJ9.ilMTlngEFUl7-BolnlHrNe5GONkv-BtYo0Mo-gEiX7zVUsp2cBnkbe0eo0Pe2Gj4DP8KV4lapK8tT6_6bwmrHQ, user: madaosen
15:45:30.259 [http-nio-9587-exec-5] INFO  c.r.f.w.s.TokenService - [getToken,229] - backend Token: Bearer eyJhbGciOiJIUzUxMiJ9.eyJsb2dpbl91c2VyX2tleSI6IjQ3NDAzZjNjLTQ3NjQtNDQzOS04OTE1LTI1YzI3YzQ3MjM3ZSJ9.ilMTlngEFUl7-BolnlHrNe5GONkv-BtYo0Mo-gEiX7zVUsp2cBnkbe0eo0Pe2Gj4DP8KV4lapK8tT6_6bwmrHQ, user: madaosen
15:45:30.261 [http-nio-9587-exec-10] INFO  c.r.f.w.s.TokenService - [getToken,229] - backend Token: Bearer eyJhbGciOiJIUzUxMiJ9.eyJsb2dpbl91c2VyX2tleSI6IjQ3NDAzZjNjLTQ3NjQtNDQzOS04OTE1LTI1YzI3YzQ3MjM3ZSJ9.ilMTlngEFUl7-BolnlHrNe5GONkv-BtYo0Mo-gEiX7zVUsp2cBnkbe0eo0Pe2Gj4DP8KV4lapK8tT6_6bwmrHQ, user: madaosen
15:45:30.262 [http-nio-9587-exec-8] INFO  c.r.f.w.s.TokenService - [getToken,229] - backend Token: Bearer eyJhbGciOiJIUzUxMiJ9.eyJsb2dpbl91c2VyX2tleSI6IjQ3NDAzZjNjLTQ3NjQtNDQzOS04OTE1LTI1YzI3YzQ3MjM3ZSJ9.ilMTlngEFUl7-BolnlHrNe5GONkv-BtYo0Mo-gEiX7zVUsp2cBnkbe0eo0Pe2Gj4DP8KV4lapK8tT6_6bwmrHQ, user: madaosen
15:45:30.264 [http-nio-9587-exec-4] INFO  c.r.f.w.s.TokenService - [getToken,229] - backend Token: Bearer eyJhbGciOiJIUzUxMiJ9.eyJsb2dpbl91c2VyX2tleSI6IjQ3NDAzZjNjLTQ3NjQtNDQzOS04OTE1LTI1YzI3YzQ3MjM3ZSJ9.ilMTlngEFUl7-BolnlHrNe5GONkv-BtYo0Mo-gEiX7zVUsp2cBnkbe0eo0Pe2Gj4DP8KV4lapK8tT6_6bwmrHQ, user: madaosen
15:45:30.284 [http-nio-9587-exec-1] INFO  c.r.f.w.s.TokenService - [getToken,229] - backend Token: Bearer eyJhbGciOiJIUzUxMiJ9.eyJsb2dpbl91c2VyX2tleSI6IjQ3NDAzZjNjLTQ3NjQtNDQzOS04OTE1LTI1YzI3YzQ3MjM3ZSJ9.ilMTlngEFUl7-BolnlHrNe5GONkv-BtYo0Mo-gEiX7zVUsp2cBnkbe0eo0Pe2Gj4DP8KV4lapK8tT6_6bwmrHQ, user: madaosen
15:45:30.291 [http-nio-9587-exec-2] INFO  c.r.f.w.s.TokenService - [getToken,229] - backend Token: Bearer eyJhbGciOiJIUzUxMiJ9.eyJsb2dpbl91c2VyX2tleSI6IjQ3NDAzZjNjLTQ3NjQtNDQzOS04OTE1LTI1YzI3YzQ3MjM3ZSJ9.ilMTlngEFUl7-BolnlHrNe5GONkv-BtYo0Mo-gEiX7zVUsp2cBnkbe0eo0Pe2Gj4DP8KV4lapK8tT6_6bwmrHQ, user: madaosen
15:45:30.322 [http-nio-9587-exec-9] INFO  c.r.f.w.s.TokenService - [getToken,229] - backend Token: Bearer eyJhbGciOiJIUzUxMiJ9.eyJsb2dpbl91c2VyX2tleSI6IjQ3NDAzZjNjLTQ3NjQtNDQzOS04OTE1LTI1YzI3YzQ3MjM3ZSJ9.ilMTlngEFUl7-BolnlHrNe5GONkv-BtYo0Mo-gEiX7zVUsp2cBnkbe0eo0Pe2Gj4DP8KV4lapK8tT6_6bwmrHQ, user: madaosen
15:45:30.322 [http-nio-9587-exec-3] INFO  c.r.f.w.s.TokenService - [getToken,229] - backend Token: Bearer eyJhbGciOiJIUzUxMiJ9.eyJsb2dpbl91c2VyX2tleSI6IjQ3NDAzZjNjLTQ3NjQtNDQzOS04OTE1LTI1YzI3YzQ3MjM3ZSJ9.ilMTlngEFUl7-BolnlHrNe5GONkv-BtYo0Mo-gEiX7zVUsp2cBnkbe0eo0Pe2Gj4DP8KV4lapK8tT6_6bwmrHQ, user: madaosen
15:45:30.325 [http-nio-9587-exec-2] INFO  c.r.f.w.s.TokenService - [getToken,229] - backend Token: Bearer eyJhbGciOiJIUzUxMiJ9.eyJsb2dpbl91c2VyX2tleSI6IjQ3NDAzZjNjLTQ3NjQtNDQzOS04OTE1LTI1YzI3YzQ3MjM3ZSJ9.ilMTlngEFUl7-BolnlHrNe5GONkv-BtYo0Mo-gEiX7zVUsp2cBnkbe0eo0Pe2Gj4DP8KV4lapK8tT6_6bwmrHQ, user: madaosen
15:45:30.330 [http-nio-9587-exec-8] INFO  c.r.f.w.s.TokenService - [getToken,229] - backend Token: Bearer eyJhbGciOiJIUzUxMiJ9.eyJsb2dpbl91c2VyX2tleSI6IjQ3NDAzZjNjLTQ3NjQtNDQzOS04OTE1LTI1YzI3YzQ3MjM3ZSJ9.ilMTlngEFUl7-BolnlHrNe5GONkv-BtYo0Mo-gEiX7zVUsp2cBnkbe0eo0Pe2Gj4DP8KV4lapK8tT6_6bwmrHQ, user: madaosen
15:45:30.592 [http-nio-9587-exec-7] INFO  c.r.f.w.s.TokenService - [getToken,229] - backend Token: Bearer eyJhbGciOiJIUzUxMiJ9.eyJsb2dpbl91c2VyX2tleSI6IjQ3NDAzZjNjLTQ3NjQtNDQzOS04OTE1LTI1YzI3YzQ3MjM3ZSJ9.ilMTlngEFUl7-BolnlHrNe5GONkv-BtYo0Mo-gEiX7zVUsp2cBnkbe0eo0Pe2Gj4DP8KV4lapK8tT6_6bwmrHQ, user: madaosen
15:45:30.592 [http-nio-9587-exec-6] INFO  c.r.f.w.s.TokenService - [getToken,229] - backend Token: Bearer eyJhbGciOiJIUzUxMiJ9.eyJsb2dpbl91c2VyX2tleSI6IjQ3NDAzZjNjLTQ3NjQtNDQzOS04OTE1LTI1YzI3YzQ3MjM3ZSJ9.ilMTlngEFUl7-BolnlHrNe5GONkv-BtYo0Mo-gEiX7zVUsp2cBnkbe0eo0Pe2Gj4DP8KV4lapK8tT6_6bwmrHQ, user: madaosen
15:45:30.600 [http-nio-9587-exec-6] INFO  c.r.f.w.s.TokenService - [getToken,229] - backend Token: Bearer eyJhbGciOiJIUzUxMiJ9.eyJsb2dpbl91c2VyX2tleSI6IjQ3NDAzZjNjLTQ3NjQtNDQzOS04OTE1LTI1YzI3YzQ3MjM3ZSJ9.ilMTlngEFUl7-BolnlHrNe5GONkv-BtYo0Mo-gEiX7zVUsp2cBnkbe0eo0Pe2Gj4DP8KV4lapK8tT6_6bwmrHQ, user: madaosen
15:45:30.600 [http-nio-9587-exec-7] INFO  c.r.f.w.s.TokenService - [getToken,229] - backend Token: Bearer eyJhbGciOiJIUzUxMiJ9.eyJsb2dpbl91c2VyX2tleSI6IjQ3NDAzZjNjLTQ3NjQtNDQzOS04OTE1LTI1YzI3YzQ3MjM3ZSJ9.ilMTlngEFUl7-BolnlHrNe5GONkv-BtYo0Mo-gEiX7zVUsp2cBnkbe0eo0Pe2Gj4DP8KV4lapK8tT6_6bwmrHQ, user: madaosen
16:00:00.007 [schedule-pool-2] INFO  c.r.w.s.ScienceTechnologyReportTask - [syncScienceTechnologyReportRdInvestment,19] - ==========>ScienceTechnologyReportTask.syncScienceTechnologyReportRdInvestment  start ---------- 
16:00:00.007 [schedule-pool-3] INFO  c.r.w.s.ProjectStopTask - [checkProjectSubmitExpire,19] - ==========>ProjectStopTask.checkProjectSubmitExpire  start ---------- 
16:00:00.007 [schedule-pool-1] INFO  c.r.w.s.ProjectAlarmTask - [checkProjectHandleExpireSendMail,26] - ==========>projectAlarmTask.checkProjectHandleExpireSendMail  start ---------- 
16:00:00.007 [schedule-pool-4] INFO  c.r.w.s.ProjectAlarmTask - [checkProjectHandleExpire,18] - ==========>projectAlarmTask.checkProjectHandleExpire  start ---------- 
16:00:00.019 [schedule-pool-2] INFO  c.r.w.s.ScienceTechnologyReportTask - [syncScienceTechnologyReportRdInvestment,21] - ==========>ScienceTechnologyReportTask.syncScienceTechnologyReportRdInvestment  end ---------- 
16:00:00.081 [schedule-pool-3] INFO  c.r.w.s.i.ProjectInfoServiceImpl - [checkProjectSubmitExpire,4693] - ==========>项目中止检查定时任务；项目中止成功
16:00:00.083 [schedule-pool-3] INFO  c.r.w.s.ProjectStopTask - [checkProjectSubmitExpire,21] - ==========>ProjectStopTask.checkProjectSubmitExpire  end ---------- 
16:00:00.098 [schedule-pool-1] INFO  c.r.w.s.i.ProjectAlarmServiceImpl - [checkProjectHandleExpireSendMail,134] - ==========>项目处理超时发送邮件定时任务；执行成功
16:00:00.099 [schedule-pool-1] INFO  c.r.w.s.ProjectAlarmTask - [checkProjectHandleExpireSendMail,28] - ==========>checkProjectHandleExpire.checkProjectHandleExpireSendMail  end ---------- 
16:00:00.127 [schedule-pool-4] INFO  c.r.w.s.i.ProjectAlarmServiceImpl - [checkProjectHandleExpire,268] - ==========>项目告警检查定时任务；项目告警成功
16:00:00.130 [schedule-pool-4] INFO  c.r.w.s.ProjectAlarmTask - [checkProjectHandleExpire,20] - ==========>checkProjectHandleExpire.checkProjectHandleExpire  end ---------- 
16:02:30.798 [http-nio-9587-exec-3] INFO  c.r.f.w.s.TokenService - [getToken,229] - backend Token: Bearer eyJhbGciOiJIUzUxMiJ9.eyJsb2dpbl91c2VyX2tleSI6IjQ3NDAzZjNjLTQ3NjQtNDQzOS04OTE1LTI1YzI3YzQ3MjM3ZSJ9.ilMTlngEFUl7-BolnlHrNe5GONkv-BtYo0Mo-gEiX7zVUsp2cBnkbe0eo0Pe2Gj4DP8KV4lapK8tT6_6bwmrHQ, user: madaosen
16:02:30.811 [http-nio-9587-exec-9] INFO  c.r.f.w.s.TokenService - [getToken,229] - backend Token: Bearer eyJhbGciOiJIUzUxMiJ9.eyJsb2dpbl91c2VyX2tleSI6IjQ3NDAzZjNjLTQ3NjQtNDQzOS04OTE1LTI1YzI3YzQ3MjM3ZSJ9.ilMTlngEFUl7-BolnlHrNe5GONkv-BtYo0Mo-gEiX7zVUsp2cBnkbe0eo0Pe2Gj4DP8KV4lapK8tT6_6bwmrHQ, user: madaosen
16:02:30.814 [http-nio-9587-exec-7] INFO  c.r.f.w.s.TokenService - [getToken,229] - backend Token: Bearer eyJhbGciOiJIUzUxMiJ9.eyJsb2dpbl91c2VyX2tleSI6IjQ3NDAzZjNjLTQ3NjQtNDQzOS04OTE1LTI1YzI3YzQ3MjM3ZSJ9.ilMTlngEFUl7-BolnlHrNe5GONkv-BtYo0Mo-gEiX7zVUsp2cBnkbe0eo0Pe2Gj4DP8KV4lapK8tT6_6bwmrHQ, user: madaosen
16:02:30.822 [http-nio-9587-exec-6] INFO  c.r.f.w.s.TokenService - [getToken,229] - backend Token: Bearer eyJhbGciOiJIUzUxMiJ9.eyJsb2dpbl91c2VyX2tleSI6IjQ3NDAzZjNjLTQ3NjQtNDQzOS04OTE1LTI1YzI3YzQ3MjM3ZSJ9.ilMTlngEFUl7-BolnlHrNe5GONkv-BtYo0Mo-gEiX7zVUsp2cBnkbe0eo0Pe2Gj4DP8KV4lapK8tT6_6bwmrHQ, user: madaosen
16:02:30.832 [http-nio-9587-exec-2] INFO  c.r.f.w.s.TokenService - [getToken,229] - backend Token: Bearer eyJhbGciOiJIUzUxMiJ9.eyJsb2dpbl91c2VyX2tleSI6IjQ3NDAzZjNjLTQ3NjQtNDQzOS04OTE1LTI1YzI3YzQ3MjM3ZSJ9.ilMTlngEFUl7-BolnlHrNe5GONkv-BtYo0Mo-gEiX7zVUsp2cBnkbe0eo0Pe2Gj4DP8KV4lapK8tT6_6bwmrHQ, user: madaosen
16:02:30.832 [http-nio-9587-exec-8] INFO  c.r.f.w.s.TokenService - [getToken,229] - backend Token: Bearer eyJhbGciOiJIUzUxMiJ9.eyJsb2dpbl91c2VyX2tleSI6IjQ3NDAzZjNjLTQ3NjQtNDQzOS04OTE1LTI1YzI3YzQ3MjM3ZSJ9.ilMTlngEFUl7-BolnlHrNe5GONkv-BtYo0Mo-gEiX7zVUsp2cBnkbe0eo0Pe2Gj4DP8KV4lapK8tT6_6bwmrHQ, user: madaosen
16:02:30.845 [http-nio-9587-exec-5] INFO  c.r.f.w.s.TokenService - [getToken,229] - backend Token: Bearer eyJhbGciOiJIUzUxMiJ9.eyJsb2dpbl91c2VyX2tleSI6IjQ3NDAzZjNjLTQ3NjQtNDQzOS04OTE1LTI1YzI3YzQ3MjM3ZSJ9.ilMTlngEFUl7-BolnlHrNe5GONkv-BtYo0Mo-gEiX7zVUsp2cBnkbe0eo0Pe2Gj4DP8KV4lapK8tT6_6bwmrHQ, user: madaosen
16:02:30.856 [http-nio-9587-exec-10] INFO  c.r.f.w.s.TokenService - [getToken,229] - backend Token: Bearer eyJhbGciOiJIUzUxMiJ9.eyJsb2dpbl91c2VyX2tleSI6IjQ3NDAzZjNjLTQ3NjQtNDQzOS04OTE1LTI1YzI3YzQ3MjM3ZSJ9.ilMTlngEFUl7-BolnlHrNe5GONkv-BtYo0Mo-gEiX7zVUsp2cBnkbe0eo0Pe2Gj4DP8KV4lapK8tT6_6bwmrHQ, user: madaosen
16:02:30.861 [http-nio-9587-exec-1] INFO  c.r.f.w.s.TokenService - [getToken,229] - backend Token: Bearer eyJhbGciOiJIUzUxMiJ9.eyJsb2dpbl91c2VyX2tleSI6IjQ3NDAzZjNjLTQ3NjQtNDQzOS04OTE1LTI1YzI3YzQ3MjM3ZSJ9.ilMTlngEFUl7-BolnlHrNe5GONkv-BtYo0Mo-gEiX7zVUsp2cBnkbe0eo0Pe2Gj4DP8KV4lapK8tT6_6bwmrHQ, user: madaosen
16:02:30.860 [http-nio-9587-exec-4] INFO  c.r.f.w.s.TokenService - [getToken,229] - backend Token: Bearer eyJhbGciOiJIUzUxMiJ9.eyJsb2dpbl91c2VyX2tleSI6IjQ3NDAzZjNjLTQ3NjQtNDQzOS04OTE1LTI1YzI3YzQ3MjM3ZSJ9.ilMTlngEFUl7-BolnlHrNe5GONkv-BtYo0Mo-gEiX7zVUsp2cBnkbe0eo0Pe2Gj4DP8KV4lapK8tT6_6bwmrHQ, user: madaosen
16:10:29.288 [SpringApplicationShutdownHook] INFO  o.q.c.QuartzScheduler - [standby,585] - Scheduler RuoyiScheduler_$_DESKTOP-GL3RGKM1787557393266 paused.
16:10:29.288 [SpringApplicationShutdownHook] INFO  o.a.s.AbstractActivitiSmartLifeCycle - [stop,95] - Stopping...
16:10:29.288 [SpringApplicationShutdownHook] INFO  o.a.s.AbstractActivitiSmartLifeCycle - [stop,99] - Stopped.
16:10:29.289 [SpringApplicationShutdownHook] INFO  o.a.s.AbstractActivitiSmartLifeCycle - [stop,95] - Stopping...
16:10:29.289 [SpringApplicationShutdownHook] INFO  o.a.s.AbstractActivitiSmartLifeCycle - [stop,99] - Stopped.
16:10:29.289 [SpringApplicationShutdownHook] INFO  o.a.s.AbstractActivitiSmartLifeCycle - [stop,95] - Stopping...
16:10:29.289 [SpringApplicationShutdownHook] INFO  o.a.s.AbstractActivitiSmartLifeCycle - [stop,99] - Stopped.
16:10:29.289 [SpringApplicationShutdownHook] INFO  o.a.s.AbstractActivitiSmartLifeCycle - [stop,95] - Stopping...
16:10:29.289 [SpringApplicationShutdownHook] INFO  o.a.s.AbstractActivitiSmartLifeCycle - [stop,99] - Stopped.
16:10:29.835 [SpringApplicationShutdownHook] INFO  o.q.c.QuartzScheduler - [shutdown,666] - Scheduler RuoyiScheduler_$_DESKTOP-GL3RGKM1787557393266 shutting down.
16:10:29.835 [SpringApplicationShutdownHook] INFO  o.q.c.QuartzScheduler - [standby,585] - Scheduler RuoyiScheduler_$_DESKTOP-GL3RGKM1787557393266 paused.
16:10:29.836 [SpringApplicationShutdownHook] INFO  o.q.c.QuartzScheduler - [shutdown,740] - Scheduler RuoyiScheduler_$_DESKTOP-GL3RGKM1787557393266 shutdown complete.
16:10:29.836 [SpringApplicationShutdownHook] INFO  sys-user - [shutdownAsyncManager,31] - ====关闭后台任务任务线程池====
16:10:29.846 [SpringApplicationShutdownHook] INFO  o.a.e.i.a.DefaultAsyncJobExecutor - [shutdown,212] - Shutting down the default async job executor [org.activiti.spring.SpringAsyncExecutor].
16:10:29.846 [activiti-acquire-timer-jobs] INFO  o.a.e.i.a.AcquireTimerJobsRunnable - [run,119] - {} stopped async job due acquisition
16:10:29.846 [activiti-acquire-async-jobs] INFO  o.a.e.i.a.AcquireAsyncJobsDueRunnable - [run,119] - {} stopped async job due acquisition
16:10:29.846 [activiti-reset-expired-jobs] INFO  o.a.e.i.a.ResetExpiredJobsRunnable - [run,103] - {} stopped resetting expired jobs
16:10:29.855 [SpringApplicationShutdownHook] INFO  c.a.d.p.DruidDataSource - [close,2032] - {dataSource-1} closing ...
16:10:29.859 [SpringApplicationShutdownHook] INFO  c.a.d.p.DruidDataSource - [close,2104] - {dataSource-1} closed
