09:46:16.790 [restartedMain] INFO  c.r.RuoYiApplication - [logStarting,53] - Starting RuoYiApplication using Java 17.0.10 with PID 26692 (C:\Users\Administrator\Desktop\kcts\kcts\ruoyi-admin\target\classes started by Administrator in C:\Users\Administrator\Desktop\kcts)
09:46:16.797 [restartedMain] INFO  c.r.RuoYiApplication - [logStartupProfileInfo,658] - The following 1 profile is active: "local"
09:46:22.670 [restartedMain] INFO  o.a.c.c.AprLifecycleListener - [log,173] - An older version [1.2.35] of the Apache Tomcat Native library is installed, while Tomcat recommends a minimum version of [2.0.5]
09:46:22.670 [restartedMain] INFO  o.a.c.c.AprLifecycleListener - [log,173] - Loaded Apache Tomcat Native library [1.2.35] using APR version [1.7.0].
09:46:22.673 [restartedMain] INFO  o.a.c.c.AprLifecycleListener - [log,173] - OpenSSL successfully initialized [OpenSSL 1.1.1q  5 Jul 2022]
09:46:22.695 [restartedMain] INFO  o.a.c.c.StandardService - [log,173] - Starting service [Tomcat]
09:46:22.696 [restartedMain] INFO  o.a.c.c.StandardEngine - [log,173] - Starting Servlet engine: [Apache Tomcat/10.1.33]
09:46:22.859 [restartedMain] INFO  o.a.c.c.C.[.[.[/] - [log,173] - Initializing Spring embedded WebApplicationContext
09:46:25.686 [restartedMain] INFO  c.a.d.p.DruidDataSource - [init,985] - {dataSource-1} inited
09:46:32.124 [restartedMain] INFO  o.a.s.r.ResourceFinder - [discoverResources,49] - No process definitions were found for auto-deployment in the location `classpath*:**/processes/`
09:46:33.667 [restartedMain] INFO  o.a.s.r.ResourceFinder - [discoverResources,49] - No process extensions were found for auto-deployment in the location 'classpath*:**/processes/'
09:46:33.915 [restartedMain] INFO  o.a.e.i.c.ProcessEngineConfigurationImpl - [initConfigurators,1570] - Found 1 Process Engine Configurators in total:
09:46:33.916 [restartedMain] INFO  o.a.e.i.c.ProcessEngineConfigurationImpl - [initConfigurators,1572] - class org.activiti.spring.process.conf.ProcessExtensionsConfiguratorAutoConfiguration (priority:10000)
09:46:33.916 [restartedMain] INFO  o.a.e.i.c.ProcessEngineConfigurationImpl - [configuratorsBeforeInit,1582] - Executing beforeInit() of class org.activiti.spring.process.conf.ProcessExtensionsConfiguratorAutoConfiguration (priority:10000)
09:46:34.531 [restartedMain] INFO  o.a.e.i.c.ProcessEngineConfigurationImpl - [configuratorsAfterInit,1589] - Executing configure() of class org.activiti.spring.process.conf.ProcessExtensionsConfiguratorAutoConfiguration (priority:10000)
09:46:34.567 [restartedMain] INFO  o.a.e.i.ProcessEngineImpl - [<init>,78] - ProcessEngine default created
09:46:34.569 [restartedMain] INFO  o.a.e.i.a.DefaultAsyncJobExecutor - [start,173] - Starting up the default async job executor [org.activiti.spring.SpringAsyncExecutor].
09:46:34.570 [Thread-4] INFO  o.a.e.i.a.AcquireAsyncJobsDueRunnable - [run,49] - {} starting to acquire async jobs due
09:46:34.570 [Thread-5] INFO  o.a.e.i.a.AcquireTimerJobsRunnable - [run,53] - {} starting to acquire async jobs due
09:46:34.570 [Thread-6] INFO  o.a.e.i.a.ResetExpiredJobsRunnable - [run,55] - {} starting to reset expired jobs
09:46:34.663 [restartedMain] INFO  o.a.e.i.c.DeployCmd - [executeDeploy,103] - Launching new deployment with version: 1
09:46:37.244 [restartedMain] INFO  o.q.i.StdSchedulerFactory - [instantiate,1220] - Using default implementation for ThreadExecutor
09:46:37.261 [restartedMain] INFO  o.q.c.SchedulerSignalerImpl - [<init>,61] - Initialized Scheduler Signaller of type: class org.quartz.core.SchedulerSignalerImpl
09:46:37.262 [restartedMain] INFO  o.q.c.QuartzScheduler - [<init>,229] - Quartz Scheduler v.2.3.2 created.
09:46:37.270 [restartedMain] INFO  o.q.c.QuartzScheduler - [initialize,294] - Scheduler meta-data: Quartz Scheduler (v2.3.2) 'RuoyiScheduler' with instanceId 'DESKTOP-GL3RGKM1788745597247'
  Scheduler class: 'org.quartz.core.QuartzScheduler' - running locally.
  NOT STARTED.
  Currently in standby mode.
  Number of jobs executed: 0
  Using thread pool 'org.quartz.simpl.SimpleThreadPool' - with 20 threads.
  Using job-store 'org.springframework.scheduling.quartz.LocalDataSourceJobStore' - which supports persistence. and is clustered.

09:46:37.270 [restartedMain] INFO  o.q.i.StdSchedulerFactory - [instantiate,1374] - Quartz scheduler 'RuoyiScheduler' initialized from an externally provided properties instance.
09:46:37.270 [restartedMain] INFO  o.q.i.StdSchedulerFactory - [instantiate,1378] - Quartz scheduler version: 2.3.2
09:46:37.272 [restartedMain] INFO  o.q.c.QuartzScheduler - [setJobFactory,2293] - JobFactory set to: org.springframework.scheduling.quartz.AdaptableJobFactory@6f66be4c
09:46:38.450 [restartedMain] INFO  o.a.c.w.s.f.ReflectionServiceFactoryBean - [buildServiceFromClass,436] - Creating Service {http://impl.webservice.system.ruoyi.com/}OADeptServiceImplService from class com.ruoyi.system.webservice.impl.OADeptServiceImpl
09:46:39.190 [restartedMain] INFO  o.a.c.e.ServerImpl - [initDestination,95] - Setting the server's publish address to be /syncdep
09:46:39.224 [restartedMain] INFO  o.a.c.w.s.f.ReflectionServiceFactoryBean - [buildServiceFromClass,436] - Creating Service {http://impl.webservice.system.ruoyi.com/}OAUserServiceImplService from class com.ruoyi.system.webservice.impl.OAUserServiceImpl
09:46:39.311 [restartedMain] INFO  o.a.c.e.ServerImpl - [initDestination,95] - Setting the server's publish address to be /syncuser
09:46:39.320 [restartedMain] INFO  o.a.c.w.s.f.ReflectionServiceFactoryBean - [buildServiceFromClass,436] - Creating Service {http://ideal.sh.cn.tc}ICreateInfoServiceService from class com.ruoyi.system.webservice.createinfo.ICreateInfoService
09:46:43.502 [restartedMain] INFO  o.a.s.AbstractActivitiSmartLifeCycle - [start,81] - Starting...
09:46:43.754 [restartedMain] INFO  o.a.s.AbstractActivitiSmartLifeCycle - [start,86] - Started.
09:46:43.754 [restartedMain] INFO  o.a.s.AbstractActivitiSmartLifeCycle - [start,81] - Starting...
09:46:43.783 [restartedMain] INFO  o.a.s.AbstractActivitiSmartLifeCycle - [start,86] - Started.
09:46:43.783 [restartedMain] INFO  o.a.s.AbstractActivitiSmartLifeCycle - [start,81] - Starting...
09:46:44.546 [Quartz Scheduler [RuoyiScheduler]] INFO  o.q.c.QuartzScheduler - [start,547] - Scheduler RuoyiScheduler_$_DESKTOP-GL3RGKM1788745597247 started.
09:46:45.181 [restartedMain] INFO  o.a.s.AbstractActivitiSmartLifeCycle - [start,86] - Started.
09:46:45.181 [restartedMain] INFO  o.a.s.AbstractActivitiSmartLifeCycle - [start,81] - Starting...
09:46:54.987 [restartedMain] INFO  o.a.s.AbstractActivitiSmartLifeCycle - [start,86] - Started.
09:46:55.012 [restartedMain] INFO  c.r.RuoYiApplication - [logStarted,59] - Started RuoYiApplication in 38.851 seconds (process running for 40.623)
09:46:55.321 [restartedMain] INFO  c.r.w.k.SaslClient - [consume,109] - login user: admin
09:46:55.414 [restartedMain] INFO  o.a.k.c.c.ConsumerConfig - [logAll,347] - ConsumerConfig values: 
	allow.auto.create.topics = true
	auto.commit.interval.ms = 5000
	auto.offset.reset = earliest
	bootstrap.servers = [10.145.219.3:8423, 10.145.219.4:8423, 10.145.219.5:8423]
	check.crcs = true
	client.dns.lookup = default
	client.id = 
	client.rack = 
	connections.max.idle.ms = 540000
	default.api.timeout.ms = 60000
	enable.auto.commit = false
	exclude.internal.topics = true
	fetch.max.bytes = 52428800
	fetch.max.wait.ms = 500
	fetch.min.bytes = 1
	group.id = DE_C_HRMS_STIEP
	group.instance.id = null
	heartbeat.interval.ms = 3000
	interceptor.classes = []
	internal.leave.group.on.close = true
	isolation.level = read_uncommitted
	key.deserializer = class org.apache.kafka.common.serialization.StringDeserializer
	max.partition.fetch.bytes = 1048576
	max.poll.interval.ms = 300000
	max.poll.records = 30
	metadata.max.age.ms = 300000
	metric.reporters = []
	metrics.num.samples = 2
	metrics.recording.level = INFO
	metrics.sample.window.ms = 30000
	partition.assignment.strategy = [class org.apache.kafka.clients.consumer.RangeAssignor]
	receive.buffer.bytes = 65536
	reconnect.backoff.max.ms = 1000
	reconnect.backoff.ms = 50
	request.timeout.ms = 30000
	retry.backoff.ms = 100
	sasl.client.callback.handler.class = null
	sasl.jaas.config = [hidden]
	sasl.kerberos.kinit.cmd = /usr/bin/kinit
	sasl.kerberos.min.time.before.relogin = 60000
	sasl.kerberos.service.name = null
	sasl.kerberos.ticket.renew.jitter = 0.05
	sasl.kerberos.ticket.renew.window.factor = 0.8
	sasl.login.callback.handler.class = null
	sasl.login.class = null
	sasl.login.refresh.buffer.seconds = 300
	sasl.login.refresh.min.period.seconds = 60
	sasl.login.refresh.window.factor = 0.8
	sasl.login.refresh.window.jitter = 0.05
	sasl.mechanism = SCRAM-SHA-512
	security.protocol = SASL_PLAINTEXT
	send.buffer.bytes = 131072
	session.timeout.ms = 10000
	ssl.cipher.suites = null
	ssl.enabled.protocols = [TLSv1.2, TLSv1.1, TLSv1]
	ssl.endpoint.identification.algorithm = https
	ssl.key.password = null
	ssl.keymanager.algorithm = SunX509
	ssl.keystore.location = null
	ssl.keystore.password = null
	ssl.keystore.type = JKS
	ssl.protocol = TLS
	ssl.provider = null
	ssl.secure.random.implementation = null
	ssl.trustmanager.algorithm = PKIX
	ssl.truststore.location = null
	ssl.truststore.password = null
	ssl.truststore.type = JKS
	value.deserializer = class org.apache.kafka.common.serialization.StringDeserializer

09:46:55.619 [restartedMain] INFO  o.a.k.c.s.a.AbstractLogin - [login,61] - Successfully logged in.
09:46:55.795 [RMI TCP Connection(6)-172.33.1.108] INFO  o.a.c.c.C.[.[.[/] - [log,173] - Initializing Spring DispatcherServlet 'dispatcherServlet'
09:46:55.913 [restartedMain] INFO  o.a.k.c.u.AppInfoParser - [<init>,117] - Kafka version: 2.3.0
09:46:55.913 [restartedMain] INFO  o.a.k.c.u.AppInfoParser - [<init>,118] - Kafka commitId: fc1aaa116b661c8a
09:46:55.914 [restartedMain] INFO  o.a.k.c.u.AppInfoParser - [<init>,119] - Kafka startTimeMs: 1788745615905
09:46:55.919 [restartedMain] INFO  o.a.k.c.c.KafkaConsumer - [subscribe,964] - [Consumer clientId=consumer-1, groupId=DE_C_HRMS_STIEP] Subscribed to topic(s): DE_HRMS_STIEP
09:46:55.920 [restartedMain] INFO  c.r.w.k.SaslClient - [consume,127] - start consumer kafka
09:48:26.031 [http-nio-9587-exec-2] INFO  c.r.f.w.s.TokenService - [getToken,237] - user: null, backend Token: null
09:48:26.031 [http-nio-9587-exec-1] INFO  c.r.f.w.s.TokenService - [getToken,237] - user: null, backend Token: null
09:48:30.235 [http-nio-9587-exec-4] INFO  c.r.f.w.s.TokenService - [getToken,237] - user: null, backend Token: null
09:48:30.558 [schedule-pool-1] INFO  sys-user - [run,58] - [127.0.0.1]内网IP[madaosen][Success][登录成功]
09:48:30.862 [http-nio-9587-exec-6] INFO  c.r.f.w.s.TokenService - [getToken,237] - user: madaosen, backend Token: Bearer eyJhbGciOiJIUzUxMiJ9.eyJsb2dpbl91c2VyX2tleSI6IjA4MzM3NjgyLTFhYjItNDRlZC05OWFjLTk1MGQ3YjdhMWIxOSJ9.-HQwl7xa3Ky82jj7wI2p8EHSzJcqcZD2t3S0pe0jMKbFUif28a8VJUKcvJLACuEW8Vw7f0xYVWFguWgVJuvFoQ
09:48:31.088 [http-nio-9587-exec-8] INFO  c.r.f.w.s.TokenService - [getToken,237] - user: madaosen, backend Token: Bearer eyJhbGciOiJIUzUxMiJ9.eyJsb2dpbl91c2VyX2tleSI6IjA4MzM3NjgyLTFhYjItNDRlZC05OWFjLTk1MGQ3YjdhMWIxOSJ9.-HQwl7xa3Ky82jj7wI2p8EHSzJcqcZD2t3S0pe0jMKbFUif28a8VJUKcvJLACuEW8Vw7f0xYVWFguWgVJuvFoQ
09:48:31.088 [http-nio-9587-exec-10] INFO  c.r.f.w.s.TokenService - [getToken,237] - user: madaosen, backend Token: Bearer eyJhbGciOiJIUzUxMiJ9.eyJsb2dpbl91c2VyX2tleSI6IjA4MzM3NjgyLTFhYjItNDRlZC05OWFjLTk1MGQ3YjdhMWIxOSJ9.-HQwl7xa3Ky82jj7wI2p8EHSzJcqcZD2t3S0pe0jMKbFUif28a8VJUKcvJLACuEW8Vw7f0xYVWFguWgVJuvFoQ
09:48:31.096 [http-nio-9587-exec-9] INFO  c.r.f.w.s.TokenService - [getToken,237] - user: madaosen, backend Token: Bearer eyJhbGciOiJIUzUxMiJ9.eyJsb2dpbl91c2VyX2tleSI6IjA4MzM3NjgyLTFhYjItNDRlZC05OWFjLTk1MGQ3YjdhMWIxOSJ9.-HQwl7xa3Ky82jj7wI2p8EHSzJcqcZD2t3S0pe0jMKbFUif28a8VJUKcvJLACuEW8Vw7f0xYVWFguWgVJuvFoQ
09:48:31.104 [http-nio-9587-exec-6] INFO  c.r.f.w.s.TokenService - [getToken,237] - user: madaosen, backend Token: Bearer eyJhbGciOiJIUzUxMiJ9.eyJsb2dpbl91c2VyX2tleSI6IjA4MzM3NjgyLTFhYjItNDRlZC05OWFjLTk1MGQ3YjdhMWIxOSJ9.-HQwl7xa3Ky82jj7wI2p8EHSzJcqcZD2t3S0pe0jMKbFUif28a8VJUKcvJLACuEW8Vw7f0xYVWFguWgVJuvFoQ
09:48:31.104 [http-nio-9587-exec-7] INFO  c.r.f.w.s.TokenService - [getToken,237] - user: madaosen, backend Token: Bearer eyJhbGciOiJIUzUxMiJ9.eyJsb2dpbl91c2VyX2tleSI6IjA4MzM3NjgyLTFhYjItNDRlZC05OWFjLTk1MGQ3YjdhMWIxOSJ9.-HQwl7xa3Ky82jj7wI2p8EHSzJcqcZD2t3S0pe0jMKbFUif28a8VJUKcvJLACuEW8Vw7f0xYVWFguWgVJuvFoQ
09:48:31.112 [http-nio-9587-exec-1] INFO  c.r.f.w.s.TokenService - [getToken,237] - user: madaosen, backend Token: Bearer eyJhbGciOiJIUzUxMiJ9.eyJsb2dpbl91c2VyX2tleSI6IjA4MzM3NjgyLTFhYjItNDRlZC05OWFjLTk1MGQ3YjdhMWIxOSJ9.-HQwl7xa3Ky82jj7wI2p8EHSzJcqcZD2t3S0pe0jMKbFUif28a8VJUKcvJLACuEW8Vw7f0xYVWFguWgVJuvFoQ
09:48:31.188 [http-nio-9587-exec-2] INFO  c.r.f.w.s.TokenService - [getToken,237] - user: madaosen, backend Token: Bearer eyJhbGciOiJIUzUxMiJ9.eyJsb2dpbl91c2VyX2tleSI6IjA4MzM3NjgyLTFhYjItNDRlZC05OWFjLTk1MGQ3YjdhMWIxOSJ9.-HQwl7xa3Ky82jj7wI2p8EHSzJcqcZD2t3S0pe0jMKbFUif28a8VJUKcvJLACuEW8Vw7f0xYVWFguWgVJuvFoQ
09:48:31.233 [http-nio-9587-exec-4] INFO  c.r.f.w.s.TokenService - [getToken,237] - user: madaosen, backend Token: Bearer eyJhbGciOiJIUzUxMiJ9.eyJsb2dpbl91c2VyX2tleSI6IjA4MzM3NjgyLTFhYjItNDRlZC05OWFjLTk1MGQ3YjdhMWIxOSJ9.-HQwl7xa3Ky82jj7wI2p8EHSzJcqcZD2t3S0pe0jMKbFUif28a8VJUKcvJLACuEW8Vw7f0xYVWFguWgVJuvFoQ
09:48:31.264 [http-nio-9587-exec-3] INFO  c.r.f.w.s.TokenService - [getToken,237] - user: madaosen, backend Token: Bearer eyJhbGciOiJIUzUxMiJ9.eyJsb2dpbl91c2VyX2tleSI6IjA4MzM3NjgyLTFhYjItNDRlZC05OWFjLTk1MGQ3YjdhMWIxOSJ9.-HQwl7xa3Ky82jj7wI2p8EHSzJcqcZD2t3S0pe0jMKbFUif28a8VJUKcvJLACuEW8Vw7f0xYVWFguWgVJuvFoQ
09:48:31.358 [http-nio-9587-exec-5] INFO  c.r.f.w.s.TokenService - [getToken,237] - user: madaosen, backend Token: Bearer eyJhbGciOiJIUzUxMiJ9.eyJsb2dpbl91c2VyX2tleSI6IjA4MzM3NjgyLTFhYjItNDRlZC05OWFjLTk1MGQ3YjdhMWIxOSJ9.-HQwl7xa3Ky82jj7wI2p8EHSzJcqcZD2t3S0pe0jMKbFUif28a8VJUKcvJLACuEW8Vw7f0xYVWFguWgVJuvFoQ
09:48:31.423 [http-nio-9587-exec-8] INFO  c.r.f.w.s.TokenService - [getToken,237] - user: madaosen, backend Token: Bearer eyJhbGciOiJIUzUxMiJ9.eyJsb2dpbl91c2VyX2tleSI6IjA4MzM3NjgyLTFhYjItNDRlZC05OWFjLTk1MGQ3YjdhMWIxOSJ9.-HQwl7xa3Ky82jj7wI2p8EHSzJcqcZD2t3S0pe0jMKbFUif28a8VJUKcvJLACuEW8Vw7f0xYVWFguWgVJuvFoQ
09:48:31.514 [http-nio-9587-exec-1] INFO  c.r.f.w.s.TokenService - [getToken,237] - user: madaosen, backend Token: Bearer eyJhbGciOiJIUzUxMiJ9.eyJsb2dpbl91c2VyX2tleSI6IjA4MzM3NjgyLTFhYjItNDRlZC05OWFjLTk1MGQ3YjdhMWIxOSJ9.-HQwl7xa3Ky82jj7wI2p8EHSzJcqcZD2t3S0pe0jMKbFUif28a8VJUKcvJLACuEW8Vw7f0xYVWFguWgVJuvFoQ
09:48:31.521 [http-nio-9587-exec-9] INFO  c.r.f.w.s.TokenService - [getToken,237] - user: madaosen, backend Token: Bearer eyJhbGciOiJIUzUxMiJ9.eyJsb2dpbl91c2VyX2tleSI6IjA4MzM3NjgyLTFhYjItNDRlZC05OWFjLTk1MGQ3YjdhMWIxOSJ9.-HQwl7xa3Ky82jj7wI2p8EHSzJcqcZD2t3S0pe0jMKbFUif28a8VJUKcvJLACuEW8Vw7f0xYVWFguWgVJuvFoQ
09:48:31.521 [http-nio-9587-exec-10] INFO  c.r.f.w.s.TokenService - [getToken,237] - user: madaosen, backend Token: Bearer eyJhbGciOiJIUzUxMiJ9.eyJsb2dpbl91c2VyX2tleSI6IjA4MzM3NjgyLTFhYjItNDRlZC05OWFjLTk1MGQ3YjdhMWIxOSJ9.-HQwl7xa3Ky82jj7wI2p8EHSzJcqcZD2t3S0pe0jMKbFUif28a8VJUKcvJLACuEW8Vw7f0xYVWFguWgVJuvFoQ
09:48:31.565 [http-nio-9587-exec-3] INFO  c.r.f.w.s.TokenService - [getToken,237] - user: madaosen, backend Token: Bearer eyJhbGciOiJIUzUxMiJ9.eyJsb2dpbl91c2VyX2tleSI6IjA4MzM3NjgyLTFhYjItNDRlZC05OWFjLTk1MGQ3YjdhMWIxOSJ9.-HQwl7xa3Ky82jj7wI2p8EHSzJcqcZD2t3S0pe0jMKbFUif28a8VJUKcvJLACuEW8Vw7f0xYVWFguWgVJuvFoQ
09:48:31.565 [http-nio-9587-exec-1] INFO  c.r.f.w.s.TokenService - [getToken,237] - user: madaosen, backend Token: Bearer eyJhbGciOiJIUzUxMiJ9.eyJsb2dpbl91c2VyX2tleSI6IjA4MzM3NjgyLTFhYjItNDRlZC05OWFjLTk1MGQ3YjdhMWIxOSJ9.-HQwl7xa3Ky82jj7wI2p8EHSzJcqcZD2t3S0pe0jMKbFUif28a8VJUKcvJLACuEW8Vw7f0xYVWFguWgVJuvFoQ
09:48:31.570 [http-nio-9587-exec-5] INFO  c.r.f.w.s.TokenService - [getToken,237] - user: madaosen, backend Token: Bearer eyJhbGciOiJIUzUxMiJ9.eyJsb2dpbl91c2VyX2tleSI6IjA4MzM3NjgyLTFhYjItNDRlZC05OWFjLTk1MGQ3YjdhMWIxOSJ9.-HQwl7xa3Ky82jj7wI2p8EHSzJcqcZD2t3S0pe0jMKbFUif28a8VJUKcvJLACuEW8Vw7f0xYVWFguWgVJuvFoQ
09:48:31.655 [http-nio-9587-exec-2] INFO  c.r.f.w.s.TokenService - [getToken,237] - user: madaosen, backend Token: Bearer eyJhbGciOiJIUzUxMiJ9.eyJsb2dpbl91c2VyX2tleSI6IjA4MzM3NjgyLTFhYjItNDRlZC05OWFjLTk1MGQ3YjdhMWIxOSJ9.-HQwl7xa3Ky82jj7wI2p8EHSzJcqcZD2t3S0pe0jMKbFUif28a8VJUKcvJLACuEW8Vw7f0xYVWFguWgVJuvFoQ
09:48:31.658 [http-nio-9587-exec-9] INFO  c.r.f.w.s.TokenService - [getToken,237] - user: madaosen, backend Token: Bearer eyJhbGciOiJIUzUxMiJ9.eyJsb2dpbl91c2VyX2tleSI6IjA4MzM3NjgyLTFhYjItNDRlZC05OWFjLTk1MGQ3YjdhMWIxOSJ9.-HQwl7xa3Ky82jj7wI2p8EHSzJcqcZD2t3S0pe0jMKbFUif28a8VJUKcvJLACuEW8Vw7f0xYVWFguWgVJuvFoQ
09:48:31.672 [http-nio-9587-exec-3] INFO  c.r.f.w.s.TokenService - [getToken,237] - user: madaosen, backend Token: Bearer eyJhbGciOiJIUzUxMiJ9.eyJsb2dpbl91c2VyX2tleSI6IjA4MzM3NjgyLTFhYjItNDRlZC05OWFjLTk1MGQ3YjdhMWIxOSJ9.-HQwl7xa3Ky82jj7wI2p8EHSzJcqcZD2t3S0pe0jMKbFUif28a8VJUKcvJLACuEW8Vw7f0xYVWFguWgVJuvFoQ
09:48:31.773 [http-nio-9587-exec-4] INFO  c.r.f.w.s.TokenService - [getToken,237] - user: madaosen, backend Token: Bearer eyJhbGciOiJIUzUxMiJ9.eyJsb2dpbl91c2VyX2tleSI6IjA4MzM3NjgyLTFhYjItNDRlZC05OWFjLTk1MGQ3YjdhMWIxOSJ9.-HQwl7xa3Ky82jj7wI2p8EHSzJcqcZD2t3S0pe0jMKbFUif28a8VJUKcvJLACuEW8Vw7f0xYVWFguWgVJuvFoQ
09:48:53.645 [http-nio-9587-exec-5] INFO  c.r.f.w.s.TokenService - [getToken,237] - user: madaosen, backend Token: Bearer eyJhbGciOiJIUzUxMiJ9.eyJsb2dpbl91c2VyX2tleSI6IjA4MzM3NjgyLTFhYjItNDRlZC05OWFjLTk1MGQ3YjdhMWIxOSJ9.-HQwl7xa3Ky82jj7wI2p8EHSzJcqcZD2t3S0pe0jMKbFUif28a8VJUKcvJLACuEW8Vw7f0xYVWFguWgVJuvFoQ
09:48:54.896 [http-nio-9587-exec-3] INFO  c.r.f.w.s.TokenService - [getToken,237] - user: madaosen, backend Token: Bearer eyJhbGciOiJIUzUxMiJ9.eyJsb2dpbl91c2VyX2tleSI6IjA4MzM3NjgyLTFhYjItNDRlZC05OWFjLTk1MGQ3YjdhMWIxOSJ9.-HQwl7xa3Ky82jj7wI2p8EHSzJcqcZD2t3S0pe0jMKbFUif28a8VJUKcvJLACuEW8Vw7f0xYVWFguWgVJuvFoQ
09:48:54.912 [http-nio-9587-exec-3] INFO  c.r.f.w.s.TokenService - [getToken,237] - user: madaosen, backend Token: Bearer eyJhbGciOiJIUzUxMiJ9.eyJsb2dpbl91c2VyX2tleSI6IjA4MzM3NjgyLTFhYjItNDRlZC05OWFjLTk1MGQ3YjdhMWIxOSJ9.-HQwl7xa3Ky82jj7wI2p8EHSzJcqcZD2t3S0pe0jMKbFUif28a8VJUKcvJLACuEW8Vw7f0xYVWFguWgVJuvFoQ
09:48:54.915 [http-nio-9587-exec-4] INFO  c.r.f.w.s.TokenService - [getToken,237] - user: madaosen, backend Token: Bearer eyJhbGciOiJIUzUxMiJ9.eyJsb2dpbl91c2VyX2tleSI6IjA4MzM3NjgyLTFhYjItNDRlZC05OWFjLTk1MGQ3YjdhMWIxOSJ9.-HQwl7xa3Ky82jj7wI2p8EHSzJcqcZD2t3S0pe0jMKbFUif28a8VJUKcvJLACuEW8Vw7f0xYVWFguWgVJuvFoQ
09:48:54.962 [http-nio-9587-exec-8] INFO  c.r.f.w.s.TokenService - [getToken,237] - user: madaosen, backend Token: Bearer eyJhbGciOiJIUzUxMiJ9.eyJsb2dpbl91c2VyX2tleSI6IjA4MzM3NjgyLTFhYjItNDRlZC05OWFjLTk1MGQ3YjdhMWIxOSJ9.-HQwl7xa3Ky82jj7wI2p8EHSzJcqcZD2t3S0pe0jMKbFUif28a8VJUKcvJLACuEW8Vw7f0xYVWFguWgVJuvFoQ
09:48:55.451 [http-nio-9587-exec-8] INFO  c.r.w.s.i.DigitalEmployeeAgentServiceImpl - [prepareChat,584] - [DEBUG] 数字员工实际发送prompt employeeCode=kcts-todo-employee conversationId=kcts-demo-1788745710915-57e82eb1 prompt=@待办数字员工

以下 JSON 中 currentUser 由科创智方服务端生成；clientReferences 仅是界面引用线索，涉及读取或写入业务数据时必须再次调用科创智方受控接口校验。附件 fileId 也必须按当前用户和 conversationId 校验后才能读取。
{"conversationId":"kcts-demo-1788745710915-57e82eb1","attachments":[],"currentUser":{"displayName":"madaosen","userId":"460","userName":"madaosen","roleIds":["operational_improvement_planner_role","pf_unit_dept_leader_role","annual_project_approval_fill_role","fill_role","rd_unit_director_role","unit_verify_role","chief_engineer_leader_role","ai_audit_rule","product_innovation_accept_role","chief_engineer_director_role","workflow_user_update_role","email","rd_unit_leader_role","professional_leader_role","pf_project_manager_role","verify_role","software_cost_manager_role","allocation_role","prospective_study_planner_role","project_read_all_role","science_technology_fill_role","pf_director_role","self_develop_planner_role","hgbz","science_technology_read_role","chief_engineer_manager_role","product_innovation_planner_role","other_accept_role"],"roleId":"fill_role"},"clientReferences":{"businessReferences":[{"id":"todo:2092498948911669248:90964826-a11c-11f1-a8a3-da3bbfe162e3","kind":"todo","name":"补充项目信息","projectId":"2092498948911669248","projectName":"wu测试","status":"补充项目信息","taskId":"90964826-a11c-11f1-a8a3-da3bbfe162e3","taskKey":"FillInitiationProjectInfo"}]},"todoContext":{"schemaVersion":"1.0","status":"ready","task":{"taskId":"90964826-a11c-11f1-a8a3-da3bbfe162e3","taskKey":"FillInitiationProjectInfo","taskName":"补充项目信息","projectId":"2092498948911669248","projectName":"wu测试","roleLabel":"当前办理人","actionType":"submit","canReject":false},"confirmation":{"required":true,"submitBy":"browser_session","submitToolAllowed":false,"label":"确认提交"},"project":{"id":"2092498948911669248","name":"wu测试","projectCategory":"prospective_study","projectCategoryName":"前瞻研究","projectProfessionalField":"2","projectProfessionalFieldName":"云网融合研发(云)","isPlanProject":"2031546865748692995","isSelfDeveloped":0,"isBaseCutting":0,"requirementUnit":"zqj","requirementUnitName":"中区局","undertakeUnit":"SHGSRHCXYFJD","undertakeUnitName":"上海公司融合创新研发基地","operationUnit":"shgsrhcxyfjd","planStartDate":"2026-08-11","planEndDate":"2026-08-31"},"formSchema":[{"controlId":"wbs_number","controlType":"string","label":"主项目wbs编号","value":"","displayValue":"","required":false,"modelMaySuggest":true,"humanConfirmationRequired":true,"options":[]},{"controlId":"lx_project_name","controlType":"select","label":"立项后主项目名称","value":"","displayValue":"","required":false,"modelMaySuggest":true,"humanConfirmationRequired":true,"options":[]},{"controlId":"milestone_date_content","controlType":"string","label":"里程碑时间及内容","value":"","displayValue":"","required":false,"modelMaySuggest":true,"humanConfirmationRequired":true,"options":[]},{"controlId":"initial_budget_application_time","controlType":"datetime","label":"初次申请预算时间","value":"","displayValue":"","required":false,"modelMaySuggest":true,"humanConfirmationRequired":true,"options":[]},{"controlId":"result_output_zy_target_fill_proj","controlType":"textarea","label":"成果输出-终验目标","value":"","displayValue":"","required":false,"modelMaySuggest":true,"humanConfirmationRequired":true,"options":[]},{"controlId":"result_output_hpg_target_fill_proj","controlType":"textarea","label":"成果输出-后评估目标","value":"","displayValue":"","required":false,"modelMaySuggest":true,"humanConfirmationRequired":true,"options":[]},{"controlId":"talent_train_zy_target_fill_proj","controlType":"textarea","label":"人才培养-终验目标","value":"","displayValue":"","required":false,"modelMaySuggest":true,"humanConfirmationRequired":true,"options":[]},{"controlId":"talent_train_hpg_target_fill_proj","controlType":"textarea","label":"人才培养-后评估目标","value":"","displayValue":"","required":false,"modelMaySuggest":true,"humanConfirmationRequired":true,"options":[]},{"controlId":"upload_benefit_commitment_certificate","controlType":"upload","label":"效益承诺证明","value":"","displayValue":"","required":false,"modelMaySuggest":false,"humanConfirmationRequired":true,"options":[]},{"controlId":"rd_intelligent_compute_resource","controlType":"double","label":"研发用智算资源(单位:元)","value":"","displayValue":"","required":false,"modelMaySuggest":true,"humanConfirmationRequired":true,"options":[]}],"responseContract":{"type":"kcts.todo_form_patch","patchKey":"formPatch","knownControlIds":["wbs_number","lx_project_name","milestone_date_content","initial_budget_application_time","result_output_zy_target_fill_proj","result_output_hpg_target_fill_proj","talent_train_zy_target_fill_proj","talent_train_hpg_target_fill_proj","upload_benefit_commitment_certificate","rd_intelligent_compute_resource"],"rules":["只能建议 formSchema 中存在的 controlId","select 和 radio 只能使用 options 中的 value","没有充分依据的字段必须留空并加入 missingFields","不得调用工具或接口提交审批，最终提交必须由浏览器当前登录用户确认"]}}}

本轮是科创智方待办辅助，todoContext 是服务端权威上下文。仅使用其中 project、formSchema 和节点 signals；不调用工具，不伪造控件或人员，不替用户提交。审批意见 radio 只用 decisionSuggestion 表达，不列入 formPatch 或 missingFields。处理意见限60个汉字；其他当前结论下的必填项无法确定时才列入 missingFields，此时 status=needs_input 且不建议 approve。只返回符合 responseContract 的一个 kcts.todo_form_patch JSON 对象，不要 Markdown 或额外说明。
09:48:56.165 [http-nio-9587-exec-5] INFO  c.r.f.w.s.TokenService - [getToken,237] - user: madaosen, backend Token: Bearer eyJhbGciOiJIUzUxMiJ9.eyJsb2dpbl91c2VyX2tleSI6IjA4MzM3NjgyLTFhYjItNDRlZC05OWFjLTk1MGQ3YjdhMWIxOSJ9.-HQwl7xa3Ky82jj7wI2p8EHSzJcqcZD2t3S0pe0jMKbFUif28a8VJUKcvJLACuEW8Vw7f0xYVWFguWgVJuvFoQ
09:48:57.365 [http-nio-9587-exec-10] INFO  c.r.f.w.s.TokenService - [getToken,237] - user: madaosen, backend Token: Bearer eyJhbGciOiJIUzUxMiJ9.eyJsb2dpbl91c2VyX2tleSI6IjA4MzM3NjgyLTFhYjItNDRlZC05OWFjLTk1MGQ3YjdhMWIxOSJ9.-HQwl7xa3Ky82jj7wI2p8EHSzJcqcZD2t3S0pe0jMKbFUif28a8VJUKcvJLACuEW8Vw7f0xYVWFguWgVJuvFoQ
09:48:58.569 [http-nio-9587-exec-2] INFO  c.r.f.w.s.TokenService - [getToken,237] - user: madaosen, backend Token: Bearer eyJhbGciOiJIUzUxMiJ9.eyJsb2dpbl91c2VyX2tleSI6IjA4MzM3NjgyLTFhYjItNDRlZC05OWFjLTk1MGQ3YjdhMWIxOSJ9.-HQwl7xa3Ky82jj7wI2p8EHSzJcqcZD2t3S0pe0jMKbFUif28a8VJUKcvJLACuEW8Vw7f0xYVWFguWgVJuvFoQ
09:48:59.762 [http-nio-9587-exec-3] INFO  c.r.f.w.s.TokenService - [getToken,237] - user: madaosen, backend Token: Bearer eyJhbGciOiJIUzUxMiJ9.eyJsb2dpbl91c2VyX2tleSI6IjA4MzM3NjgyLTFhYjItNDRlZC05OWFjLTk1MGQ3YjdhMWIxOSJ9.-HQwl7xa3Ky82jj7wI2p8EHSzJcqcZD2t3S0pe0jMKbFUif28a8VJUKcvJLACuEW8Vw7f0xYVWFguWgVJuvFoQ
09:49:00.999 [http-nio-9587-exec-8] INFO  c.r.f.w.s.TokenService - [getToken,237] - user: madaosen, backend Token: Bearer eyJhbGciOiJIUzUxMiJ9.eyJsb2dpbl91c2VyX2tleSI6IjA4MzM3NjgyLTFhYjItNDRlZC05OWFjLTk1MGQ3YjdhMWIxOSJ9.-HQwl7xa3Ky82jj7wI2p8EHSzJcqcZD2t3S0pe0jMKbFUif28a8VJUKcvJLACuEW8Vw7f0xYVWFguWgVJuvFoQ
09:49:02.179 [http-nio-9587-exec-5] INFO  c.r.f.w.s.TokenService - [getToken,237] - user: madaosen, backend Token: Bearer eyJhbGciOiJIUzUxMiJ9.eyJsb2dpbl91c2VyX2tleSI6IjA4MzM3NjgyLTFhYjItNDRlZC05OWFjLTk1MGQ3YjdhMWIxOSJ9.-HQwl7xa3Ky82jj7wI2p8EHSzJcqcZD2t3S0pe0jMKbFUif28a8VJUKcvJLACuEW8Vw7f0xYVWFguWgVJuvFoQ
09:49:03.404 [http-nio-9587-exec-10] INFO  c.r.f.w.s.TokenService - [getToken,237] - user: madaosen, backend Token: Bearer eyJhbGciOiJIUzUxMiJ9.eyJsb2dpbl91c2VyX2tleSI6IjA4MzM3NjgyLTFhYjItNDRlZC05OWFjLTk1MGQ3YjdhMWIxOSJ9.-HQwl7xa3Ky82jj7wI2p8EHSzJcqcZD2t3S0pe0jMKbFUif28a8VJUKcvJLACuEW8Vw7f0xYVWFguWgVJuvFoQ
09:49:04.568 [http-nio-9587-exec-2] INFO  c.r.f.w.s.TokenService - [getToken,237] - user: madaosen, backend Token: Bearer eyJhbGciOiJIUzUxMiJ9.eyJsb2dpbl91c2VyX2tleSI6IjA4MzM3NjgyLTFhYjItNDRlZC05OWFjLTk1MGQ3YjdhMWIxOSJ9.-HQwl7xa3Ky82jj7wI2p8EHSzJcqcZD2t3S0pe0jMKbFUif28a8VJUKcvJLACuEW8Vw7f0xYVWFguWgVJuvFoQ
09:49:06.034 [http-nio-9587-exec-3] INFO  c.r.f.w.s.TokenService - [getToken,237] - user: madaosen, backend Token: Bearer eyJhbGciOiJIUzUxMiJ9.eyJsb2dpbl91c2VyX2tleSI6IjA4MzM3NjgyLTFhYjItNDRlZC05OWFjLTk1MGQ3YjdhMWIxOSJ9.-HQwl7xa3Ky82jj7wI2p8EHSzJcqcZD2t3S0pe0jMKbFUif28a8VJUKcvJLACuEW8Vw7f0xYVWFguWgVJuvFoQ
09:49:07.002 [http-nio-9587-exec-9] INFO  c.r.f.w.s.TokenService - [getToken,237] - user: madaosen, backend Token: Bearer eyJhbGciOiJIUzUxMiJ9.eyJsb2dpbl91c2VyX2tleSI6IjA4MzM3NjgyLTFhYjItNDRlZC05OWFjLTk1MGQ3YjdhMWIxOSJ9.-HQwl7xa3Ky82jj7wI2p8EHSzJcqcZD2t3S0pe0jMKbFUif28a8VJUKcvJLACuEW8Vw7f0xYVWFguWgVJuvFoQ
09:49:07.003 [http-nio-9587-exec-5] INFO  c.r.f.w.s.TokenService - [getToken,237] - user: madaosen, backend Token: Bearer eyJhbGciOiJIUzUxMiJ9.eyJsb2dpbl91c2VyX2tleSI6IjA4MzM3NjgyLTFhYjItNDRlZC05OWFjLTk1MGQ3YjdhMWIxOSJ9.-HQwl7xa3Ky82jj7wI2p8EHSzJcqcZD2t3S0pe0jMKbFUif28a8VJUKcvJLACuEW8Vw7f0xYVWFguWgVJuvFoQ
09:49:07.269 [http-nio-9587-exec-1] INFO  c.r.f.w.s.TokenService - [getToken,237] - user: madaosen, backend Token: Bearer eyJhbGciOiJIUzUxMiJ9.eyJsb2dpbl91c2VyX2tleSI6IjA4MzM3NjgyLTFhYjItNDRlZC05OWFjLTk1MGQ3YjdhMWIxOSJ9.-HQwl7xa3Ky82jj7wI2p8EHSzJcqcZD2t3S0pe0jMKbFUif28a8VJUKcvJLACuEW8Vw7f0xYVWFguWgVJuvFoQ
09:49:07.756 [http-nio-9587-exec-4] INFO  c.r.f.w.s.TokenService - [getToken,237] - user: madaosen, backend Token: Bearer eyJhbGciOiJIUzUxMiJ9.eyJsb2dpbl91c2VyX2tleSI6IjA4MzM3NjgyLTFhYjItNDRlZC05OWFjLTk1MGQ3YjdhMWIxOSJ9.-HQwl7xa3Ky82jj7wI2p8EHSzJcqcZD2t3S0pe0jMKbFUif28a8VJUKcvJLACuEW8Vw7f0xYVWFguWgVJuvFoQ
09:49:08.158 [http-nio-9587-exec-6] INFO  c.r.f.w.s.TokenService - [getToken,237] - user: madaosen, backend Token: Bearer eyJhbGciOiJIUzUxMiJ9.eyJsb2dpbl91c2VyX2tleSI6IjA4MzM3NjgyLTFhYjItNDRlZC05OWFjLTk1MGQ3YjdhMWIxOSJ9.-HQwl7xa3Ky82jj7wI2p8EHSzJcqcZD2t3S0pe0jMKbFUif28a8VJUKcvJLACuEW8Vw7f0xYVWFguWgVJuvFoQ
09:49:08.605 [http-nio-9587-exec-7] INFO  c.r.f.w.s.TokenService - [getToken,237] - user: madaosen, backend Token: Bearer eyJhbGciOiJIUzUxMiJ9.eyJsb2dpbl91c2VyX2tleSI6IjA4MzM3NjgyLTFhYjItNDRlZC05OWFjLTk1MGQ3YjdhMWIxOSJ9.-HQwl7xa3Ky82jj7wI2p8EHSzJcqcZD2t3S0pe0jMKbFUif28a8VJUKcvJLACuEW8Vw7f0xYVWFguWgVJuvFoQ
09:49:08.637 [http-nio-9587-exec-5] INFO  c.r.f.w.s.TokenService - [getToken,237] - user: madaosen, backend Token: Bearer eyJhbGciOiJIUzUxMiJ9.eyJsb2dpbl91c2VyX2tleSI6IjA4MzM3NjgyLTFhYjItNDRlZC05OWFjLTk1MGQ3YjdhMWIxOSJ9.-HQwl7xa3Ky82jj7wI2p8EHSzJcqcZD2t3S0pe0jMKbFUif28a8VJUKcvJLACuEW8Vw7f0xYVWFguWgVJuvFoQ
09:49:13.158 [http-nio-9587-exec-1] INFO  c.r.f.w.s.TokenService - [getToken,237] - user: madaosen, backend Token: Bearer eyJhbGciOiJIUzUxMiJ9.eyJsb2dpbl91c2VyX2tleSI6IjA4MzM3NjgyLTFhYjItNDRlZC05OWFjLTk1MGQ3YjdhMWIxOSJ9.-HQwl7xa3Ky82jj7wI2p8EHSzJcqcZD2t3S0pe0jMKbFUif28a8VJUKcvJLACuEW8Vw7f0xYVWFguWgVJuvFoQ
09:49:14.007 [http-nio-9587-exec-2] INFO  c.r.f.w.s.TokenService - [getToken,237] - user: madaosen, backend Token: Bearer eyJhbGciOiJIUzUxMiJ9.eyJsb2dpbl91c2VyX2tleSI6IjA4MzM3NjgyLTFhYjItNDRlZC05OWFjLTk1MGQ3YjdhMWIxOSJ9.-HQwl7xa3Ky82jj7wI2p8EHSzJcqcZD2t3S0pe0jMKbFUif28a8VJUKcvJLACuEW8Vw7f0xYVWFguWgVJuvFoQ
09:49:14.008 [http-nio-9587-exec-1] INFO  c.r.f.w.s.TokenService - [getToken,237] - user: madaosen, backend Token: Bearer eyJhbGciOiJIUzUxMiJ9.eyJsb2dpbl91c2VyX2tleSI6IjA4MzM3NjgyLTFhYjItNDRlZC05OWFjLTk1MGQ3YjdhMWIxOSJ9.-HQwl7xa3Ky82jj7wI2p8EHSzJcqcZD2t3S0pe0jMKbFUif28a8VJUKcvJLACuEW8Vw7f0xYVWFguWgVJuvFoQ
09:49:14.008 [http-nio-9587-exec-3] INFO  c.r.f.w.s.TokenService - [getToken,237] - user: madaosen, backend Token: Bearer eyJhbGciOiJIUzUxMiJ9.eyJsb2dpbl91c2VyX2tleSI6IjA4MzM3NjgyLTFhYjItNDRlZC05OWFjLTk1MGQ3YjdhMWIxOSJ9.-HQwl7xa3Ky82jj7wI2p8EHSzJcqcZD2t3S0pe0jMKbFUif28a8VJUKcvJLACuEW8Vw7f0xYVWFguWgVJuvFoQ
09:49:14.009 [http-nio-9587-exec-4] INFO  c.r.f.w.s.TokenService - [getToken,237] - user: madaosen, backend Token: Bearer eyJhbGciOiJIUzUxMiJ9.eyJsb2dpbl91c2VyX2tleSI6IjA4MzM3NjgyLTFhYjItNDRlZC05OWFjLTk1MGQ3YjdhMWIxOSJ9.-HQwl7xa3Ky82jj7wI2p8EHSzJcqcZD2t3S0pe0jMKbFUif28a8VJUKcvJLACuEW8Vw7f0xYVWFguWgVJuvFoQ
09:49:14.016 [http-nio-9587-exec-6] INFO  c.r.f.w.s.TokenService - [getToken,237] - user: madaosen, backend Token: Bearer eyJhbGciOiJIUzUxMiJ9.eyJsb2dpbl91c2VyX2tleSI6IjA4MzM3NjgyLTFhYjItNDRlZC05OWFjLTk1MGQ3YjdhMWIxOSJ9.-HQwl7xa3Ky82jj7wI2p8EHSzJcqcZD2t3S0pe0jMKbFUif28a8VJUKcvJLACuEW8Vw7f0xYVWFguWgVJuvFoQ
09:49:14.022 [http-nio-9587-exec-8] INFO  c.r.f.w.s.TokenService - [getToken,237] - user: madaosen, backend Token: Bearer eyJhbGciOiJIUzUxMiJ9.eyJsb2dpbl91c2VyX2tleSI6IjA4MzM3NjgyLTFhYjItNDRlZC05OWFjLTk1MGQ3YjdhMWIxOSJ9.-HQwl7xa3Ky82jj7wI2p8EHSzJcqcZD2t3S0pe0jMKbFUif28a8VJUKcvJLACuEW8Vw7f0xYVWFguWgVJuvFoQ
09:49:14.035 [http-nio-9587-exec-5] INFO  c.r.f.w.s.TokenService - [getToken,237] - user: madaosen, backend Token: Bearer eyJhbGciOiJIUzUxMiJ9.eyJsb2dpbl91c2VyX2tleSI6IjA4MzM3NjgyLTFhYjItNDRlZC05OWFjLTk1MGQ3YjdhMWIxOSJ9.-HQwl7xa3Ky82jj7wI2p8EHSzJcqcZD2t3S0pe0jMKbFUif28a8VJUKcvJLACuEW8Vw7f0xYVWFguWgVJuvFoQ
09:49:14.071 [http-nio-9587-exec-4] INFO  c.r.f.w.s.TokenService - [getToken,237] - user: madaosen, backend Token: Bearer eyJhbGciOiJIUzUxMiJ9.eyJsb2dpbl91c2VyX2tleSI6IjA4MzM3NjgyLTFhYjItNDRlZC05OWFjLTk1MGQ3YjdhMWIxOSJ9.-HQwl7xa3Ky82jj7wI2p8EHSzJcqcZD2t3S0pe0jMKbFUif28a8VJUKcvJLACuEW8Vw7f0xYVWFguWgVJuvFoQ
09:49:14.078 [http-nio-9587-exec-8] INFO  c.r.f.w.s.TokenService - [getToken,237] - user: madaosen, backend Token: Bearer eyJhbGciOiJIUzUxMiJ9.eyJsb2dpbl91c2VyX2tleSI6IjA4MzM3NjgyLTFhYjItNDRlZC05OWFjLTk1MGQ3YjdhMWIxOSJ9.-HQwl7xa3Ky82jj7wI2p8EHSzJcqcZD2t3S0pe0jMKbFUif28a8VJUKcvJLACuEW8Vw7f0xYVWFguWgVJuvFoQ
09:49:14.088 [http-nio-9587-exec-5] INFO  c.r.f.w.s.TokenService - [getToken,237] - user: madaosen, backend Token: Bearer eyJhbGciOiJIUzUxMiJ9.eyJsb2dpbl91c2VyX2tleSI6IjA4MzM3NjgyLTFhYjItNDRlZC05OWFjLTk1MGQ3YjdhMWIxOSJ9.-HQwl7xa3Ky82jj7wI2p8EHSzJcqcZD2t3S0pe0jMKbFUif28a8VJUKcvJLACuEW8Vw7f0xYVWFguWgVJuvFoQ
09:49:14.090 [http-nio-9587-exec-9] INFO  c.r.f.w.s.TokenService - [getToken,237] - user: madaosen, backend Token: Bearer eyJhbGciOiJIUzUxMiJ9.eyJsb2dpbl91c2VyX2tleSI6IjA4MzM3NjgyLTFhYjItNDRlZC05OWFjLTk1MGQ3YjdhMWIxOSJ9.-HQwl7xa3Ky82jj7wI2p8EHSzJcqcZD2t3S0pe0jMKbFUif28a8VJUKcvJLACuEW8Vw7f0xYVWFguWgVJuvFoQ
09:49:14.113 [http-nio-9587-exec-10] INFO  c.r.f.w.s.TokenService - [getToken,237] - user: madaosen, backend Token: Bearer eyJhbGciOiJIUzUxMiJ9.eyJsb2dpbl91c2VyX2tleSI6IjA4MzM3NjgyLTFhYjItNDRlZC05OWFjLTk1MGQ3YjdhMWIxOSJ9.-HQwl7xa3Ky82jj7wI2p8EHSzJcqcZD2t3S0pe0jMKbFUif28a8VJUKcvJLACuEW8Vw7f0xYVWFguWgVJuvFoQ
09:49:14.199 [http-nio-9587-exec-7] INFO  c.r.f.w.s.TokenService - [getToken,237] - user: madaosen, backend Token: Bearer eyJhbGciOiJIUzUxMiJ9.eyJsb2dpbl91c2VyX2tleSI6IjA4MzM3NjgyLTFhYjItNDRlZC05OWFjLTk1MGQ3YjdhMWIxOSJ9.-HQwl7xa3Ky82jj7wI2p8EHSzJcqcZD2t3S0pe0jMKbFUif28a8VJUKcvJLACuEW8Vw7f0xYVWFguWgVJuvFoQ
09:49:14.210 [http-nio-9587-exec-4] INFO  c.r.f.w.s.TokenService - [getToken,237] - user: madaosen, backend Token: Bearer eyJhbGciOiJIUzUxMiJ9.eyJsb2dpbl91c2VyX2tleSI6IjA4MzM3NjgyLTFhYjItNDRlZC05OWFjLTk1MGQ3YjdhMWIxOSJ9.-HQwl7xa3Ky82jj7wI2p8EHSzJcqcZD2t3S0pe0jMKbFUif28a8VJUKcvJLACuEW8Vw7f0xYVWFguWgVJuvFoQ
09:49:14.245 [http-nio-9587-exec-1] INFO  c.r.f.w.s.TokenService - [getToken,237] - user: madaosen, backend Token: Bearer eyJhbGciOiJIUzUxMiJ9.eyJsb2dpbl91c2VyX2tleSI6IjA4MzM3NjgyLTFhYjItNDRlZC05OWFjLTk1MGQ3YjdhMWIxOSJ9.-HQwl7xa3Ky82jj7wI2p8EHSzJcqcZD2t3S0pe0jMKbFUif28a8VJUKcvJLACuEW8Vw7f0xYVWFguWgVJuvFoQ
09:49:14.265 [http-nio-9587-exec-8] INFO  c.r.f.w.s.TokenService - [getToken,237] - user: madaosen, backend Token: Bearer eyJhbGciOiJIUzUxMiJ9.eyJsb2dpbl91c2VyX2tleSI6IjA4MzM3NjgyLTFhYjItNDRlZC05OWFjLTk1MGQ3YjdhMWIxOSJ9.-HQwl7xa3Ky82jj7wI2p8EHSzJcqcZD2t3S0pe0jMKbFUif28a8VJUKcvJLACuEW8Vw7f0xYVWFguWgVJuvFoQ
09:49:14.289 [http-nio-9587-exec-5] INFO  c.r.f.w.s.TokenService - [getToken,237] - user: madaosen, backend Token: Bearer eyJhbGciOiJIUzUxMiJ9.eyJsb2dpbl91c2VyX2tleSI6IjA4MzM3NjgyLTFhYjItNDRlZC05OWFjLTk1MGQ3YjdhMWIxOSJ9.-HQwl7xa3Ky82jj7wI2p8EHSzJcqcZD2t3S0pe0jMKbFUif28a8VJUKcvJLACuEW8Vw7f0xYVWFguWgVJuvFoQ
09:49:14.295 [http-nio-9587-exec-3] INFO  c.r.f.w.s.TokenService - [getToken,237] - user: madaosen, backend Token: Bearer eyJhbGciOiJIUzUxMiJ9.eyJsb2dpbl91c2VyX2tleSI6IjA4MzM3NjgyLTFhYjItNDRlZC05OWFjLTk1MGQ3YjdhMWIxOSJ9.-HQwl7xa3Ky82jj7wI2p8EHSzJcqcZD2t3S0pe0jMKbFUif28a8VJUKcvJLACuEW8Vw7f0xYVWFguWgVJuvFoQ
09:49:14.310 [http-nio-9587-exec-4] INFO  c.r.f.w.s.TokenService - [getToken,237] - user: madaosen, backend Token: Bearer eyJhbGciOiJIUzUxMiJ9.eyJsb2dpbl91c2VyX2tleSI6IjA4MzM3NjgyLTFhYjItNDRlZC05OWFjLTk1MGQ3YjdhMWIxOSJ9.-HQwl7xa3Ky82jj7wI2p8EHSzJcqcZD2t3S0pe0jMKbFUif28a8VJUKcvJLACuEW8Vw7f0xYVWFguWgVJuvFoQ
09:49:14.476 [http-nio-9587-exec-8] INFO  c.r.f.w.s.TokenService - [getToken,237] - user: madaosen, backend Token: Bearer eyJhbGciOiJIUzUxMiJ9.eyJsb2dpbl91c2VyX2tleSI6IjA4MzM3NjgyLTFhYjItNDRlZC05OWFjLTk1MGQ3YjdhMWIxOSJ9.-HQwl7xa3Ky82jj7wI2p8EHSzJcqcZD2t3S0pe0jMKbFUif28a8VJUKcvJLACuEW8Vw7f0xYVWFguWgVJuvFoQ
09:49:14.635 [http-nio-9587-exec-3] INFO  c.r.f.w.s.TokenService - [getToken,237] - user: madaosen, backend Token: Bearer eyJhbGciOiJIUzUxMiJ9.eyJsb2dpbl91c2VyX2tleSI6IjA4MzM3NjgyLTFhYjItNDRlZC05OWFjLTk1MGQ3YjdhMWIxOSJ9.-HQwl7xa3Ky82jj7wI2p8EHSzJcqcZD2t3S0pe0jMKbFUif28a8VJUKcvJLACuEW8Vw7f0xYVWFguWgVJuvFoQ
09:49:14.754 [http-nio-9587-exec-5] INFO  c.r.f.w.s.TokenService - [getToken,237] - user: madaosen, backend Token: Bearer eyJhbGciOiJIUzUxMiJ9.eyJsb2dpbl91c2VyX2tleSI6IjA4MzM3NjgyLTFhYjItNDRlZC05OWFjLTk1MGQ3YjdhMWIxOSJ9.-HQwl7xa3Ky82jj7wI2p8EHSzJcqcZD2t3S0pe0jMKbFUif28a8VJUKcvJLACuEW8Vw7f0xYVWFguWgVJuvFoQ
09:49:14.755 [http-nio-9587-exec-2] INFO  c.r.f.w.s.TokenService - [getToken,237] - user: madaosen, backend Token: Bearer eyJhbGciOiJIUzUxMiJ9.eyJsb2dpbl91c2VyX2tleSI6IjA4MzM3NjgyLTFhYjItNDRlZC05OWFjLTk1MGQ3YjdhMWIxOSJ9.-HQwl7xa3Ky82jj7wI2p8EHSzJcqcZD2t3S0pe0jMKbFUif28a8VJUKcvJLACuEW8Vw7f0xYVWFguWgVJuvFoQ
09:49:14.874 [http-nio-9587-exec-10] INFO  c.r.f.w.s.TokenService - [getToken,237] - user: madaosen, backend Token: Bearer eyJhbGciOiJIUzUxMiJ9.eyJsb2dpbl91c2VyX2tleSI6IjA4MzM3NjgyLTFhYjItNDRlZC05OWFjLTk1MGQ3YjdhMWIxOSJ9.-HQwl7xa3Ky82jj7wI2p8EHSzJcqcZD2t3S0pe0jMKbFUif28a8VJUKcvJLACuEW8Vw7f0xYVWFguWgVJuvFoQ
09:49:14.986 [http-nio-9587-exec-2] INFO  c.r.f.w.s.TokenService - [getToken,237] - user: madaosen, backend Token: Bearer eyJhbGciOiJIUzUxMiJ9.eyJsb2dpbl91c2VyX2tleSI6IjA4MzM3NjgyLTFhYjItNDRlZC05OWFjLTk1MGQ3YjdhMWIxOSJ9.-HQwl7xa3Ky82jj7wI2p8EHSzJcqcZD2t3S0pe0jMKbFUif28a8VJUKcvJLACuEW8Vw7f0xYVWFguWgVJuvFoQ
09:49:14.988 [http-nio-9587-exec-3] INFO  c.r.f.w.s.TokenService - [getToken,237] - user: madaosen, backend Token: Bearer eyJhbGciOiJIUzUxMiJ9.eyJsb2dpbl91c2VyX2tleSI6IjA4MzM3NjgyLTFhYjItNDRlZC05OWFjLTk1MGQ3YjdhMWIxOSJ9.-HQwl7xa3Ky82jj7wI2p8EHSzJcqcZD2t3S0pe0jMKbFUif28a8VJUKcvJLACuEW8Vw7f0xYVWFguWgVJuvFoQ
09:49:14.989 [http-nio-9587-exec-10] INFO  c.r.f.w.s.TokenService - [getToken,237] - user: madaosen, backend Token: Bearer eyJhbGciOiJIUzUxMiJ9.eyJsb2dpbl91c2VyX2tleSI6IjA4MzM3NjgyLTFhYjItNDRlZC05OWFjLTk1MGQ3YjdhMWIxOSJ9.-HQwl7xa3Ky82jj7wI2p8EHSzJcqcZD2t3S0pe0jMKbFUif28a8VJUKcvJLACuEW8Vw7f0xYVWFguWgVJuvFoQ
09:49:14.989 [http-nio-9587-exec-6] INFO  c.r.f.w.s.TokenService - [getToken,237] - user: madaosen, backend Token: Bearer eyJhbGciOiJIUzUxMiJ9.eyJsb2dpbl91c2VyX2tleSI6IjA4MzM3NjgyLTFhYjItNDRlZC05OWFjLTk1MGQ3YjdhMWIxOSJ9.-HQwl7xa3Ky82jj7wI2p8EHSzJcqcZD2t3S0pe0jMKbFUif28a8VJUKcvJLACuEW8Vw7f0xYVWFguWgVJuvFoQ
09:49:14.992 [http-nio-9587-exec-5] INFO  c.r.f.w.s.TokenService - [getToken,237] - user: madaosen, backend Token: Bearer eyJhbGciOiJIUzUxMiJ9.eyJsb2dpbl91c2VyX2tleSI6IjA4MzM3NjgyLTFhYjItNDRlZC05OWFjLTk1MGQ3YjdhMWIxOSJ9.-HQwl7xa3Ky82jj7wI2p8EHSzJcqcZD2t3S0pe0jMKbFUif28a8VJUKcvJLACuEW8Vw7f0xYVWFguWgVJuvFoQ
09:49:15.036 [http-nio-9587-exec-7] INFO  c.r.f.w.s.TokenService - [getToken,237] - user: madaosen, backend Token: Bearer eyJhbGciOiJIUzUxMiJ9.eyJsb2dpbl91c2VyX2tleSI6IjA4MzM3NjgyLTFhYjItNDRlZC05OWFjLTk1MGQ3YjdhMWIxOSJ9.-HQwl7xa3Ky82jj7wI2p8EHSzJcqcZD2t3S0pe0jMKbFUif28a8VJUKcvJLACuEW8Vw7f0xYVWFguWgVJuvFoQ
09:49:15.061 [http-nio-9587-exec-2] INFO  c.r.f.w.s.TokenService - [getToken,237] - user: madaosen, backend Token: Bearer eyJhbGciOiJIUzUxMiJ9.eyJsb2dpbl91c2VyX2tleSI6IjA4MzM3NjgyLTFhYjItNDRlZC05OWFjLTk1MGQ3YjdhMWIxOSJ9.-HQwl7xa3Ky82jj7wI2p8EHSzJcqcZD2t3S0pe0jMKbFUif28a8VJUKcvJLACuEW8Vw7f0xYVWFguWgVJuvFoQ
09:49:15.061 [http-nio-9587-exec-3] INFO  c.r.f.w.s.TokenService - [getToken,237] - user: madaosen, backend Token: Bearer eyJhbGciOiJIUzUxMiJ9.eyJsb2dpbl91c2VyX2tleSI6IjA4MzM3NjgyLTFhYjItNDRlZC05OWFjLTk1MGQ3YjdhMWIxOSJ9.-HQwl7xa3Ky82jj7wI2p8EHSzJcqcZD2t3S0pe0jMKbFUif28a8VJUKcvJLACuEW8Vw7f0xYVWFguWgVJuvFoQ
09:49:15.061 [http-nio-9587-exec-6] INFO  c.r.f.w.s.TokenService - [getToken,237] - user: madaosen, backend Token: Bearer eyJhbGciOiJIUzUxMiJ9.eyJsb2dpbl91c2VyX2tleSI6IjA4MzM3NjgyLTFhYjItNDRlZC05OWFjLTk1MGQ3YjdhMWIxOSJ9.-HQwl7xa3Ky82jj7wI2p8EHSzJcqcZD2t3S0pe0jMKbFUif28a8VJUKcvJLACuEW8Vw7f0xYVWFguWgVJuvFoQ
09:49:15.234 [http-nio-9587-exec-5] INFO  c.r.f.w.s.TokenService - [getToken,237] - user: madaosen, backend Token: Bearer eyJhbGciOiJIUzUxMiJ9.eyJsb2dpbl91c2VyX2tleSI6IjA4MzM3NjgyLTFhYjItNDRlZC05OWFjLTk1MGQ3YjdhMWIxOSJ9.-HQwl7xa3Ky82jj7wI2p8EHSzJcqcZD2t3S0pe0jMKbFUif28a8VJUKcvJLACuEW8Vw7f0xYVWFguWgVJuvFoQ
09:49:24.938 [http-nio-9587-exec-7] INFO  c.r.f.w.s.TokenService - [getToken,237] - user: madaosen, backend Token: Bearer eyJhbGciOiJIUzUxMiJ9.eyJsb2dpbl91c2VyX2tleSI6IjA4MzM3NjgyLTFhYjItNDRlZC05OWFjLTk1MGQ3YjdhMWIxOSJ9.-HQwl7xa3Ky82jj7wI2p8EHSzJcqcZD2t3S0pe0jMKbFUif28a8VJUKcvJLACuEW8Vw7f0xYVWFguWgVJuvFoQ
09:49:27.071 [Thread-9] INFO  o.q.c.QuartzScheduler - [standby,585] - Scheduler RuoyiScheduler_$_DESKTOP-GL3RGKM1788745597247 paused.
09:49:27.071 [Thread-9] INFO  o.a.s.AbstractActivitiSmartLifeCycle - [stop,95] - Stopping...
09:49:27.071 [Thread-9] INFO  o.a.s.AbstractActivitiSmartLifeCycle - [stop,99] - Stopped.
09:49:27.071 [Thread-9] INFO  o.a.s.AbstractActivitiSmartLifeCycle - [stop,95] - Stopping...
09:49:27.071 [Thread-9] INFO  o.a.s.AbstractActivitiSmartLifeCycle - [stop,99] - Stopped.
09:49:27.071 [Thread-9] INFO  o.a.s.AbstractActivitiSmartLifeCycle - [stop,95] - Stopping...
09:49:27.071 [Thread-9] INFO  o.a.s.AbstractActivitiSmartLifeCycle - [stop,99] - Stopped.
09:49:27.071 [Thread-9] INFO  o.a.s.AbstractActivitiSmartLifeCycle - [stop,95] - Stopping...
09:49:27.071 [Thread-9] INFO  o.a.s.AbstractActivitiSmartLifeCycle - [stop,99] - Stopped.
09:49:28.398 [Thread-9] INFO  o.q.c.QuartzScheduler - [shutdown,666] - Scheduler RuoyiScheduler_$_DESKTOP-GL3RGKM1788745597247 shutting down.
09:49:28.398 [Thread-9] INFO  o.q.c.QuartzScheduler - [standby,585] - Scheduler RuoyiScheduler_$_DESKTOP-GL3RGKM1788745597247 paused.
09:49:28.399 [Thread-9] INFO  o.q.c.QuartzScheduler - [shutdown,740] - Scheduler RuoyiScheduler_$_DESKTOP-GL3RGKM1788745597247 shutdown complete.
09:49:28.399 [Thread-9] INFO  sys-user - [shutdownAsyncManager,31] - ====关闭后台任务任务线程池====
09:49:28.408 [Thread-9] INFO  o.a.e.i.a.DefaultAsyncJobExecutor - [shutdown,212] - Shutting down the default async job executor [org.activiti.spring.SpringAsyncExecutor].
09:49:28.409 [activiti-acquire-async-jobs] INFO  o.a.e.i.a.AcquireAsyncJobsDueRunnable - [run,119] - {} stopped async job due acquisition
09:49:28.409 [activiti-reset-expired-jobs] INFO  o.a.e.i.a.ResetExpiredJobsRunnable - [run,103] - {} stopped resetting expired jobs
09:49:28.409 [activiti-acquire-timer-jobs] INFO  o.a.e.i.a.AcquireTimerJobsRunnable - [run,119] - {} stopped async job due acquisition
09:49:28.421 [Thread-9] INFO  c.a.d.p.DruidDataSource - [close,2032] - {dataSource-1} closing ...
09:49:28.426 [Thread-9] INFO  c.a.d.p.DruidDataSource - [close,2104] - {dataSource-1} closed
09:49:29.026 [restartedMain] INFO  c.r.RuoYiApplication - [logStarting,53] - Starting RuoYiApplication using Java 17.0.10 with PID 26692 (C:\Users\Administrator\Desktop\kcts\kcts\ruoyi-admin\target\classes started by Administrator in C:\Users\Administrator\Desktop\kcts)
09:49:29.027 [restartedMain] INFO  c.r.RuoYiApplication - [logStartupProfileInfo,658] - The following 1 profile is active: "local"
09:49:36.890 [restartedMain] INFO  c.r.RuoYiApplication - [logStarting,53] - Starting RuoYiApplication using Java 17.0.10 with PID 26692 (C:\Users\Administrator\Desktop\kcts\kcts\ruoyi-admin\target\classes started by Administrator in C:\Users\Administrator\Desktop\kcts)
09:49:36.891 [restartedMain] INFO  c.r.RuoYiApplication - [logStartupProfileInfo,658] - The following 1 profile is active: "local"
09:49:50.027 [restartedMain] INFO  o.a.c.c.AprLifecycleListener - [log,173] - An older version [1.2.35] of the Apache Tomcat Native library is installed, while Tomcat recommends a minimum version of [2.0.5]
09:49:50.027 [restartedMain] INFO  o.a.c.c.AprLifecycleListener - [log,173] - Loaded Apache Tomcat Native library [1.2.35] using APR version [1.7.0].
09:49:50.028 [restartedMain] INFO  o.a.c.c.AprLifecycleListener - [log,173] - OpenSSL successfully initialized [OpenSSL 1.1.1q  5 Jul 2022]
09:49:50.029 [restartedMain] INFO  o.a.c.c.StandardService - [log,173] - Starting service [Tomcat]
09:49:50.029 [restartedMain] INFO  o.a.c.c.StandardEngine - [log,173] - Starting Servlet engine: [Apache Tomcat/10.1.33]
09:49:50.464 [restartedMain] INFO  o.a.c.c.C.[.[.[/] - [log,173] - Initializing Spring embedded WebApplicationContext
09:49:58.073 [restartedMain] INFO  c.a.d.p.DruidDataSource - [init,985] - {dataSource-2} inited
09:50:11.996 [restartedMain] INFO  o.a.s.r.ResourceFinder - [discoverResources,49] - No process definitions were found for auto-deployment in the location `classpath*:**/processes/`
09:50:13.834 [restartedMain] INFO  o.a.s.r.ResourceFinder - [discoverResources,49] - No process extensions were found for auto-deployment in the location 'classpath*:**/processes/'
09:50:14.017 [restartedMain] INFO  o.a.e.i.c.ProcessEngineConfigurationImpl - [initConfigurators,1570] - Found 1 Process Engine Configurators in total:
09:50:14.017 [restartedMain] INFO  o.a.e.i.c.ProcessEngineConfigurationImpl - [initConfigurators,1572] - class org.activiti.spring.process.conf.ProcessExtensionsConfiguratorAutoConfiguration (priority:10000)
09:50:14.018 [restartedMain] INFO  o.a.e.i.c.ProcessEngineConfigurationImpl - [configuratorsBeforeInit,1582] - Executing beforeInit() of class org.activiti.spring.process.conf.ProcessExtensionsConfiguratorAutoConfiguration (priority:10000)
09:50:14.312 [restartedMain] INFO  o.a.e.i.c.ProcessEngineConfigurationImpl - [configuratorsAfterInit,1589] - Executing configure() of class org.activiti.spring.process.conf.ProcessExtensionsConfiguratorAutoConfiguration (priority:10000)
09:50:14.317 [restartedMain] INFO  o.a.e.i.ProcessEngineImpl - [<init>,78] - ProcessEngine default created
09:50:14.317 [restartedMain] INFO  o.a.e.i.a.DefaultAsyncJobExecutor - [start,173] - Starting up the default async job executor [org.activiti.spring.SpringAsyncExecutor].
09:50:14.317 [Thread-19] INFO  o.a.e.i.a.AcquireAsyncJobsDueRunnable - [run,49] - {} starting to acquire async jobs due
09:50:14.318 [Thread-20] INFO  o.a.e.i.a.AcquireTimerJobsRunnable - [run,53] - {} starting to acquire async jobs due
09:50:14.318 [Thread-21] INFO  o.a.e.i.a.ResetExpiredJobsRunnable - [run,55] - {} starting to reset expired jobs
09:50:14.361 [restartedMain] INFO  o.a.e.i.c.DeployCmd - [executeDeploy,103] - Launching new deployment with version: 1
09:50:17.401 [restartedMain] INFO  o.q.i.StdSchedulerFactory - [instantiate,1220] - Using default implementation for ThreadExecutor
09:50:17.405 [restartedMain] INFO  o.q.c.SchedulerSignalerImpl - [<init>,61] - Initialized Scheduler Signaller of type: class org.quartz.core.SchedulerSignalerImpl
09:50:17.405 [restartedMain] INFO  o.q.c.QuartzScheduler - [<init>,229] - Quartz Scheduler v.2.3.2 created.
09:50:17.405 [restartedMain] INFO  o.q.c.QuartzScheduler - [initialize,294] - Scheduler meta-data: Quartz Scheduler (v2.3.2) 'RuoyiScheduler' with instanceId 'DESKTOP-GL3RGKM1788745817403'
  Scheduler class: 'org.quartz.core.QuartzScheduler' - running locally.
  NOT STARTED.
  Currently in standby mode.
  Number of jobs executed: 0
  Using thread pool 'org.quartz.simpl.SimpleThreadPool' - with 20 threads.
  Using job-store 'org.springframework.scheduling.quartz.LocalDataSourceJobStore' - which supports persistence. and is clustered.

09:50:17.406 [restartedMain] INFO  o.q.i.StdSchedulerFactory - [instantiate,1374] - Quartz scheduler 'RuoyiScheduler' initialized from an externally provided properties instance.
09:50:17.406 [restartedMain] INFO  o.q.i.StdSchedulerFactory - [instantiate,1378] - Quartz scheduler version: 2.3.2
09:50:17.406 [restartedMain] INFO  o.q.c.QuartzScheduler - [setJobFactory,2293] - JobFactory set to: org.springframework.scheduling.quartz.AdaptableJobFactory@36eea681
09:50:20.997 [restartedMain] INFO  o.a.c.w.s.f.ReflectionServiceFactoryBean - [buildServiceFromClass,436] - Creating Service {http://impl.webservice.system.ruoyi.com/}OADeptServiceImplService from class com.ruoyi.system.webservice.impl.OADeptServiceImpl
09:50:21.557 [restartedMain] INFO  o.a.c.e.ServerImpl - [initDestination,95] - Setting the server's publish address to be /syncdep
09:50:21.604 [restartedMain] INFO  o.a.c.w.s.f.ReflectionServiceFactoryBean - [buildServiceFromClass,436] - Creating Service {http://impl.webservice.system.ruoyi.com/}OAUserServiceImplService from class com.ruoyi.system.webservice.impl.OAUserServiceImpl
09:50:21.788 [restartedMain] INFO  o.a.c.e.ServerImpl - [initDestination,95] - Setting the server's publish address to be /syncuser
09:50:21.796 [restartedMain] INFO  o.a.c.w.s.f.ReflectionServiceFactoryBean - [buildServiceFromClass,436] - Creating Service {http://ideal.sh.cn.tc}ICreateInfoServiceService from class com.ruoyi.system.webservice.createinfo.ICreateInfoService
09:50:34.103 [restartedMain] INFO  o.a.s.AbstractActivitiSmartLifeCycle - [start,81] - Starting...
09:50:34.767 [restartedMain] INFO  o.a.s.AbstractActivitiSmartLifeCycle - [start,86] - Started.
09:50:34.767 [restartedMain] INFO  o.a.s.AbstractActivitiSmartLifeCycle - [start,81] - Starting...
09:50:34.910 [restartedMain] INFO  o.a.s.AbstractActivitiSmartLifeCycle - [start,86] - Started.
09:50:34.910 [restartedMain] INFO  o.a.s.AbstractActivitiSmartLifeCycle - [start,81] - Starting...
09:50:35.220 [Quartz Scheduler [RuoyiScheduler]] INFO  o.q.c.QuartzScheduler - [start,547] - Scheduler RuoyiScheduler_$_DESKTOP-GL3RGKM1788745817403 started.
09:50:38.179 [restartedMain] INFO  o.a.s.AbstractActivitiSmartLifeCycle - [start,86] - Started.
09:50:38.179 [restartedMain] INFO  o.a.s.AbstractActivitiSmartLifeCycle - [start,81] - Starting...
09:50:42.979 [restartedMain] INFO  o.a.s.AbstractActivitiSmartLifeCycle - [start,86] - Started.
09:50:42.991 [restartedMain] INFO  c.r.RuoYiApplication - [logStarted,59] - Started RuoYiApplication in 66.358 seconds (process running for 268.601)
09:50:42.992 [SpringApplicationShutdownHook] INFO  o.q.c.QuartzScheduler - [standby,585] - Scheduler RuoyiScheduler_$_DESKTOP-GL3RGKM1788745817403 paused.
09:50:42.992 [SpringApplicationShutdownHook] INFO  o.a.s.AbstractActivitiSmartLifeCycle - [stop,95] - Stopping...
09:50:42.992 [SpringApplicationShutdownHook] INFO  o.a.s.AbstractActivitiSmartLifeCycle - [stop,99] - Stopped.
09:50:42.992 [SpringApplicationShutdownHook] INFO  o.a.s.AbstractActivitiSmartLifeCycle - [stop,95] - Stopping...
09:50:42.992 [SpringApplicationShutdownHook] INFO  o.a.s.AbstractActivitiSmartLifeCycle - [stop,99] - Stopped.
09:50:42.992 [SpringApplicationShutdownHook] INFO  o.a.s.AbstractActivitiSmartLifeCycle - [stop,95] - Stopping...
09:50:42.992 [SpringApplicationShutdownHook] INFO  o.a.s.AbstractActivitiSmartLifeCycle - [stop,99] - Stopped.
09:50:42.992 [SpringApplicationShutdownHook] INFO  o.a.s.AbstractActivitiSmartLifeCycle - [stop,95] - Stopping...
09:50:42.992 [SpringApplicationShutdownHook] INFO  o.a.s.AbstractActivitiSmartLifeCycle - [stop,99] - Stopped.
09:50:43.250 [restartedMain] INFO  c.r.w.k.SaslClient - [consume,109] - login user: admin
09:50:43.260 [restartedMain] INFO  o.a.k.c.c.ConsumerConfig - [logAll,347] - ConsumerConfig values: 
	allow.auto.create.topics = true
	auto.commit.interval.ms = 5000
	auto.offset.reset = earliest
	bootstrap.servers = [10.145.219.3:8423, 10.145.219.4:8423, 10.145.219.5:8423]
	check.crcs = true
	client.dns.lookup = default
	client.id = 
	client.rack = 
	connections.max.idle.ms = 540000
	default.api.timeout.ms = 60000
	enable.auto.commit = false
	exclude.internal.topics = true
	fetch.max.bytes = 52428800
	fetch.max.wait.ms = 500
	fetch.min.bytes = 1
	group.id = DE_C_HRMS_STIEP
	group.instance.id = null
	heartbeat.interval.ms = 3000
	interceptor.classes = []
	internal.leave.group.on.close = true
	isolation.level = read_uncommitted
	key.deserializer = class org.apache.kafka.common.serialization.StringDeserializer
	max.partition.fetch.bytes = 1048576
	max.poll.interval.ms = 300000
	max.poll.records = 30
	metadata.max.age.ms = 300000
	metric.reporters = []
	metrics.num.samples = 2
	metrics.recording.level = INFO
	metrics.sample.window.ms = 30000
	partition.assignment.strategy = [class org.apache.kafka.clients.consumer.RangeAssignor]
	receive.buffer.bytes = 65536
	reconnect.backoff.max.ms = 1000
	reconnect.backoff.ms = 50
	request.timeout.ms = 30000
	retry.backoff.ms = 100
	sasl.client.callback.handler.class = null
	sasl.jaas.config = [hidden]
	sasl.kerberos.kinit.cmd = /usr/bin/kinit
	sasl.kerberos.min.time.before.relogin = 60000
	sasl.kerberos.service.name = null
	sasl.kerberos.ticket.renew.jitter = 0.05
	sasl.kerberos.ticket.renew.window.factor = 0.8
	sasl.login.callback.handler.class = null
	sasl.login.class = null
	sasl.login.refresh.buffer.seconds = 300
	sasl.login.refresh.min.period.seconds = 60
	sasl.login.refresh.window.factor = 0.8
	sasl.login.refresh.window.jitter = 0.05
	sasl.mechanism = SCRAM-SHA-512
	security.protocol = SASL_PLAINTEXT
	send.buffer.bytes = 131072
	session.timeout.ms = 10000
	ssl.cipher.suites = null
	ssl.enabled.protocols = [TLSv1.2, TLSv1.1, TLSv1]
	ssl.endpoint.identification.algorithm = https
	ssl.key.password = null
	ssl.keymanager.algorithm = SunX509
	ssl.keystore.location = null
	ssl.keystore.password = null
	ssl.keystore.type = JKS
	ssl.protocol = TLS
	ssl.provider = null
	ssl.secure.random.implementation = null
	ssl.trustmanager.algorithm = PKIX
	ssl.truststore.location = null
	ssl.truststore.password = null
	ssl.truststore.type = JKS
	value.deserializer = class org.apache.kafka.common.serialization.StringDeserializer

09:50:43.265 [restartedMain] INFO  o.a.k.c.u.AppInfoParser - [<init>,117] - Kafka version: 2.3.0
09:50:43.265 [restartedMain] INFO  o.a.k.c.u.AppInfoParser - [<init>,118] - Kafka commitId: fc1aaa116b661c8a
09:50:43.265 [restartedMain] INFO  o.a.k.c.u.AppInfoParser - [<init>,119] - Kafka startTimeMs: 1788745843265
09:50:43.265 [restartedMain] INFO  o.a.k.c.c.KafkaConsumer - [subscribe,964] - [Consumer clientId=consumer-2, groupId=DE_C_HRMS_STIEP] Subscribed to topic(s): DE_HRMS_STIEP
09:50:43.266 [restartedMain] INFO  c.r.w.k.SaslClient - [consume,127] - start consumer kafka
09:50:43.984 [SpringApplicationShutdownHook] INFO  o.q.c.QuartzScheduler - [shutdown,666] - Scheduler RuoyiScheduler_$_DESKTOP-GL3RGKM1788745817403 shutting down.
09:50:43.984 [SpringApplicationShutdownHook] INFO  o.q.c.QuartzScheduler - [standby,585] - Scheduler RuoyiScheduler_$_DESKTOP-GL3RGKM1788745817403 paused.
09:50:43.984 [SpringApplicationShutdownHook] INFO  o.q.c.QuartzScheduler - [shutdown,740] - Scheduler RuoyiScheduler_$_DESKTOP-GL3RGKM1788745817403 shutdown complete.
09:50:43.984 [SpringApplicationShutdownHook] INFO  sys-user - [shutdownAsyncManager,31] - ====关闭后台任务任务线程池====
09:50:43.991 [SpringApplicationShutdownHook] INFO  o.a.e.i.a.DefaultAsyncJobExecutor - [shutdown,212] - Shutting down the default async job executor [org.activiti.spring.SpringAsyncExecutor].
09:50:43.991 [activiti-reset-expired-jobs] INFO  o.a.e.i.a.ResetExpiredJobsRunnable - [run,103] - {} stopped resetting expired jobs
09:50:43.991 [activiti-acquire-timer-jobs] INFO  o.a.e.i.a.AcquireTimerJobsRunnable - [run,119] - {} stopped async job due acquisition
09:50:43.991 [activiti-acquire-async-jobs] INFO  o.a.e.i.a.AcquireAsyncJobsDueRunnable - [run,119] - {} stopped async job due acquisition
09:50:43.996 [SpringApplicationShutdownHook] INFO  c.a.d.p.DruidDataSource - [close,2032] - {dataSource-2} closing ...
09:50:43.996 [SpringApplicationShutdownHook] INFO  c.a.d.p.DruidDataSource - [close,2104] - {dataSource-2} closed
10:22:29.645 [restartedMain] INFO  c.r.RuoYiApplication - [logStarting,53] - Starting RuoYiApplication using Java 17.0.10 with PID 24932 (C:\Users\Administrator\Desktop\kcts\kcts\ruoyi-admin\target\classes started by Administrator in C:\Users\Administrator\Desktop\kcts)
10:22:29.651 [restartedMain] INFO  c.r.RuoYiApplication - [logStartupProfileInfo,658] - The following 1 profile is active: "local"
10:24:27.142 [restartedMain] INFO  c.r.RuoYiApplication - [logStarting,53] - Starting RuoYiApplication using Java 17.0.10 with PID 19448 (C:\Users\Administrator\Desktop\kcts\kcts\ruoyi-admin\target\classes started by Administrator in C:\Users\Administrator\Desktop\kcts)
10:24:27.145 [restartedMain] INFO  c.r.RuoYiApplication - [logStartupProfileInfo,658] - The following 1 profile is active: "local"
10:24:32.865 [restartedMain] INFO  o.a.c.c.AprLifecycleListener - [log,173] - An older version [1.2.35] of the Apache Tomcat Native library is installed, while Tomcat recommends a minimum version of [2.0.5]
10:24:32.865 [restartedMain] INFO  o.a.c.c.AprLifecycleListener - [log,173] - Loaded Apache Tomcat Native library [1.2.35] using APR version [1.7.0].
10:24:32.868 [restartedMain] INFO  o.a.c.c.AprLifecycleListener - [log,173] - OpenSSL successfully initialized [OpenSSL 1.1.1q  5 Jul 2022]
10:24:32.893 [restartedMain] INFO  o.a.c.c.StandardService - [log,173] - Starting service [Tomcat]
10:24:32.893 [restartedMain] INFO  o.a.c.c.StandardEngine - [log,173] - Starting Servlet engine: [Apache Tomcat/10.1.33]
10:24:33.056 [restartedMain] INFO  o.a.c.c.C.[.[.[/] - [log,173] - Initializing Spring embedded WebApplicationContext
10:24:36.090 [restartedMain] INFO  c.a.d.p.DruidDataSource - [init,985] - {dataSource-1} inited
10:24:42.740 [restartedMain] INFO  o.a.s.r.ResourceFinder - [discoverResources,49] - No process definitions were found for auto-deployment in the location `classpath*:**/processes/`
10:24:44.711 [restartedMain] INFO  o.a.s.r.ResourceFinder - [discoverResources,49] - No process extensions were found for auto-deployment in the location 'classpath*:**/processes/'
10:24:44.963 [restartedMain] INFO  o.a.e.i.c.ProcessEngineConfigurationImpl - [initConfigurators,1570] - Found 1 Process Engine Configurators in total:
10:24:44.964 [restartedMain] INFO  o.a.e.i.c.ProcessEngineConfigurationImpl - [initConfigurators,1572] - class org.activiti.spring.process.conf.ProcessExtensionsConfiguratorAutoConfiguration (priority:10000)
10:24:44.965 [restartedMain] INFO  o.a.e.i.c.ProcessEngineConfigurationImpl - [configuratorsBeforeInit,1582] - Executing beforeInit() of class org.activiti.spring.process.conf.ProcessExtensionsConfiguratorAutoConfiguration (priority:10000)
10:24:45.661 [restartedMain] INFO  o.a.e.i.c.ProcessEngineConfigurationImpl - [configuratorsAfterInit,1589] - Executing configure() of class org.activiti.spring.process.conf.ProcessExtensionsConfiguratorAutoConfiguration (priority:10000)
10:24:45.686 [restartedMain] INFO  o.a.e.i.ProcessEngineImpl - [<init>,78] - ProcessEngine default created
10:24:45.689 [restartedMain] INFO  o.a.e.i.a.DefaultAsyncJobExecutor - [start,173] - Starting up the default async job executor [org.activiti.spring.SpringAsyncExecutor].
10:24:45.689 [Thread-4] INFO  o.a.e.i.a.AcquireAsyncJobsDueRunnable - [run,49] - {} starting to acquire async jobs due
10:24:45.689 [Thread-5] INFO  o.a.e.i.a.AcquireTimerJobsRunnable - [run,53] - {} starting to acquire async jobs due
10:24:45.689 [Thread-6] INFO  o.a.e.i.a.ResetExpiredJobsRunnable - [run,55] - {} starting to reset expired jobs
10:24:45.782 [restartedMain] INFO  o.a.e.i.c.DeployCmd - [executeDeploy,103] - Launching new deployment with version: 1
10:24:48.854 [restartedMain] INFO  o.q.i.StdSchedulerFactory - [instantiate,1220] - Using default implementation for ThreadExecutor
10:24:48.879 [restartedMain] INFO  o.q.c.SchedulerSignalerImpl - [<init>,61] - Initialized Scheduler Signaller of type: class org.quartz.core.SchedulerSignalerImpl
10:24:48.879 [restartedMain] INFO  o.q.c.QuartzScheduler - [<init>,229] - Quartz Scheduler v.2.3.2 created.
10:24:48.889 [restartedMain] INFO  o.q.c.QuartzScheduler - [initialize,294] - Scheduler meta-data: Quartz Scheduler (v2.3.2) 'RuoyiScheduler' with instanceId 'DESKTOP-GL3RGKM1788747888859'
  Scheduler class: 'org.quartz.core.QuartzScheduler' - running locally.
  NOT STARTED.
  Currently in standby mode.
  Number of jobs executed: 0
  Using thread pool 'org.quartz.simpl.SimpleThreadPool' - with 20 threads.
  Using job-store 'org.springframework.scheduling.quartz.LocalDataSourceJobStore' - which supports persistence. and is clustered.

10:24:48.890 [restartedMain] INFO  o.q.i.StdSchedulerFactory - [instantiate,1374] - Quartz scheduler 'RuoyiScheduler' initialized from an externally provided properties instance.
10:24:48.890 [restartedMain] INFO  o.q.i.StdSchedulerFactory - [instantiate,1378] - Quartz scheduler version: 2.3.2
10:24:48.893 [restartedMain] INFO  o.q.c.QuartzScheduler - [setJobFactory,2293] - JobFactory set to: org.springframework.scheduling.quartz.AdaptableJobFactory@3465956f
10:24:50.357 [restartedMain] INFO  o.a.c.w.s.f.ReflectionServiceFactoryBean - [buildServiceFromClass,436] - Creating Service {http://impl.webservice.system.ruoyi.com/}OADeptServiceImplService from class com.ruoyi.system.webservice.impl.OADeptServiceImpl
10:24:51.169 [restartedMain] INFO  o.a.c.e.ServerImpl - [initDestination,95] - Setting the server's publish address to be /syncdep
10:24:51.206 [restartedMain] INFO  o.a.c.w.s.f.ReflectionServiceFactoryBean - [buildServiceFromClass,436] - Creating Service {http://impl.webservice.system.ruoyi.com/}OAUserServiceImplService from class com.ruoyi.system.webservice.impl.OAUserServiceImpl
10:24:51.313 [restartedMain] INFO  o.a.c.e.ServerImpl - [initDestination,95] - Setting the server's publish address to be /syncuser
10:24:51.323 [restartedMain] INFO  o.a.c.w.s.f.ReflectionServiceFactoryBean - [buildServiceFromClass,436] - Creating Service {http://ideal.sh.cn.tc}ICreateInfoServiceService from class com.ruoyi.system.webservice.createinfo.ICreateInfoService
10:24:56.090 [restartedMain] INFO  o.a.s.AbstractActivitiSmartLifeCycle - [start,81] - Starting...
10:24:56.391 [restartedMain] INFO  o.a.s.AbstractActivitiSmartLifeCycle - [start,86] - Started.
10:24:56.391 [restartedMain] INFO  o.a.s.AbstractActivitiSmartLifeCycle - [start,81] - Starting...
10:24:56.431 [restartedMain] INFO  o.a.s.AbstractActivitiSmartLifeCycle - [start,86] - Started.
10:24:56.431 [restartedMain] INFO  o.a.s.AbstractActivitiSmartLifeCycle - [start,81] - Starting...
10:24:57.130 [Quartz Scheduler [RuoyiScheduler]] INFO  o.q.c.QuartzScheduler - [start,547] - Scheduler RuoyiScheduler_$_DESKTOP-GL3RGKM1788747888859 started.
10:24:57.915 [restartedMain] INFO  o.a.s.AbstractActivitiSmartLifeCycle - [start,86] - Started.
10:24:57.916 [restartedMain] INFO  o.a.s.AbstractActivitiSmartLifeCycle - [start,81] - Starting...
10:25:02.332 [restartedMain] INFO  o.a.s.AbstractActivitiSmartLifeCycle - [start,86] - Started.
10:25:02.359 [restartedMain] INFO  c.r.RuoYiApplication - [logStarted,59] - Started RuoYiApplication in 35.789 seconds (process running for 37.733)
10:25:02.659 [restartedMain] INFO  c.r.w.k.SaslClient - [consume,109] - login user: admin
10:25:02.716 [restartedMain] INFO  o.a.k.c.c.ConsumerConfig - [logAll,347] - ConsumerConfig values: 
	allow.auto.create.topics = true
	auto.commit.interval.ms = 5000
	auto.offset.reset = earliest
	bootstrap.servers = [10.145.219.3:8423, 10.145.219.4:8423, 10.145.219.5:8423]
	check.crcs = true
	client.dns.lookup = default
	client.id = 
	client.rack = 
	connections.max.idle.ms = 540000
	default.api.timeout.ms = 60000
	enable.auto.commit = false
	exclude.internal.topics = true
	fetch.max.bytes = 52428800
	fetch.max.wait.ms = 500
	fetch.min.bytes = 1
	group.id = DE_C_HRMS_STIEP
	group.instance.id = null
	heartbeat.interval.ms = 3000
	interceptor.classes = []
	internal.leave.group.on.close = true
	isolation.level = read_uncommitted
	key.deserializer = class org.apache.kafka.common.serialization.StringDeserializer
	max.partition.fetch.bytes = 1048576
	max.poll.interval.ms = 300000
	max.poll.records = 30
	metadata.max.age.ms = 300000
	metric.reporters = []
	metrics.num.samples = 2
	metrics.recording.level = INFO
	metrics.sample.window.ms = 30000
	partition.assignment.strategy = [class org.apache.kafka.clients.consumer.RangeAssignor]
	receive.buffer.bytes = 65536
	reconnect.backoff.max.ms = 1000
	reconnect.backoff.ms = 50
	request.timeout.ms = 30000
	retry.backoff.ms = 100
	sasl.client.callback.handler.class = null
	sasl.jaas.config = [hidden]
	sasl.kerberos.kinit.cmd = /usr/bin/kinit
	sasl.kerberos.min.time.before.relogin = 60000
	sasl.kerberos.service.name = null
	sasl.kerberos.ticket.renew.jitter = 0.05
	sasl.kerberos.ticket.renew.window.factor = 0.8
	sasl.login.callback.handler.class = null
	sasl.login.class = null
	sasl.login.refresh.buffer.seconds = 300
	sasl.login.refresh.min.period.seconds = 60
	sasl.login.refresh.window.factor = 0.8
	sasl.login.refresh.window.jitter = 0.05
	sasl.mechanism = SCRAM-SHA-512
	security.protocol = SASL_PLAINTEXT
	send.buffer.bytes = 131072
	session.timeout.ms = 10000
	ssl.cipher.suites = null
	ssl.enabled.protocols = [TLSv1.2, TLSv1.1, TLSv1]
	ssl.endpoint.identification.algorithm = https
	ssl.key.password = null
	ssl.keymanager.algorithm = SunX509
	ssl.keystore.location = null
	ssl.keystore.password = null
	ssl.keystore.type = JKS
	ssl.protocol = TLS
	ssl.provider = null
	ssl.secure.random.implementation = null
	ssl.trustmanager.algorithm = PKIX
	ssl.truststore.location = null
	ssl.truststore.password = null
	ssl.truststore.type = JKS
	value.deserializer = class org.apache.kafka.common.serialization.StringDeserializer

10:25:02.796 [restartedMain] INFO  o.a.k.c.s.a.AbstractLogin - [login,61] - Successfully logged in.
10:25:02.903 [restartedMain] INFO  o.a.k.c.u.AppInfoParser - [<init>,117] - Kafka version: 2.3.0
10:25:02.903 [restartedMain] INFO  o.a.k.c.u.AppInfoParser - [<init>,118] - Kafka commitId: fc1aaa116b661c8a
10:25:02.903 [restartedMain] INFO  o.a.k.c.u.AppInfoParser - [<init>,119] - Kafka startTimeMs: 1788747902898
10:25:02.906 [restartedMain] INFO  o.a.k.c.c.KafkaConsumer - [subscribe,964] - [Consumer clientId=consumer-1, groupId=DE_C_HRMS_STIEP] Subscribed to topic(s): DE_HRMS_STIEP
10:25:02.906 [restartedMain] INFO  c.r.w.k.SaslClient - [consume,127] - start consumer kafka
10:25:08.228 [http-nio-9587-exec-1] INFO  o.a.c.c.C.[.[.[/] - [log,173] - Initializing Spring DispatcherServlet 'dispatcherServlet'
10:25:08.605 [http-nio-9587-exec-9] INFO  c.r.f.w.s.TokenService - [getToken,237] - user: madaosen, backend Token: Bearer eyJhbGciOiJIUzUxMiJ9.eyJsb2dpbl91c2VyX2tleSI6IjA4MzM3NjgyLTFhYjItNDRlZC05OWFjLTk1MGQ3YjdhMWIxOSJ9.-HQwl7xa3Ky82jj7wI2p8EHSzJcqcZD2t3S0pe0jMKbFUif28a8VJUKcvJLACuEW8Vw7f0xYVWFguWgVJuvFoQ
10:25:08.605 [http-nio-9587-exec-2] INFO  c.r.f.w.s.TokenService - [getToken,237] - user: madaosen, backend Token: Bearer eyJhbGciOiJIUzUxMiJ9.eyJsb2dpbl91c2VyX2tleSI6IjA4MzM3NjgyLTFhYjItNDRlZC05OWFjLTk1MGQ3YjdhMWIxOSJ9.-HQwl7xa3Ky82jj7wI2p8EHSzJcqcZD2t3S0pe0jMKbFUif28a8VJUKcvJLACuEW8Vw7f0xYVWFguWgVJuvFoQ
10:25:08.607 [http-nio-9587-exec-4] INFO  c.r.f.w.s.TokenService - [getToken,237] - user: madaosen, backend Token: Bearer eyJhbGciOiJIUzUxMiJ9.eyJsb2dpbl91c2VyX2tleSI6IjA4MzM3NjgyLTFhYjItNDRlZC05OWFjLTk1MGQ3YjdhMWIxOSJ9.-HQwl7xa3Ky82jj7wI2p8EHSzJcqcZD2t3S0pe0jMKbFUif28a8VJUKcvJLACuEW8Vw7f0xYVWFguWgVJuvFoQ
10:25:08.607 [http-nio-9587-exec-7] INFO  c.r.f.w.s.TokenService - [getToken,237] - user: madaosen, backend Token: Bearer eyJhbGciOiJIUzUxMiJ9.eyJsb2dpbl91c2VyX2tleSI6IjA4MzM3NjgyLTFhYjItNDRlZC05OWFjLTk1MGQ3YjdhMWIxOSJ9.-HQwl7xa3Ky82jj7wI2p8EHSzJcqcZD2t3S0pe0jMKbFUif28a8VJUKcvJLACuEW8Vw7f0xYVWFguWgVJuvFoQ
10:25:08.607 [http-nio-9587-exec-1] INFO  c.r.f.w.s.TokenService - [getToken,237] - user: madaosen, backend Token: Bearer eyJhbGciOiJIUzUxMiJ9.eyJsb2dpbl91c2VyX2tleSI6IjA4MzM3NjgyLTFhYjItNDRlZC05OWFjLTk1MGQ3YjdhMWIxOSJ9.-HQwl7xa3Ky82jj7wI2p8EHSzJcqcZD2t3S0pe0jMKbFUif28a8VJUKcvJLACuEW8Vw7f0xYVWFguWgVJuvFoQ
10:25:08.607 [http-nio-9587-exec-5] INFO  c.r.f.w.s.TokenService - [getToken,237] - user: madaosen, backend Token: Bearer eyJhbGciOiJIUzUxMiJ9.eyJsb2dpbl91c2VyX2tleSI6IjA4MzM3NjgyLTFhYjItNDRlZC05OWFjLTk1MGQ3YjdhMWIxOSJ9.-HQwl7xa3Ky82jj7wI2p8EHSzJcqcZD2t3S0pe0jMKbFUif28a8VJUKcvJLACuEW8Vw7f0xYVWFguWgVJuvFoQ
10:25:08.803 [http-nio-9587-exec-6] INFO  c.r.f.w.s.TokenService - [getToken,237] - user: madaosen, backend Token: Bearer eyJhbGciOiJIUzUxMiJ9.eyJsb2dpbl91c2VyX2tleSI6IjA4MzM3NjgyLTFhYjItNDRlZC05OWFjLTk1MGQ3YjdhMWIxOSJ9.-HQwl7xa3Ky82jj7wI2p8EHSzJcqcZD2t3S0pe0jMKbFUif28a8VJUKcvJLACuEW8Vw7f0xYVWFguWgVJuvFoQ
10:25:08.852 [http-nio-9587-exec-3] INFO  c.r.f.w.s.TokenService - [getToken,237] - user: madaosen, backend Token: Bearer eyJhbGciOiJIUzUxMiJ9.eyJsb2dpbl91c2VyX2tleSI6IjA4MzM3NjgyLTFhYjItNDRlZC05OWFjLTk1MGQ3YjdhMWIxOSJ9.-HQwl7xa3Ky82jj7wI2p8EHSzJcqcZD2t3S0pe0jMKbFUif28a8VJUKcvJLACuEW8Vw7f0xYVWFguWgVJuvFoQ
10:25:09.689 [http-nio-9587-exec-9] INFO  c.r.f.w.s.TokenService - [getToken,237] - user: madaosen, backend Token: Bearer eyJhbGciOiJIUzUxMiJ9.eyJsb2dpbl91c2VyX2tleSI6IjA4MzM3NjgyLTFhYjItNDRlZC05OWFjLTk1MGQ3YjdhMWIxOSJ9.-HQwl7xa3Ky82jj7wI2p8EHSzJcqcZD2t3S0pe0jMKbFUif28a8VJUKcvJLACuEW8Vw7f0xYVWFguWgVJuvFoQ
10:25:09.689 [http-nio-9587-exec-3] INFO  c.r.f.w.s.TokenService - [getToken,237] - user: madaosen, backend Token: Bearer eyJhbGciOiJIUzUxMiJ9.eyJsb2dpbl91c2VyX2tleSI6IjA4MzM3NjgyLTFhYjItNDRlZC05OWFjLTk1MGQ3YjdhMWIxOSJ9.-HQwl7xa3Ky82jj7wI2p8EHSzJcqcZD2t3S0pe0jMKbFUif28a8VJUKcvJLACuEW8Vw7f0xYVWFguWgVJuvFoQ
10:25:09.689 [http-nio-9587-exec-6] INFO  c.r.f.w.s.TokenService - [getToken,237] - user: madaosen, backend Token: Bearer eyJhbGciOiJIUzUxMiJ9.eyJsb2dpbl91c2VyX2tleSI6IjA4MzM3NjgyLTFhYjItNDRlZC05OWFjLTk1MGQ3YjdhMWIxOSJ9.-HQwl7xa3Ky82jj7wI2p8EHSzJcqcZD2t3S0pe0jMKbFUif28a8VJUKcvJLACuEW8Vw7f0xYVWFguWgVJuvFoQ
10:25:09.758 [http-nio-9587-exec-2] INFO  c.r.f.w.s.TokenService - [getToken,237] - user: madaosen, backend Token: Bearer eyJhbGciOiJIUzUxMiJ9.eyJsb2dpbl91c2VyX2tleSI6IjA4MzM3NjgyLTFhYjItNDRlZC05OWFjLTk1MGQ3YjdhMWIxOSJ9.-HQwl7xa3Ky82jj7wI2p8EHSzJcqcZD2t3S0pe0jMKbFUif28a8VJUKcvJLACuEW8Vw7f0xYVWFguWgVJuvFoQ
10:25:09.845 [http-nio-9587-exec-8] INFO  c.r.f.w.s.TokenService - [getToken,237] - user: madaosen, backend Token: Bearer eyJhbGciOiJIUzUxMiJ9.eyJsb2dpbl91c2VyX2tleSI6IjA4MzM3NjgyLTFhYjItNDRlZC05OWFjLTk1MGQ3YjdhMWIxOSJ9.-HQwl7xa3Ky82jj7wI2p8EHSzJcqcZD2t3S0pe0jMKbFUif28a8VJUKcvJLACuEW8Vw7f0xYVWFguWgVJuvFoQ
10:25:09.845 [http-nio-9587-exec-3] INFO  c.r.f.w.s.TokenService - [getToken,237] - user: madaosen, backend Token: Bearer eyJhbGciOiJIUzUxMiJ9.eyJsb2dpbl91c2VyX2tleSI6IjA4MzM3NjgyLTFhYjItNDRlZC05OWFjLTk1MGQ3YjdhMWIxOSJ9.-HQwl7xa3Ky82jj7wI2p8EHSzJcqcZD2t3S0pe0jMKbFUif28a8VJUKcvJLACuEW8Vw7f0xYVWFguWgVJuvFoQ
10:25:09.846 [http-nio-9587-exec-5] INFO  c.r.f.w.s.TokenService - [getToken,237] - user: madaosen, backend Token: Bearer eyJhbGciOiJIUzUxMiJ9.eyJsb2dpbl91c2VyX2tleSI6IjA4MzM3NjgyLTFhYjItNDRlZC05OWFjLTk1MGQ3YjdhMWIxOSJ9.-HQwl7xa3Ky82jj7wI2p8EHSzJcqcZD2t3S0pe0jMKbFUif28a8VJUKcvJLACuEW8Vw7f0xYVWFguWgVJuvFoQ
10:25:10.008 [http-nio-9587-exec-6] INFO  c.r.f.w.s.TokenService - [getToken,237] - user: madaosen, backend Token: Bearer eyJhbGciOiJIUzUxMiJ9.eyJsb2dpbl91c2VyX2tleSI6IjA4MzM3NjgyLTFhYjItNDRlZC05OWFjLTk1MGQ3YjdhMWIxOSJ9.-HQwl7xa3Ky82jj7wI2p8EHSzJcqcZD2t3S0pe0jMKbFUif28a8VJUKcvJLACuEW8Vw7f0xYVWFguWgVJuvFoQ
10:25:11.294 [http-nio-9587-exec-2] INFO  c.r.f.w.s.TokenService - [getToken,237] - user: madaosen, backend Token: Bearer eyJhbGciOiJIUzUxMiJ9.eyJsb2dpbl91c2VyX2tleSI6IjA4MzM3NjgyLTFhYjItNDRlZC05OWFjLTk1MGQ3YjdhMWIxOSJ9.-HQwl7xa3Ky82jj7wI2p8EHSzJcqcZD2t3S0pe0jMKbFUif28a8VJUKcvJLACuEW8Vw7f0xYVWFguWgVJuvFoQ
10:25:11.354 [http-nio-9587-exec-3] INFO  c.r.f.w.s.TokenService - [getToken,237] - user: madaosen, backend Token: Bearer eyJhbGciOiJIUzUxMiJ9.eyJsb2dpbl91c2VyX2tleSI6IjA4MzM3NjgyLTFhYjItNDRlZC05OWFjLTk1MGQ3YjdhMWIxOSJ9.-HQwl7xa3Ky82jj7wI2p8EHSzJcqcZD2t3S0pe0jMKbFUif28a8VJUKcvJLACuEW8Vw7f0xYVWFguWgVJuvFoQ
10:25:11.355 [http-nio-9587-exec-9] INFO  c.r.f.w.s.TokenService - [getToken,237] - user: madaosen, backend Token: Bearer eyJhbGciOiJIUzUxMiJ9.eyJsb2dpbl91c2VyX2tleSI6IjA4MzM3NjgyLTFhYjItNDRlZC05OWFjLTk1MGQ3YjdhMWIxOSJ9.-HQwl7xa3Ky82jj7wI2p8EHSzJcqcZD2t3S0pe0jMKbFUif28a8VJUKcvJLACuEW8Vw7f0xYVWFguWgVJuvFoQ
10:25:11.355 [http-nio-9587-exec-2] INFO  c.r.f.w.s.TokenService - [getToken,237] - user: madaosen, backend Token: Bearer eyJhbGciOiJIUzUxMiJ9.eyJsb2dpbl91c2VyX2tleSI6IjA4MzM3NjgyLTFhYjItNDRlZC05OWFjLTk1MGQ3YjdhMWIxOSJ9.-HQwl7xa3Ky82jj7wI2p8EHSzJcqcZD2t3S0pe0jMKbFUif28a8VJUKcvJLACuEW8Vw7f0xYVWFguWgVJuvFoQ
10:25:11.355 [http-nio-9587-exec-6] INFO  c.r.f.w.s.TokenService - [getToken,237] - user: madaosen, backend Token: Bearer eyJhbGciOiJIUzUxMiJ9.eyJsb2dpbl91c2VyX2tleSI6IjA4MzM3NjgyLTFhYjItNDRlZC05OWFjLTk1MGQ3YjdhMWIxOSJ9.-HQwl7xa3Ky82jj7wI2p8EHSzJcqcZD2t3S0pe0jMKbFUif28a8VJUKcvJLACuEW8Vw7f0xYVWFguWgVJuvFoQ
10:25:11.356 [http-nio-9587-exec-1] INFO  c.r.f.w.s.TokenService - [getToken,237] - user: madaosen, backend Token: Bearer eyJhbGciOiJIUzUxMiJ9.eyJsb2dpbl91c2VyX2tleSI6IjA4MzM3NjgyLTFhYjItNDRlZC05OWFjLTk1MGQ3YjdhMWIxOSJ9.-HQwl7xa3Ky82jj7wI2p8EHSzJcqcZD2t3S0pe0jMKbFUif28a8VJUKcvJLACuEW8Vw7f0xYVWFguWgVJuvFoQ
10:25:11.382 [http-nio-9587-exec-8] INFO  c.r.f.w.s.TokenService - [getToken,237] - user: madaosen, backend Token: Bearer eyJhbGciOiJIUzUxMiJ9.eyJsb2dpbl91c2VyX2tleSI6IjA4MzM3NjgyLTFhYjItNDRlZC05OWFjLTk1MGQ3YjdhMWIxOSJ9.-HQwl7xa3Ky82jj7wI2p8EHSzJcqcZD2t3S0pe0jMKbFUif28a8VJUKcvJLACuEW8Vw7f0xYVWFguWgVJuvFoQ
10:25:11.424 [http-nio-9587-exec-7] INFO  c.r.f.w.s.TokenService - [getToken,237] - user: madaosen, backend Token: Bearer eyJhbGciOiJIUzUxMiJ9.eyJsb2dpbl91c2VyX2tleSI6IjA4MzM3NjgyLTFhYjItNDRlZC05OWFjLTk1MGQ3YjdhMWIxOSJ9.-HQwl7xa3Ky82jj7wI2p8EHSzJcqcZD2t3S0pe0jMKbFUif28a8VJUKcvJLACuEW8Vw7f0xYVWFguWgVJuvFoQ
10:25:11.429 [http-nio-9587-exec-4] INFO  c.r.f.w.s.TokenService - [getToken,237] - user: madaosen, backend Token: Bearer eyJhbGciOiJIUzUxMiJ9.eyJsb2dpbl91c2VyX2tleSI6IjA4MzM3NjgyLTFhYjItNDRlZC05OWFjLTk1MGQ3YjdhMWIxOSJ9.-HQwl7xa3Ky82jj7wI2p8EHSzJcqcZD2t3S0pe0jMKbFUif28a8VJUKcvJLACuEW8Vw7f0xYVWFguWgVJuvFoQ
10:25:11.444 [http-nio-9587-exec-10] INFO  c.r.f.w.s.TokenService - [getToken,237] - user: madaosen, backend Token: Bearer eyJhbGciOiJIUzUxMiJ9.eyJsb2dpbl91c2VyX2tleSI6IjA4MzM3NjgyLTFhYjItNDRlZC05OWFjLTk1MGQ3YjdhMWIxOSJ9.-HQwl7xa3Ky82jj7wI2p8EHSzJcqcZD2t3S0pe0jMKbFUif28a8VJUKcvJLACuEW8Vw7f0xYVWFguWgVJuvFoQ
10:25:11.482 [http-nio-9587-exec-5] INFO  c.r.f.w.s.TokenService - [getToken,237] - user: madaosen, backend Token: Bearer eyJhbGciOiJIUzUxMiJ9.eyJsb2dpbl91c2VyX2tleSI6IjA4MzM3NjgyLTFhYjItNDRlZC05OWFjLTk1MGQ3YjdhMWIxOSJ9.-HQwl7xa3Ky82jj7wI2p8EHSzJcqcZD2t3S0pe0jMKbFUif28a8VJUKcvJLACuEW8Vw7f0xYVWFguWgVJuvFoQ
10:25:11.492 [http-nio-9587-exec-9] INFO  c.r.f.w.s.TokenService - [getToken,237] - user: madaosen, backend Token: Bearer eyJhbGciOiJIUzUxMiJ9.eyJsb2dpbl91c2VyX2tleSI6IjA4MzM3NjgyLTFhYjItNDRlZC05OWFjLTk1MGQ3YjdhMWIxOSJ9.-HQwl7xa3Ky82jj7wI2p8EHSzJcqcZD2t3S0pe0jMKbFUif28a8VJUKcvJLACuEW8Vw7f0xYVWFguWgVJuvFoQ
10:25:11.561 [http-nio-9587-exec-3] INFO  c.r.f.w.s.TokenService - [getToken,237] - user: madaosen, backend Token: Bearer eyJhbGciOiJIUzUxMiJ9.eyJsb2dpbl91c2VyX2tleSI6IjA4MzM3NjgyLTFhYjItNDRlZC05OWFjLTk1MGQ3YjdhMWIxOSJ9.-HQwl7xa3Ky82jj7wI2p8EHSzJcqcZD2t3S0pe0jMKbFUif28a8VJUKcvJLACuEW8Vw7f0xYVWFguWgVJuvFoQ
10:25:11.564 [http-nio-9587-exec-2] INFO  c.r.f.w.s.TokenService - [getToken,237] - user: madaosen, backend Token: Bearer eyJhbGciOiJIUzUxMiJ9.eyJsb2dpbl91c2VyX2tleSI6IjA4MzM3NjgyLTFhYjItNDRlZC05OWFjLTk1MGQ3YjdhMWIxOSJ9.-HQwl7xa3Ky82jj7wI2p8EHSzJcqcZD2t3S0pe0jMKbFUif28a8VJUKcvJLACuEW8Vw7f0xYVWFguWgVJuvFoQ
10:25:11.605 [http-nio-9587-exec-4] INFO  c.r.f.w.s.TokenService - [getToken,237] - user: madaosen, backend Token: Bearer eyJhbGciOiJIUzUxMiJ9.eyJsb2dpbl91c2VyX2tleSI6IjA4MzM3NjgyLTFhYjItNDRlZC05OWFjLTk1MGQ3YjdhMWIxOSJ9.-HQwl7xa3Ky82jj7wI2p8EHSzJcqcZD2t3S0pe0jMKbFUif28a8VJUKcvJLACuEW8Vw7f0xYVWFguWgVJuvFoQ
10:25:11.629 [http-nio-9587-exec-9] INFO  c.r.f.w.s.TokenService - [getToken,237] - user: madaosen, backend Token: Bearer eyJhbGciOiJIUzUxMiJ9.eyJsb2dpbl91c2VyX2tleSI6IjA4MzM3NjgyLTFhYjItNDRlZC05OWFjLTk1MGQ3YjdhMWIxOSJ9.-HQwl7xa3Ky82jj7wI2p8EHSzJcqcZD2t3S0pe0jMKbFUif28a8VJUKcvJLACuEW8Vw7f0xYVWFguWgVJuvFoQ
10:25:11.630 [http-nio-9587-exec-1] INFO  c.r.f.w.s.TokenService - [getToken,237] - user: madaosen, backend Token: Bearer eyJhbGciOiJIUzUxMiJ9.eyJsb2dpbl91c2VyX2tleSI6IjA4MzM3NjgyLTFhYjItNDRlZC05OWFjLTk1MGQ3YjdhMWIxOSJ9.-HQwl7xa3Ky82jj7wI2p8EHSzJcqcZD2t3S0pe0jMKbFUif28a8VJUKcvJLACuEW8Vw7f0xYVWFguWgVJuvFoQ
10:25:11.638 [http-nio-9587-exec-5] INFO  c.r.f.w.s.TokenService - [getToken,237] - user: madaosen, backend Token: Bearer eyJhbGciOiJIUzUxMiJ9.eyJsb2dpbl91c2VyX2tleSI6IjA4MzM3NjgyLTFhYjItNDRlZC05OWFjLTk1MGQ3YjdhMWIxOSJ9.-HQwl7xa3Ky82jj7wI2p8EHSzJcqcZD2t3S0pe0jMKbFUif28a8VJUKcvJLACuEW8Vw7f0xYVWFguWgVJuvFoQ
10:25:11.715 [http-nio-9587-exec-8] INFO  c.r.f.w.s.TokenService - [getToken,237] - user: madaosen, backend Token: Bearer eyJhbGciOiJIUzUxMiJ9.eyJsb2dpbl91c2VyX2tleSI6IjA4MzM3NjgyLTFhYjItNDRlZC05OWFjLTk1MGQ3YjdhMWIxOSJ9.-HQwl7xa3Ky82jj7wI2p8EHSzJcqcZD2t3S0pe0jMKbFUif28a8VJUKcvJLACuEW8Vw7f0xYVWFguWgVJuvFoQ
10:25:11.717 [http-nio-9587-exec-9] INFO  c.r.f.w.s.TokenService - [getToken,237] - user: madaosen, backend Token: Bearer eyJhbGciOiJIUzUxMiJ9.eyJsb2dpbl91c2VyX2tleSI6IjA4MzM3NjgyLTFhYjItNDRlZC05OWFjLTk1MGQ3YjdhMWIxOSJ9.-HQwl7xa3Ky82jj7wI2p8EHSzJcqcZD2t3S0pe0jMKbFUif28a8VJUKcvJLACuEW8Vw7f0xYVWFguWgVJuvFoQ
10:25:11.718 [http-nio-9587-exec-5] INFO  c.r.f.w.s.TokenService - [getToken,237] - user: madaosen, backend Token: Bearer eyJhbGciOiJIUzUxMiJ9.eyJsb2dpbl91c2VyX2tleSI6IjA4MzM3NjgyLTFhYjItNDRlZC05OWFjLTk1MGQ3YjdhMWIxOSJ9.-HQwl7xa3Ky82jj7wI2p8EHSzJcqcZD2t3S0pe0jMKbFUif28a8VJUKcvJLACuEW8Vw7f0xYVWFguWgVJuvFoQ
10:25:11.813 [http-nio-9587-exec-3] INFO  c.r.f.w.s.TokenService - [getToken,237] - user: madaosen, backend Token: Bearer eyJhbGciOiJIUzUxMiJ9.eyJsb2dpbl91c2VyX2tleSI6IjA4MzM3NjgyLTFhYjItNDRlZC05OWFjLTk1MGQ3YjdhMWIxOSJ9.-HQwl7xa3Ky82jj7wI2p8EHSzJcqcZD2t3S0pe0jMKbFUif28a8VJUKcvJLACuEW8Vw7f0xYVWFguWgVJuvFoQ
10:25:17.779 [http-nio-9587-exec-2] INFO  c.r.f.w.s.TokenService - [getToken,237] - user: madaosen, backend Token: Bearer eyJhbGciOiJIUzUxMiJ9.eyJsb2dpbl91c2VyX2tleSI6IjA4MzM3NjgyLTFhYjItNDRlZC05OWFjLTk1MGQ3YjdhMWIxOSJ9.-HQwl7xa3Ky82jj7wI2p8EHSzJcqcZD2t3S0pe0jMKbFUif28a8VJUKcvJLACuEW8Vw7f0xYVWFguWgVJuvFoQ
10:25:19.058 [http-nio-9587-exec-10] INFO  c.r.f.w.s.TokenService - [getToken,237] - user: madaosen, backend Token: Bearer eyJhbGciOiJIUzUxMiJ9.eyJsb2dpbl91c2VyX2tleSI6IjA4MzM3NjgyLTFhYjItNDRlZC05OWFjLTk1MGQ3YjdhMWIxOSJ9.-HQwl7xa3Ky82jj7wI2p8EHSzJcqcZD2t3S0pe0jMKbFUif28a8VJUKcvJLACuEW8Vw7f0xYVWFguWgVJuvFoQ
10:25:19.059 [http-nio-9587-exec-2] INFO  c.r.f.w.s.TokenService - [getToken,237] - user: madaosen, backend Token: Bearer eyJhbGciOiJIUzUxMiJ9.eyJsb2dpbl91c2VyX2tleSI6IjA4MzM3NjgyLTFhYjItNDRlZC05OWFjLTk1MGQ3YjdhMWIxOSJ9.-HQwl7xa3Ky82jj7wI2p8EHSzJcqcZD2t3S0pe0jMKbFUif28a8VJUKcvJLACuEW8Vw7f0xYVWFguWgVJuvFoQ
10:25:19.059 [http-nio-9587-exec-3] INFO  c.r.f.w.s.TokenService - [getToken,237] - user: madaosen, backend Token: Bearer eyJhbGciOiJIUzUxMiJ9.eyJsb2dpbl91c2VyX2tleSI6IjA4MzM3NjgyLTFhYjItNDRlZC05OWFjLTk1MGQ3YjdhMWIxOSJ9.-HQwl7xa3Ky82jj7wI2p8EHSzJcqcZD2t3S0pe0jMKbFUif28a8VJUKcvJLACuEW8Vw7f0xYVWFguWgVJuvFoQ
10:25:19.063 [http-nio-9587-exec-9] INFO  c.r.f.w.s.TokenService - [getToken,237] - user: madaosen, backend Token: Bearer eyJhbGciOiJIUzUxMiJ9.eyJsb2dpbl91c2VyX2tleSI6IjA4MzM3NjgyLTFhYjItNDRlZC05OWFjLTk1MGQ3YjdhMWIxOSJ9.-HQwl7xa3Ky82jj7wI2p8EHSzJcqcZD2t3S0pe0jMKbFUif28a8VJUKcvJLACuEW8Vw7f0xYVWFguWgVJuvFoQ
10:25:19.064 [http-nio-9587-exec-6] INFO  c.r.f.w.s.TokenService - [getToken,237] - user: madaosen, backend Token: Bearer eyJhbGciOiJIUzUxMiJ9.eyJsb2dpbl91c2VyX2tleSI6IjA4MzM3NjgyLTFhYjItNDRlZC05OWFjLTk1MGQ3YjdhMWIxOSJ9.-HQwl7xa3Ky82jj7wI2p8EHSzJcqcZD2t3S0pe0jMKbFUif28a8VJUKcvJLACuEW8Vw7f0xYVWFguWgVJuvFoQ
10:25:19.066 [http-nio-9587-exec-4] INFO  c.r.f.w.s.TokenService - [getToken,237] - user: madaosen, backend Token: Bearer eyJhbGciOiJIUzUxMiJ9.eyJsb2dpbl91c2VyX2tleSI6IjA4MzM3NjgyLTFhYjItNDRlZC05OWFjLTk1MGQ3YjdhMWIxOSJ9.-HQwl7xa3Ky82jj7wI2p8EHSzJcqcZD2t3S0pe0jMKbFUif28a8VJUKcvJLACuEW8Vw7f0xYVWFguWgVJuvFoQ
10:25:19.097 [http-nio-9587-exec-6] INFO  c.r.f.w.s.TokenService - [getToken,237] - user: madaosen, backend Token: Bearer eyJhbGciOiJIUzUxMiJ9.eyJsb2dpbl91c2VyX2tleSI6IjA4MzM3NjgyLTFhYjItNDRlZC05OWFjLTk1MGQ3YjdhMWIxOSJ9.-HQwl7xa3Ky82jj7wI2p8EHSzJcqcZD2t3S0pe0jMKbFUif28a8VJUKcvJLACuEW8Vw7f0xYVWFguWgVJuvFoQ
10:25:19.105 [http-nio-9587-exec-4] INFO  c.r.f.w.s.TokenService - [getToken,237] - user: madaosen, backend Token: Bearer eyJhbGciOiJIUzUxMiJ9.eyJsb2dpbl91c2VyX2tleSI6IjA4MzM3NjgyLTFhYjItNDRlZC05OWFjLTk1MGQ3YjdhMWIxOSJ9.-HQwl7xa3Ky82jj7wI2p8EHSzJcqcZD2t3S0pe0jMKbFUif28a8VJUKcvJLACuEW8Vw7f0xYVWFguWgVJuvFoQ
10:25:19.109 [http-nio-9587-exec-7] INFO  c.r.f.w.s.TokenService - [getToken,237] - user: madaosen, backend Token: Bearer eyJhbGciOiJIUzUxMiJ9.eyJsb2dpbl91c2VyX2tleSI6IjA4MzM3NjgyLTFhYjItNDRlZC05OWFjLTk1MGQ3YjdhMWIxOSJ9.-HQwl7xa3Ky82jj7wI2p8EHSzJcqcZD2t3S0pe0jMKbFUif28a8VJUKcvJLACuEW8Vw7f0xYVWFguWgVJuvFoQ
10:25:19.133 [http-nio-9587-exec-8] INFO  c.r.f.w.s.TokenService - [getToken,237] - user: madaosen, backend Token: Bearer eyJhbGciOiJIUzUxMiJ9.eyJsb2dpbl91c2VyX2tleSI6IjA4MzM3NjgyLTFhYjItNDRlZC05OWFjLTk1MGQ3YjdhMWIxOSJ9.-HQwl7xa3Ky82jj7wI2p8EHSzJcqcZD2t3S0pe0jMKbFUif28a8VJUKcvJLACuEW8Vw7f0xYVWFguWgVJuvFoQ
10:25:19.156 [http-nio-9587-exec-1] INFO  c.r.f.w.s.TokenService - [getToken,237] - user: madaosen, backend Token: Bearer eyJhbGciOiJIUzUxMiJ9.eyJsb2dpbl91c2VyX2tleSI6IjA4MzM3NjgyLTFhYjItNDRlZC05OWFjLTk1MGQ3YjdhMWIxOSJ9.-HQwl7xa3Ky82jj7wI2p8EHSzJcqcZD2t3S0pe0jMKbFUif28a8VJUKcvJLACuEW8Vw7f0xYVWFguWgVJuvFoQ
10:25:19.200 [http-nio-9587-exec-5] INFO  c.r.f.w.s.TokenService - [getToken,237] - user: madaosen, backend Token: Bearer eyJhbGciOiJIUzUxMiJ9.eyJsb2dpbl91c2VyX2tleSI6IjA4MzM3NjgyLTFhYjItNDRlZC05OWFjLTk1MGQ3YjdhMWIxOSJ9.-HQwl7xa3Ky82jj7wI2p8EHSzJcqcZD2t3S0pe0jMKbFUif28a8VJUKcvJLACuEW8Vw7f0xYVWFguWgVJuvFoQ
10:25:19.210 [http-nio-9587-exec-6] INFO  c.r.f.w.s.TokenService - [getToken,237] - user: madaosen, backend Token: Bearer eyJhbGciOiJIUzUxMiJ9.eyJsb2dpbl91c2VyX2tleSI6IjA4MzM3NjgyLTFhYjItNDRlZC05OWFjLTk1MGQ3YjdhMWIxOSJ9.-HQwl7xa3Ky82jj7wI2p8EHSzJcqcZD2t3S0pe0jMKbFUif28a8VJUKcvJLACuEW8Vw7f0xYVWFguWgVJuvFoQ
10:25:19.227 [http-nio-9587-exec-7] INFO  c.r.f.w.s.TokenService - [getToken,237] - user: madaosen, backend Token: Bearer eyJhbGciOiJIUzUxMiJ9.eyJsb2dpbl91c2VyX2tleSI6IjA4MzM3NjgyLTFhYjItNDRlZC05OWFjLTk1MGQ3YjdhMWIxOSJ9.-HQwl7xa3Ky82jj7wI2p8EHSzJcqcZD2t3S0pe0jMKbFUif28a8VJUKcvJLACuEW8Vw7f0xYVWFguWgVJuvFoQ
10:25:19.251 [http-nio-9587-exec-9] INFO  c.r.f.w.s.TokenService - [getToken,237] - user: madaosen, backend Token: Bearer eyJhbGciOiJIUzUxMiJ9.eyJsb2dpbl91c2VyX2tleSI6IjA4MzM3NjgyLTFhYjItNDRlZC05OWFjLTk1MGQ3YjdhMWIxOSJ9.-HQwl7xa3Ky82jj7wI2p8EHSzJcqcZD2t3S0pe0jMKbFUif28a8VJUKcvJLACuEW8Vw7f0xYVWFguWgVJuvFoQ
10:25:19.253 [http-nio-9587-exec-4] INFO  c.r.f.w.s.TokenService - [getToken,237] - user: madaosen, backend Token: Bearer eyJhbGciOiJIUzUxMiJ9.eyJsb2dpbl91c2VyX2tleSI6IjA4MzM3NjgyLTFhYjItNDRlZC05OWFjLTk1MGQ3YjdhMWIxOSJ9.-HQwl7xa3Ky82jj7wI2p8EHSzJcqcZD2t3S0pe0jMKbFUif28a8VJUKcvJLACuEW8Vw7f0xYVWFguWgVJuvFoQ
10:25:19.274 [http-nio-9587-exec-2] INFO  c.r.f.w.s.TokenService - [getToken,237] - user: madaosen, backend Token: Bearer eyJhbGciOiJIUzUxMiJ9.eyJsb2dpbl91c2VyX2tleSI6IjA4MzM3NjgyLTFhYjItNDRlZC05OWFjLTk1MGQ3YjdhMWIxOSJ9.-HQwl7xa3Ky82jj7wI2p8EHSzJcqcZD2t3S0pe0jMKbFUif28a8VJUKcvJLACuEW8Vw7f0xYVWFguWgVJuvFoQ
10:25:19.292 [http-nio-9587-exec-5] INFO  c.r.f.w.s.TokenService - [getToken,237] - user: madaosen, backend Token: Bearer eyJhbGciOiJIUzUxMiJ9.eyJsb2dpbl91c2VyX2tleSI6IjA4MzM3NjgyLTFhYjItNDRlZC05OWFjLTk1MGQ3YjdhMWIxOSJ9.-HQwl7xa3Ky82jj7wI2p8EHSzJcqcZD2t3S0pe0jMKbFUif28a8VJUKcvJLACuEW8Vw7f0xYVWFguWgVJuvFoQ
10:25:19.296 [http-nio-9587-exec-1] INFO  c.r.f.w.s.TokenService - [getToken,237] - user: madaosen, backend Token: Bearer eyJhbGciOiJIUzUxMiJ9.eyJsb2dpbl91c2VyX2tleSI6IjA4MzM3NjgyLTFhYjItNDRlZC05OWFjLTk1MGQ3YjdhMWIxOSJ9.-HQwl7xa3Ky82jj7wI2p8EHSzJcqcZD2t3S0pe0jMKbFUif28a8VJUKcvJLACuEW8Vw7f0xYVWFguWgVJuvFoQ
10:25:19.485 [http-nio-9587-exec-5] INFO  c.r.f.w.s.TokenService - [getToken,237] - user: madaosen, backend Token: Bearer eyJhbGciOiJIUzUxMiJ9.eyJsb2dpbl91c2VyX2tleSI6IjA4MzM3NjgyLTFhYjItNDRlZC05OWFjLTk1MGQ3YjdhMWIxOSJ9.-HQwl7xa3Ky82jj7wI2p8EHSzJcqcZD2t3S0pe0jMKbFUif28a8VJUKcvJLACuEW8Vw7f0xYVWFguWgVJuvFoQ
10:25:19.485 [http-nio-9587-exec-7] INFO  c.r.f.w.s.TokenService - [getToken,237] - user: madaosen, backend Token: Bearer eyJhbGciOiJIUzUxMiJ9.eyJsb2dpbl91c2VyX2tleSI6IjA4MzM3NjgyLTFhYjItNDRlZC05OWFjLTk1MGQ3YjdhMWIxOSJ9.-HQwl7xa3Ky82jj7wI2p8EHSzJcqcZD2t3S0pe0jMKbFUif28a8VJUKcvJLACuEW8Vw7f0xYVWFguWgVJuvFoQ
10:25:19.485 [http-nio-9587-exec-2] INFO  c.r.f.w.s.TokenService - [getToken,237] - user: madaosen, backend Token: Bearer eyJhbGciOiJIUzUxMiJ9.eyJsb2dpbl91c2VyX2tleSI6IjA4MzM3NjgyLTFhYjItNDRlZC05OWFjLTk1MGQ3YjdhMWIxOSJ9.-HQwl7xa3Ky82jj7wI2p8EHSzJcqcZD2t3S0pe0jMKbFUif28a8VJUKcvJLACuEW8Vw7f0xYVWFguWgVJuvFoQ
10:25:19.516 [http-nio-9587-exec-8] INFO  c.r.f.w.s.TokenService - [getToken,237] - user: madaosen, backend Token: Bearer eyJhbGciOiJIUzUxMiJ9.eyJsb2dpbl91c2VyX2tleSI6IjA4MzM3NjgyLTFhYjItNDRlZC05OWFjLTk1MGQ3YjdhMWIxOSJ9.-HQwl7xa3Ky82jj7wI2p8EHSzJcqcZD2t3S0pe0jMKbFUif28a8VJUKcvJLACuEW8Vw7f0xYVWFguWgVJuvFoQ
10:25:19.538 [http-nio-9587-exec-4] INFO  c.r.f.w.s.TokenService - [getToken,237] - user: madaosen, backend Token: Bearer eyJhbGciOiJIUzUxMiJ9.eyJsb2dpbl91c2VyX2tleSI6IjA4MzM3NjgyLTFhYjItNDRlZC05OWFjLTk1MGQ3YjdhMWIxOSJ9.-HQwl7xa3Ky82jj7wI2p8EHSzJcqcZD2t3S0pe0jMKbFUif28a8VJUKcvJLACuEW8Vw7f0xYVWFguWgVJuvFoQ
10:25:19.538 [http-nio-9587-exec-7] INFO  c.r.f.w.s.TokenService - [getToken,237] - user: madaosen, backend Token: Bearer eyJhbGciOiJIUzUxMiJ9.eyJsb2dpbl91c2VyX2tleSI6IjA4MzM3NjgyLTFhYjItNDRlZC05OWFjLTk1MGQ3YjdhMWIxOSJ9.-HQwl7xa3Ky82jj7wI2p8EHSzJcqcZD2t3S0pe0jMKbFUif28a8VJUKcvJLACuEW8Vw7f0xYVWFguWgVJuvFoQ
10:25:19.540 [http-nio-9587-exec-2] INFO  c.r.f.w.s.TokenService - [getToken,237] - user: madaosen, backend Token: Bearer eyJhbGciOiJIUzUxMiJ9.eyJsb2dpbl91c2VyX2tleSI6IjA4MzM3NjgyLTFhYjItNDRlZC05OWFjLTk1MGQ3YjdhMWIxOSJ9.-HQwl7xa3Ky82jj7wI2p8EHSzJcqcZD2t3S0pe0jMKbFUif28a8VJUKcvJLACuEW8Vw7f0xYVWFguWgVJuvFoQ
10:25:19.613 [http-nio-9587-exec-6] INFO  c.r.f.w.s.TokenService - [getToken,237] - user: madaosen, backend Token: Bearer eyJhbGciOiJIUzUxMiJ9.eyJsb2dpbl91c2VyX2tleSI6IjA4MzM3NjgyLTFhYjItNDRlZC05OWFjLTk1MGQ3YjdhMWIxOSJ9.-HQwl7xa3Ky82jj7wI2p8EHSzJcqcZD2t3S0pe0jMKbFUif28a8VJUKcvJLACuEW8Vw7f0xYVWFguWgVJuvFoQ
10:25:19.613 [http-nio-9587-exec-3] INFO  c.r.f.w.s.TokenService - [getToken,237] - user: madaosen, backend Token: Bearer eyJhbGciOiJIUzUxMiJ9.eyJsb2dpbl91c2VyX2tleSI6IjA4MzM3NjgyLTFhYjItNDRlZC05OWFjLTk1MGQ3YjdhMWIxOSJ9.-HQwl7xa3Ky82jj7wI2p8EHSzJcqcZD2t3S0pe0jMKbFUif28a8VJUKcvJLACuEW8Vw7f0xYVWFguWgVJuvFoQ
10:25:19.613 [http-nio-9587-exec-10] INFO  c.r.f.w.s.TokenService - [getToken,237] - user: madaosen, backend Token: Bearer eyJhbGciOiJIUzUxMiJ9.eyJsb2dpbl91c2VyX2tleSI6IjA4MzM3NjgyLTFhYjItNDRlZC05OWFjLTk1MGQ3YjdhMWIxOSJ9.-HQwl7xa3Ky82jj7wI2p8EHSzJcqcZD2t3S0pe0jMKbFUif28a8VJUKcvJLACuEW8Vw7f0xYVWFguWgVJuvFoQ
10:25:19.633 [http-nio-9587-exec-4] INFO  c.r.f.w.s.TokenService - [getToken,237] - user: madaosen, backend Token: Bearer eyJhbGciOiJIUzUxMiJ9.eyJsb2dpbl91c2VyX2tleSI6IjA4MzM3NjgyLTFhYjItNDRlZC05OWFjLTk1MGQ3YjdhMWIxOSJ9.-HQwl7xa3Ky82jj7wI2p8EHSzJcqcZD2t3S0pe0jMKbFUif28a8VJUKcvJLACuEW8Vw7f0xYVWFguWgVJuvFoQ
10:25:19.647 [http-nio-9587-exec-1] INFO  c.r.f.w.s.TokenService - [getToken,237] - user: madaosen, backend Token: Bearer eyJhbGciOiJIUzUxMiJ9.eyJsb2dpbl91c2VyX2tleSI6IjA4MzM3NjgyLTFhYjItNDRlZC05OWFjLTk1MGQ3YjdhMWIxOSJ9.-HQwl7xa3Ky82jj7wI2p8EHSzJcqcZD2t3S0pe0jMKbFUif28a8VJUKcvJLACuEW8Vw7f0xYVWFguWgVJuvFoQ
10:25:19.647 [http-nio-9587-exec-8] INFO  c.r.f.w.s.TokenService - [getToken,237] - user: madaosen, backend Token: Bearer eyJhbGciOiJIUzUxMiJ9.eyJsb2dpbl91c2VyX2tleSI6IjA4MzM3NjgyLTFhYjItNDRlZC05OWFjLTk1MGQ3YjdhMWIxOSJ9.-HQwl7xa3Ky82jj7wI2p8EHSzJcqcZD2t3S0pe0jMKbFUif28a8VJUKcvJLACuEW8Vw7f0xYVWFguWgVJuvFoQ
10:25:19.647 [http-nio-9587-exec-6] INFO  c.r.f.w.s.TokenService - [getToken,237] - user: madaosen, backend Token: Bearer eyJhbGciOiJIUzUxMiJ9.eyJsb2dpbl91c2VyX2tleSI6IjA4MzM3NjgyLTFhYjItNDRlZC05OWFjLTk1MGQ3YjdhMWIxOSJ9.-HQwl7xa3Ky82jj7wI2p8EHSzJcqcZD2t3S0pe0jMKbFUif28a8VJUKcvJLACuEW8Vw7f0xYVWFguWgVJuvFoQ
10:25:19.718 [http-nio-9587-exec-10] INFO  c.r.f.w.s.TokenService - [getToken,237] - user: madaosen, backend Token: Bearer eyJhbGciOiJIUzUxMiJ9.eyJsb2dpbl91c2VyX2tleSI6IjA4MzM3NjgyLTFhYjItNDRlZC05OWFjLTk1MGQ3YjdhMWIxOSJ9.-HQwl7xa3Ky82jj7wI2p8EHSzJcqcZD2t3S0pe0jMKbFUif28a8VJUKcvJLACuEW8Vw7f0xYVWFguWgVJuvFoQ
10:26:37.899 [http-nio-9587-exec-6] INFO  c.r.f.w.s.TokenService - [getToken,237] - user: madaosen, backend Token: Bearer eyJhbGciOiJIUzUxMiJ9.eyJsb2dpbl91c2VyX2tleSI6IjA4MzM3NjgyLTFhYjItNDRlZC05OWFjLTk1MGQ3YjdhMWIxOSJ9.-HQwl7xa3Ky82jj7wI2p8EHSzJcqcZD2t3S0pe0jMKbFUif28a8VJUKcvJLACuEW8Vw7f0xYVWFguWgVJuvFoQ
10:26:38.127 [http-nio-9587-exec-6] INFO  c.r.c.u.f.FileTypeDetector - [detectMimeType,32] - 文件名: 承担单位办公会议纪要.docx, 声明的ContentType: application/vnd.openxmlformats-officedocument.wordprocessingml.document, Tika检测到的真实类型: application/vnd.openxmlformats-officedocument.wordprocessingml.document
10:26:38.127 [http-nio-9587-exec-6] INFO  c.r.w.c.s.SysFileController - [upload,299] - 上传文件: 承担单位办公会议纪要.docx, 声明的ContentType: application/vnd.openxmlformats-officedocument.wordprocessingml.document, Tika检测到的真实类型: application/vnd.openxmlformats-officedocument.wordprocessingml.document
10:26:38.128 [http-nio-9587-exec-6] INFO  c.r.w.c.s.SysFileController - [upload,309] - 文件类型直接匹配白名单: 承担单位办公会议纪要.docx -> application/vnd.openxmlformats-officedocument.wordprocessingml.document
10:26:38.128 [http-nio-9587-exec-6] INFO  c.r.w.c.s.SysFileController - [upload,331] - 文件类型校验通过: 承担单位办公会议纪要.docx, 真实类型: application/vnd.openxmlformats-officedocument.wordprocessingml.document
10:26:38.463 [http-nio-9587-exec-6] INFO  c.r.s.s.i.SysFileServiceImpl - [upload,233] - oss文件上传成功=====>prod/upload/2026/09/07/032ad0f2-dec0-4a88-a964-0d2bc8908bdc.docx
10:26:40.551 [http-nio-9587-exec-10] INFO  c.r.f.w.s.TokenService - [getToken,237] - user: madaosen, backend Token: Bearer eyJhbGciOiJIUzUxMiJ9.eyJsb2dpbl91c2VyX2tleSI6IjA4MzM3NjgyLTFhYjItNDRlZC05OWFjLTk1MGQ3YjdhMWIxOSJ9.-HQwl7xa3Ky82jj7wI2p8EHSzJcqcZD2t3S0pe0jMKbFUif28a8VJUKcvJLACuEW8Vw7f0xYVWFguWgVJuvFoQ
10:26:40.697 [http-nio-9587-exec-10] INFO  c.r.w.l.TaskEventV2Listener - [onEvent,105] - EVENT :TASK_ASSIGNED
10:26:40.746 [http-nio-9587-exec-10] INFO  c.r.w.l.TaskEventV2Listener - [onEvent,105] - EVENT :TASK_COMPLETED
10:26:40.747 [http-nio-9587-exec-10] INFO  c.r.w.l.TaskEventV2Listener - [onEvent,121] - username :madaosen
10:26:40.977 [http-nio-9587-exec-10] INFO  c.r.w.l.TaskEventV2Listener - [onEvent,105] - EVENT :TASK_CREATED
10:26:40.980 [http-nio-9587-exec-10] INFO  c.r.f.w.s.TokenService - [getToken,237] - user: madaosen, backend Token: Bearer eyJhbGciOiJIUzUxMiJ9.eyJsb2dpbl91c2VyX2tleSI6IjA4MzM3NjgyLTFhYjItNDRlZC05OWFjLTk1MGQ3YjdhMWIxOSJ9.-HQwl7xa3Ky82jj7wI2p8EHSzJcqcZD2t3S0pe0jMKbFUif28a8VJUKcvJLACuEW8Vw7f0xYVWFguWgVJuvFoQ
10:26:40.988 [http-nio-9587-exec-10] INFO  c.r.w.s.i.AiAgentTaskExecutionServiceImpl - [createWorkflowNodeTasks,320] - 审批流程节点未绑定自动执行且已启用的Agent，projectId=2095324734505078784, nodeId=SubmitChiefEngineerOfficeMeetingMaterials
10:26:40.988 [http-nio-9587-exec-10] INFO  c.r.w.l.TaskEventV2Listener - [onEvent,127] - username :madaosen
10:26:41.058 [http-nio-9587-exec-10] INFO  c.r.w.l.TaskEventV2Listener - [createOaTask,240] - task0: Task{createDate='2026-09-07 10:26:40', createOrg='45', createUser='madaosen', createUserName='madaosen', expiryDate='null', kindName='null', moduleName='null', needInputPwd='null', oaIId='null', oaMkId='null', receiveUser='madaosen', receiveUserName='madaosen', synId='null', synType='1', taskId='8f67bb04-aa63-11f1-885b-da3bbfe162e3', tasksType='1', title='全生命周期平台督办：提交总师室办公会前材料--测试表单001', type='0', url='http://www.sh.ctc.com/EFFPRO2/oa_verify?taskId=8f6745d3-aa63-11f1-885b-da3bbfe162e3&redirect=%2FEFFPRO2%2Fproject%2FagencyProject%2FdetailPage%3Fid%3D2095324734505078784'}
10:26:41.210 [http-nio-9587-exec-8] INFO  c.r.f.w.s.TokenService - [getToken,237] - user: madaosen, backend Token: Bearer eyJhbGciOiJIUzUxMiJ9.eyJsb2dpbl91c2VyX2tleSI6IjA4MzM3NjgyLTFhYjItNDRlZC05OWFjLTk1MGQ3YjdhMWIxOSJ9.-HQwl7xa3Ky82jj7wI2p8EHSzJcqcZD2t3S0pe0jMKbFUif28a8VJUKcvJLACuEW8Vw7f0xYVWFguWgVJuvFoQ
10:26:41.215 [http-nio-9587-exec-1] INFO  c.r.f.w.s.TokenService - [getToken,237] - user: madaosen, backend Token: Bearer eyJhbGciOiJIUzUxMiJ9.eyJsb2dpbl91c2VyX2tleSI6IjA4MzM3NjgyLTFhYjItNDRlZC05OWFjLTk1MGQ3YjdhMWIxOSJ9.-HQwl7xa3Ky82jj7wI2p8EHSzJcqcZD2t3S0pe0jMKbFUif28a8VJUKcvJLACuEW8Vw7f0xYVWFguWgVJuvFoQ
10:26:41.215 [http-nio-9587-exec-3] INFO  c.r.f.w.s.TokenService - [getToken,237] - user: madaosen, backend Token: Bearer eyJhbGciOiJIUzUxMiJ9.eyJsb2dpbl91c2VyX2tleSI6IjA4MzM3NjgyLTFhYjItNDRlZC05OWFjLTk1MGQ3YjdhMWIxOSJ9.-HQwl7xa3Ky82jj7wI2p8EHSzJcqcZD2t3S0pe0jMKbFUif28a8VJUKcvJLACuEW8Vw7f0xYVWFguWgVJuvFoQ
10:26:41.221 [http-nio-9587-exec-2] INFO  c.r.f.w.s.TokenService - [getToken,237] - user: madaosen, backend Token: Bearer eyJhbGciOiJIUzUxMiJ9.eyJsb2dpbl91c2VyX2tleSI6IjA4MzM3NjgyLTFhYjItNDRlZC05OWFjLTk1MGQ3YjdhMWIxOSJ9.-HQwl7xa3Ky82jj7wI2p8EHSzJcqcZD2t3S0pe0jMKbFUif28a8VJUKcvJLACuEW8Vw7f0xYVWFguWgVJuvFoQ
10:26:41.221 [http-nio-9587-exec-7] INFO  c.r.f.w.s.TokenService - [getToken,237] - user: madaosen, backend Token: Bearer eyJhbGciOiJIUzUxMiJ9.eyJsb2dpbl91c2VyX2tleSI6IjA4MzM3NjgyLTFhYjItNDRlZC05OWFjLTk1MGQ3YjdhMWIxOSJ9.-HQwl7xa3Ky82jj7wI2p8EHSzJcqcZD2t3S0pe0jMKbFUif28a8VJUKcvJLACuEW8Vw7f0xYVWFguWgVJuvFoQ
10:26:41.224 [http-nio-9587-exec-4] INFO  c.r.f.w.s.TokenService - [getToken,237] - user: madaosen, backend Token: Bearer eyJhbGciOiJIUzUxMiJ9.eyJsb2dpbl91c2VyX2tleSI6IjA4MzM3NjgyLTFhYjItNDRlZC05OWFjLTk1MGQ3YjdhMWIxOSJ9.-HQwl7xa3Ky82jj7wI2p8EHSzJcqcZD2t3S0pe0jMKbFUif28a8VJUKcvJLACuEW8Vw7f0xYVWFguWgVJuvFoQ
10:26:41.240 [http-nio-9587-exec-9] INFO  c.r.f.w.s.TokenService - [getToken,237] - user: madaosen, backend Token: Bearer eyJhbGciOiJIUzUxMiJ9.eyJsb2dpbl91c2VyX2tleSI6IjA4MzM3NjgyLTFhYjItNDRlZC05OWFjLTk1MGQ3YjdhMWIxOSJ9.-HQwl7xa3Ky82jj7wI2p8EHSzJcqcZD2t3S0pe0jMKbFUif28a8VJUKcvJLACuEW8Vw7f0xYVWFguWgVJuvFoQ
10:26:41.270 [http-nio-9587-exec-5] INFO  c.r.f.w.s.TokenService - [getToken,237] - user: madaosen, backend Token: Bearer eyJhbGciOiJIUzUxMiJ9.eyJsb2dpbl91c2VyX2tleSI6IjA4MzM3NjgyLTFhYjItNDRlZC05OWFjLTk1MGQ3YjdhMWIxOSJ9.-HQwl7xa3Ky82jj7wI2p8EHSzJcqcZD2t3S0pe0jMKbFUif28a8VJUKcvJLACuEW8Vw7f0xYVWFguWgVJuvFoQ
10:26:41.545 [http-nio-9587-exec-9] INFO  c.r.f.w.s.TokenService - [getToken,237] - user: madaosen, backend Token: Bearer eyJhbGciOiJIUzUxMiJ9.eyJsb2dpbl91c2VyX2tleSI6IjA4MzM3NjgyLTFhYjItNDRlZC05OWFjLTk1MGQ3YjdhMWIxOSJ9.-HQwl7xa3Ky82jj7wI2p8EHSzJcqcZD2t3S0pe0jMKbFUif28a8VJUKcvJLACuEW8Vw7f0xYVWFguWgVJuvFoQ
10:26:41.545 [http-nio-9587-exec-3] INFO  c.r.f.w.s.TokenService - [getToken,237] - user: madaosen, backend Token: Bearer eyJhbGciOiJIUzUxMiJ9.eyJsb2dpbl91c2VyX2tleSI6IjA4MzM3NjgyLTFhYjItNDRlZC05OWFjLTk1MGQ3YjdhMWIxOSJ9.-HQwl7xa3Ky82jj7wI2p8EHSzJcqcZD2t3S0pe0jMKbFUif28a8VJUKcvJLACuEW8Vw7f0xYVWFguWgVJuvFoQ
10:26:41.546 [http-nio-9587-exec-5] INFO  c.r.f.w.s.TokenService - [getToken,237] - user: madaosen, backend Token: Bearer eyJhbGciOiJIUzUxMiJ9.eyJsb2dpbl91c2VyX2tleSI6IjA4MzM3NjgyLTFhYjItNDRlZC05OWFjLTk1MGQ3YjdhMWIxOSJ9.-HQwl7xa3Ky82jj7wI2p8EHSzJcqcZD2t3S0pe0jMKbFUif28a8VJUKcvJLACuEW8Vw7f0xYVWFguWgVJuvFoQ
10:26:41.548 [http-nio-9587-exec-1] INFO  c.r.f.w.s.TokenService - [getToken,237] - user: madaosen, backend Token: Bearer eyJhbGciOiJIUzUxMiJ9.eyJsb2dpbl91c2VyX2tleSI6IjA4MzM3NjgyLTFhYjItNDRlZC05OWFjLTk1MGQ3YjdhMWIxOSJ9.-HQwl7xa3Ky82jj7wI2p8EHSzJcqcZD2t3S0pe0jMKbFUif28a8VJUKcvJLACuEW8Vw7f0xYVWFguWgVJuvFoQ
10:26:41.587 [http-nio-9587-exec-2] INFO  c.r.f.w.s.TokenService - [getToken,237] - user: madaosen, backend Token: Bearer eyJhbGciOiJIUzUxMiJ9.eyJsb2dpbl91c2VyX2tleSI6IjA4MzM3NjgyLTFhYjItNDRlZC05OWFjLTk1MGQ3YjdhMWIxOSJ9.-HQwl7xa3Ky82jj7wI2p8EHSzJcqcZD2t3S0pe0jMKbFUif28a8VJUKcvJLACuEW8Vw7f0xYVWFguWgVJuvFoQ
10:26:41.607 [http-nio-9587-exec-4] INFO  c.r.f.w.s.TokenService - [getToken,237] - user: madaosen, backend Token: Bearer eyJhbGciOiJIUzUxMiJ9.eyJsb2dpbl91c2VyX2tleSI6IjA4MzM3NjgyLTFhYjItNDRlZC05OWFjLTk1MGQ3YjdhMWIxOSJ9.-HQwl7xa3Ky82jj7wI2p8EHSzJcqcZD2t3S0pe0jMKbFUif28a8VJUKcvJLACuEW8Vw7f0xYVWFguWgVJuvFoQ
10:26:41.607 [http-nio-9587-exec-3] INFO  c.r.f.w.s.TokenService - [getToken,237] - user: madaosen, backend Token: Bearer eyJhbGciOiJIUzUxMiJ9.eyJsb2dpbl91c2VyX2tleSI6IjA4MzM3NjgyLTFhYjItNDRlZC05OWFjLTk1MGQ3YjdhMWIxOSJ9.-HQwl7xa3Ky82jj7wI2p8EHSzJcqcZD2t3S0pe0jMKbFUif28a8VJUKcvJLACuEW8Vw7f0xYVWFguWgVJuvFoQ
10:26:41.607 [http-nio-9587-exec-9] INFO  c.r.f.w.s.TokenService - [getToken,237] - user: madaosen, backend Token: Bearer eyJhbGciOiJIUzUxMiJ9.eyJsb2dpbl91c2VyX2tleSI6IjA4MzM3NjgyLTFhYjItNDRlZC05OWFjLTk1MGQ3YjdhMWIxOSJ9.-HQwl7xa3Ky82jj7wI2p8EHSzJcqcZD2t3S0pe0jMKbFUif28a8VJUKcvJLACuEW8Vw7f0xYVWFguWgVJuvFoQ
10:26:41.639 [http-nio-9587-exec-10] INFO  c.r.f.w.s.TokenService - [getToken,237] - user: madaosen, backend Token: Bearer eyJhbGciOiJIUzUxMiJ9.eyJsb2dpbl91c2VyX2tleSI6IjA4MzM3NjgyLTFhYjItNDRlZC05OWFjLTk1MGQ3YjdhMWIxOSJ9.-HQwl7xa3Ky82jj7wI2p8EHSzJcqcZD2t3S0pe0jMKbFUif28a8VJUKcvJLACuEW8Vw7f0xYVWFguWgVJuvFoQ
10:26:41.639 [http-nio-9587-exec-7] INFO  c.r.f.w.s.TokenService - [getToken,237] - user: madaosen, backend Token: Bearer eyJhbGciOiJIUzUxMiJ9.eyJsb2dpbl91c2VyX2tleSI6IjA4MzM3NjgyLTFhYjItNDRlZC05OWFjLTk1MGQ3YjdhMWIxOSJ9.-HQwl7xa3Ky82jj7wI2p8EHSzJcqcZD2t3S0pe0jMKbFUif28a8VJUKcvJLACuEW8Vw7f0xYVWFguWgVJuvFoQ
10:26:41.639 [http-nio-9587-exec-4] INFO  c.r.f.w.s.TokenService - [getToken,237] - user: madaosen, backend Token: Bearer eyJhbGciOiJIUzUxMiJ9.eyJsb2dpbl91c2VyX2tleSI6IjA4MzM3NjgyLTFhYjItNDRlZC05OWFjLTk1MGQ3YjdhMWIxOSJ9.-HQwl7xa3Ky82jj7wI2p8EHSzJcqcZD2t3S0pe0jMKbFUif28a8VJUKcvJLACuEW8Vw7f0xYVWFguWgVJuvFoQ
10:26:41.639 [http-nio-9587-exec-9] INFO  c.r.f.w.s.TokenService - [getToken,237] - user: madaosen, backend Token: Bearer eyJhbGciOiJIUzUxMiJ9.eyJsb2dpbl91c2VyX2tleSI6IjA4MzM3NjgyLTFhYjItNDRlZC05OWFjLTk1MGQ3YjdhMWIxOSJ9.-HQwl7xa3Ky82jj7wI2p8EHSzJcqcZD2t3S0pe0jMKbFUif28a8VJUKcvJLACuEW8Vw7f0xYVWFguWgVJuvFoQ
10:26:41.641 [http-nio-9587-exec-3] INFO  c.r.f.w.s.TokenService - [getToken,237] - user: madaosen, backend Token: Bearer eyJhbGciOiJIUzUxMiJ9.eyJsb2dpbl91c2VyX2tleSI6IjA4MzM3NjgyLTFhYjItNDRlZC05OWFjLTk1MGQ3YjdhMWIxOSJ9.-HQwl7xa3Ky82jj7wI2p8EHSzJcqcZD2t3S0pe0jMKbFUif28a8VJUKcvJLACuEW8Vw7f0xYVWFguWgVJuvFoQ
10:26:41.850 [http-nio-9587-exec-6] INFO  c.r.f.w.s.TokenService - [getToken,237] - user: madaosen, backend Token: Bearer eyJhbGciOiJIUzUxMiJ9.eyJsb2dpbl91c2VyX2tleSI6IjA4MzM3NjgyLTFhYjItNDRlZC05OWFjLTk1MGQ3YjdhMWIxOSJ9.-HQwl7xa3Ky82jj7wI2p8EHSzJcqcZD2t3S0pe0jMKbFUif28a8VJUKcvJLACuEW8Vw7f0xYVWFguWgVJuvFoQ
10:26:41.864 [http-nio-9587-exec-1] INFO  c.r.f.w.s.TokenService - [getToken,237] - user: madaosen, backend Token: Bearer eyJhbGciOiJIUzUxMiJ9.eyJsb2dpbl91c2VyX2tleSI6IjA4MzM3NjgyLTFhYjItNDRlZC05OWFjLTk1MGQ3YjdhMWIxOSJ9.-HQwl7xa3Ky82jj7wI2p8EHSzJcqcZD2t3S0pe0jMKbFUif28a8VJUKcvJLACuEW8Vw7f0xYVWFguWgVJuvFoQ
10:26:41.971 [http-nio-9587-exec-4] INFO  c.r.f.w.s.TokenService - [getToken,237] - user: madaosen, backend Token: Bearer eyJhbGciOiJIUzUxMiJ9.eyJsb2dpbl91c2VyX2tleSI6IjA4MzM3NjgyLTFhYjItNDRlZC05OWFjLTk1MGQ3YjdhMWIxOSJ9.-HQwl7xa3Ky82jj7wI2p8EHSzJcqcZD2t3S0pe0jMKbFUif28a8VJUKcvJLACuEW8Vw7f0xYVWFguWgVJuvFoQ
10:27:01.829 [http-nio-9587-exec-9] INFO  c.r.f.w.s.TokenService - [getToken,237] - user: madaosen, backend Token: Bearer eyJhbGciOiJIUzUxMiJ9.eyJsb2dpbl91c2VyX2tleSI6IjA4MzM3NjgyLTFhYjItNDRlZC05OWFjLTk1MGQ3YjdhMWIxOSJ9.-HQwl7xa3Ky82jj7wI2p8EHSzJcqcZD2t3S0pe0jMKbFUif28a8VJUKcvJLACuEW8Vw7f0xYVWFguWgVJuvFoQ
10:27:01.885 [http-nio-9587-exec-9] INFO  c.r.c.u.f.FileTypeDetector - [detectMimeType,32] - 文件名: 规划项目申报设计草图.pptx, 声明的ContentType: application/vnd.openxmlformats-officedocument.presentationml.presentation, Tika检测到的真实类型: application/vnd.openxmlformats-officedocument.presentationml.presentation
10:27:01.885 [http-nio-9587-exec-9] INFO  c.r.w.c.s.SysFileController - [upload,299] - 上传文件: 规划项目申报设计草图.pptx, 声明的ContentType: application/vnd.openxmlformats-officedocument.presentationml.presentation, Tika检测到的真实类型: application/vnd.openxmlformats-officedocument.presentationml.presentation
10:27:01.886 [http-nio-9587-exec-9] INFO  c.r.w.c.s.SysFileController - [upload,309] - 文件类型直接匹配白名单: 规划项目申报设计草图.pptx -> application/vnd.openxmlformats-officedocument.presentationml.presentation
10:27:01.886 [http-nio-9587-exec-9] INFO  c.r.w.c.s.SysFileController - [upload,331] - 文件类型校验通过: 规划项目申报设计草图.pptx, 真实类型: application/vnd.openxmlformats-officedocument.presentationml.presentation
10:27:01.983 [http-nio-9587-exec-9] INFO  c.r.s.s.i.SysFileServiceImpl - [upload,233] - oss文件上传成功=====>prod/upload/2026/09/07/cca1eed2-8eb5-4a9f-89e3-9999763c9ce3.pptx
10:27:04.691 [http-nio-9587-exec-3] INFO  c.r.f.w.s.TokenService - [getToken,237] - user: madaosen, backend Token: Bearer eyJhbGciOiJIUzUxMiJ9.eyJsb2dpbl91c2VyX2tleSI6IjA4MzM3NjgyLTFhYjItNDRlZC05OWFjLTk1MGQ3YjdhMWIxOSJ9.-HQwl7xa3Ky82jj7wI2p8EHSzJcqcZD2t3S0pe0jMKbFUif28a8VJUKcvJLACuEW8Vw7f0xYVWFguWgVJuvFoQ
10:27:04.723 [http-nio-9587-exec-3] INFO  c.r.w.l.TaskEventV2Listener - [onEvent,105] - EVENT :TASK_ASSIGNED
10:27:04.743 [http-nio-9587-exec-3] INFO  c.r.w.l.TaskEventV2Listener - [onEvent,105] - EVENT :TASK_COMPLETED
10:27:04.744 [http-nio-9587-exec-3] INFO  c.r.w.l.TaskEventV2Listener - [onEvent,121] - username :madaosen
10:27:04.829 [http-nio-9587-exec-3] INFO  c.r.w.l.TaskEventV2Listener - [onEvent,105] - EVENT :TASK_CREATED
10:27:04.832 [http-nio-9587-exec-3] INFO  c.r.f.w.s.TokenService - [getToken,237] - user: madaosen, backend Token: Bearer eyJhbGciOiJIUzUxMiJ9.eyJsb2dpbl91c2VyX2tleSI6IjA4MzM3NjgyLTFhYjItNDRlZC05OWFjLTk1MGQ3YjdhMWIxOSJ9.-HQwl7xa3Ky82jj7wI2p8EHSzJcqcZD2t3S0pe0jMKbFUif28a8VJUKcvJLACuEW8Vw7f0xYVWFguWgVJuvFoQ
10:27:04.836 [http-nio-9587-exec-3] INFO  c.r.w.s.i.AiAgentTaskExecutionServiceImpl - [createWorkflowNodeTasks,320] - 审批流程节点未绑定自动执行且已启用的Agent，projectId=2095324734505078784, nodeId=VerifyChiefEngineerOfficeMeetingMaterials
10:27:04.836 [http-nio-9587-exec-3] INFO  c.r.w.l.TaskEventV2Listener - [onEvent,127] - username :madaosen
10:27:04.919 [http-nio-9587-exec-3] INFO  c.r.w.l.TaskEventV2Listener - [createOaTask,240] - task0: Task{createDate='2026-09-07 10:27:04', createOrg='45', createUser='madaosen', createUserName='madaosen', expiryDate='null', kindName='null', moduleName='null', needInputPwd='null', oaIId='null', oaMkId='null', receiveUser='madaosen', receiveUserName='madaosen', synId='null', synType='1', taskId='9da0c86d-aa63-11f1-885b-da3bbfe162e3', tasksType='1', title='全生命周期平台督办：审核总师室办公会前材料--测试表单001', type='0', url='http://www.sh.ctc.com/EFFPRO2/oa_verify?taskId=9da0a15c-aa63-11f1-885b-da3bbfe162e3&redirect=%2FEFFPRO2%2Fproject%2FagencyProject%2FdetailPage%3Fid%3D2095324734505078784'}
10:27:04.972 [http-nio-9587-exec-10] INFO  c.r.f.w.s.TokenService - [getToken,237] - user: madaosen, backend Token: Bearer eyJhbGciOiJIUzUxMiJ9.eyJsb2dpbl91c2VyX2tleSI6IjA4MzM3NjgyLTFhYjItNDRlZC05OWFjLTk1MGQ3YjdhMWIxOSJ9.-HQwl7xa3Ky82jj7wI2p8EHSzJcqcZD2t3S0pe0jMKbFUif28a8VJUKcvJLACuEW8Vw7f0xYVWFguWgVJuvFoQ
10:27:04.972 [http-nio-9587-exec-4] INFO  c.r.f.w.s.TokenService - [getToken,237] - user: madaosen, backend Token: Bearer eyJhbGciOiJIUzUxMiJ9.eyJsb2dpbl91c2VyX2tleSI6IjA4MzM3NjgyLTFhYjItNDRlZC05OWFjLTk1MGQ3YjdhMWIxOSJ9.-HQwl7xa3Ky82jj7wI2p8EHSzJcqcZD2t3S0pe0jMKbFUif28a8VJUKcvJLACuEW8Vw7f0xYVWFguWgVJuvFoQ
10:27:04.973 [http-nio-9587-exec-7] INFO  c.r.f.w.s.TokenService - [getToken,237] - user: madaosen, backend Token: Bearer eyJhbGciOiJIUzUxMiJ9.eyJsb2dpbl91c2VyX2tleSI6IjA4MzM3NjgyLTFhYjItNDRlZC05OWFjLTk1MGQ3YjdhMWIxOSJ9.-HQwl7xa3Ky82jj7wI2p8EHSzJcqcZD2t3S0pe0jMKbFUif28a8VJUKcvJLACuEW8Vw7f0xYVWFguWgVJuvFoQ
10:27:04.974 [http-nio-9587-exec-8] INFO  c.r.f.w.s.TokenService - [getToken,237] - user: madaosen, backend Token: Bearer eyJhbGciOiJIUzUxMiJ9.eyJsb2dpbl91c2VyX2tleSI6IjA4MzM3NjgyLTFhYjItNDRlZC05OWFjLTk1MGQ3YjdhMWIxOSJ9.-HQwl7xa3Ky82jj7wI2p8EHSzJcqcZD2t3S0pe0jMKbFUif28a8VJUKcvJLACuEW8Vw7f0xYVWFguWgVJuvFoQ
10:27:04.977 [http-nio-9587-exec-5] INFO  c.r.f.w.s.TokenService - [getToken,237] - user: madaosen, backend Token: Bearer eyJhbGciOiJIUzUxMiJ9.eyJsb2dpbl91c2VyX2tleSI6IjA4MzM3NjgyLTFhYjItNDRlZC05OWFjLTk1MGQ3YjdhMWIxOSJ9.-HQwl7xa3Ky82jj7wI2p8EHSzJcqcZD2t3S0pe0jMKbFUif28a8VJUKcvJLACuEW8Vw7f0xYVWFguWgVJuvFoQ
10:27:04.984 [http-nio-9587-exec-1] INFO  c.r.f.w.s.TokenService - [getToken,237] - user: madaosen, backend Token: Bearer eyJhbGciOiJIUzUxMiJ9.eyJsb2dpbl91c2VyX2tleSI6IjA4MzM3NjgyLTFhYjItNDRlZC05OWFjLTk1MGQ3YjdhMWIxOSJ9.-HQwl7xa3Ky82jj7wI2p8EHSzJcqcZD2t3S0pe0jMKbFUif28a8VJUKcvJLACuEW8Vw7f0xYVWFguWgVJuvFoQ
10:27:05.003 [http-nio-9587-exec-2] INFO  c.r.f.w.s.TokenService - [getToken,237] - user: madaosen, backend Token: Bearer eyJhbGciOiJIUzUxMiJ9.eyJsb2dpbl91c2VyX2tleSI6IjA4MzM3NjgyLTFhYjItNDRlZC05OWFjLTk1MGQ3YjdhMWIxOSJ9.-HQwl7xa3Ky82jj7wI2p8EHSzJcqcZD2t3S0pe0jMKbFUif28a8VJUKcvJLACuEW8Vw7f0xYVWFguWgVJuvFoQ
10:27:05.009 [http-nio-9587-exec-6] INFO  c.r.f.w.s.TokenService - [getToken,237] - user: madaosen, backend Token: Bearer eyJhbGciOiJIUzUxMiJ9.eyJsb2dpbl91c2VyX2tleSI6IjA4MzM3NjgyLTFhYjItNDRlZC05OWFjLTk1MGQ3YjdhMWIxOSJ9.-HQwl7xa3Ky82jj7wI2p8EHSzJcqcZD2t3S0pe0jMKbFUif28a8VJUKcvJLACuEW8Vw7f0xYVWFguWgVJuvFoQ
10:27:05.245 [http-nio-9587-exec-6] INFO  c.r.f.w.s.TokenService - [getToken,237] - user: madaosen, backend Token: Bearer eyJhbGciOiJIUzUxMiJ9.eyJsb2dpbl91c2VyX2tleSI6IjA4MzM3NjgyLTFhYjItNDRlZC05OWFjLTk1MGQ3YjdhMWIxOSJ9.-HQwl7xa3Ky82jj7wI2p8EHSzJcqcZD2t3S0pe0jMKbFUif28a8VJUKcvJLACuEW8Vw7f0xYVWFguWgVJuvFoQ
10:27:05.245 [http-nio-9587-exec-10] INFO  c.r.f.w.s.TokenService - [getToken,237] - user: madaosen, backend Token: Bearer eyJhbGciOiJIUzUxMiJ9.eyJsb2dpbl91c2VyX2tleSI6IjA4MzM3NjgyLTFhYjItNDRlZC05OWFjLTk1MGQ3YjdhMWIxOSJ9.-HQwl7xa3Ky82jj7wI2p8EHSzJcqcZD2t3S0pe0jMKbFUif28a8VJUKcvJLACuEW8Vw7f0xYVWFguWgVJuvFoQ
10:27:05.245 [http-nio-9587-exec-8] INFO  c.r.f.w.s.TokenService - [getToken,237] - user: madaosen, backend Token: Bearer eyJhbGciOiJIUzUxMiJ9.eyJsb2dpbl91c2VyX2tleSI6IjA4MzM3NjgyLTFhYjItNDRlZC05OWFjLTk1MGQ3YjdhMWIxOSJ9.-HQwl7xa3Ky82jj7wI2p8EHSzJcqcZD2t3S0pe0jMKbFUif28a8VJUKcvJLACuEW8Vw7f0xYVWFguWgVJuvFoQ
10:27:05.245 [http-nio-9587-exec-4] INFO  c.r.f.w.s.TokenService - [getToken,237] - user: madaosen, backend Token: Bearer eyJhbGciOiJIUzUxMiJ9.eyJsb2dpbl91c2VyX2tleSI6IjA4MzM3NjgyLTFhYjItNDRlZC05OWFjLTk1MGQ3YjdhMWIxOSJ9.-HQwl7xa3Ky82jj7wI2p8EHSzJcqcZD2t3S0pe0jMKbFUif28a8VJUKcvJLACuEW8Vw7f0xYVWFguWgVJuvFoQ
10:27:05.246 [http-nio-9587-exec-7] INFO  c.r.f.w.s.TokenService - [getToken,237] - user: madaosen, backend Token: Bearer eyJhbGciOiJIUzUxMiJ9.eyJsb2dpbl91c2VyX2tleSI6IjA4MzM3NjgyLTFhYjItNDRlZC05OWFjLTk1MGQ3YjdhMWIxOSJ9.-HQwl7xa3Ky82jj7wI2p8EHSzJcqcZD2t3S0pe0jMKbFUif28a8VJUKcvJLACuEW8Vw7f0xYVWFguWgVJuvFoQ
10:27:05.273 [http-nio-9587-exec-5] INFO  c.r.f.w.s.TokenService - [getToken,237] - user: madaosen, backend Token: Bearer eyJhbGciOiJIUzUxMiJ9.eyJsb2dpbl91c2VyX2tleSI6IjA4MzM3NjgyLTFhYjItNDRlZC05OWFjLTk1MGQ3YjdhMWIxOSJ9.-HQwl7xa3Ky82jj7wI2p8EHSzJcqcZD2t3S0pe0jMKbFUif28a8VJUKcvJLACuEW8Vw7f0xYVWFguWgVJuvFoQ
10:27:05.286 [http-nio-9587-exec-7] INFO  c.r.f.w.s.TokenService - [getToken,237] - user: madaosen, backend Token: Bearer eyJhbGciOiJIUzUxMiJ9.eyJsb2dpbl91c2VyX2tleSI6IjA4MzM3NjgyLTFhYjItNDRlZC05OWFjLTk1MGQ3YjdhMWIxOSJ9.-HQwl7xa3Ky82jj7wI2p8EHSzJcqcZD2t3S0pe0jMKbFUif28a8VJUKcvJLACuEW8Vw7f0xYVWFguWgVJuvFoQ
10:27:05.286 [http-nio-9587-exec-8] INFO  c.r.f.w.s.TokenService - [getToken,237] - user: madaosen, backend Token: Bearer eyJhbGciOiJIUzUxMiJ9.eyJsb2dpbl91c2VyX2tleSI6IjA4MzM3NjgyLTFhYjItNDRlZC05OWFjLTk1MGQ3YjdhMWIxOSJ9.-HQwl7xa3Ky82jj7wI2p8EHSzJcqcZD2t3S0pe0jMKbFUif28a8VJUKcvJLACuEW8Vw7f0xYVWFguWgVJuvFoQ
10:27:05.286 [http-nio-9587-exec-6] INFO  c.r.f.w.s.TokenService - [getToken,237] - user: madaosen, backend Token: Bearer eyJhbGciOiJIUzUxMiJ9.eyJsb2dpbl91c2VyX2tleSI6IjA4MzM3NjgyLTFhYjItNDRlZC05OWFjLTk1MGQ3YjdhMWIxOSJ9.-HQwl7xa3Ky82jj7wI2p8EHSzJcqcZD2t3S0pe0jMKbFUif28a8VJUKcvJLACuEW8Vw7f0xYVWFguWgVJuvFoQ
10:27:05.318 [http-nio-9587-exec-3] INFO  c.r.f.w.s.TokenService - [getToken,237] - user: madaosen, backend Token: Bearer eyJhbGciOiJIUzUxMiJ9.eyJsb2dpbl91c2VyX2tleSI6IjA4MzM3NjgyLTFhYjItNDRlZC05OWFjLTk1MGQ3YjdhMWIxOSJ9.-HQwl7xa3Ky82jj7wI2p8EHSzJcqcZD2t3S0pe0jMKbFUif28a8VJUKcvJLACuEW8Vw7f0xYVWFguWgVJuvFoQ
10:27:05.318 [http-nio-9587-exec-7] INFO  c.r.f.w.s.TokenService - [getToken,237] - user: madaosen, backend Token: Bearer eyJhbGciOiJIUzUxMiJ9.eyJsb2dpbl91c2VyX2tleSI6IjA4MzM3NjgyLTFhYjItNDRlZC05OWFjLTk1MGQ3YjdhMWIxOSJ9.-HQwl7xa3Ky82jj7wI2p8EHSzJcqcZD2t3S0pe0jMKbFUif28a8VJUKcvJLACuEW8Vw7f0xYVWFguWgVJuvFoQ
10:27:05.318 [http-nio-9587-exec-1] INFO  c.r.f.w.s.TokenService - [getToken,237] - user: madaosen, backend Token: Bearer eyJhbGciOiJIUzUxMiJ9.eyJsb2dpbl91c2VyX2tleSI6IjA4MzM3NjgyLTFhYjItNDRlZC05OWFjLTk1MGQ3YjdhMWIxOSJ9.-HQwl7xa3Ky82jj7wI2p8EHSzJcqcZD2t3S0pe0jMKbFUif28a8VJUKcvJLACuEW8Vw7f0xYVWFguWgVJuvFoQ
10:27:05.318 [http-nio-9587-exec-8] INFO  c.r.f.w.s.TokenService - [getToken,237] - user: madaosen, backend Token: Bearer eyJhbGciOiJIUzUxMiJ9.eyJsb2dpbl91c2VyX2tleSI6IjA4MzM3NjgyLTFhYjItNDRlZC05OWFjLTk1MGQ3YjdhMWIxOSJ9.-HQwl7xa3Ky82jj7wI2p8EHSzJcqcZD2t3S0pe0jMKbFUif28a8VJUKcvJLACuEW8Vw7f0xYVWFguWgVJuvFoQ
10:27:05.319 [http-nio-9587-exec-6] INFO  c.r.f.w.s.TokenService - [getToken,237] - user: madaosen, backend Token: Bearer eyJhbGciOiJIUzUxMiJ9.eyJsb2dpbl91c2VyX2tleSI6IjA4MzM3NjgyLTFhYjItNDRlZC05OWFjLTk1MGQ3YjdhMWIxOSJ9.-HQwl7xa3Ky82jj7wI2p8EHSzJcqcZD2t3S0pe0jMKbFUif28a8VJUKcvJLACuEW8Vw7f0xYVWFguWgVJuvFoQ
10:27:05.527 [http-nio-9587-exec-10] INFO  c.r.f.w.s.TokenService - [getToken,237] - user: madaosen, backend Token: Bearer eyJhbGciOiJIUzUxMiJ9.eyJsb2dpbl91c2VyX2tleSI6IjA4MzM3NjgyLTFhYjItNDRlZC05OWFjLTk1MGQ3YjdhMWIxOSJ9.-HQwl7xa3Ky82jj7wI2p8EHSzJcqcZD2t3S0pe0jMKbFUif28a8VJUKcvJLACuEW8Vw7f0xYVWFguWgVJuvFoQ
10:27:05.537 [http-nio-9587-exec-2] INFO  c.r.f.w.s.TokenService - [getToken,237] - user: madaosen, backend Token: Bearer eyJhbGciOiJIUzUxMiJ9.eyJsb2dpbl91c2VyX2tleSI6IjA4MzM3NjgyLTFhYjItNDRlZC05OWFjLTk1MGQ3YjdhMWIxOSJ9.-HQwl7xa3Ky82jj7wI2p8EHSzJcqcZD2t3S0pe0jMKbFUif28a8VJUKcvJLACuEW8Vw7f0xYVWFguWgVJuvFoQ
10:27:05.632 [http-nio-9587-exec-6] INFO  c.r.f.w.s.TokenService - [getToken,237] - user: madaosen, backend Token: Bearer eyJhbGciOiJIUzUxMiJ9.eyJsb2dpbl91c2VyX2tleSI6IjA4MzM3NjgyLTFhYjItNDRlZC05OWFjLTk1MGQ3YjdhMWIxOSJ9.-HQwl7xa3Ky82jj7wI2p8EHSzJcqcZD2t3S0pe0jMKbFUif28a8VJUKcvJLACuEW8Vw7f0xYVWFguWgVJuvFoQ
10:27:10.424 [http-nio-9587-exec-7] INFO  c.r.f.w.s.TokenService - [getToken,237] - user: madaosen, backend Token: Bearer eyJhbGciOiJIUzUxMiJ9.eyJsb2dpbl91c2VyX2tleSI6IjA4MzM3NjgyLTFhYjItNDRlZC05OWFjLTk1MGQ3YjdhMWIxOSJ9.-HQwl7xa3Ky82jj7wI2p8EHSzJcqcZD2t3S0pe0jMKbFUif28a8VJUKcvJLACuEW8Vw7f0xYVWFguWgVJuvFoQ
10:27:10.444 [http-nio-9587-exec-7] INFO  c.r.w.l.TaskEventV2Listener - [onEvent,105] - EVENT :TASK_ASSIGNED
10:27:10.467 [http-nio-9587-exec-7] INFO  c.r.w.l.TaskEventV2Listener - [onEvent,105] - EVENT :TASK_COMPLETED
10:27:10.468 [http-nio-9587-exec-7] INFO  c.r.w.l.TaskEventV2Listener - [onEvent,121] - username :madaosen
10:27:10.557 [http-nio-9587-exec-7] INFO  c.r.w.l.TaskEventV2Listener - [onEvent,105] - EVENT :TASK_CREATED
10:27:10.562 [http-nio-9587-exec-7] INFO  c.r.f.w.s.TokenService - [getToken,237] - user: madaosen, backend Token: Bearer eyJhbGciOiJIUzUxMiJ9.eyJsb2dpbl91c2VyX2tleSI6IjA4MzM3NjgyLTFhYjItNDRlZC05OWFjLTk1MGQ3YjdhMWIxOSJ9.-HQwl7xa3Ky82jj7wI2p8EHSzJcqcZD2t3S0pe0jMKbFUif28a8VJUKcvJLACuEW8Vw7f0xYVWFguWgVJuvFoQ
10:27:10.566 [http-nio-9587-exec-7] INFO  c.r.w.s.i.AiAgentTaskExecutionServiceImpl - [createWorkflowNodeTasks,320] - 审批流程节点未绑定自动执行且已启用的Agent，projectId=2095324734505078784, nodeId=ChiefEngineerOfficeMeeting
10:27:10.566 [http-nio-9587-exec-7] INFO  c.r.w.l.TaskEventV2Listener - [onEvent,127] - username :madaosen
10:27:10.636 [http-nio-9587-exec-7] INFO  c.r.w.l.TaskEventV2Listener - [createOaTask,240] - task0: Task{createDate='2026-09-07 10:27:10', createOrg='45', createUser='madaosen', createUserName='madaosen', expiryDate='null', kindName='null', moduleName='null', needInputPwd='null', oaIId='null', oaMkId='null', receiveUser='madaosen', receiveUserName='madaosen', synId='null', synType='1', taskId='a10aa769-aa63-11f1-885b-da3bbfe162e3', tasksType='1', title='全生命周期平台督办：总师室办公会议结果--测试表单001', type='0', url='http://www.sh.ctc.com/EFFPRO2/oa_verify?taskId=a10aa768-aa63-11f1-885b-da3bbfe162e3&redirect=%2FEFFPRO2%2Fproject%2FagencyProject%2FdetailPage%3Fid%3D2095324734505078784'}
10:27:10.704 [http-nio-9587-exec-3] INFO  c.r.f.w.s.TokenService - [getToken,237] - user: madaosen, backend Token: Bearer eyJhbGciOiJIUzUxMiJ9.eyJsb2dpbl91c2VyX2tleSI6IjA4MzM3NjgyLTFhYjItNDRlZC05OWFjLTk1MGQ3YjdhMWIxOSJ9.-HQwl7xa3Ky82jj7wI2p8EHSzJcqcZD2t3S0pe0jMKbFUif28a8VJUKcvJLACuEW8Vw7f0xYVWFguWgVJuvFoQ
10:27:10.705 [http-nio-9587-exec-7] INFO  c.r.f.w.s.TokenService - [getToken,237] - user: madaosen, backend Token: Bearer eyJhbGciOiJIUzUxMiJ9.eyJsb2dpbl91c2VyX2tleSI6IjA4MzM3NjgyLTFhYjItNDRlZC05OWFjLTk1MGQ3YjdhMWIxOSJ9.-HQwl7xa3Ky82jj7wI2p8EHSzJcqcZD2t3S0pe0jMKbFUif28a8VJUKcvJLACuEW8Vw7f0xYVWFguWgVJuvFoQ
10:27:10.708 [http-nio-9587-exec-1] INFO  c.r.f.w.s.TokenService - [getToken,237] - user: madaosen, backend Token: Bearer eyJhbGciOiJIUzUxMiJ9.eyJsb2dpbl91c2VyX2tleSI6IjA4MzM3NjgyLTFhYjItNDRlZC05OWFjLTk1MGQ3YjdhMWIxOSJ9.-HQwl7xa3Ky82jj7wI2p8EHSzJcqcZD2t3S0pe0jMKbFUif28a8VJUKcvJLACuEW8Vw7f0xYVWFguWgVJuvFoQ
10:27:10.710 [http-nio-9587-exec-4] INFO  c.r.f.w.s.TokenService - [getToken,237] - user: madaosen, backend Token: Bearer eyJhbGciOiJIUzUxMiJ9.eyJsb2dpbl91c2VyX2tleSI6IjA4MzM3NjgyLTFhYjItNDRlZC05OWFjLTk1MGQ3YjdhMWIxOSJ9.-HQwl7xa3Ky82jj7wI2p8EHSzJcqcZD2t3S0pe0jMKbFUif28a8VJUKcvJLACuEW8Vw7f0xYVWFguWgVJuvFoQ
10:27:10.718 [http-nio-9587-exec-9] INFO  c.r.f.w.s.TokenService - [getToken,237] - user: madaosen, backend Token: Bearer eyJhbGciOiJIUzUxMiJ9.eyJsb2dpbl91c2VyX2tleSI6IjA4MzM3NjgyLTFhYjItNDRlZC05OWFjLTk1MGQ3YjdhMWIxOSJ9.-HQwl7xa3Ky82jj7wI2p8EHSzJcqcZD2t3S0pe0jMKbFUif28a8VJUKcvJLACuEW8Vw7f0xYVWFguWgVJuvFoQ
10:27:10.719 [http-nio-9587-exec-8] INFO  c.r.f.w.s.TokenService - [getToken,237] - user: madaosen, backend Token: Bearer eyJhbGciOiJIUzUxMiJ9.eyJsb2dpbl91c2VyX2tleSI6IjA4MzM3NjgyLTFhYjItNDRlZC05OWFjLTk1MGQ3YjdhMWIxOSJ9.-HQwl7xa3Ky82jj7wI2p8EHSzJcqcZD2t3S0pe0jMKbFUif28a8VJUKcvJLACuEW8Vw7f0xYVWFguWgVJuvFoQ
10:27:10.733 [http-nio-9587-exec-6] INFO  c.r.f.w.s.TokenService - [getToken,237] - user: madaosen, backend Token: Bearer eyJhbGciOiJIUzUxMiJ9.eyJsb2dpbl91c2VyX2tleSI6IjA4MzM3NjgyLTFhYjItNDRlZC05OWFjLTk1MGQ3YjdhMWIxOSJ9.-HQwl7xa3Ky82jj7wI2p8EHSzJcqcZD2t3S0pe0jMKbFUif28a8VJUKcvJLACuEW8Vw7f0xYVWFguWgVJuvFoQ
10:27:10.749 [http-nio-9587-exec-2] INFO  c.r.f.w.s.TokenService - [getToken,237] - user: madaosen, backend Token: Bearer eyJhbGciOiJIUzUxMiJ9.eyJsb2dpbl91c2VyX2tleSI6IjA4MzM3NjgyLTFhYjItNDRlZC05OWFjLTk1MGQ3YjdhMWIxOSJ9.-HQwl7xa3Ky82jj7wI2p8EHSzJcqcZD2t3S0pe0jMKbFUif28a8VJUKcvJLACuEW8Vw7f0xYVWFguWgVJuvFoQ
10:27:11.014 [http-nio-9587-exec-7] INFO  c.r.f.w.s.TokenService - [getToken,237] - user: madaosen, backend Token: Bearer eyJhbGciOiJIUzUxMiJ9.eyJsb2dpbl91c2VyX2tleSI6IjA4MzM3NjgyLTFhYjItNDRlZC05OWFjLTk1MGQ3YjdhMWIxOSJ9.-HQwl7xa3Ky82jj7wI2p8EHSzJcqcZD2t3S0pe0jMKbFUif28a8VJUKcvJLACuEW8Vw7f0xYVWFguWgVJuvFoQ
10:27:11.014 [http-nio-9587-exec-2] INFO  c.r.f.w.s.TokenService - [getToken,237] - user: madaosen, backend Token: Bearer eyJhbGciOiJIUzUxMiJ9.eyJsb2dpbl91c2VyX2tleSI6IjA4MzM3NjgyLTFhYjItNDRlZC05OWFjLTk1MGQ3YjdhMWIxOSJ9.-HQwl7xa3Ky82jj7wI2p8EHSzJcqcZD2t3S0pe0jMKbFUif28a8VJUKcvJLACuEW8Vw7f0xYVWFguWgVJuvFoQ
10:27:11.015 [http-nio-9587-exec-8] INFO  c.r.f.w.s.TokenService - [getToken,237] - user: madaosen, backend Token: Bearer eyJhbGciOiJIUzUxMiJ9.eyJsb2dpbl91c2VyX2tleSI6IjA4MzM3NjgyLTFhYjItNDRlZC05OWFjLTk1MGQ3YjdhMWIxOSJ9.-HQwl7xa3Ky82jj7wI2p8EHSzJcqcZD2t3S0pe0jMKbFUif28a8VJUKcvJLACuEW8Vw7f0xYVWFguWgVJuvFoQ
10:27:11.016 [http-nio-9587-exec-4] INFO  c.r.f.w.s.TokenService - [getToken,237] - user: madaosen, backend Token: Bearer eyJhbGciOiJIUzUxMiJ9.eyJsb2dpbl91c2VyX2tleSI6IjA4MzM3NjgyLTFhYjItNDRlZC05OWFjLTk1MGQ3YjdhMWIxOSJ9.-HQwl7xa3Ky82jj7wI2p8EHSzJcqcZD2t3S0pe0jMKbFUif28a8VJUKcvJLACuEW8Vw7f0xYVWFguWgVJuvFoQ
10:27:11.016 [http-nio-9587-exec-1] INFO  c.r.f.w.s.TokenService - [getToken,237] - user: madaosen, backend Token: Bearer eyJhbGciOiJIUzUxMiJ9.eyJsb2dpbl91c2VyX2tleSI6IjA4MzM3NjgyLTFhYjItNDRlZC05OWFjLTk1MGQ3YjdhMWIxOSJ9.-HQwl7xa3Ky82jj7wI2p8EHSzJcqcZD2t3S0pe0jMKbFUif28a8VJUKcvJLACuEW8Vw7f0xYVWFguWgVJuvFoQ
10:27:11.035 [http-nio-9587-exec-9] INFO  c.r.f.w.s.TokenService - [getToken,237] - user: madaosen, backend Token: Bearer eyJhbGciOiJIUzUxMiJ9.eyJsb2dpbl91c2VyX2tleSI6IjA4MzM3NjgyLTFhYjItNDRlZC05OWFjLTk1MGQ3YjdhMWIxOSJ9.-HQwl7xa3Ky82jj7wI2p8EHSzJcqcZD2t3S0pe0jMKbFUif28a8VJUKcvJLACuEW8Vw7f0xYVWFguWgVJuvFoQ
10:27:11.051 [http-nio-9587-exec-7] INFO  c.r.f.w.s.TokenService - [getToken,237] - user: madaosen, backend Token: Bearer eyJhbGciOiJIUzUxMiJ9.eyJsb2dpbl91c2VyX2tleSI6IjA4MzM3NjgyLTFhYjItNDRlZC05OWFjLTk1MGQ3YjdhMWIxOSJ9.-HQwl7xa3Ky82jj7wI2p8EHSzJcqcZD2t3S0pe0jMKbFUif28a8VJUKcvJLACuEW8Vw7f0xYVWFguWgVJuvFoQ
10:27:11.051 [http-nio-9587-exec-2] INFO  c.r.f.w.s.TokenService - [getToken,237] - user: madaosen, backend Token: Bearer eyJhbGciOiJIUzUxMiJ9.eyJsb2dpbl91c2VyX2tleSI6IjA4MzM3NjgyLTFhYjItNDRlZC05OWFjLTk1MGQ3YjdhMWIxOSJ9.-HQwl7xa3Ky82jj7wI2p8EHSzJcqcZD2t3S0pe0jMKbFUif28a8VJUKcvJLACuEW8Vw7f0xYVWFguWgVJuvFoQ
10:27:11.051 [http-nio-9587-exec-8] INFO  c.r.f.w.s.TokenService - [getToken,237] - user: madaosen, backend Token: Bearer eyJhbGciOiJIUzUxMiJ9.eyJsb2dpbl91c2VyX2tleSI6IjA4MzM3NjgyLTFhYjItNDRlZC05OWFjLTk1MGQ3YjdhMWIxOSJ9.-HQwl7xa3Ky82jj7wI2p8EHSzJcqcZD2t3S0pe0jMKbFUif28a8VJUKcvJLACuEW8Vw7f0xYVWFguWgVJuvFoQ
10:27:11.078 [http-nio-9587-exec-8] INFO  c.r.f.w.s.TokenService - [getToken,237] - user: madaosen, backend Token: Bearer eyJhbGciOiJIUzUxMiJ9.eyJsb2dpbl91c2VyX2tleSI6IjA4MzM3NjgyLTFhYjItNDRlZC05OWFjLTk1MGQ3YjdhMWIxOSJ9.-HQwl7xa3Ky82jj7wI2p8EHSzJcqcZD2t3S0pe0jMKbFUif28a8VJUKcvJLACuEW8Vw7f0xYVWFguWgVJuvFoQ
10:27:11.078 [http-nio-9587-exec-2] INFO  c.r.f.w.s.TokenService - [getToken,237] - user: madaosen, backend Token: Bearer eyJhbGciOiJIUzUxMiJ9.eyJsb2dpbl91c2VyX2tleSI6IjA4MzM3NjgyLTFhYjItNDRlZC05OWFjLTk1MGQ3YjdhMWIxOSJ9.-HQwl7xa3Ky82jj7wI2p8EHSzJcqcZD2t3S0pe0jMKbFUif28a8VJUKcvJLACuEW8Vw7f0xYVWFguWgVJuvFoQ
10:27:11.078 [http-nio-9587-exec-6] INFO  c.r.f.w.s.TokenService - [getToken,237] - user: madaosen, backend Token: Bearer eyJhbGciOiJIUzUxMiJ9.eyJsb2dpbl91c2VyX2tleSI6IjA4MzM3NjgyLTFhYjItNDRlZC05OWFjLTk1MGQ3YjdhMWIxOSJ9.-HQwl7xa3Ky82jj7wI2p8EHSzJcqcZD2t3S0pe0jMKbFUif28a8VJUKcvJLACuEW8Vw7f0xYVWFguWgVJuvFoQ
10:27:11.078 [http-nio-9587-exec-7] INFO  c.r.f.w.s.TokenService - [getToken,237] - user: madaosen, backend Token: Bearer eyJhbGciOiJIUzUxMiJ9.eyJsb2dpbl91c2VyX2tleSI6IjA4MzM3NjgyLTFhYjItNDRlZC05OWFjLTk1MGQ3YjdhMWIxOSJ9.-HQwl7xa3Ky82jj7wI2p8EHSzJcqcZD2t3S0pe0jMKbFUif28a8VJUKcvJLACuEW8Vw7f0xYVWFguWgVJuvFoQ
10:27:11.078 [http-nio-9587-exec-5] INFO  c.r.f.w.s.TokenService - [getToken,237] - user: madaosen, backend Token: Bearer eyJhbGciOiJIUzUxMiJ9.eyJsb2dpbl91c2VyX2tleSI6IjA4MzM3NjgyLTFhYjItNDRlZC05OWFjLTk1MGQ3YjdhMWIxOSJ9.-HQwl7xa3Ky82jj7wI2p8EHSzJcqcZD2t3S0pe0jMKbFUif28a8VJUKcvJLACuEW8Vw7f0xYVWFguWgVJuvFoQ
10:27:11.243 [http-nio-9587-exec-4] INFO  c.r.f.w.s.TokenService - [getToken,237] - user: madaosen, backend Token: Bearer eyJhbGciOiJIUzUxMiJ9.eyJsb2dpbl91c2VyX2tleSI6IjA4MzM3NjgyLTFhYjItNDRlZC05OWFjLTk1MGQ3YjdhMWIxOSJ9.-HQwl7xa3Ky82jj7wI2p8EHSzJcqcZD2t3S0pe0jMKbFUif28a8VJUKcvJLACuEW8Vw7f0xYVWFguWgVJuvFoQ
10:27:11.265 [http-nio-9587-exec-9] INFO  c.r.f.w.s.TokenService - [getToken,237] - user: madaosen, backend Token: Bearer eyJhbGciOiJIUzUxMiJ9.eyJsb2dpbl91c2VyX2tleSI6IjA4MzM3NjgyLTFhYjItNDRlZC05OWFjLTk1MGQ3YjdhMWIxOSJ9.-HQwl7xa3Ky82jj7wI2p8EHSzJcqcZD2t3S0pe0jMKbFUif28a8VJUKcvJLACuEW8Vw7f0xYVWFguWgVJuvFoQ
10:27:11.334 [http-nio-9587-exec-7] INFO  c.r.f.w.s.TokenService - [getToken,237] - user: madaosen, backend Token: Bearer eyJhbGciOiJIUzUxMiJ9.eyJsb2dpbl91c2VyX2tleSI6IjA4MzM3NjgyLTFhYjItNDRlZC05OWFjLTk1MGQ3YjdhMWIxOSJ9.-HQwl7xa3Ky82jj7wI2p8EHSzJcqcZD2t3S0pe0jMKbFUif28a8VJUKcvJLACuEW8Vw7f0xYVWFguWgVJuvFoQ
10:28:15.984 [http-nio-9587-exec-9] INFO  c.r.f.w.s.TokenService - [getToken,237] - user: madaosen, backend Token: Bearer eyJhbGciOiJIUzUxMiJ9.eyJsb2dpbl91c2VyX2tleSI6IjA4MzM3NjgyLTFhYjItNDRlZC05OWFjLTk1MGQ3YjdhMWIxOSJ9.-HQwl7xa3Ky82jj7wI2p8EHSzJcqcZD2t3S0pe0jMKbFUif28a8VJUKcvJLACuEW8Vw7f0xYVWFguWgVJuvFoQ
10:28:15.998 [http-nio-9587-exec-9] INFO  c.r.c.u.f.FileTypeDetector - [detectMimeType,32] - 文件名: 总师室办公会议纪要.docx, 声明的ContentType: application/vnd.openxmlformats-officedocument.wordprocessingml.document, Tika检测到的真实类型: application/vnd.openxmlformats-officedocument.wordprocessingml.document
10:28:15.998 [http-nio-9587-exec-9] INFO  c.r.w.c.s.SysFileController - [upload,299] - 上传文件: 总师室办公会议纪要.docx, 声明的ContentType: application/vnd.openxmlformats-officedocument.wordprocessingml.document, Tika检测到的真实类型: application/vnd.openxmlformats-officedocument.wordprocessingml.document
10:28:15.999 [http-nio-9587-exec-9] INFO  c.r.w.c.s.SysFileController - [upload,309] - 文件类型直接匹配白名单: 总师室办公会议纪要.docx -> application/vnd.openxmlformats-officedocument.wordprocessingml.document
10:28:15.999 [http-nio-9587-exec-9] INFO  c.r.w.c.s.SysFileController - [upload,331] - 文件类型校验通过: 总师室办公会议纪要.docx, 真实类型: application/vnd.openxmlformats-officedocument.wordprocessingml.document
10:28:16.013 [http-nio-9587-exec-9] INFO  c.r.s.s.i.SysFileServiceImpl - [upload,233] - oss文件上传成功=====>prod/upload/2026/09/07/66e1483e-93af-43af-a295-5d7af1c4c6e4.docx
10:28:18.132 [http-nio-9587-exec-10] INFO  c.r.f.w.s.TokenService - [getToken,237] - user: madaosen, backend Token: Bearer eyJhbGciOiJIUzUxMiJ9.eyJsb2dpbl91c2VyX2tleSI6IjA4MzM3NjgyLTFhYjItNDRlZC05OWFjLTk1MGQ3YjdhMWIxOSJ9.-HQwl7xa3Ky82jj7wI2p8EHSzJcqcZD2t3S0pe0jMKbFUif28a8VJUKcvJLACuEW8Vw7f0xYVWFguWgVJuvFoQ
10:28:18.155 [http-nio-9587-exec-10] INFO  c.r.w.l.TaskEventV2Listener - [onEvent,105] - EVENT :TASK_ASSIGNED
10:28:18.171 [http-nio-9587-exec-10] INFO  c.r.w.l.TaskEventV2Listener - [onEvent,105] - EVENT :TASK_COMPLETED
10:28:18.172 [http-nio-9587-exec-10] INFO  c.r.w.l.TaskEventV2Listener - [onEvent,121] - username :madaosen
10:28:18.253 [http-nio-9587-exec-10] INFO  c.r.w.l.TaskEventV2Listener - [onEvent,105] - EVENT :TASK_CREATED
10:28:18.254 [http-nio-9587-exec-10] INFO  c.r.f.w.s.TokenService - [getToken,237] - user: madaosen, backend Token: Bearer eyJhbGciOiJIUzUxMiJ9.eyJsb2dpbl91c2VyX2tleSI6IjA4MzM3NjgyLTFhYjItNDRlZC05OWFjLTk1MGQ3YjdhMWIxOSJ9.-HQwl7xa3Ky82jj7wI2p8EHSzJcqcZD2t3S0pe0jMKbFUif28a8VJUKcvJLACuEW8Vw7f0xYVWFguWgVJuvFoQ
10:28:18.258 [http-nio-9587-exec-10] INFO  c.r.w.s.i.AiAgentTaskExecutionServiceImpl - [createWorkflowNodeTasks,320] - 审批流程节点未绑定自动执行且已启用的Agent，projectId=2095324734505078784, nodeId=IsRequireUpdateImplementationReport
10:28:18.258 [http-nio-9587-exec-10] INFO  c.r.w.l.TaskEventV2Listener - [onEvent,127] - username :madaosen
10:28:18.314 [http-nio-9587-exec-10] INFO  c.r.w.l.TaskEventV2Listener - [createOaTask,240] - task0: Task{createDate='2026-09-07 10:28:18', createOrg='45', createUser='madaosen', createUserName='madaosen', expiryDate='null', kindName='null', moduleName='null', needInputPwd='null', oaIId='null', oaMkId='null', receiveUser='madaosen', receiveUserName='madaosen', synId='null', synType='1', taskId='c9646485-aa63-11f1-885b-da3bbfe162e3', tasksType='1', title='全生命周期平台督办：是否需要调整实施报告--测试表单001', type='0', url='http://www.sh.ctc.com/EFFPRO2/oa_verify?taskId=c9646484-aa63-11f1-885b-da3bbfe162e3&redirect=%2FEFFPRO2%2Fproject%2FagencyProject%2FdetailPage%3Fid%3D2095324734505078784'}
10:28:18.349 [http-nio-9587-exec-3] INFO  c.r.f.w.s.TokenService - [getToken,237] - user: madaosen, backend Token: Bearer eyJhbGciOiJIUzUxMiJ9.eyJsb2dpbl91c2VyX2tleSI6IjA4MzM3NjgyLTFhYjItNDRlZC05OWFjLTk1MGQ3YjdhMWIxOSJ9.-HQwl7xa3Ky82jj7wI2p8EHSzJcqcZD2t3S0pe0jMKbFUif28a8VJUKcvJLACuEW8Vw7f0xYVWFguWgVJuvFoQ
10:28:18.350 [http-nio-9587-exec-9] INFO  c.r.f.w.s.TokenService - [getToken,237] - user: madaosen, backend Token: Bearer eyJhbGciOiJIUzUxMiJ9.eyJsb2dpbl91c2VyX2tleSI6IjA4MzM3NjgyLTFhYjItNDRlZC05OWFjLTk1MGQ3YjdhMWIxOSJ9.-HQwl7xa3Ky82jj7wI2p8EHSzJcqcZD2t3S0pe0jMKbFUif28a8VJUKcvJLACuEW8Vw7f0xYVWFguWgVJuvFoQ
10:28:18.351 [http-nio-9587-exec-4] INFO  c.r.f.w.s.TokenService - [getToken,237] - user: madaosen, backend Token: Bearer eyJhbGciOiJIUzUxMiJ9.eyJsb2dpbl91c2VyX2tleSI6IjA4MzM3NjgyLTFhYjItNDRlZC05OWFjLTk1MGQ3YjdhMWIxOSJ9.-HQwl7xa3Ky82jj7wI2p8EHSzJcqcZD2t3S0pe0jMKbFUif28a8VJUKcvJLACuEW8Vw7f0xYVWFguWgVJuvFoQ
10:28:18.351 [http-nio-9587-exec-10] INFO  c.r.f.w.s.TokenService - [getToken,237] - user: madaosen, backend Token: Bearer eyJhbGciOiJIUzUxMiJ9.eyJsb2dpbl91c2VyX2tleSI6IjA4MzM3NjgyLTFhYjItNDRlZC05OWFjLTk1MGQ3YjdhMWIxOSJ9.-HQwl7xa3Ky82jj7wI2p8EHSzJcqcZD2t3S0pe0jMKbFUif28a8VJUKcvJLACuEW8Vw7f0xYVWFguWgVJuvFoQ
10:28:18.359 [http-nio-9587-exec-5] INFO  c.r.f.w.s.TokenService - [getToken,237] - user: madaosen, backend Token: Bearer eyJhbGciOiJIUzUxMiJ9.eyJsb2dpbl91c2VyX2tleSI6IjA4MzM3NjgyLTFhYjItNDRlZC05OWFjLTk1MGQ3YjdhMWIxOSJ9.-HQwl7xa3Ky82jj7wI2p8EHSzJcqcZD2t3S0pe0jMKbFUif28a8VJUKcvJLACuEW8Vw7f0xYVWFguWgVJuvFoQ
10:28:18.359 [http-nio-9587-exec-8] INFO  c.r.f.w.s.TokenService - [getToken,237] - user: madaosen, backend Token: Bearer eyJhbGciOiJIUzUxMiJ9.eyJsb2dpbl91c2VyX2tleSI6IjA4MzM3NjgyLTFhYjItNDRlZC05OWFjLTk1MGQ3YjdhMWIxOSJ9.-HQwl7xa3Ky82jj7wI2p8EHSzJcqcZD2t3S0pe0jMKbFUif28a8VJUKcvJLACuEW8Vw7f0xYVWFguWgVJuvFoQ
10:28:18.378 [http-nio-9587-exec-2] INFO  c.r.f.w.s.TokenService - [getToken,237] - user: madaosen, backend Token: Bearer eyJhbGciOiJIUzUxMiJ9.eyJsb2dpbl91c2VyX2tleSI6IjA4MzM3NjgyLTFhYjItNDRlZC05OWFjLTk1MGQ3YjdhMWIxOSJ9.-HQwl7xa3Ky82jj7wI2p8EHSzJcqcZD2t3S0pe0jMKbFUif28a8VJUKcvJLACuEW8Vw7f0xYVWFguWgVJuvFoQ
10:28:18.380 [http-nio-9587-exec-6] INFO  c.r.f.w.s.TokenService - [getToken,237] - user: madaosen, backend Token: Bearer eyJhbGciOiJIUzUxMiJ9.eyJsb2dpbl91c2VyX2tleSI6IjA4MzM3NjgyLTFhYjItNDRlZC05OWFjLTk1MGQ3YjdhMWIxOSJ9.-HQwl7xa3Ky82jj7wI2p8EHSzJcqcZD2t3S0pe0jMKbFUif28a8VJUKcvJLACuEW8Vw7f0xYVWFguWgVJuvFoQ
10:28:18.621 [http-nio-9587-exec-9] INFO  c.r.f.w.s.TokenService - [getToken,237] - user: madaosen, backend Token: Bearer eyJhbGciOiJIUzUxMiJ9.eyJsb2dpbl91c2VyX2tleSI6IjA4MzM3NjgyLTFhYjItNDRlZC05OWFjLTk1MGQ3YjdhMWIxOSJ9.-HQwl7xa3Ky82jj7wI2p8EHSzJcqcZD2t3S0pe0jMKbFUif28a8VJUKcvJLACuEW8Vw7f0xYVWFguWgVJuvFoQ
10:28:18.621 [http-nio-9587-exec-4] INFO  c.r.f.w.s.TokenService - [getToken,237] - user: madaosen, backend Token: Bearer eyJhbGciOiJIUzUxMiJ9.eyJsb2dpbl91c2VyX2tleSI6IjA4MzM3NjgyLTFhYjItNDRlZC05OWFjLTk1MGQ3YjdhMWIxOSJ9.-HQwl7xa3Ky82jj7wI2p8EHSzJcqcZD2t3S0pe0jMKbFUif28a8VJUKcvJLACuEW8Vw7f0xYVWFguWgVJuvFoQ
10:28:18.622 [http-nio-9587-exec-5] INFO  c.r.f.w.s.TokenService - [getToken,237] - user: madaosen, backend Token: Bearer eyJhbGciOiJIUzUxMiJ9.eyJsb2dpbl91c2VyX2tleSI6IjA4MzM3NjgyLTFhYjItNDRlZC05OWFjLTk1MGQ3YjdhMWIxOSJ9.-HQwl7xa3Ky82jj7wI2p8EHSzJcqcZD2t3S0pe0jMKbFUif28a8VJUKcvJLACuEW8Vw7f0xYVWFguWgVJuvFoQ
10:28:18.622 [http-nio-9587-exec-1] INFO  c.r.f.w.s.TokenService - [getToken,237] - user: madaosen, backend Token: Bearer eyJhbGciOiJIUzUxMiJ9.eyJsb2dpbl91c2VyX2tleSI6IjA4MzM3NjgyLTFhYjItNDRlZC05OWFjLTk1MGQ3YjdhMWIxOSJ9.-HQwl7xa3Ky82jj7wI2p8EHSzJcqcZD2t3S0pe0jMKbFUif28a8VJUKcvJLACuEW8Vw7f0xYVWFguWgVJuvFoQ
10:28:18.622 [http-nio-9587-exec-3] INFO  c.r.f.w.s.TokenService - [getToken,237] - user: madaosen, backend Token: Bearer eyJhbGciOiJIUzUxMiJ9.eyJsb2dpbl91c2VyX2tleSI6IjA4MzM3NjgyLTFhYjItNDRlZC05OWFjLTk1MGQ3YjdhMWIxOSJ9.-HQwl7xa3Ky82jj7wI2p8EHSzJcqcZD2t3S0pe0jMKbFUif28a8VJUKcvJLACuEW8Vw7f0xYVWFguWgVJuvFoQ
10:28:18.622 [http-nio-9587-exec-7] INFO  c.r.f.w.s.TokenService - [getToken,237] - user: madaosen, backend Token: Bearer eyJhbGciOiJIUzUxMiJ9.eyJsb2dpbl91c2VyX2tleSI6IjA4MzM3NjgyLTFhYjItNDRlZC05OWFjLTk1MGQ3YjdhMWIxOSJ9.-HQwl7xa3Ky82jj7wI2p8EHSzJcqcZD2t3S0pe0jMKbFUif28a8VJUKcvJLACuEW8Vw7f0xYVWFguWgVJuvFoQ
10:28:18.654 [http-nio-9587-exec-10] INFO  c.r.f.w.s.TokenService - [getToken,237] - user: madaosen, backend Token: Bearer eyJhbGciOiJIUzUxMiJ9.eyJsb2dpbl91c2VyX2tleSI6IjA4MzM3NjgyLTFhYjItNDRlZC05OWFjLTk1MGQ3YjdhMWIxOSJ9.-HQwl7xa3Ky82jj7wI2p8EHSzJcqcZD2t3S0pe0jMKbFUif28a8VJUKcvJLACuEW8Vw7f0xYVWFguWgVJuvFoQ
10:28:18.670 [http-nio-9587-exec-5] INFO  c.r.f.w.s.TokenService - [getToken,237] - user: madaosen, backend Token: Bearer eyJhbGciOiJIUzUxMiJ9.eyJsb2dpbl91c2VyX2tleSI6IjA4MzM3NjgyLTFhYjItNDRlZC05OWFjLTk1MGQ3YjdhMWIxOSJ9.-HQwl7xa3Ky82jj7wI2p8EHSzJcqcZD2t3S0pe0jMKbFUif28a8VJUKcvJLACuEW8Vw7f0xYVWFguWgVJuvFoQ
10:28:18.670 [http-nio-9587-exec-1] INFO  c.r.f.w.s.TokenService - [getToken,237] - user: madaosen, backend Token: Bearer eyJhbGciOiJIUzUxMiJ9.eyJsb2dpbl91c2VyX2tleSI6IjA4MzM3NjgyLTFhYjItNDRlZC05OWFjLTk1MGQ3YjdhMWIxOSJ9.-HQwl7xa3Ky82jj7wI2p8EHSzJcqcZD2t3S0pe0jMKbFUif28a8VJUKcvJLACuEW8Vw7f0xYVWFguWgVJuvFoQ
10:28:18.670 [http-nio-9587-exec-9] INFO  c.r.f.w.s.TokenService - [getToken,237] - user: madaosen, backend Token: Bearer eyJhbGciOiJIUzUxMiJ9.eyJsb2dpbl91c2VyX2tleSI6IjA4MzM3NjgyLTFhYjItNDRlZC05OWFjLTk1MGQ3YjdhMWIxOSJ9.-HQwl7xa3Ky82jj7wI2p8EHSzJcqcZD2t3S0pe0jMKbFUif28a8VJUKcvJLACuEW8Vw7f0xYVWFguWgVJuvFoQ
10:28:18.696 [http-nio-9587-exec-3] INFO  c.r.f.w.s.TokenService - [getToken,237] - user: madaosen, backend Token: Bearer eyJhbGciOiJIUzUxMiJ9.eyJsb2dpbl91c2VyX2tleSI6IjA4MzM3NjgyLTFhYjItNDRlZC05OWFjLTk1MGQ3YjdhMWIxOSJ9.-HQwl7xa3Ky82jj7wI2p8EHSzJcqcZD2t3S0pe0jMKbFUif28a8VJUKcvJLACuEW8Vw7f0xYVWFguWgVJuvFoQ
10:28:18.696 [http-nio-9587-exec-9] INFO  c.r.f.w.s.TokenService - [getToken,237] - user: madaosen, backend Token: Bearer eyJhbGciOiJIUzUxMiJ9.eyJsb2dpbl91c2VyX2tleSI6IjA4MzM3NjgyLTFhYjItNDRlZC05OWFjLTk1MGQ3YjdhMWIxOSJ9.-HQwl7xa3Ky82jj7wI2p8EHSzJcqcZD2t3S0pe0jMKbFUif28a8VJUKcvJLACuEW8Vw7f0xYVWFguWgVJuvFoQ
10:28:18.696 [http-nio-9587-exec-5] INFO  c.r.f.w.s.TokenService - [getToken,237] - user: madaosen, backend Token: Bearer eyJhbGciOiJIUzUxMiJ9.eyJsb2dpbl91c2VyX2tleSI6IjA4MzM3NjgyLTFhYjItNDRlZC05OWFjLTk1MGQ3YjdhMWIxOSJ9.-HQwl7xa3Ky82jj7wI2p8EHSzJcqcZD2t3S0pe0jMKbFUif28a8VJUKcvJLACuEW8Vw7f0xYVWFguWgVJuvFoQ
10:28:18.696 [http-nio-9587-exec-2] INFO  c.r.f.w.s.TokenService - [getToken,237] - user: madaosen, backend Token: Bearer eyJhbGciOiJIUzUxMiJ9.eyJsb2dpbl91c2VyX2tleSI6IjA4MzM3NjgyLTFhYjItNDRlZC05OWFjLTk1MGQ3YjdhMWIxOSJ9.-HQwl7xa3Ky82jj7wI2p8EHSzJcqcZD2t3S0pe0jMKbFUif28a8VJUKcvJLACuEW8Vw7f0xYVWFguWgVJuvFoQ
10:28:18.696 [http-nio-9587-exec-1] INFO  c.r.f.w.s.TokenService - [getToken,237] - user: madaosen, backend Token: Bearer eyJhbGciOiJIUzUxMiJ9.eyJsb2dpbl91c2VyX2tleSI6IjA4MzM3NjgyLTFhYjItNDRlZC05OWFjLTk1MGQ3YjdhMWIxOSJ9.-HQwl7xa3Ky82jj7wI2p8EHSzJcqcZD2t3S0pe0jMKbFUif28a8VJUKcvJLACuEW8Vw7f0xYVWFguWgVJuvFoQ
10:28:18.862 [http-nio-9587-exec-8] INFO  c.r.f.w.s.TokenService - [getToken,237] - user: madaosen, backend Token: Bearer eyJhbGciOiJIUzUxMiJ9.eyJsb2dpbl91c2VyX2tleSI6IjA4MzM3NjgyLTFhYjItNDRlZC05OWFjLTk1MGQ3YjdhMWIxOSJ9.-HQwl7xa3Ky82jj7wI2p8EHSzJcqcZD2t3S0pe0jMKbFUif28a8VJUKcvJLACuEW8Vw7f0xYVWFguWgVJuvFoQ
10:28:18.904 [http-nio-9587-exec-10] INFO  c.r.f.w.s.TokenService - [getToken,237] - user: madaosen, backend Token: Bearer eyJhbGciOiJIUzUxMiJ9.eyJsb2dpbl91c2VyX2tleSI6IjA4MzM3NjgyLTFhYjItNDRlZC05OWFjLTk1MGQ3YjdhMWIxOSJ9.-HQwl7xa3Ky82jj7wI2p8EHSzJcqcZD2t3S0pe0jMKbFUif28a8VJUKcvJLACuEW8Vw7f0xYVWFguWgVJuvFoQ
10:28:18.983 [http-nio-9587-exec-9] INFO  c.r.f.w.s.TokenService - [getToken,237] - user: madaosen, backend Token: Bearer eyJhbGciOiJIUzUxMiJ9.eyJsb2dpbl91c2VyX2tleSI6IjA4MzM3NjgyLTFhYjItNDRlZC05OWFjLTk1MGQ3YjdhMWIxOSJ9.-HQwl7xa3Ky82jj7wI2p8EHSzJcqcZD2t3S0pe0jMKbFUif28a8VJUKcvJLACuEW8Vw7f0xYVWFguWgVJuvFoQ
10:28:42.645 [http-nio-9587-exec-5] INFO  c.r.f.w.s.TokenService - [getToken,237] - user: madaosen, backend Token: Bearer eyJhbGciOiJIUzUxMiJ9.eyJsb2dpbl91c2VyX2tleSI6IjA4MzM3NjgyLTFhYjItNDRlZC05OWFjLTk1MGQ3YjdhMWIxOSJ9.-HQwl7xa3Ky82jj7wI2p8EHSzJcqcZD2t3S0pe0jMKbFUif28a8VJUKcvJLACuEW8Vw7f0xYVWFguWgVJuvFoQ
10:28:42.681 [http-nio-9587-exec-5] INFO  c.r.w.l.TaskEventV2Listener - [onEvent,105] - EVENT :TASK_ASSIGNED
10:28:42.711 [http-nio-9587-exec-5] INFO  c.r.w.l.TaskEventV2Listener - [onEvent,105] - EVENT :TASK_COMPLETED
10:28:42.712 [http-nio-9587-exec-5] INFO  c.r.w.l.TaskEventV2Listener - [onEvent,121] - username :madaosen
10:28:42.803 [http-nio-9587-exec-5] INFO  c.r.w.l.TaskEventV2Listener - [onEvent,105] - EVENT :TASK_CREATED
10:28:42.806 [http-nio-9587-exec-5] INFO  c.r.f.w.s.TokenService - [getToken,237] - user: madaosen, backend Token: Bearer eyJhbGciOiJIUzUxMiJ9.eyJsb2dpbl91c2VyX2tleSI6IjA4MzM3NjgyLTFhYjItNDRlZC05OWFjLTk1MGQ3YjdhMWIxOSJ9.-HQwl7xa3Ky82jj7wI2p8EHSzJcqcZD2t3S0pe0jMKbFUif28a8VJUKcvJLACuEW8Vw7f0xYVWFguWgVJuvFoQ
10:28:42.898 [http-nio-9587-exec-5] INFO  c.r.w.l.TaskEventV2Listener - [onEvent,127] - username :71074767
10:28:42.990 [http-nio-9587-exec-5] INFO  c.r.w.l.TaskEventV2Listener - [createOaTask,240] - task0: Task{createDate='2026-09-07 10:28:42', createOrg='45', createUser='madaosen', createUserName='madaosen', expiryDate='null', kindName='null', moduleName='null', needInputPwd='null', oaIId='null', oaMkId='null', receiveUser='71074767', receiveUserName='石奇', synId='null', synType='1', taskId='d8061ed3-aa63-11f1-885b-da3bbfe162e3', tasksType='1', title='全生命周期平台督办：确认并填写造价--测试表单001', type='0', url='http://www.sh.ctc.com/EFFPRO2/oa_verify?taskId=d805f7c2-aa63-11f1-885b-da3bbfe162e3&redirect=%2FEFFPRO2%2Fproject%2FagencyProject%2FdetailPage%3Fid%3D2095324734505078784'}
10:28:42.994 [http-nio-9587-exec-5] INFO  c.r.w.l.TaskEventV2Listener - [onEvent,127] - username :31027380
10:28:43.081 [http-nio-9587-exec-5] INFO  c.r.w.l.TaskEventV2Listener - [createOaTask,240] - task0: Task{createDate='2026-09-07 10:28:42', createOrg='45', createUser='madaosen', createUserName='madaosen', expiryDate='null', kindName='null', moduleName='null', needInputPwd='null', oaIId='null', oaMkId='null', receiveUser='31027380', receiveUserName='林赟炜', synId='null', synType='1', taskId='d8061ed4-aa63-11f1-885b-da3bbfe162e3', tasksType='1', title='全生命周期平台督办：确认并填写造价--测试表单001', type='0', url='http://www.sh.ctc.com/EFFPRO2/oa_verify?taskId=d805f7c2-aa63-11f1-885b-da3bbfe162e3&redirect=%2FEFFPRO2%2Fproject%2FagencyProject%2FdetailPage%3Fid%3D2095324734505078784'}
10:28:43.085 [http-nio-9587-exec-5] INFO  c.r.w.l.TaskEventV2Listener - [onEvent,127] - username :madaosen
10:28:43.166 [http-nio-9587-exec-5] INFO  c.r.w.l.TaskEventV2Listener - [createOaTask,240] - task0: Task{createDate='2026-09-07 10:28:43', createOrg='45', createUser='madaosen', createUserName='madaosen', expiryDate='null', kindName='null', moduleName='null', needInputPwd='null', oaIId='null', oaMkId='null', receiveUser='madaosen', receiveUserName='madaosen', synId='null', synType='1', taskId='d80645e5-aa63-11f1-885b-da3bbfe162e3', tasksType='1', title='全生命周期平台督办：确认并填写造价--测试表单001', type='0', url='http://www.sh.ctc.com/EFFPRO2/oa_verify?taskId=d805f7c2-aa63-11f1-885b-da3bbfe162e3&redirect=%2FEFFPRO2%2Fproject%2FagencyProject%2FdetailPage%3Fid%3D2095324734505078784'}
10:28:43.169 [http-nio-9587-exec-5] INFO  c.r.w.l.TaskEventV2Listener - [onEvent,127] - username :shiqi
10:28:43.241 [http-nio-9587-exec-5] INFO  c.r.w.l.TaskEventV2Listener - [createOaTask,240] - task0: Task{createDate='2026-09-07 10:28:43', createOrg='45', createUser='madaosen', createUserName='madaosen', expiryDate='null', kindName='null', moduleName='null', needInputPwd='null', oaIId='null', oaMkId='null', receiveUser='shiqi', receiveUserName='石奇', synId='null', synType='1', taskId='d80645e6-aa63-11f1-885b-da3bbfe162e3', tasksType='1', title='全生命周期平台督办：确认并填写造价--测试表单001', type='0', url='http://www.sh.ctc.com/EFFPRO2/oa_verify?taskId=d805f7c2-aa63-11f1-885b-da3bbfe162e3&redirect=%2FEFFPRO2%2Fproject%2FagencyProject%2FdetailPage%3Fid%3D2095324734505078784'}
10:28:43.244 [http-nio-9587-exec-5] INFO  c.r.w.l.TaskEventV2Listener - [onEvent,127] - username :xiaoneng
10:28:43.331 [http-nio-9587-exec-5] INFO  c.r.w.l.TaskEventV2Listener - [createOaTask,240] - task0: Task{createDate='2026-09-07 10:28:43', createOrg='45', createUser='madaosen', createUserName='madaosen', expiryDate='null', kindName='null', moduleName='null', needInputPwd='null', oaIId='null', oaMkId='null', receiveUser='xiaoneng', receiveUserName='小能', synId='null', synType='1', taskId='d80645e8-aa63-11f1-885b-da3bbfe162e3', tasksType='1', title='全生命周期平台督办：确认并填写造价--测试表单001', type='0', url='http://www.sh.ctc.com/EFFPRO2/oa_verify?taskId=d805f7c2-aa63-11f1-885b-da3bbfe162e3&redirect=%2FEFFPRO2%2Fproject%2FagencyProject%2FdetailPage%3Fid%3D2095324734505078784'}
10:28:43.334 [http-nio-9587-exec-5] INFO  c.r.w.l.TaskEventV2Listener - [onEvent,127] - username :enci
10:28:43.419 [http-nio-9587-exec-5] INFO  c.r.w.l.TaskEventV2Listener - [createOaTask,240] - task0: Task{createDate='2026-09-07 10:28:43', createOrg='45', createUser='madaosen', createUserName='madaosen', expiryDate='null', kindName='null', moduleName='null', needInputPwd='null', oaIId='null', oaMkId='null', receiveUser='enci', receiveUserName='enci', synId='null', synType='1', taskId='d80645e9-aa63-11f1-885b-da3bbfe162e3', tasksType='1', title='全生命周期平台督办：确认并填写造价--测试表单001', type='0', url='http://www.sh.ctc.com/EFFPRO2/oa_verify?taskId=d805f7c2-aa63-11f1-885b-da3bbfe162e3&redirect=%2FEFFPRO2%2Fproject%2FagencyProject%2FdetailPage%3Fid%3D2095324734505078784'}
10:28:43.475 [http-nio-9587-exec-8] INFO  c.r.f.w.s.TokenService - [getToken,237] - user: madaosen, backend Token: Bearer eyJhbGciOiJIUzUxMiJ9.eyJsb2dpbl91c2VyX2tleSI6IjA4MzM3NjgyLTFhYjItNDRlZC05OWFjLTk1MGQ3YjdhMWIxOSJ9.-HQwl7xa3Ky82jj7wI2p8EHSzJcqcZD2t3S0pe0jMKbFUif28a8VJUKcvJLACuEW8Vw7f0xYVWFguWgVJuvFoQ
10:28:43.475 [http-nio-9587-exec-1] INFO  c.r.f.w.s.TokenService - [getToken,237] - user: madaosen, backend Token: Bearer eyJhbGciOiJIUzUxMiJ9.eyJsb2dpbl91c2VyX2tleSI6IjA4MzM3NjgyLTFhYjItNDRlZC05OWFjLTk1MGQ3YjdhMWIxOSJ9.-HQwl7xa3Ky82jj7wI2p8EHSzJcqcZD2t3S0pe0jMKbFUif28a8VJUKcvJLACuEW8Vw7f0xYVWFguWgVJuvFoQ
10:28:43.475 [http-nio-9587-exec-5] INFO  c.r.f.w.s.TokenService - [getToken,237] - user: madaosen, backend Token: Bearer eyJhbGciOiJIUzUxMiJ9.eyJsb2dpbl91c2VyX2tleSI6IjA4MzM3NjgyLTFhYjItNDRlZC05OWFjLTk1MGQ3YjdhMWIxOSJ9.-HQwl7xa3Ky82jj7wI2p8EHSzJcqcZD2t3S0pe0jMKbFUif28a8VJUKcvJLACuEW8Vw7f0xYVWFguWgVJuvFoQ
10:28:43.475 [http-nio-9587-exec-7] INFO  c.r.f.w.s.TokenService - [getToken,237] - user: madaosen, backend Token: Bearer eyJhbGciOiJIUzUxMiJ9.eyJsb2dpbl91c2VyX2tleSI6IjA4MzM3NjgyLTFhYjItNDRlZC05OWFjLTk1MGQ3YjdhMWIxOSJ9.-HQwl7xa3Ky82jj7wI2p8EHSzJcqcZD2t3S0pe0jMKbFUif28a8VJUKcvJLACuEW8Vw7f0xYVWFguWgVJuvFoQ
10:28:43.476 [http-nio-9587-exec-4] INFO  c.r.f.w.s.TokenService - [getToken,237] - user: madaosen, backend Token: Bearer eyJhbGciOiJIUzUxMiJ9.eyJsb2dpbl91c2VyX2tleSI6IjA4MzM3NjgyLTFhYjItNDRlZC05OWFjLTk1MGQ3YjdhMWIxOSJ9.-HQwl7xa3Ky82jj7wI2p8EHSzJcqcZD2t3S0pe0jMKbFUif28a8VJUKcvJLACuEW8Vw7f0xYVWFguWgVJuvFoQ
10:28:43.477 [http-nio-9587-exec-10] INFO  c.r.f.w.s.TokenService - [getToken,237] - user: madaosen, backend Token: Bearer eyJhbGciOiJIUzUxMiJ9.eyJsb2dpbl91c2VyX2tleSI6IjA4MzM3NjgyLTFhYjItNDRlZC05OWFjLTk1MGQ3YjdhMWIxOSJ9.-HQwl7xa3Ky82jj7wI2p8EHSzJcqcZD2t3S0pe0jMKbFUif28a8VJUKcvJLACuEW8Vw7f0xYVWFguWgVJuvFoQ
10:28:43.488 [http-nio-9587-exec-3] INFO  c.r.f.w.s.TokenService - [getToken,237] - user: madaosen, backend Token: Bearer eyJhbGciOiJIUzUxMiJ9.eyJsb2dpbl91c2VyX2tleSI6IjA4MzM3NjgyLTFhYjItNDRlZC05OWFjLTk1MGQ3YjdhMWIxOSJ9.-HQwl7xa3Ky82jj7wI2p8EHSzJcqcZD2t3S0pe0jMKbFUif28a8VJUKcvJLACuEW8Vw7f0xYVWFguWgVJuvFoQ
10:28:43.494 [http-nio-9587-exec-9] INFO  c.r.f.w.s.TokenService - [getToken,237] - user: madaosen, backend Token: Bearer eyJhbGciOiJIUzUxMiJ9.eyJsb2dpbl91c2VyX2tleSI6IjA4MzM3NjgyLTFhYjItNDRlZC05OWFjLTk1MGQ3YjdhMWIxOSJ9.-HQwl7xa3Ky82jj7wI2p8EHSzJcqcZD2t3S0pe0jMKbFUif28a8VJUKcvJLACuEW8Vw7f0xYVWFguWgVJuvFoQ
10:28:43.801 [http-nio-9587-exec-1] INFO  c.r.f.w.s.TokenService - [getToken,237] - user: madaosen, backend Token: Bearer eyJhbGciOiJIUzUxMiJ9.eyJsb2dpbl91c2VyX2tleSI6IjA4MzM3NjgyLTFhYjItNDRlZC05OWFjLTk1MGQ3YjdhMWIxOSJ9.-HQwl7xa3Ky82jj7wI2p8EHSzJcqcZD2t3S0pe0jMKbFUif28a8VJUKcvJLACuEW8Vw7f0xYVWFguWgVJuvFoQ
10:28:43.802 [http-nio-9587-exec-10] INFO  c.r.f.w.s.TokenService - [getToken,237] - user: madaosen, backend Token: Bearer eyJhbGciOiJIUzUxMiJ9.eyJsb2dpbl91c2VyX2tleSI6IjA4MzM3NjgyLTFhYjItNDRlZC05OWFjLTk1MGQ3YjdhMWIxOSJ9.-HQwl7xa3Ky82jj7wI2p8EHSzJcqcZD2t3S0pe0jMKbFUif28a8VJUKcvJLACuEW8Vw7f0xYVWFguWgVJuvFoQ
10:28:43.802 [http-nio-9587-exec-5] INFO  c.r.f.w.s.TokenService - [getToken,237] - user: madaosen, backend Token: Bearer eyJhbGciOiJIUzUxMiJ9.eyJsb2dpbl91c2VyX2tleSI6IjA4MzM3NjgyLTFhYjItNDRlZC05OWFjLTk1MGQ3YjdhMWIxOSJ9.-HQwl7xa3Ky82jj7wI2p8EHSzJcqcZD2t3S0pe0jMKbFUif28a8VJUKcvJLACuEW8Vw7f0xYVWFguWgVJuvFoQ
10:28:43.806 [http-nio-9587-exec-2] INFO  c.r.f.w.s.TokenService - [getToken,237] - user: madaosen, backend Token: Bearer eyJhbGciOiJIUzUxMiJ9.eyJsb2dpbl91c2VyX2tleSI6IjA4MzM3NjgyLTFhYjItNDRlZC05OWFjLTk1MGQ3YjdhMWIxOSJ9.-HQwl7xa3Ky82jj7wI2p8EHSzJcqcZD2t3S0pe0jMKbFUif28a8VJUKcvJLACuEW8Vw7f0xYVWFguWgVJuvFoQ
10:28:43.809 [http-nio-9587-exec-3] INFO  c.r.f.w.s.TokenService - [getToken,237] - user: madaosen, backend Token: Bearer eyJhbGciOiJIUzUxMiJ9.eyJsb2dpbl91c2VyX2tleSI6IjA4MzM3NjgyLTFhYjItNDRlZC05OWFjLTk1MGQ3YjdhMWIxOSJ9.-HQwl7xa3Ky82jj7wI2p8EHSzJcqcZD2t3S0pe0jMKbFUif28a8VJUKcvJLACuEW8Vw7f0xYVWFguWgVJuvFoQ
10:28:43.809 [http-nio-9587-exec-6] INFO  c.r.f.w.s.TokenService - [getToken,237] - user: madaosen, backend Token: Bearer eyJhbGciOiJIUzUxMiJ9.eyJsb2dpbl91c2VyX2tleSI6IjA4MzM3NjgyLTFhYjItNDRlZC05OWFjLTk1MGQ3YjdhMWIxOSJ9.-HQwl7xa3Ky82jj7wI2p8EHSzJcqcZD2t3S0pe0jMKbFUif28a8VJUKcvJLACuEW8Vw7f0xYVWFguWgVJuvFoQ
10:28:43.824 [http-nio-9587-exec-9] INFO  c.r.f.w.s.TokenService - [getToken,237] - user: madaosen, backend Token: Bearer eyJhbGciOiJIUzUxMiJ9.eyJsb2dpbl91c2VyX2tleSI6IjA4MzM3NjgyLTFhYjItNDRlZC05OWFjLTk1MGQ3YjdhMWIxOSJ9.-HQwl7xa3Ky82jj7wI2p8EHSzJcqcZD2t3S0pe0jMKbFUif28a8VJUKcvJLACuEW8Vw7f0xYVWFguWgVJuvFoQ
10:28:43.824 [http-nio-9587-exec-7] INFO  c.r.f.w.s.TokenService - [getToken,237] - user: madaosen, backend Token: Bearer eyJhbGciOiJIUzUxMiJ9.eyJsb2dpbl91c2VyX2tleSI6IjA4MzM3NjgyLTFhYjItNDRlZC05OWFjLTk1MGQ3YjdhMWIxOSJ9.-HQwl7xa3Ky82jj7wI2p8EHSzJcqcZD2t3S0pe0jMKbFUif28a8VJUKcvJLACuEW8Vw7f0xYVWFguWgVJuvFoQ
10:28:43.846 [http-nio-9587-exec-4] INFO  c.r.f.w.s.TokenService - [getToken,237] - user: madaosen, backend Token: Bearer eyJhbGciOiJIUzUxMiJ9.eyJsb2dpbl91c2VyX2tleSI6IjA4MzM3NjgyLTFhYjItNDRlZC05OWFjLTk1MGQ3YjdhMWIxOSJ9.-HQwl7xa3Ky82jj7wI2p8EHSzJcqcZD2t3S0pe0jMKbFUif28a8VJUKcvJLACuEW8Vw7f0xYVWFguWgVJuvFoQ
10:28:43.859 [http-nio-9587-exec-6] INFO  c.r.f.w.s.TokenService - [getToken,237] - user: madaosen, backend Token: Bearer eyJhbGciOiJIUzUxMiJ9.eyJsb2dpbl91c2VyX2tleSI6IjA4MzM3NjgyLTFhYjItNDRlZC05OWFjLTk1MGQ3YjdhMWIxOSJ9.-HQwl7xa3Ky82jj7wI2p8EHSzJcqcZD2t3S0pe0jMKbFUif28a8VJUKcvJLACuEW8Vw7f0xYVWFguWgVJuvFoQ
10:28:43.859 [http-nio-9587-exec-3] INFO  c.r.f.w.s.TokenService - [getToken,237] - user: madaosen, backend Token: Bearer eyJhbGciOiJIUzUxMiJ9.eyJsb2dpbl91c2VyX2tleSI6IjA4MzM3NjgyLTFhYjItNDRlZC05OWFjLTk1MGQ3YjdhMWIxOSJ9.-HQwl7xa3Ky82jj7wI2p8EHSzJcqcZD2t3S0pe0jMKbFUif28a8VJUKcvJLACuEW8Vw7f0xYVWFguWgVJuvFoQ
10:28:43.859 [http-nio-9587-exec-2] INFO  c.r.f.w.s.TokenService - [getToken,237] - user: madaosen, backend Token: Bearer eyJhbGciOiJIUzUxMiJ9.eyJsb2dpbl91c2VyX2tleSI6IjA4MzM3NjgyLTFhYjItNDRlZC05OWFjLTk1MGQ3YjdhMWIxOSJ9.-HQwl7xa3Ky82jj7wI2p8EHSzJcqcZD2t3S0pe0jMKbFUif28a8VJUKcvJLACuEW8Vw7f0xYVWFguWgVJuvFoQ
10:28:43.883 [http-nio-9587-exec-5] INFO  c.r.f.w.s.TokenService - [getToken,237] - user: madaosen, backend Token: Bearer eyJhbGciOiJIUzUxMiJ9.eyJsb2dpbl91c2VyX2tleSI6IjA4MzM3NjgyLTFhYjItNDRlZC05OWFjLTk1MGQ3YjdhMWIxOSJ9.-HQwl7xa3Ky82jj7wI2p8EHSzJcqcZD2t3S0pe0jMKbFUif28a8VJUKcvJLACuEW8Vw7f0xYVWFguWgVJuvFoQ
10:28:43.883 [http-nio-9587-exec-1] INFO  c.r.f.w.s.TokenService - [getToken,237] - user: madaosen, backend Token: Bearer eyJhbGciOiJIUzUxMiJ9.eyJsb2dpbl91c2VyX2tleSI6IjA4MzM3NjgyLTFhYjItNDRlZC05OWFjLTk1MGQ3YjdhMWIxOSJ9.-HQwl7xa3Ky82jj7wI2p8EHSzJcqcZD2t3S0pe0jMKbFUif28a8VJUKcvJLACuEW8Vw7f0xYVWFguWgVJuvFoQ
10:28:43.883 [http-nio-9587-exec-3] INFO  c.r.f.w.s.TokenService - [getToken,237] - user: madaosen, backend Token: Bearer eyJhbGciOiJIUzUxMiJ9.eyJsb2dpbl91c2VyX2tleSI6IjA4MzM3NjgyLTFhYjItNDRlZC05OWFjLTk1MGQ3YjdhMWIxOSJ9.-HQwl7xa3Ky82jj7wI2p8EHSzJcqcZD2t3S0pe0jMKbFUif28a8VJUKcvJLACuEW8Vw7f0xYVWFguWgVJuvFoQ
10:28:43.883 [http-nio-9587-exec-10] INFO  c.r.f.w.s.TokenService - [getToken,237] - user: madaosen, backend Token: Bearer eyJhbGciOiJIUzUxMiJ9.eyJsb2dpbl91c2VyX2tleSI6IjA4MzM3NjgyLTFhYjItNDRlZC05OWFjLTk1MGQ3YjdhMWIxOSJ9.-HQwl7xa3Ky82jj7wI2p8EHSzJcqcZD2t3S0pe0jMKbFUif28a8VJUKcvJLACuEW8Vw7f0xYVWFguWgVJuvFoQ
10:28:43.885 [http-nio-9587-exec-2] INFO  c.r.f.w.s.TokenService - [getToken,237] - user: madaosen, backend Token: Bearer eyJhbGciOiJIUzUxMiJ9.eyJsb2dpbl91c2VyX2tleSI6IjA4MzM3NjgyLTFhYjItNDRlZC05OWFjLTk1MGQ3YjdhMWIxOSJ9.-HQwl7xa3Ky82jj7wI2p8EHSzJcqcZD2t3S0pe0jMKbFUif28a8VJUKcvJLACuEW8Vw7f0xYVWFguWgVJuvFoQ
10:28:44.020 [http-nio-9587-exec-7] INFO  c.r.f.w.s.TokenService - [getToken,237] - user: madaosen, backend Token: Bearer eyJhbGciOiJIUzUxMiJ9.eyJsb2dpbl91c2VyX2tleSI6IjA4MzM3NjgyLTFhYjItNDRlZC05OWFjLTk1MGQ3YjdhMWIxOSJ9.-HQwl7xa3Ky82jj7wI2p8EHSzJcqcZD2t3S0pe0jMKbFUif28a8VJUKcvJLACuEW8Vw7f0xYVWFguWgVJuvFoQ
10:28:44.044 [http-nio-9587-exec-4] INFO  c.r.f.w.s.TokenService - [getToken,237] - user: madaosen, backend Token: Bearer eyJhbGciOiJIUzUxMiJ9.eyJsb2dpbl91c2VyX2tleSI6IjA4MzM3NjgyLTFhYjItNDRlZC05OWFjLTk1MGQ3YjdhMWIxOSJ9.-HQwl7xa3Ky82jj7wI2p8EHSzJcqcZD2t3S0pe0jMKbFUif28a8VJUKcvJLACuEW8Vw7f0xYVWFguWgVJuvFoQ
10:28:44.107 [http-nio-9587-exec-2] INFO  c.r.f.w.s.TokenService - [getToken,237] - user: madaosen, backend Token: Bearer eyJhbGciOiJIUzUxMiJ9.eyJsb2dpbl91c2VyX2tleSI6IjA4MzM3NjgyLTFhYjItNDRlZC05OWFjLTk1MGQ3YjdhMWIxOSJ9.-HQwl7xa3Ky82jj7wI2p8EHSzJcqcZD2t3S0pe0jMKbFUif28a8VJUKcvJLACuEW8Vw7f0xYVWFguWgVJuvFoQ
10:29:23.712 [http-nio-9587-exec-1] INFO  c.r.f.w.s.TokenService - [getToken,237] - user: madaosen, backend Token: Bearer eyJhbGciOiJIUzUxMiJ9.eyJsb2dpbl91c2VyX2tleSI6IjA4MzM3NjgyLTFhYjItNDRlZC05OWFjLTk1MGQ3YjdhMWIxOSJ9.-HQwl7xa3Ky82jj7wI2p8EHSzJcqcZD2t3S0pe0jMKbFUif28a8VJUKcvJLACuEW8Vw7f0xYVWFguWgVJuvFoQ
10:29:23.735 [http-nio-9587-exec-1] INFO  c.r.w.l.TaskEventV2Listener - [onEvent,105] - EVENT :TASK_ASSIGNED
10:29:23.755 [http-nio-9587-exec-1] INFO  c.r.w.l.TaskEventV2Listener - [onEvent,105] - EVENT :TASK_COMPLETED
10:29:23.756 [http-nio-9587-exec-1] INFO  c.r.w.l.TaskEventV2Listener - [onEvent,121] - username :71074767
10:29:23.858 [http-nio-9587-exec-1] INFO  c.r.w.l.TaskEventV2Listener - [onEvent,121] - username :31027380
10:29:23.980 [http-nio-9587-exec-1] INFO  c.r.w.l.TaskEventV2Listener - [onEvent,121] - username :madaosen
10:29:24.077 [http-nio-9587-exec-1] INFO  c.r.w.l.TaskEventV2Listener - [onEvent,121] - username :shiqi
10:29:24.164 [http-nio-9587-exec-1] INFO  c.r.w.l.TaskEventV2Listener - [onEvent,121] - username :xiaoneng
10:29:24.260 [http-nio-9587-exec-1] INFO  c.r.w.l.TaskEventV2Listener - [onEvent,121] - username :enci
10:29:24.358 [http-nio-9587-exec-1] INFO  c.r.w.l.TaskEventV2Listener - [onEvent,105] - EVENT :TASK_CREATED
10:29:24.360 [http-nio-9587-exec-1] INFO  c.r.f.w.s.TokenService - [getToken,237] - user: madaosen, backend Token: Bearer eyJhbGciOiJIUzUxMiJ9.eyJsb2dpbl91c2VyX2tleSI6IjA4MzM3NjgyLTFhYjItNDRlZC05OWFjLTk1MGQ3YjdhMWIxOSJ9.-HQwl7xa3Ky82jj7wI2p8EHSzJcqcZD2t3S0pe0jMKbFUif28a8VJUKcvJLACuEW8Vw7f0xYVWFguWgVJuvFoQ
10:29:24.365 [http-nio-9587-exec-1] INFO  c.r.w.s.i.AiAgentTaskExecutionServiceImpl - [createWorkflowNodeTasks,320] - 审批流程节点未绑定自动执行且已启用的Agent，projectId=2095324734505078784, nodeId=FillInitiationProjectInfo
10:29:24.365 [http-nio-9587-exec-1] INFO  c.r.w.l.TaskEventV2Listener - [onEvent,127] - username :madaosen
10:29:24.456 [http-nio-9587-exec-1] INFO  c.r.w.l.TaskEventV2Listener - [createOaTask,240] - task0: Task{createDate='2026-09-07 10:29:24', createOrg='45', createUser='madaosen', createUserName='madaosen', expiryDate='null', kindName='null', moduleName='null', needInputPwd='null', oaIId='null', oaMkId='null', receiveUser='madaosen', receiveUserName='madaosen', synId='null', synType='1', taskId='f0cae912-aa63-11f1-885b-da3bbfe162e3', tasksType='1', title='全生命周期平台督办：补充项目信息--测试表单001', type='0', url='http://www.sh.ctc.com/EFFPRO2/oa_verify?taskId=f0cac201-aa63-11f1-885b-da3bbfe162e3&redirect=%2FEFFPRO2%2Fproject%2FagencyProject%2FdetailPage%3Fid%3D2095324734505078784'}
10:29:24.501 [http-nio-9587-exec-6] INFO  c.r.f.w.s.TokenService - [getToken,237] - user: madaosen, backend Token: Bearer eyJhbGciOiJIUzUxMiJ9.eyJsb2dpbl91c2VyX2tleSI6IjA4MzM3NjgyLTFhYjItNDRlZC05OWFjLTk1MGQ3YjdhMWIxOSJ9.-HQwl7xa3Ky82jj7wI2p8EHSzJcqcZD2t3S0pe0jMKbFUif28a8VJUKcvJLACuEW8Vw7f0xYVWFguWgVJuvFoQ
10:29:24.502 [http-nio-9587-exec-10] INFO  c.r.f.w.s.TokenService - [getToken,237] - user: madaosen, backend Token: Bearer eyJhbGciOiJIUzUxMiJ9.eyJsb2dpbl91c2VyX2tleSI6IjA4MzM3NjgyLTFhYjItNDRlZC05OWFjLTk1MGQ3YjdhMWIxOSJ9.-HQwl7xa3Ky82jj7wI2p8EHSzJcqcZD2t3S0pe0jMKbFUif28a8VJUKcvJLACuEW8Vw7f0xYVWFguWgVJuvFoQ
10:29:24.502 [http-nio-9587-exec-8] INFO  c.r.f.w.s.TokenService - [getToken,237] - user: madaosen, backend Token: Bearer eyJhbGciOiJIUzUxMiJ9.eyJsb2dpbl91c2VyX2tleSI6IjA4MzM3NjgyLTFhYjItNDRlZC05OWFjLTk1MGQ3YjdhMWIxOSJ9.-HQwl7xa3Ky82jj7wI2p8EHSzJcqcZD2t3S0pe0jMKbFUif28a8VJUKcvJLACuEW8Vw7f0xYVWFguWgVJuvFoQ
10:29:24.502 [http-nio-9587-exec-3] INFO  c.r.f.w.s.TokenService - [getToken,237] - user: madaosen, backend Token: Bearer eyJhbGciOiJIUzUxMiJ9.eyJsb2dpbl91c2VyX2tleSI6IjA4MzM3NjgyLTFhYjItNDRlZC05OWFjLTk1MGQ3YjdhMWIxOSJ9.-HQwl7xa3Ky82jj7wI2p8EHSzJcqcZD2t3S0pe0jMKbFUif28a8VJUKcvJLACuEW8Vw7f0xYVWFguWgVJuvFoQ
10:29:24.503 [http-nio-9587-exec-5] INFO  c.r.f.w.s.TokenService - [getToken,237] - user: madaosen, backend Token: Bearer eyJhbGciOiJIUzUxMiJ9.eyJsb2dpbl91c2VyX2tleSI6IjA4MzM3NjgyLTFhYjItNDRlZC05OWFjLTk1MGQ3YjdhMWIxOSJ9.-HQwl7xa3Ky82jj7wI2p8EHSzJcqcZD2t3S0pe0jMKbFUif28a8VJUKcvJLACuEW8Vw7f0xYVWFguWgVJuvFoQ
10:29:24.506 [http-nio-9587-exec-9] INFO  c.r.f.w.s.TokenService - [getToken,237] - user: madaosen, backend Token: Bearer eyJhbGciOiJIUzUxMiJ9.eyJsb2dpbl91c2VyX2tleSI6IjA4MzM3NjgyLTFhYjItNDRlZC05OWFjLTk1MGQ3YjdhMWIxOSJ9.-HQwl7xa3Ky82jj7wI2p8EHSzJcqcZD2t3S0pe0jMKbFUif28a8VJUKcvJLACuEW8Vw7f0xYVWFguWgVJuvFoQ
10:29:24.522 [http-nio-9587-exec-4] INFO  c.r.f.w.s.TokenService - [getToken,237] - user: madaosen, backend Token: Bearer eyJhbGciOiJIUzUxMiJ9.eyJsb2dpbl91c2VyX2tleSI6IjA4MzM3NjgyLTFhYjItNDRlZC05OWFjLTk1MGQ3YjdhMWIxOSJ9.-HQwl7xa3Ky82jj7wI2p8EHSzJcqcZD2t3S0pe0jMKbFUif28a8VJUKcvJLACuEW8Vw7f0xYVWFguWgVJuvFoQ
10:29:24.524 [http-nio-9587-exec-7] INFO  c.r.f.w.s.TokenService - [getToken,237] - user: madaosen, backend Token: Bearer eyJhbGciOiJIUzUxMiJ9.eyJsb2dpbl91c2VyX2tleSI6IjA4MzM3NjgyLTFhYjItNDRlZC05OWFjLTk1MGQ3YjdhMWIxOSJ9.-HQwl7xa3Ky82jj7wI2p8EHSzJcqcZD2t3S0pe0jMKbFUif28a8VJUKcvJLACuEW8Vw7f0xYVWFguWgVJuvFoQ
10:29:24.797 [http-nio-9587-exec-3] INFO  c.r.f.w.s.TokenService - [getToken,237] - user: madaosen, backend Token: Bearer eyJhbGciOiJIUzUxMiJ9.eyJsb2dpbl91c2VyX2tleSI6IjA4MzM3NjgyLTFhYjItNDRlZC05OWFjLTk1MGQ3YjdhMWIxOSJ9.-HQwl7xa3Ky82jj7wI2p8EHSzJcqcZD2t3S0pe0jMKbFUif28a8VJUKcvJLACuEW8Vw7f0xYVWFguWgVJuvFoQ
10:29:24.798 [http-nio-9587-exec-7] INFO  c.r.f.w.s.TokenService - [getToken,237] - user: madaosen, backend Token: Bearer eyJhbGciOiJIUzUxMiJ9.eyJsb2dpbl91c2VyX2tleSI6IjA4MzM3NjgyLTFhYjItNDRlZC05OWFjLTk1MGQ3YjdhMWIxOSJ9.-HQwl7xa3Ky82jj7wI2p8EHSzJcqcZD2t3S0pe0jMKbFUif28a8VJUKcvJLACuEW8Vw7f0xYVWFguWgVJuvFoQ
10:29:24.798 [http-nio-9587-exec-10] INFO  c.r.f.w.s.TokenService - [getToken,237] - user: madaosen, backend Token: Bearer eyJhbGciOiJIUzUxMiJ9.eyJsb2dpbl91c2VyX2tleSI6IjA4MzM3NjgyLTFhYjItNDRlZC05OWFjLTk1MGQ3YjdhMWIxOSJ9.-HQwl7xa3Ky82jj7wI2p8EHSzJcqcZD2t3S0pe0jMKbFUif28a8VJUKcvJLACuEW8Vw7f0xYVWFguWgVJuvFoQ
10:29:24.798 [http-nio-9587-exec-1] INFO  c.r.f.w.s.TokenService - [getToken,237] - user: madaosen, backend Token: Bearer eyJhbGciOiJIUzUxMiJ9.eyJsb2dpbl91c2VyX2tleSI6IjA4MzM3NjgyLTFhYjItNDRlZC05OWFjLTk1MGQ3YjdhMWIxOSJ9.-HQwl7xa3Ky82jj7wI2p8EHSzJcqcZD2t3S0pe0jMKbFUif28a8VJUKcvJLACuEW8Vw7f0xYVWFguWgVJuvFoQ
10:29:24.803 [http-nio-9587-exec-9] INFO  c.r.f.w.s.TokenService - [getToken,237] - user: madaosen, backend Token: Bearer eyJhbGciOiJIUzUxMiJ9.eyJsb2dpbl91c2VyX2tleSI6IjA4MzM3NjgyLTFhYjItNDRlZC05OWFjLTk1MGQ3YjdhMWIxOSJ9.-HQwl7xa3Ky82jj7wI2p8EHSzJcqcZD2t3S0pe0jMKbFUif28a8VJUKcvJLACuEW8Vw7f0xYVWFguWgVJuvFoQ
10:29:24.804 [http-nio-9587-exec-2] INFO  c.r.f.w.s.TokenService - [getToken,237] - user: madaosen, backend Token: Bearer eyJhbGciOiJIUzUxMiJ9.eyJsb2dpbl91c2VyX2tleSI6IjA4MzM3NjgyLTFhYjItNDRlZC05OWFjLTk1MGQ3YjdhMWIxOSJ9.-HQwl7xa3Ky82jj7wI2p8EHSzJcqcZD2t3S0pe0jMKbFUif28a8VJUKcvJLACuEW8Vw7f0xYVWFguWgVJuvFoQ
10:29:24.817 [http-nio-9587-exec-6] INFO  c.r.f.w.s.TokenService - [getToken,237] - user: madaosen, backend Token: Bearer eyJhbGciOiJIUzUxMiJ9.eyJsb2dpbl91c2VyX2tleSI6IjA4MzM3NjgyLTFhYjItNDRlZC05OWFjLTk1MGQ3YjdhMWIxOSJ9.-HQwl7xa3Ky82jj7wI2p8EHSzJcqcZD2t3S0pe0jMKbFUif28a8VJUKcvJLACuEW8Vw7f0xYVWFguWgVJuvFoQ
10:29:24.817 [http-nio-9587-exec-4] INFO  c.r.f.w.s.TokenService - [getToken,237] - user: madaosen, backend Token: Bearer eyJhbGciOiJIUzUxMiJ9.eyJsb2dpbl91c2VyX2tleSI6IjA4MzM3NjgyLTFhYjItNDRlZC05OWFjLTk1MGQ3YjdhMWIxOSJ9.-HQwl7xa3Ky82jj7wI2p8EHSzJcqcZD2t3S0pe0jMKbFUif28a8VJUKcvJLACuEW8Vw7f0xYVWFguWgVJuvFoQ
10:29:24.836 [http-nio-9587-exec-5] INFO  c.r.f.w.s.TokenService - [getToken,237] - user: madaosen, backend Token: Bearer eyJhbGciOiJIUzUxMiJ9.eyJsb2dpbl91c2VyX2tleSI6IjA4MzM3NjgyLTFhYjItNDRlZC05OWFjLTk1MGQ3YjdhMWIxOSJ9.-HQwl7xa3Ky82jj7wI2p8EHSzJcqcZD2t3S0pe0jMKbFUif28a8VJUKcvJLACuEW8Vw7f0xYVWFguWgVJuvFoQ
10:29:24.850 [http-nio-9587-exec-2] INFO  c.r.f.w.s.TokenService - [getToken,237] - user: madaosen, backend Token: Bearer eyJhbGciOiJIUzUxMiJ9.eyJsb2dpbl91c2VyX2tleSI6IjA4MzM3NjgyLTFhYjItNDRlZC05OWFjLTk1MGQ3YjdhMWIxOSJ9.-HQwl7xa3Ky82jj7wI2p8EHSzJcqcZD2t3S0pe0jMKbFUif28a8VJUKcvJLACuEW8Vw7f0xYVWFguWgVJuvFoQ
10:29:24.850 [http-nio-9587-exec-3] INFO  c.r.f.w.s.TokenService - [getToken,237] - user: madaosen, backend Token: Bearer eyJhbGciOiJIUzUxMiJ9.eyJsb2dpbl91c2VyX2tleSI6IjA4MzM3NjgyLTFhYjItNDRlZC05OWFjLTk1MGQ3YjdhMWIxOSJ9.-HQwl7xa3Ky82jj7wI2p8EHSzJcqcZD2t3S0pe0jMKbFUif28a8VJUKcvJLACuEW8Vw7f0xYVWFguWgVJuvFoQ
10:29:24.850 [http-nio-9587-exec-9] INFO  c.r.f.w.s.TokenService - [getToken,237] - user: madaosen, backend Token: Bearer eyJhbGciOiJIUzUxMiJ9.eyJsb2dpbl91c2VyX2tleSI6IjA4MzM3NjgyLTFhYjItNDRlZC05OWFjLTk1MGQ3YjdhMWIxOSJ9.-HQwl7xa3Ky82jj7wI2p8EHSzJcqcZD2t3S0pe0jMKbFUif28a8VJUKcvJLACuEW8Vw7f0xYVWFguWgVJuvFoQ
10:29:24.870 [http-nio-9587-exec-7] INFO  c.r.f.w.s.TokenService - [getToken,237] - user: madaosen, backend Token: Bearer eyJhbGciOiJIUzUxMiJ9.eyJsb2dpbl91c2VyX2tleSI6IjA4MzM3NjgyLTFhYjItNDRlZC05OWFjLTk1MGQ3YjdhMWIxOSJ9.-HQwl7xa3Ky82jj7wI2p8EHSzJcqcZD2t3S0pe0jMKbFUif28a8VJUKcvJLACuEW8Vw7f0xYVWFguWgVJuvFoQ
10:29:24.870 [http-nio-9587-exec-1] INFO  c.r.f.w.s.TokenService - [getToken,237] - user: madaosen, backend Token: Bearer eyJhbGciOiJIUzUxMiJ9.eyJsb2dpbl91c2VyX2tleSI6IjA4MzM3NjgyLTFhYjItNDRlZC05OWFjLTk1MGQ3YjdhMWIxOSJ9.-HQwl7xa3Ky82jj7wI2p8EHSzJcqcZD2t3S0pe0jMKbFUif28a8VJUKcvJLACuEW8Vw7f0xYVWFguWgVJuvFoQ
10:29:24.871 [http-nio-9587-exec-10] INFO  c.r.f.w.s.TokenService - [getToken,237] - user: madaosen, backend Token: Bearer eyJhbGciOiJIUzUxMiJ9.eyJsb2dpbl91c2VyX2tleSI6IjA4MzM3NjgyLTFhYjItNDRlZC05OWFjLTk1MGQ3YjdhMWIxOSJ9.-HQwl7xa3Ky82jj7wI2p8EHSzJcqcZD2t3S0pe0jMKbFUif28a8VJUKcvJLACuEW8Vw7f0xYVWFguWgVJuvFoQ
10:29:24.871 [http-nio-9587-exec-2] INFO  c.r.f.w.s.TokenService - [getToken,237] - user: madaosen, backend Token: Bearer eyJhbGciOiJIUzUxMiJ9.eyJsb2dpbl91c2VyX2tleSI6IjA4MzM3NjgyLTFhYjItNDRlZC05OWFjLTk1MGQ3YjdhMWIxOSJ9.-HQwl7xa3Ky82jj7wI2p8EHSzJcqcZD2t3S0pe0jMKbFUif28a8VJUKcvJLACuEW8Vw7f0xYVWFguWgVJuvFoQ
10:29:24.872 [http-nio-9587-exec-9] INFO  c.r.f.w.s.TokenService - [getToken,237] - user: madaosen, backend Token: Bearer eyJhbGciOiJIUzUxMiJ9.eyJsb2dpbl91c2VyX2tleSI6IjA4MzM3NjgyLTFhYjItNDRlZC05OWFjLTk1MGQ3YjdhMWIxOSJ9.-HQwl7xa3Ky82jj7wI2p8EHSzJcqcZD2t3S0pe0jMKbFUif28a8VJUKcvJLACuEW8Vw7f0xYVWFguWgVJuvFoQ
10:29:25.056 [http-nio-9587-exec-6] INFO  c.r.f.w.s.TokenService - [getToken,237] - user: madaosen, backend Token: Bearer eyJhbGciOiJIUzUxMiJ9.eyJsb2dpbl91c2VyX2tleSI6IjA4MzM3NjgyLTFhYjItNDRlZC05OWFjLTk1MGQ3YjdhMWIxOSJ9.-HQwl7xa3Ky82jj7wI2p8EHSzJcqcZD2t3S0pe0jMKbFUif28a8VJUKcvJLACuEW8Vw7f0xYVWFguWgVJuvFoQ
10:29:25.061 [http-nio-9587-exec-5] INFO  c.r.f.w.s.TokenService - [getToken,237] - user: madaosen, backend Token: Bearer eyJhbGciOiJIUzUxMiJ9.eyJsb2dpbl91c2VyX2tleSI6IjA4MzM3NjgyLTFhYjItNDRlZC05OWFjLTk1MGQ3YjdhMWIxOSJ9.-HQwl7xa3Ky82jj7wI2p8EHSzJcqcZD2t3S0pe0jMKbFUif28a8VJUKcvJLACuEW8Vw7f0xYVWFguWgVJuvFoQ
10:29:25.135 [http-nio-9587-exec-9] INFO  c.r.f.w.s.TokenService - [getToken,237] - user: madaosen, backend Token: Bearer eyJhbGciOiJIUzUxMiJ9.eyJsb2dpbl91c2VyX2tleSI6IjA4MzM3NjgyLTFhYjItNDRlZC05OWFjLTk1MGQ3YjdhMWIxOSJ9.-HQwl7xa3Ky82jj7wI2p8EHSzJcqcZD2t3S0pe0jMKbFUif28a8VJUKcvJLACuEW8Vw7f0xYVWFguWgVJuvFoQ
10:29:59.024 [http-nio-9587-exec-1] INFO  c.r.f.w.s.TokenService - [getToken,237] - user: madaosen, backend Token: Bearer eyJhbGciOiJIUzUxMiJ9.eyJsb2dpbl91c2VyX2tleSI6IjA4MzM3NjgyLTFhYjItNDRlZC05OWFjLTk1MGQ3YjdhMWIxOSJ9.-HQwl7xa3Ky82jj7wI2p8EHSzJcqcZD2t3S0pe0jMKbFUif28a8VJUKcvJLACuEW8Vw7f0xYVWFguWgVJuvFoQ
10:30:04.369 [http-nio-9587-exec-7] INFO  c.r.f.w.s.TokenService - [getToken,237] - user: madaosen, backend Token: Bearer eyJhbGciOiJIUzUxMiJ9.eyJsb2dpbl91c2VyX2tleSI6IjA4MzM3NjgyLTFhYjItNDRlZC05OWFjLTk1MGQ3YjdhMWIxOSJ9.-HQwl7xa3Ky82jj7wI2p8EHSzJcqcZD2t3S0pe0jMKbFUif28a8VJUKcvJLACuEW8Vw7f0xYVWFguWgVJuvFoQ
10:30:04.387 [http-nio-9587-exec-9] INFO  c.r.f.w.s.TokenService - [getToken,237] - user: madaosen, backend Token: Bearer eyJhbGciOiJIUzUxMiJ9.eyJsb2dpbl91c2VyX2tleSI6IjA4MzM3NjgyLTFhYjItNDRlZC05OWFjLTk1MGQ3YjdhMWIxOSJ9.-HQwl7xa3Ky82jj7wI2p8EHSzJcqcZD2t3S0pe0jMKbFUif28a8VJUKcvJLACuEW8Vw7f0xYVWFguWgVJuvFoQ
10:30:04.389 [http-nio-9587-exec-1] INFO  c.r.f.w.s.TokenService - [getToken,237] - user: madaosen, backend Token: Bearer eyJhbGciOiJIUzUxMiJ9.eyJsb2dpbl91c2VyX2tleSI6IjA4MzM3NjgyLTFhYjItNDRlZC05OWFjLTk1MGQ3YjdhMWIxOSJ9.-HQwl7xa3Ky82jj7wI2p8EHSzJcqcZD2t3S0pe0jMKbFUif28a8VJUKcvJLACuEW8Vw7f0xYVWFguWgVJuvFoQ
10:30:04.390 [http-nio-9587-exec-7] INFO  c.r.f.w.s.TokenService - [getToken,237] - user: madaosen, backend Token: Bearer eyJhbGciOiJIUzUxMiJ9.eyJsb2dpbl91c2VyX2tleSI6IjA4MzM3NjgyLTFhYjItNDRlZC05OWFjLTk1MGQ3YjdhMWIxOSJ9.-HQwl7xa3Ky82jj7wI2p8EHSzJcqcZD2t3S0pe0jMKbFUif28a8VJUKcvJLACuEW8Vw7f0xYVWFguWgVJuvFoQ
10:30:04.390 [http-nio-9587-exec-10] INFO  c.r.f.w.s.TokenService - [getToken,237] - user: madaosen, backend Token: Bearer eyJhbGciOiJIUzUxMiJ9.eyJsb2dpbl91c2VyX2tleSI6IjA4MzM3NjgyLTFhYjItNDRlZC05OWFjLTk1MGQ3YjdhMWIxOSJ9.-HQwl7xa3Ky82jj7wI2p8EHSzJcqcZD2t3S0pe0jMKbFUif28a8VJUKcvJLACuEW8Vw7f0xYVWFguWgVJuvFoQ
10:30:04.391 [http-nio-9587-exec-4] INFO  c.r.f.w.s.TokenService - [getToken,237] - user: madaosen, backend Token: Bearer eyJhbGciOiJIUzUxMiJ9.eyJsb2dpbl91c2VyX2tleSI6IjA4MzM3NjgyLTFhYjItNDRlZC05OWFjLTk1MGQ3YjdhMWIxOSJ9.-HQwl7xa3Ky82jj7wI2p8EHSzJcqcZD2t3S0pe0jMKbFUif28a8VJUKcvJLACuEW8Vw7f0xYVWFguWgVJuvFoQ
10:30:04.392 [http-nio-9587-exec-5] INFO  c.r.f.w.s.TokenService - [getToken,237] - user: madaosen, backend Token: Bearer eyJhbGciOiJIUzUxMiJ9.eyJsb2dpbl91c2VyX2tleSI6IjA4MzM3NjgyLTFhYjItNDRlZC05OWFjLTk1MGQ3YjdhMWIxOSJ9.-HQwl7xa3Ky82jj7wI2p8EHSzJcqcZD2t3S0pe0jMKbFUif28a8VJUKcvJLACuEW8Vw7f0xYVWFguWgVJuvFoQ
10:30:04.440 [http-nio-9587-exec-3] INFO  c.r.f.w.s.TokenService - [getToken,237] - user: madaosen, backend Token: Bearer eyJhbGciOiJIUzUxMiJ9.eyJsb2dpbl91c2VyX2tleSI6IjA4MzM3NjgyLTFhYjItNDRlZC05OWFjLTk1MGQ3YjdhMWIxOSJ9.-HQwl7xa3Ky82jj7wI2p8EHSzJcqcZD2t3S0pe0jMKbFUif28a8VJUKcvJLACuEW8Vw7f0xYVWFguWgVJuvFoQ
10:30:07.838 [http-nio-9587-exec-6] INFO  c.r.f.w.s.TokenService - [getToken,237] - user: madaosen, backend Token: Bearer eyJhbGciOiJIUzUxMiJ9.eyJsb2dpbl91c2VyX2tleSI6IjA4MzM3NjgyLTFhYjItNDRlZC05OWFjLTk1MGQ3YjdhMWIxOSJ9.-HQwl7xa3Ky82jj7wI2p8EHSzJcqcZD2t3S0pe0jMKbFUif28a8VJUKcvJLACuEW8Vw7f0xYVWFguWgVJuvFoQ
10:30:07.838 [http-nio-9587-exec-8] INFO  c.r.f.w.s.TokenService - [getToken,237] - user: madaosen, backend Token: Bearer eyJhbGciOiJIUzUxMiJ9.eyJsb2dpbl91c2VyX2tleSI6IjA4MzM3NjgyLTFhYjItNDRlZC05OWFjLTk1MGQ3YjdhMWIxOSJ9.-HQwl7xa3Ky82jj7wI2p8EHSzJcqcZD2t3S0pe0jMKbFUif28a8VJUKcvJLACuEW8Vw7f0xYVWFguWgVJuvFoQ
10:30:07.839 [http-nio-9587-exec-2] INFO  c.r.f.w.s.TokenService - [getToken,237] - user: madaosen, backend Token: Bearer eyJhbGciOiJIUzUxMiJ9.eyJsb2dpbl91c2VyX2tleSI6IjA4MzM3NjgyLTFhYjItNDRlZC05OWFjLTk1MGQ3YjdhMWIxOSJ9.-HQwl7xa3Ky82jj7wI2p8EHSzJcqcZD2t3S0pe0jMKbFUif28a8VJUKcvJLACuEW8Vw7f0xYVWFguWgVJuvFoQ
10:30:07.842 [http-nio-9587-exec-7] INFO  c.r.f.w.s.TokenService - [getToken,237] - user: madaosen, backend Token: Bearer eyJhbGciOiJIUzUxMiJ9.eyJsb2dpbl91c2VyX2tleSI6IjA4MzM3NjgyLTFhYjItNDRlZC05OWFjLTk1MGQ3YjdhMWIxOSJ9.-HQwl7xa3Ky82jj7wI2p8EHSzJcqcZD2t3S0pe0jMKbFUif28a8VJUKcvJLACuEW8Vw7f0xYVWFguWgVJuvFoQ
10:30:07.842 [http-nio-9587-exec-5] INFO  c.r.f.w.s.TokenService - [getToken,237] - user: madaosen, backend Token: Bearer eyJhbGciOiJIUzUxMiJ9.eyJsb2dpbl91c2VyX2tleSI6IjA4MzM3NjgyLTFhYjItNDRlZC05OWFjLTk1MGQ3YjdhMWIxOSJ9.-HQwl7xa3Ky82jj7wI2p8EHSzJcqcZD2t3S0pe0jMKbFUif28a8VJUKcvJLACuEW8Vw7f0xYVWFguWgVJuvFoQ
10:30:07.844 [http-nio-9587-exec-10] INFO  c.r.f.w.s.TokenService - [getToken,237] - user: madaosen, backend Token: Bearer eyJhbGciOiJIUzUxMiJ9.eyJsb2dpbl91c2VyX2tleSI6IjA4MzM3NjgyLTFhYjItNDRlZC05OWFjLTk1MGQ3YjdhMWIxOSJ9.-HQwl7xa3Ky82jj7wI2p8EHSzJcqcZD2t3S0pe0jMKbFUif28a8VJUKcvJLACuEW8Vw7f0xYVWFguWgVJuvFoQ
10:30:07.859 [http-nio-9587-exec-3] INFO  c.r.f.w.s.TokenService - [getToken,237] - user: madaosen, backend Token: Bearer eyJhbGciOiJIUzUxMiJ9.eyJsb2dpbl91c2VyX2tleSI6IjA4MzM3NjgyLTFhYjItNDRlZC05OWFjLTk1MGQ3YjdhMWIxOSJ9.-HQwl7xa3Ky82jj7wI2p8EHSzJcqcZD2t3S0pe0jMKbFUif28a8VJUKcvJLACuEW8Vw7f0xYVWFguWgVJuvFoQ
10:30:07.860 [http-nio-9587-exec-4] INFO  c.r.f.w.s.TokenService - [getToken,237] - user: madaosen, backend Token: Bearer eyJhbGciOiJIUzUxMiJ9.eyJsb2dpbl91c2VyX2tleSI6IjA4MzM3NjgyLTFhYjItNDRlZC05OWFjLTk1MGQ3YjdhMWIxOSJ9.-HQwl7xa3Ky82jj7wI2p8EHSzJcqcZD2t3S0pe0jMKbFUif28a8VJUKcvJLACuEW8Vw7f0xYVWFguWgVJuvFoQ
10:30:07.867 [http-nio-9587-exec-9] INFO  c.r.f.w.s.TokenService - [getToken,237] - user: madaosen, backend Token: Bearer eyJhbGciOiJIUzUxMiJ9.eyJsb2dpbl91c2VyX2tleSI6IjA4MzM3NjgyLTFhYjItNDRlZC05OWFjLTk1MGQ3YjdhMWIxOSJ9.-HQwl7xa3Ky82jj7wI2p8EHSzJcqcZD2t3S0pe0jMKbFUif28a8VJUKcvJLACuEW8Vw7f0xYVWFguWgVJuvFoQ
10:30:07.882 [http-nio-9587-exec-1] INFO  c.r.f.w.s.TokenService - [getToken,237] - user: madaosen, backend Token: Bearer eyJhbGciOiJIUzUxMiJ9.eyJsb2dpbl91c2VyX2tleSI6IjA4MzM3NjgyLTFhYjItNDRlZC05OWFjLTk1MGQ3YjdhMWIxOSJ9.-HQwl7xa3Ky82jj7wI2p8EHSzJcqcZD2t3S0pe0jMKbFUif28a8VJUKcvJLACuEW8Vw7f0xYVWFguWgVJuvFoQ
10:30:07.902 [http-nio-9587-exec-7] INFO  c.r.f.w.s.TokenService - [getToken,237] - user: madaosen, backend Token: Bearer eyJhbGciOiJIUzUxMiJ9.eyJsb2dpbl91c2VyX2tleSI6IjA4MzM3NjgyLTFhYjItNDRlZC05OWFjLTk1MGQ3YjdhMWIxOSJ9.-HQwl7xa3Ky82jj7wI2p8EHSzJcqcZD2t3S0pe0jMKbFUif28a8VJUKcvJLACuEW8Vw7f0xYVWFguWgVJuvFoQ
10:30:07.904 [http-nio-9587-exec-10] INFO  c.r.f.w.s.TokenService - [getToken,237] - user: madaosen, backend Token: Bearer eyJhbGciOiJIUzUxMiJ9.eyJsb2dpbl91c2VyX2tleSI6IjA4MzM3NjgyLTFhYjItNDRlZC05OWFjLTk1MGQ3YjdhMWIxOSJ9.-HQwl7xa3Ky82jj7wI2p8EHSzJcqcZD2t3S0pe0jMKbFUif28a8VJUKcvJLACuEW8Vw7f0xYVWFguWgVJuvFoQ
10:30:07.921 [http-nio-9587-exec-3] INFO  c.r.f.w.s.TokenService - [getToken,237] - user: madaosen, backend Token: Bearer eyJhbGciOiJIUzUxMiJ9.eyJsb2dpbl91c2VyX2tleSI6IjA4MzM3NjgyLTFhYjItNDRlZC05OWFjLTk1MGQ3YjdhMWIxOSJ9.-HQwl7xa3Ky82jj7wI2p8EHSzJcqcZD2t3S0pe0jMKbFUif28a8VJUKcvJLACuEW8Vw7f0xYVWFguWgVJuvFoQ
10:30:07.940 [http-nio-9587-exec-9] INFO  c.r.f.w.s.TokenService - [getToken,237] - user: madaosen, backend Token: Bearer eyJhbGciOiJIUzUxMiJ9.eyJsb2dpbl91c2VyX2tleSI6IjA4MzM3NjgyLTFhYjItNDRlZC05OWFjLTk1MGQ3YjdhMWIxOSJ9.-HQwl7xa3Ky82jj7wI2p8EHSzJcqcZD2t3S0pe0jMKbFUif28a8VJUKcvJLACuEW8Vw7f0xYVWFguWgVJuvFoQ
10:30:07.956 [http-nio-9587-exec-2] INFO  c.r.f.w.s.TokenService - [getToken,237] - user: madaosen, backend Token: Bearer eyJhbGciOiJIUzUxMiJ9.eyJsb2dpbl91c2VyX2tleSI6IjA4MzM3NjgyLTFhYjItNDRlZC05OWFjLTk1MGQ3YjdhMWIxOSJ9.-HQwl7xa3Ky82jj7wI2p8EHSzJcqcZD2t3S0pe0jMKbFUif28a8VJUKcvJLACuEW8Vw7f0xYVWFguWgVJuvFoQ
10:30:07.956 [http-nio-9587-exec-1] INFO  c.r.f.w.s.TokenService - [getToken,237] - user: madaosen, backend Token: Bearer eyJhbGciOiJIUzUxMiJ9.eyJsb2dpbl91c2VyX2tleSI6IjA4MzM3NjgyLTFhYjItNDRlZC05OWFjLTk1MGQ3YjdhMWIxOSJ9.-HQwl7xa3Ky82jj7wI2p8EHSzJcqcZD2t3S0pe0jMKbFUif28a8VJUKcvJLACuEW8Vw7f0xYVWFguWgVJuvFoQ
10:30:07.966 [http-nio-9587-exec-4] INFO  c.r.f.w.s.TokenService - [getToken,237] - user: madaosen, backend Token: Bearer eyJhbGciOiJIUzUxMiJ9.eyJsb2dpbl91c2VyX2tleSI6IjA4MzM3NjgyLTFhYjItNDRlZC05OWFjLTk1MGQ3YjdhMWIxOSJ9.-HQwl7xa3Ky82jj7wI2p8EHSzJcqcZD2t3S0pe0jMKbFUif28a8VJUKcvJLACuEW8Vw7f0xYVWFguWgVJuvFoQ
10:30:07.986 [http-nio-9587-exec-6] INFO  c.r.f.w.s.TokenService - [getToken,237] - user: madaosen, backend Token: Bearer eyJhbGciOiJIUzUxMiJ9.eyJsb2dpbl91c2VyX2tleSI6IjA4MzM3NjgyLTFhYjItNDRlZC05OWFjLTk1MGQ3YjdhMWIxOSJ9.-HQwl7xa3Ky82jj7wI2p8EHSzJcqcZD2t3S0pe0jMKbFUif28a8VJUKcvJLACuEW8Vw7f0xYVWFguWgVJuvFoQ
10:30:07.995 [http-nio-9587-exec-9] INFO  c.r.f.w.s.TokenService - [getToken,237] - user: madaosen, backend Token: Bearer eyJhbGciOiJIUzUxMiJ9.eyJsb2dpbl91c2VyX2tleSI6IjA4MzM3NjgyLTFhYjItNDRlZC05OWFjLTk1MGQ3YjdhMWIxOSJ9.-HQwl7xa3Ky82jj7wI2p8EHSzJcqcZD2t3S0pe0jMKbFUif28a8VJUKcvJLACuEW8Vw7f0xYVWFguWgVJuvFoQ
10:30:08.176 [http-nio-9587-exec-4] INFO  c.r.f.w.s.TokenService - [getToken,237] - user: madaosen, backend Token: Bearer eyJhbGciOiJIUzUxMiJ9.eyJsb2dpbl91c2VyX2tleSI6IjA4MzM3NjgyLTFhYjItNDRlZC05OWFjLTk1MGQ3YjdhMWIxOSJ9.-HQwl7xa3Ky82jj7wI2p8EHSzJcqcZD2t3S0pe0jMKbFUif28a8VJUKcvJLACuEW8Vw7f0xYVWFguWgVJuvFoQ
10:30:08.177 [http-nio-9587-exec-3] INFO  c.r.f.w.s.TokenService - [getToken,237] - user: madaosen, backend Token: Bearer eyJhbGciOiJIUzUxMiJ9.eyJsb2dpbl91c2VyX2tleSI6IjA4MzM3NjgyLTFhYjItNDRlZC05OWFjLTk1MGQ3YjdhMWIxOSJ9.-HQwl7xa3Ky82jj7wI2p8EHSzJcqcZD2t3S0pe0jMKbFUif28a8VJUKcvJLACuEW8Vw7f0xYVWFguWgVJuvFoQ
10:30:08.202 [http-nio-9587-exec-9] INFO  c.r.f.w.s.TokenService - [getToken,237] - user: madaosen, backend Token: Bearer eyJhbGciOiJIUzUxMiJ9.eyJsb2dpbl91c2VyX2tleSI6IjA4MzM3NjgyLTFhYjItNDRlZC05OWFjLTk1MGQ3YjdhMWIxOSJ9.-HQwl7xa3Ky82jj7wI2p8EHSzJcqcZD2t3S0pe0jMKbFUif28a8VJUKcvJLACuEW8Vw7f0xYVWFguWgVJuvFoQ
10:30:08.217 [http-nio-9587-exec-8] INFO  c.r.f.w.s.TokenService - [getToken,237] - user: madaosen, backend Token: Bearer eyJhbGciOiJIUzUxMiJ9.eyJsb2dpbl91c2VyX2tleSI6IjA4MzM3NjgyLTFhYjItNDRlZC05OWFjLTk1MGQ3YjdhMWIxOSJ9.-HQwl7xa3Ky82jj7wI2p8EHSzJcqcZD2t3S0pe0jMKbFUif28a8VJUKcvJLACuEW8Vw7f0xYVWFguWgVJuvFoQ
10:30:08.219 [http-nio-9587-exec-4] INFO  c.r.f.w.s.TokenService - [getToken,237] - user: madaosen, backend Token: Bearer eyJhbGciOiJIUzUxMiJ9.eyJsb2dpbl91c2VyX2tleSI6IjA4MzM3NjgyLTFhYjItNDRlZC05OWFjLTk1MGQ3YjdhMWIxOSJ9.-HQwl7xa3Ky82jj7wI2p8EHSzJcqcZD2t3S0pe0jMKbFUif28a8VJUKcvJLACuEW8Vw7f0xYVWFguWgVJuvFoQ
10:30:08.219 [http-nio-9587-exec-2] INFO  c.r.f.w.s.TokenService - [getToken,237] - user: madaosen, backend Token: Bearer eyJhbGciOiJIUzUxMiJ9.eyJsb2dpbl91c2VyX2tleSI6IjA4MzM3NjgyLTFhYjItNDRlZC05OWFjLTk1MGQ3YjdhMWIxOSJ9.-HQwl7xa3Ky82jj7wI2p8EHSzJcqcZD2t3S0pe0jMKbFUif28a8VJUKcvJLACuEW8Vw7f0xYVWFguWgVJuvFoQ
10:30:08.274 [http-nio-9587-exec-10] INFO  c.r.f.w.s.TokenService - [getToken,237] - user: madaosen, backend Token: Bearer eyJhbGciOiJIUzUxMiJ9.eyJsb2dpbl91c2VyX2tleSI6IjA4MzM3NjgyLTFhYjItNDRlZC05OWFjLTk1MGQ3YjdhMWIxOSJ9.-HQwl7xa3Ky82jj7wI2p8EHSzJcqcZD2t3S0pe0jMKbFUif28a8VJUKcvJLACuEW8Vw7f0xYVWFguWgVJuvFoQ
10:30:08.274 [http-nio-9587-exec-9] INFO  c.r.f.w.s.TokenService - [getToken,237] - user: madaosen, backend Token: Bearer eyJhbGciOiJIUzUxMiJ9.eyJsb2dpbl91c2VyX2tleSI6IjA4MzM3NjgyLTFhYjItNDRlZC05OWFjLTk1MGQ3YjdhMWIxOSJ9.-HQwl7xa3Ky82jj7wI2p8EHSzJcqcZD2t3S0pe0jMKbFUif28a8VJUKcvJLACuEW8Vw7f0xYVWFguWgVJuvFoQ
10:30:08.297 [http-nio-9587-exec-5] INFO  c.r.f.w.s.TokenService - [getToken,237] - user: madaosen, backend Token: Bearer eyJhbGciOiJIUzUxMiJ9.eyJsb2dpbl91c2VyX2tleSI6IjA4MzM3NjgyLTFhYjItNDRlZC05OWFjLTk1MGQ3YjdhMWIxOSJ9.-HQwl7xa3Ky82jj7wI2p8EHSzJcqcZD2t3S0pe0jMKbFUif28a8VJUKcvJLACuEW8Vw7f0xYVWFguWgVJuvFoQ
10:30:08.311 [http-nio-9587-exec-1] INFO  c.r.f.w.s.TokenService - [getToken,237] - user: madaosen, backend Token: Bearer eyJhbGciOiJIUzUxMiJ9.eyJsb2dpbl91c2VyX2tleSI6IjA4MzM3NjgyLTFhYjItNDRlZC05OWFjLTk1MGQ3YjdhMWIxOSJ9.-HQwl7xa3Ky82jj7wI2p8EHSzJcqcZD2t3S0pe0jMKbFUif28a8VJUKcvJLACuEW8Vw7f0xYVWFguWgVJuvFoQ
10:30:08.314 [http-nio-9587-exec-3] INFO  c.r.f.w.s.TokenService - [getToken,237] - user: madaosen, backend Token: Bearer eyJhbGciOiJIUzUxMiJ9.eyJsb2dpbl91c2VyX2tleSI6IjA4MzM3NjgyLTFhYjItNDRlZC05OWFjLTk1MGQ3YjdhMWIxOSJ9.-HQwl7xa3Ky82jj7wI2p8EHSzJcqcZD2t3S0pe0jMKbFUif28a8VJUKcvJLACuEW8Vw7f0xYVWFguWgVJuvFoQ
10:30:08.314 [http-nio-9587-exec-6] INFO  c.r.f.w.s.TokenService - [getToken,237] - user: madaosen, backend Token: Bearer eyJhbGciOiJIUzUxMiJ9.eyJsb2dpbl91c2VyX2tleSI6IjA4MzM3NjgyLTFhYjItNDRlZC05OWFjLTk1MGQ3YjdhMWIxOSJ9.-HQwl7xa3Ky82jj7wI2p8EHSzJcqcZD2t3S0pe0jMKbFUif28a8VJUKcvJLACuEW8Vw7f0xYVWFguWgVJuvFoQ
10:30:08.380 [http-nio-9587-exec-10] INFO  c.r.f.w.s.TokenService - [getToken,237] - user: madaosen, backend Token: Bearer eyJhbGciOiJIUzUxMiJ9.eyJsb2dpbl91c2VyX2tleSI6IjA4MzM3NjgyLTFhYjItNDRlZC05OWFjLTk1MGQ3YjdhMWIxOSJ9.-HQwl7xa3Ky82jj7wI2p8EHSzJcqcZD2t3S0pe0jMKbFUif28a8VJUKcvJLACuEW8Vw7f0xYVWFguWgVJuvFoQ
10:30:22.407 [http-nio-9587-exec-5] INFO  c.r.f.w.s.TokenService - [getToken,237] - user: madaosen, backend Token: Bearer eyJhbGciOiJIUzUxMiJ9.eyJsb2dpbl91c2VyX2tleSI6IjA4MzM3NjgyLTFhYjItNDRlZC05OWFjLTk1MGQ3YjdhMWIxOSJ9.-HQwl7xa3Ky82jj7wI2p8EHSzJcqcZD2t3S0pe0jMKbFUif28a8VJUKcvJLACuEW8Vw7f0xYVWFguWgVJuvFoQ
10:30:22.431 [http-nio-9587-exec-5] INFO  c.r.w.l.TaskEventV2Listener - [onEvent,105] - EVENT :TASK_ASSIGNED
10:30:22.453 [http-nio-9587-exec-5] INFO  c.r.w.l.TaskEventV2Listener - [onEvent,105] - EVENT :TASK_COMPLETED
10:30:22.454 [http-nio-9587-exec-5] INFO  c.r.w.l.TaskEventV2Listener - [onEvent,121] - username :madaosen
10:30:22.534 [http-nio-9587-exec-5] INFO  c.r.w.l.TaskEventV2Listener - [onEvent,105] - EVENT :TASK_CREATED
10:30:22.537 [http-nio-9587-exec-5] INFO  c.r.f.w.s.TokenService - [getToken,237] - user: madaosen, backend Token: Bearer eyJhbGciOiJIUzUxMiJ9.eyJsb2dpbl91c2VyX2tleSI6IjA4MzM3NjgyLTFhYjItNDRlZC05OWFjLTk1MGQ3YjdhMWIxOSJ9.-HQwl7xa3Ky82jj7wI2p8EHSzJcqcZD2t3S0pe0jMKbFUif28a8VJUKcvJLACuEW8Vw7f0xYVWFguWgVJuvFoQ
10:30:22.540 [http-nio-9587-exec-5] INFO  c.r.w.s.i.AiAgentTaskExecutionServiceImpl - [createWorkflowNodeTasks,320] - 审批流程节点未绑定自动执行且已启用的Agent，projectId=2095053346414166016, nodeId=ConfirmProfessionalReviewMeetings
10:30:22.541 [http-nio-9587-exec-5] INFO  c.r.w.l.TaskEventV2Listener - [onEvent,127] - username :madaosen
10:30:22.602 [http-nio-9587-exec-5] INFO  c.r.w.l.TaskEventV2Listener - [createOaTask,240] - task0: Task{createDate='2026-09-07 10:30:22', createOrg='45', createUser='madaosen', createUserName='madaosen', expiryDate='null', kindName='null', moduleName='null', needInputPwd='null', oaIId='null', oaMkId='null', receiveUser='madaosen', receiveUserName='madaosen', synId='null', synType='1', taskId='13785250-aa64-11f1-885b-da3bbfe162e3', tasksType='1', title='全生命周期平台督办：确认实施报告--万号投诉处理智能体研发', type='0', url='http://www.sh.ctc.com/EFFPRO2/oa_verify?taskId=13782b3f-aa64-11f1-885b-da3bbfe162e3&redirect=%2FEFFPRO2%2Fproject%2FagencyProject%2FdetailPage%3Fid%3D2095053346414166016'}
10:30:22.664 [http-nio-9587-exec-9] INFO  c.r.f.w.s.TokenService - [getToken,237] - user: madaosen, backend Token: Bearer eyJhbGciOiJIUzUxMiJ9.eyJsb2dpbl91c2VyX2tleSI6IjA4MzM3NjgyLTFhYjItNDRlZC05OWFjLTk1MGQ3YjdhMWIxOSJ9.-HQwl7xa3Ky82jj7wI2p8EHSzJcqcZD2t3S0pe0jMKbFUif28a8VJUKcvJLACuEW8Vw7f0xYVWFguWgVJuvFoQ
10:30:22.665 [http-nio-9587-exec-5] INFO  c.r.f.w.s.TokenService - [getToken,237] - user: madaosen, backend Token: Bearer eyJhbGciOiJIUzUxMiJ9.eyJsb2dpbl91c2VyX2tleSI6IjA4MzM3NjgyLTFhYjItNDRlZC05OWFjLTk1MGQ3YjdhMWIxOSJ9.-HQwl7xa3Ky82jj7wI2p8EHSzJcqcZD2t3S0pe0jMKbFUif28a8VJUKcvJLACuEW8Vw7f0xYVWFguWgVJuvFoQ
10:30:22.665 [http-nio-9587-exec-4] INFO  c.r.f.w.s.TokenService - [getToken,237] - user: madaosen, backend Token: Bearer eyJhbGciOiJIUzUxMiJ9.eyJsb2dpbl91c2VyX2tleSI6IjA4MzM3NjgyLTFhYjItNDRlZC05OWFjLTk1MGQ3YjdhMWIxOSJ9.-HQwl7xa3Ky82jj7wI2p8EHSzJcqcZD2t3S0pe0jMKbFUif28a8VJUKcvJLACuEW8Vw7f0xYVWFguWgVJuvFoQ
10:30:22.665 [http-nio-9587-exec-7] INFO  c.r.f.w.s.TokenService - [getToken,237] - user: madaosen, backend Token: Bearer eyJhbGciOiJIUzUxMiJ9.eyJsb2dpbl91c2VyX2tleSI6IjA4MzM3NjgyLTFhYjItNDRlZC05OWFjLTk1MGQ3YjdhMWIxOSJ9.-HQwl7xa3Ky82jj7wI2p8EHSzJcqcZD2t3S0pe0jMKbFUif28a8VJUKcvJLACuEW8Vw7f0xYVWFguWgVJuvFoQ
10:30:22.665 [http-nio-9587-exec-8] INFO  c.r.f.w.s.TokenService - [getToken,237] - user: madaosen, backend Token: Bearer eyJhbGciOiJIUzUxMiJ9.eyJsb2dpbl91c2VyX2tleSI6IjA4MzM3NjgyLTFhYjItNDRlZC05OWFjLTk1MGQ3YjdhMWIxOSJ9.-HQwl7xa3Ky82jj7wI2p8EHSzJcqcZD2t3S0pe0jMKbFUif28a8VJUKcvJLACuEW8Vw7f0xYVWFguWgVJuvFoQ
10:30:22.671 [http-nio-9587-exec-1] INFO  c.r.f.w.s.TokenService - [getToken,237] - user: madaosen, backend Token: Bearer eyJhbGciOiJIUzUxMiJ9.eyJsb2dpbl91c2VyX2tleSI6IjA4MzM3NjgyLTFhYjItNDRlZC05OWFjLTk1MGQ3YjdhMWIxOSJ9.-HQwl7xa3Ky82jj7wI2p8EHSzJcqcZD2t3S0pe0jMKbFUif28a8VJUKcvJLACuEW8Vw7f0xYVWFguWgVJuvFoQ
10:30:22.683 [http-nio-9587-exec-6] INFO  c.r.f.w.s.TokenService - [getToken,237] - user: madaosen, backend Token: Bearer eyJhbGciOiJIUzUxMiJ9.eyJsb2dpbl91c2VyX2tleSI6IjA4MzM3NjgyLTFhYjItNDRlZC05OWFjLTk1MGQ3YjdhMWIxOSJ9.-HQwl7xa3Ky82jj7wI2p8EHSzJcqcZD2t3S0pe0jMKbFUif28a8VJUKcvJLACuEW8Vw7f0xYVWFguWgVJuvFoQ
10:30:22.691 [http-nio-9587-exec-3] INFO  c.r.f.w.s.TokenService - [getToken,237] - user: madaosen, backend Token: Bearer eyJhbGciOiJIUzUxMiJ9.eyJsb2dpbl91c2VyX2tleSI6IjA4MzM3NjgyLTFhYjItNDRlZC05OWFjLTk1MGQ3YjdhMWIxOSJ9.-HQwl7xa3Ky82jj7wI2p8EHSzJcqcZD2t3S0pe0jMKbFUif28a8VJUKcvJLACuEW8Vw7f0xYVWFguWgVJuvFoQ
10:30:22.876 [http-nio-9587-exec-8] INFO  c.r.f.w.s.TokenService - [getToken,237] - user: madaosen, backend Token: Bearer eyJhbGciOiJIUzUxMiJ9.eyJsb2dpbl91c2VyX2tleSI6IjA4MzM3NjgyLTFhYjItNDRlZC05OWFjLTk1MGQ3YjdhMWIxOSJ9.-HQwl7xa3Ky82jj7wI2p8EHSzJcqcZD2t3S0pe0jMKbFUif28a8VJUKcvJLACuEW8Vw7f0xYVWFguWgVJuvFoQ
10:30:22.876 [http-nio-9587-exec-6] INFO  c.r.f.w.s.TokenService - [getToken,237] - user: madaosen, backend Token: Bearer eyJhbGciOiJIUzUxMiJ9.eyJsb2dpbl91c2VyX2tleSI6IjA4MzM3NjgyLTFhYjItNDRlZC05OWFjLTk1MGQ3YjdhMWIxOSJ9.-HQwl7xa3Ky82jj7wI2p8EHSzJcqcZD2t3S0pe0jMKbFUif28a8VJUKcvJLACuEW8Vw7f0xYVWFguWgVJuvFoQ
10:30:22.896 [http-nio-9587-exec-3] INFO  c.r.f.w.s.TokenService - [getToken,237] - user: madaosen, backend Token: Bearer eyJhbGciOiJIUzUxMiJ9.eyJsb2dpbl91c2VyX2tleSI6IjA4MzM3NjgyLTFhYjItNDRlZC05OWFjLTk1MGQ3YjdhMWIxOSJ9.-HQwl7xa3Ky82jj7wI2p8EHSzJcqcZD2t3S0pe0jMKbFUif28a8VJUKcvJLACuEW8Vw7f0xYVWFguWgVJuvFoQ
10:30:22.914 [http-nio-9587-exec-9] INFO  c.r.f.w.s.TokenService - [getToken,237] - user: madaosen, backend Token: Bearer eyJhbGciOiJIUzUxMiJ9.eyJsb2dpbl91c2VyX2tleSI6IjA4MzM3NjgyLTFhYjItNDRlZC05OWFjLTk1MGQ3YjdhMWIxOSJ9.-HQwl7xa3Ky82jj7wI2p8EHSzJcqcZD2t3S0pe0jMKbFUif28a8VJUKcvJLACuEW8Vw7f0xYVWFguWgVJuvFoQ
10:30:22.914 [http-nio-9587-exec-10] INFO  c.r.f.w.s.TokenService - [getToken,237] - user: madaosen, backend Token: Bearer eyJhbGciOiJIUzUxMiJ9.eyJsb2dpbl91c2VyX2tleSI6IjA4MzM3NjgyLTFhYjItNDRlZC05OWFjLTk1MGQ3YjdhMWIxOSJ9.-HQwl7xa3Ky82jj7wI2p8EHSzJcqcZD2t3S0pe0jMKbFUif28a8VJUKcvJLACuEW8Vw7f0xYVWFguWgVJuvFoQ
10:30:22.915 [http-nio-9587-exec-2] INFO  c.r.f.w.s.TokenService - [getToken,237] - user: madaosen, backend Token: Bearer eyJhbGciOiJIUzUxMiJ9.eyJsb2dpbl91c2VyX2tleSI6IjA4MzM3NjgyLTFhYjItNDRlZC05OWFjLTk1MGQ3YjdhMWIxOSJ9.-HQwl7xa3Ky82jj7wI2p8EHSzJcqcZD2t3S0pe0jMKbFUif28a8VJUKcvJLACuEW8Vw7f0xYVWFguWgVJuvFoQ
10:30:22.940 [http-nio-9587-exec-3] INFO  c.r.f.w.s.TokenService - [getToken,237] - user: madaosen, backend Token: Bearer eyJhbGciOiJIUzUxMiJ9.eyJsb2dpbl91c2VyX2tleSI6IjA4MzM3NjgyLTFhYjItNDRlZC05OWFjLTk1MGQ3YjdhMWIxOSJ9.-HQwl7xa3Ky82jj7wI2p8EHSzJcqcZD2t3S0pe0jMKbFUif28a8VJUKcvJLACuEW8Vw7f0xYVWFguWgVJuvFoQ
10:30:22.940 [http-nio-9587-exec-4] INFO  c.r.f.w.s.TokenService - [getToken,237] - user: madaosen, backend Token: Bearer eyJhbGciOiJIUzUxMiJ9.eyJsb2dpbl91c2VyX2tleSI6IjA4MzM3NjgyLTFhYjItNDRlZC05OWFjLTk1MGQ3YjdhMWIxOSJ9.-HQwl7xa3Ky82jj7wI2p8EHSzJcqcZD2t3S0pe0jMKbFUif28a8VJUKcvJLACuEW8Vw7f0xYVWFguWgVJuvFoQ
10:30:22.941 [http-nio-9587-exec-7] INFO  c.r.f.w.s.TokenService - [getToken,237] - user: madaosen, backend Token: Bearer eyJhbGciOiJIUzUxMiJ9.eyJsb2dpbl91c2VyX2tleSI6IjA4MzM3NjgyLTFhYjItNDRlZC05OWFjLTk1MGQ3YjdhMWIxOSJ9.-HQwl7xa3Ky82jj7wI2p8EHSzJcqcZD2t3S0pe0jMKbFUif28a8VJUKcvJLACuEW8Vw7f0xYVWFguWgVJuvFoQ
10:30:22.942 [http-nio-9587-exec-2] INFO  c.r.f.w.s.TokenService - [getToken,237] - user: madaosen, backend Token: Bearer eyJhbGciOiJIUzUxMiJ9.eyJsb2dpbl91c2VyX2tleSI6IjA4MzM3NjgyLTFhYjItNDRlZC05OWFjLTk1MGQ3YjdhMWIxOSJ9.-HQwl7xa3Ky82jj7wI2p8EHSzJcqcZD2t3S0pe0jMKbFUif28a8VJUKcvJLACuEW8Vw7f0xYVWFguWgVJuvFoQ
10:30:22.943 [http-nio-9587-exec-9] INFO  c.r.f.w.s.TokenService - [getToken,237] - user: madaosen, backend Token: Bearer eyJhbGciOiJIUzUxMiJ9.eyJsb2dpbl91c2VyX2tleSI6IjA4MzM3NjgyLTFhYjItNDRlZC05OWFjLTk1MGQ3YjdhMWIxOSJ9.-HQwl7xa3Ky82jj7wI2p8EHSzJcqcZD2t3S0pe0jMKbFUif28a8VJUKcvJLACuEW8Vw7f0xYVWFguWgVJuvFoQ
10:30:23.126 [http-nio-9587-exec-1] INFO  c.r.f.w.s.TokenService - [getToken,237] - user: madaosen, backend Token: Bearer eyJhbGciOiJIUzUxMiJ9.eyJsb2dpbl91c2VyX2tleSI6IjA4MzM3NjgyLTFhYjItNDRlZC05OWFjLTk1MGQ3YjdhMWIxOSJ9.-HQwl7xa3Ky82jj7wI2p8EHSzJcqcZD2t3S0pe0jMKbFUif28a8VJUKcvJLACuEW8Vw7f0xYVWFguWgVJuvFoQ
10:30:23.132 [http-nio-9587-exec-5] INFO  c.r.f.w.s.TokenService - [getToken,237] - user: madaosen, backend Token: Bearer eyJhbGciOiJIUzUxMiJ9.eyJsb2dpbl91c2VyX2tleSI6IjA4MzM3NjgyLTFhYjItNDRlZC05OWFjLTk1MGQ3YjdhMWIxOSJ9.-HQwl7xa3Ky82jj7wI2p8EHSzJcqcZD2t3S0pe0jMKbFUif28a8VJUKcvJLACuEW8Vw7f0xYVWFguWgVJuvFoQ
10:30:23.222 [http-nio-9587-exec-9] INFO  c.r.f.w.s.TokenService - [getToken,237] - user: madaosen, backend Token: Bearer eyJhbGciOiJIUzUxMiJ9.eyJsb2dpbl91c2VyX2tleSI6IjA4MzM3NjgyLTFhYjItNDRlZC05OWFjLTk1MGQ3YjdhMWIxOSJ9.-HQwl7xa3Ky82jj7wI2p8EHSzJcqcZD2t3S0pe0jMKbFUif28a8VJUKcvJLACuEW8Vw7f0xYVWFguWgVJuvFoQ
10:30:27.296 [http-nio-9587-exec-7] INFO  c.r.f.w.s.TokenService - [getToken,237] - user: madaosen, backend Token: Bearer eyJhbGciOiJIUzUxMiJ9.eyJsb2dpbl91c2VyX2tleSI6IjA4MzM3NjgyLTFhYjItNDRlZC05OWFjLTk1MGQ3YjdhMWIxOSJ9.-HQwl7xa3Ky82jj7wI2p8EHSzJcqcZD2t3S0pe0jMKbFUif28a8VJUKcvJLACuEW8Vw7f0xYVWFguWgVJuvFoQ
10:30:27.313 [http-nio-9587-exec-7] INFO  c.r.w.l.TaskEventV2Listener - [onEvent,105] - EVENT :TASK_ASSIGNED
10:30:27.333 [http-nio-9587-exec-7] INFO  c.r.w.l.TaskEventV2Listener - [onEvent,105] - EVENT :TASK_COMPLETED
10:30:27.334 [http-nio-9587-exec-7] INFO  c.r.w.l.TaskEventV2Listener - [onEvent,121] - username :madaosen
10:30:27.419 [http-nio-9587-exec-7] INFO  c.r.w.l.TaskEventV2Listener - [onEvent,105] - EVENT :TASK_CREATED
10:30:27.421 [http-nio-9587-exec-7] INFO  c.r.f.w.s.TokenService - [getToken,237] - user: madaosen, backend Token: Bearer eyJhbGciOiJIUzUxMiJ9.eyJsb2dpbl91c2VyX2tleSI6IjA4MzM3NjgyLTFhYjItNDRlZC05OWFjLTk1MGQ3YjdhMWIxOSJ9.-HQwl7xa3Ky82jj7wI2p8EHSzJcqcZD2t3S0pe0jMKbFUif28a8VJUKcvJLACuEW8Vw7f0xYVWFguWgVJuvFoQ
10:30:27.425 [http-nio-9587-exec-7] INFO  c.r.w.s.i.AiAgentTaskExecutionServiceImpl - [createWorkflowNodeTasks,320] - 审批流程节点未绑定自动执行且已启用的Agent，projectId=2095053346414166016, nodeId=SubmitProfessionalReviewMeetingsMaterials
10:30:27.426 [http-nio-9587-exec-7] INFO  c.r.w.l.TaskEventV2Listener - [onEvent,127] - username :madaosen
10:30:27.486 [http-nio-9587-exec-7] INFO  c.r.w.l.TaskEventV2Listener - [createOaTask,240] - task0: Task{createDate='2026-09-07 10:30:27', createOrg='45', createUser='madaosen', createUserName='madaosen', expiryDate='null', kindName='null', moduleName='null', needInputPwd='null', oaIId='null', oaMkId='null', receiveUser='madaosen', receiveUserName='madaosen', synId='null', synType='1', taskId='1661b6b2-aa64-11f1-885b-da3bbfe162e3', tasksType='1', title='全生命周期平台督办：提交专业预审会前材料--万号投诉处理智能体研发', type='0', url='http://www.sh.ctc.com/EFFPRO2/oa_verify?taskId=16618fa1-aa64-11f1-885b-da3bbfe162e3&redirect=%2FEFFPRO2%2Fproject%2FagencyProject%2FdetailPage%3Fid%3D2095053346414166016'}
10:30:27.529 [http-nio-9587-exec-4] INFO  c.r.f.w.s.TokenService - [getToken,237] - user: madaosen, backend Token: Bearer eyJhbGciOiJIUzUxMiJ9.eyJsb2dpbl91c2VyX2tleSI6IjA4MzM3NjgyLTFhYjItNDRlZC05OWFjLTk1MGQ3YjdhMWIxOSJ9.-HQwl7xa3Ky82jj7wI2p8EHSzJcqcZD2t3S0pe0jMKbFUif28a8VJUKcvJLACuEW8Vw7f0xYVWFguWgVJuvFoQ
10:30:27.529 [http-nio-9587-exec-10] INFO  c.r.f.w.s.TokenService - [getToken,237] - user: madaosen, backend Token: Bearer eyJhbGciOiJIUzUxMiJ9.eyJsb2dpbl91c2VyX2tleSI6IjA4MzM3NjgyLTFhYjItNDRlZC05OWFjLTk1MGQ3YjdhMWIxOSJ9.-HQwl7xa3Ky82jj7wI2p8EHSzJcqcZD2t3S0pe0jMKbFUif28a8VJUKcvJLACuEW8Vw7f0xYVWFguWgVJuvFoQ
10:30:27.530 [http-nio-9587-exec-6] INFO  c.r.f.w.s.TokenService - [getToken,237] - user: madaosen, backend Token: Bearer eyJhbGciOiJIUzUxMiJ9.eyJsb2dpbl91c2VyX2tleSI6IjA4MzM3NjgyLTFhYjItNDRlZC05OWFjLTk1MGQ3YjdhMWIxOSJ9.-HQwl7xa3Ky82jj7wI2p8EHSzJcqcZD2t3S0pe0jMKbFUif28a8VJUKcvJLACuEW8Vw7f0xYVWFguWgVJuvFoQ
10:30:27.530 [http-nio-9587-exec-8] INFO  c.r.f.w.s.TokenService - [getToken,237] - user: madaosen, backend Token: Bearer eyJhbGciOiJIUzUxMiJ9.eyJsb2dpbl91c2VyX2tleSI6IjA4MzM3NjgyLTFhYjItNDRlZC05OWFjLTk1MGQ3YjdhMWIxOSJ9.-HQwl7xa3Ky82jj7wI2p8EHSzJcqcZD2t3S0pe0jMKbFUif28a8VJUKcvJLACuEW8Vw7f0xYVWFguWgVJuvFoQ
10:30:27.531 [http-nio-9587-exec-2] INFO  c.r.f.w.s.TokenService - [getToken,237] - user: madaosen, backend Token: Bearer eyJhbGciOiJIUzUxMiJ9.eyJsb2dpbl91c2VyX2tleSI6IjA4MzM3NjgyLTFhYjItNDRlZC05OWFjLTk1MGQ3YjdhMWIxOSJ9.-HQwl7xa3Ky82jj7wI2p8EHSzJcqcZD2t3S0pe0jMKbFUif28a8VJUKcvJLACuEW8Vw7f0xYVWFguWgVJuvFoQ
10:30:27.537 [http-nio-9587-exec-3] INFO  c.r.f.w.s.TokenService - [getToken,237] - user: madaosen, backend Token: Bearer eyJhbGciOiJIUzUxMiJ9.eyJsb2dpbl91c2VyX2tleSI6IjA4MzM3NjgyLTFhYjItNDRlZC05OWFjLTk1MGQ3YjdhMWIxOSJ9.-HQwl7xa3Ky82jj7wI2p8EHSzJcqcZD2t3S0pe0jMKbFUif28a8VJUKcvJLACuEW8Vw7f0xYVWFguWgVJuvFoQ
10:30:27.551 [http-nio-9587-exec-1] INFO  c.r.f.w.s.TokenService - [getToken,237] - user: madaosen, backend Token: Bearer eyJhbGciOiJIUzUxMiJ9.eyJsb2dpbl91c2VyX2tleSI6IjA4MzM3NjgyLTFhYjItNDRlZC05OWFjLTk1MGQ3YjdhMWIxOSJ9.-HQwl7xa3Ky82jj7wI2p8EHSzJcqcZD2t3S0pe0jMKbFUif28a8VJUKcvJLACuEW8Vw7f0xYVWFguWgVJuvFoQ
10:30:27.551 [http-nio-9587-exec-5] INFO  c.r.f.w.s.TokenService - [getToken,237] - user: madaosen, backend Token: Bearer eyJhbGciOiJIUzUxMiJ9.eyJsb2dpbl91c2VyX2tleSI6IjA4MzM3NjgyLTFhYjItNDRlZC05OWFjLTk1MGQ3YjdhMWIxOSJ9.-HQwl7xa3Ky82jj7wI2p8EHSzJcqcZD2t3S0pe0jMKbFUif28a8VJUKcvJLACuEW8Vw7f0xYVWFguWgVJuvFoQ
10:30:27.774 [http-nio-9587-exec-10] INFO  c.r.f.w.s.TokenService - [getToken,237] - user: madaosen, backend Token: Bearer eyJhbGciOiJIUzUxMiJ9.eyJsb2dpbl91c2VyX2tleSI6IjA4MzM3NjgyLTFhYjItNDRlZC05OWFjLTk1MGQ3YjdhMWIxOSJ9.-HQwl7xa3Ky82jj7wI2p8EHSzJcqcZD2t3S0pe0jMKbFUif28a8VJUKcvJLACuEW8Vw7f0xYVWFguWgVJuvFoQ
10:30:27.774 [http-nio-9587-exec-2] INFO  c.r.f.w.s.TokenService - [getToken,237] - user: madaosen, backend Token: Bearer eyJhbGciOiJIUzUxMiJ9.eyJsb2dpbl91c2VyX2tleSI6IjA4MzM3NjgyLTFhYjItNDRlZC05OWFjLTk1MGQ3YjdhMWIxOSJ9.-HQwl7xa3Ky82jj7wI2p8EHSzJcqcZD2t3S0pe0jMKbFUif28a8VJUKcvJLACuEW8Vw7f0xYVWFguWgVJuvFoQ
10:30:27.798 [http-nio-9587-exec-5] INFO  c.r.f.w.s.TokenService - [getToken,237] - user: madaosen, backend Token: Bearer eyJhbGciOiJIUzUxMiJ9.eyJsb2dpbl91c2VyX2tleSI6IjA4MzM3NjgyLTFhYjItNDRlZC05OWFjLTk1MGQ3YjdhMWIxOSJ9.-HQwl7xa3Ky82jj7wI2p8EHSzJcqcZD2t3S0pe0jMKbFUif28a8VJUKcvJLACuEW8Vw7f0xYVWFguWgVJuvFoQ
10:30:27.820 [http-nio-9587-exec-7] INFO  c.r.f.w.s.TokenService - [getToken,237] - user: madaosen, backend Token: Bearer eyJhbGciOiJIUzUxMiJ9.eyJsb2dpbl91c2VyX2tleSI6IjA4MzM3NjgyLTFhYjItNDRlZC05OWFjLTk1MGQ3YjdhMWIxOSJ9.-HQwl7xa3Ky82jj7wI2p8EHSzJcqcZD2t3S0pe0jMKbFUif28a8VJUKcvJLACuEW8Vw7f0xYVWFguWgVJuvFoQ
10:30:27.820 [http-nio-9587-exec-3] INFO  c.r.f.w.s.TokenService - [getToken,237] - user: madaosen, backend Token: Bearer eyJhbGciOiJIUzUxMiJ9.eyJsb2dpbl91c2VyX2tleSI6IjA4MzM3NjgyLTFhYjItNDRlZC05OWFjLTk1MGQ3YjdhMWIxOSJ9.-HQwl7xa3Ky82jj7wI2p8EHSzJcqcZD2t3S0pe0jMKbFUif28a8VJUKcvJLACuEW8Vw7f0xYVWFguWgVJuvFoQ
10:30:27.820 [http-nio-9587-exec-9] INFO  c.r.f.w.s.TokenService - [getToken,237] - user: madaosen, backend Token: Bearer eyJhbGciOiJIUzUxMiJ9.eyJsb2dpbl91c2VyX2tleSI6IjA4MzM3NjgyLTFhYjItNDRlZC05OWFjLTk1MGQ3YjdhMWIxOSJ9.-HQwl7xa3Ky82jj7wI2p8EHSzJcqcZD2t3S0pe0jMKbFUif28a8VJUKcvJLACuEW8Vw7f0xYVWFguWgVJuvFoQ
10:30:27.845 [http-nio-9587-exec-6] INFO  c.r.f.w.s.TokenService - [getToken,237] - user: madaosen, backend Token: Bearer eyJhbGciOiJIUzUxMiJ9.eyJsb2dpbl91c2VyX2tleSI6IjA4MzM3NjgyLTFhYjItNDRlZC05OWFjLTk1MGQ3YjdhMWIxOSJ9.-HQwl7xa3Ky82jj7wI2p8EHSzJcqcZD2t3S0pe0jMKbFUif28a8VJUKcvJLACuEW8Vw7f0xYVWFguWgVJuvFoQ
10:30:27.846 [http-nio-9587-exec-4] INFO  c.r.f.w.s.TokenService - [getToken,237] - user: madaosen, backend Token: Bearer eyJhbGciOiJIUzUxMiJ9.eyJsb2dpbl91c2VyX2tleSI6IjA4MzM3NjgyLTFhYjItNDRlZC05OWFjLTk1MGQ3YjdhMWIxOSJ9.-HQwl7xa3Ky82jj7wI2p8EHSzJcqcZD2t3S0pe0jMKbFUif28a8VJUKcvJLACuEW8Vw7f0xYVWFguWgVJuvFoQ
10:30:27.846 [http-nio-9587-exec-8] INFO  c.r.f.w.s.TokenService - [getToken,237] - user: madaosen, backend Token: Bearer eyJhbGciOiJIUzUxMiJ9.eyJsb2dpbl91c2VyX2tleSI6IjA4MzM3NjgyLTFhYjItNDRlZC05OWFjLTk1MGQ3YjdhMWIxOSJ9.-HQwl7xa3Ky82jj7wI2p8EHSzJcqcZD2t3S0pe0jMKbFUif28a8VJUKcvJLACuEW8Vw7f0xYVWFguWgVJuvFoQ
10:30:27.846 [http-nio-9587-exec-3] INFO  c.r.f.w.s.TokenService - [getToken,237] - user: madaosen, backend Token: Bearer eyJhbGciOiJIUzUxMiJ9.eyJsb2dpbl91c2VyX2tleSI6IjA4MzM3NjgyLTFhYjItNDRlZC05OWFjLTk1MGQ3YjdhMWIxOSJ9.-HQwl7xa3Ky82jj7wI2p8EHSzJcqcZD2t3S0pe0jMKbFUif28a8VJUKcvJLACuEW8Vw7f0xYVWFguWgVJuvFoQ
10:30:27.850 [http-nio-9587-exec-9] INFO  c.r.f.w.s.TokenService - [getToken,237] - user: madaosen, backend Token: Bearer eyJhbGciOiJIUzUxMiJ9.eyJsb2dpbl91c2VyX2tleSI6IjA4MzM3NjgyLTFhYjItNDRlZC05OWFjLTk1MGQ3YjdhMWIxOSJ9.-HQwl7xa3Ky82jj7wI2p8EHSzJcqcZD2t3S0pe0jMKbFUif28a8VJUKcvJLACuEW8Vw7f0xYVWFguWgVJuvFoQ
10:30:28.047 [http-nio-9587-exec-1] INFO  c.r.f.w.s.TokenService - [getToken,237] - user: madaosen, backend Token: Bearer eyJhbGciOiJIUzUxMiJ9.eyJsb2dpbl91c2VyX2tleSI6IjA4MzM3NjgyLTFhYjItNDRlZC05OWFjLTk1MGQ3YjdhMWIxOSJ9.-HQwl7xa3Ky82jj7wI2p8EHSzJcqcZD2t3S0pe0jMKbFUif28a8VJUKcvJLACuEW8Vw7f0xYVWFguWgVJuvFoQ
10:30:28.073 [http-nio-9587-exec-5] INFO  c.r.f.w.s.TokenService - [getToken,237] - user: madaosen, backend Token: Bearer eyJhbGciOiJIUzUxMiJ9.eyJsb2dpbl91c2VyX2tleSI6IjA4MzM3NjgyLTFhYjItNDRlZC05OWFjLTk1MGQ3YjdhMWIxOSJ9.-HQwl7xa3Ky82jj7wI2p8EHSzJcqcZD2t3S0pe0jMKbFUif28a8VJUKcvJLACuEW8Vw7f0xYVWFguWgVJuvFoQ
10:30:28.169 [http-nio-9587-exec-9] INFO  c.r.f.w.s.TokenService - [getToken,237] - user: madaosen, backend Token: Bearer eyJhbGciOiJIUzUxMiJ9.eyJsb2dpbl91c2VyX2tleSI6IjA4MzM3NjgyLTFhYjItNDRlZC05OWFjLTk1MGQ3YjdhMWIxOSJ9.-HQwl7xa3Ky82jj7wI2p8EHSzJcqcZD2t3S0pe0jMKbFUif28a8VJUKcvJLACuEW8Vw7f0xYVWFguWgVJuvFoQ
10:30:34.929 [http-nio-9587-exec-4] INFO  c.r.f.w.s.TokenService - [getToken,237] - user: madaosen, backend Token: Bearer eyJhbGciOiJIUzUxMiJ9.eyJsb2dpbl91c2VyX2tleSI6IjA4MzM3NjgyLTFhYjItNDRlZC05OWFjLTk1MGQ3YjdhMWIxOSJ9.-HQwl7xa3Ky82jj7wI2p8EHSzJcqcZD2t3S0pe0jMKbFUif28a8VJUKcvJLACuEW8Vw7f0xYVWFguWgVJuvFoQ
10:30:34.949 [http-nio-9587-exec-4] INFO  c.r.c.u.f.FileTypeDetector - [detectMimeType,32] - 文件名: 专业预审会前材料.docx, 声明的ContentType: application/vnd.openxmlformats-officedocument.wordprocessingml.document, Tika检测到的真实类型: application/vnd.openxmlformats-officedocument.wordprocessingml.document
10:30:34.950 [http-nio-9587-exec-4] INFO  c.r.w.c.s.SysFileController - [upload,299] - 上传文件: 专业预审会前材料.docx, 声明的ContentType: application/vnd.openxmlformats-officedocument.wordprocessingml.document, Tika检测到的真实类型: application/vnd.openxmlformats-officedocument.wordprocessingml.document
10:30:34.950 [http-nio-9587-exec-4] INFO  c.r.w.c.s.SysFileController - [upload,309] - 文件类型直接匹配白名单: 专业预审会前材料.docx -> application/vnd.openxmlformats-officedocument.wordprocessingml.document
10:30:34.950 [http-nio-9587-exec-4] INFO  c.r.w.c.s.SysFileController - [upload,331] - 文件类型校验通过: 专业预审会前材料.docx, 真实类型: application/vnd.openxmlformats-officedocument.wordprocessingml.document
10:30:34.962 [http-nio-9587-exec-4] INFO  c.r.s.s.i.SysFileServiceImpl - [upload,233] - oss文件上传成功=====>prod/upload/2026/09/07/c3ae6e2c-646e-4059-bf4a-bb2d7d6b3a39.docx
10:30:36.324 [http-nio-9587-exec-3] INFO  c.r.f.w.s.TokenService - [getToken,237] - user: madaosen, backend Token: Bearer eyJhbGciOiJIUzUxMiJ9.eyJsb2dpbl91c2VyX2tleSI6IjA4MzM3NjgyLTFhYjItNDRlZC05OWFjLTk1MGQ3YjdhMWIxOSJ9.-HQwl7xa3Ky82jj7wI2p8EHSzJcqcZD2t3S0pe0jMKbFUif28a8VJUKcvJLACuEW8Vw7f0xYVWFguWgVJuvFoQ
10:30:36.340 [http-nio-9587-exec-3] INFO  c.r.w.l.TaskEventV2Listener - [onEvent,105] - EVENT :TASK_ASSIGNED
10:30:36.355 [http-nio-9587-exec-3] INFO  c.r.w.l.TaskEventV2Listener - [onEvent,105] - EVENT :TASK_COMPLETED
10:30:36.356 [http-nio-9587-exec-3] INFO  c.r.w.l.TaskEventV2Listener - [onEvent,121] - username :madaosen
10:30:36.441 [http-nio-9587-exec-3] INFO  c.r.w.l.TaskEventV2Listener - [onEvent,105] - EVENT :TASK_CREATED
10:30:36.443 [http-nio-9587-exec-3] INFO  c.r.f.w.s.TokenService - [getToken,237] - user: madaosen, backend Token: Bearer eyJhbGciOiJIUzUxMiJ9.eyJsb2dpbl91c2VyX2tleSI6IjA4MzM3NjgyLTFhYjItNDRlZC05OWFjLTk1MGQ3YjdhMWIxOSJ9.-HQwl7xa3Ky82jj7wI2p8EHSzJcqcZD2t3S0pe0jMKbFUif28a8VJUKcvJLACuEW8Vw7f0xYVWFguWgVJuvFoQ
10:30:36.448 [http-nio-9587-exec-3] INFO  c.r.w.s.i.AiAgentTaskExecutionServiceImpl - [createWorkflowNodeTasks,320] - 审批流程节点未绑定自动执行且已启用的Agent，projectId=2095053346414166016, nodeId=VerifyProfessionalReviewMeetingsMaterials
10:30:36.449 [http-nio-9587-exec-3] INFO  c.r.w.l.TaskEventV2Listener - [onEvent,127] - username :madaosen
10:30:36.512 [http-nio-9587-exec-3] INFO  c.r.w.l.TaskEventV2Listener - [createOaTask,240] - task0: Task{createDate='2026-09-07 10:30:36', createOrg='45', createUser='madaosen', createUserName='madaosen', expiryDate='null', kindName='null', moduleName='null', needInputPwd='null', oaIId='null', oaMkId='null', receiveUser='madaosen', receiveUserName='madaosen', synId='null', synType='1', taskId='1bc1e76b-aa64-11f1-885b-da3bbfe162e3', tasksType='1', title='全生命周期平台督办：审核专业预审会前材料--万号投诉处理智能体研发', type='0', url='http://www.sh.ctc.com/EFFPRO2/oa_verify?taskId=1bc1c05a-aa64-11f1-885b-da3bbfe162e3&redirect=%2FEFFPRO2%2Fproject%2FagencyProject%2FdetailPage%3Fid%3D2095053346414166016'}
10:30:36.550 [http-nio-9587-exec-9] INFO  c.r.f.w.s.TokenService - [getToken,237] - user: madaosen, backend Token: Bearer eyJhbGciOiJIUzUxMiJ9.eyJsb2dpbl91c2VyX2tleSI6IjA4MzM3NjgyLTFhYjItNDRlZC05OWFjLTk1MGQ3YjdhMWIxOSJ9.-HQwl7xa3Ky82jj7wI2p8EHSzJcqcZD2t3S0pe0jMKbFUif28a8VJUKcvJLACuEW8Vw7f0xYVWFguWgVJuvFoQ
10:30:36.551 [http-nio-9587-exec-8] INFO  c.r.f.w.s.TokenService - [getToken,237] - user: madaosen, backend Token: Bearer eyJhbGciOiJIUzUxMiJ9.eyJsb2dpbl91c2VyX2tleSI6IjA4MzM3NjgyLTFhYjItNDRlZC05OWFjLTk1MGQ3YjdhMWIxOSJ9.-HQwl7xa3Ky82jj7wI2p8EHSzJcqcZD2t3S0pe0jMKbFUif28a8VJUKcvJLACuEW8Vw7f0xYVWFguWgVJuvFoQ
10:30:36.551 [http-nio-9587-exec-2] INFO  c.r.f.w.s.TokenService - [getToken,237] - user: madaosen, backend Token: Bearer eyJhbGciOiJIUzUxMiJ9.eyJsb2dpbl91c2VyX2tleSI6IjA4MzM3NjgyLTFhYjItNDRlZC05OWFjLTk1MGQ3YjdhMWIxOSJ9.-HQwl7xa3Ky82jj7wI2p8EHSzJcqcZD2t3S0pe0jMKbFUif28a8VJUKcvJLACuEW8Vw7f0xYVWFguWgVJuvFoQ
10:30:36.551 [http-nio-9587-exec-6] INFO  c.r.f.w.s.TokenService - [getToken,237] - user: madaosen, backend Token: Bearer eyJhbGciOiJIUzUxMiJ9.eyJsb2dpbl91c2VyX2tleSI6IjA4MzM3NjgyLTFhYjItNDRlZC05OWFjLTk1MGQ3YjdhMWIxOSJ9.-HQwl7xa3Ky82jj7wI2p8EHSzJcqcZD2t3S0pe0jMKbFUif28a8VJUKcvJLACuEW8Vw7f0xYVWFguWgVJuvFoQ
10:30:36.554 [http-nio-9587-exec-5] INFO  c.r.f.w.s.TokenService - [getToken,237] - user: madaosen, backend Token: Bearer eyJhbGciOiJIUzUxMiJ9.eyJsb2dpbl91c2VyX2tleSI6IjA4MzM3NjgyLTFhYjItNDRlZC05OWFjLTk1MGQ3YjdhMWIxOSJ9.-HQwl7xa3Ky82jj7wI2p8EHSzJcqcZD2t3S0pe0jMKbFUif28a8VJUKcvJLACuEW8Vw7f0xYVWFguWgVJuvFoQ
10:30:36.556 [http-nio-9587-exec-10] INFO  c.r.f.w.s.TokenService - [getToken,237] - user: madaosen, backend Token: Bearer eyJhbGciOiJIUzUxMiJ9.eyJsb2dpbl91c2VyX2tleSI6IjA4MzM3NjgyLTFhYjItNDRlZC05OWFjLTk1MGQ3YjdhMWIxOSJ9.-HQwl7xa3Ky82jj7wI2p8EHSzJcqcZD2t3S0pe0jMKbFUif28a8VJUKcvJLACuEW8Vw7f0xYVWFguWgVJuvFoQ
10:30:36.569 [http-nio-9587-exec-1] INFO  c.r.f.w.s.TokenService - [getToken,237] - user: madaosen, backend Token: Bearer eyJhbGciOiJIUzUxMiJ9.eyJsb2dpbl91c2VyX2tleSI6IjA4MzM3NjgyLTFhYjItNDRlZC05OWFjLTk1MGQ3YjdhMWIxOSJ9.-HQwl7xa3Ky82jj7wI2p8EHSzJcqcZD2t3S0pe0jMKbFUif28a8VJUKcvJLACuEW8Vw7f0xYVWFguWgVJuvFoQ
10:30:36.576 [http-nio-9587-exec-7] INFO  c.r.f.w.s.TokenService - [getToken,237] - user: madaosen, backend Token: Bearer eyJhbGciOiJIUzUxMiJ9.eyJsb2dpbl91c2VyX2tleSI6IjA4MzM3NjgyLTFhYjItNDRlZC05OWFjLTk1MGQ3YjdhMWIxOSJ9.-HQwl7xa3Ky82jj7wI2p8EHSzJcqcZD2t3S0pe0jMKbFUif28a8VJUKcvJLACuEW8Vw7f0xYVWFguWgVJuvFoQ
10:30:36.813 [http-nio-9587-exec-10] INFO  c.r.f.w.s.TokenService - [getToken,237] - user: madaosen, backend Token: Bearer eyJhbGciOiJIUzUxMiJ9.eyJsb2dpbl91c2VyX2tleSI6IjA4MzM3NjgyLTFhYjItNDRlZC05OWFjLTk1MGQ3YjdhMWIxOSJ9.-HQwl7xa3Ky82jj7wI2p8EHSzJcqcZD2t3S0pe0jMKbFUif28a8VJUKcvJLACuEW8Vw7f0xYVWFguWgVJuvFoQ
10:30:36.814 [http-nio-9587-exec-7] INFO  c.r.f.w.s.TokenService - [getToken,237] - user: madaosen, backend Token: Bearer eyJhbGciOiJIUzUxMiJ9.eyJsb2dpbl91c2VyX2tleSI6IjA4MzM3NjgyLTFhYjItNDRlZC05OWFjLTk1MGQ3YjdhMWIxOSJ9.-HQwl7xa3Ky82jj7wI2p8EHSzJcqcZD2t3S0pe0jMKbFUif28a8VJUKcvJLACuEW8Vw7f0xYVWFguWgVJuvFoQ
10:30:36.815 [http-nio-9587-exec-1] INFO  c.r.f.w.s.TokenService - [getToken,237] - user: madaosen, backend Token: Bearer eyJhbGciOiJIUzUxMiJ9.eyJsb2dpbl91c2VyX2tleSI6IjA4MzM3NjgyLTFhYjItNDRlZC05OWFjLTk1MGQ3YjdhMWIxOSJ9.-HQwl7xa3Ky82jj7wI2p8EHSzJcqcZD2t3S0pe0jMKbFUif28a8VJUKcvJLACuEW8Vw7f0xYVWFguWgVJuvFoQ
10:30:36.837 [http-nio-9587-exec-6] INFO  c.r.f.w.s.TokenService - [getToken,237] - user: madaosen, backend Token: Bearer eyJhbGciOiJIUzUxMiJ9.eyJsb2dpbl91c2VyX2tleSI6IjA4MzM3NjgyLTFhYjItNDRlZC05OWFjLTk1MGQ3YjdhMWIxOSJ9.-HQwl7xa3Ky82jj7wI2p8EHSzJcqcZD2t3S0pe0jMKbFUif28a8VJUKcvJLACuEW8Vw7f0xYVWFguWgVJuvFoQ
10:30:36.854 [http-nio-9587-exec-3] INFO  c.r.f.w.s.TokenService - [getToken,237] - user: madaosen, backend Token: Bearer eyJhbGciOiJIUzUxMiJ9.eyJsb2dpbl91c2VyX2tleSI6IjA4MzM3NjgyLTFhYjItNDRlZC05OWFjLTk1MGQ3YjdhMWIxOSJ9.-HQwl7xa3Ky82jj7wI2p8EHSzJcqcZD2t3S0pe0jMKbFUif28a8VJUKcvJLACuEW8Vw7f0xYVWFguWgVJuvFoQ
10:30:36.857 [http-nio-9587-exec-2] INFO  c.r.f.w.s.TokenService - [getToken,237] - user: madaosen, backend Token: Bearer eyJhbGciOiJIUzUxMiJ9.eyJsb2dpbl91c2VyX2tleSI6IjA4MzM3NjgyLTFhYjItNDRlZC05OWFjLTk1MGQ3YjdhMWIxOSJ9.-HQwl7xa3Ky82jj7wI2p8EHSzJcqcZD2t3S0pe0jMKbFUif28a8VJUKcvJLACuEW8Vw7f0xYVWFguWgVJuvFoQ
10:30:36.857 [http-nio-9587-exec-10] INFO  c.r.f.w.s.TokenService - [getToken,237] - user: madaosen, backend Token: Bearer eyJhbGciOiJIUzUxMiJ9.eyJsb2dpbl91c2VyX2tleSI6IjA4MzM3NjgyLTFhYjItNDRlZC05OWFjLTk1MGQ3YjdhMWIxOSJ9.-HQwl7xa3Ky82jj7wI2p8EHSzJcqcZD2t3S0pe0jMKbFUif28a8VJUKcvJLACuEW8Vw7f0xYVWFguWgVJuvFoQ
10:30:36.880 [http-nio-9587-exec-6] INFO  c.r.f.w.s.TokenService - [getToken,237] - user: madaosen, backend Token: Bearer eyJhbGciOiJIUzUxMiJ9.eyJsb2dpbl91c2VyX2tleSI6IjA4MzM3NjgyLTFhYjItNDRlZC05OWFjLTk1MGQ3YjdhMWIxOSJ9.-HQwl7xa3Ky82jj7wI2p8EHSzJcqcZD2t3S0pe0jMKbFUif28a8VJUKcvJLACuEW8Vw7f0xYVWFguWgVJuvFoQ
10:30:36.881 [http-nio-9587-exec-8] INFO  c.r.f.w.s.TokenService - [getToken,237] - user: madaosen, backend Token: Bearer eyJhbGciOiJIUzUxMiJ9.eyJsb2dpbl91c2VyX2tleSI6IjA4MzM3NjgyLTFhYjItNDRlZC05OWFjLTk1MGQ3YjdhMWIxOSJ9.-HQwl7xa3Ky82jj7wI2p8EHSzJcqcZD2t3S0pe0jMKbFUif28a8VJUKcvJLACuEW8Vw7f0xYVWFguWgVJuvFoQ
10:30:36.881 [http-nio-9587-exec-5] INFO  c.r.f.w.s.TokenService - [getToken,237] - user: madaosen, backend Token: Bearer eyJhbGciOiJIUzUxMiJ9.eyJsb2dpbl91c2VyX2tleSI6IjA4MzM3NjgyLTFhYjItNDRlZC05OWFjLTk1MGQ3YjdhMWIxOSJ9.-HQwl7xa3Ky82jj7wI2p8EHSzJcqcZD2t3S0pe0jMKbFUif28a8VJUKcvJLACuEW8Vw7f0xYVWFguWgVJuvFoQ
10:30:36.885 [http-nio-9587-exec-2] INFO  c.r.f.w.s.TokenService - [getToken,237] - user: madaosen, backend Token: Bearer eyJhbGciOiJIUzUxMiJ9.eyJsb2dpbl91c2VyX2tleSI6IjA4MzM3NjgyLTFhYjItNDRlZC05OWFjLTk1MGQ3YjdhMWIxOSJ9.-HQwl7xa3Ky82jj7wI2p8EHSzJcqcZD2t3S0pe0jMKbFUif28a8VJUKcvJLACuEW8Vw7f0xYVWFguWgVJuvFoQ
10:30:36.886 [http-nio-9587-exec-10] INFO  c.r.f.w.s.TokenService - [getToken,237] - user: madaosen, backend Token: Bearer eyJhbGciOiJIUzUxMiJ9.eyJsb2dpbl91c2VyX2tleSI6IjA4MzM3NjgyLTFhYjItNDRlZC05OWFjLTk1MGQ3YjdhMWIxOSJ9.-HQwl7xa3Ky82jj7wI2p8EHSzJcqcZD2t3S0pe0jMKbFUif28a8VJUKcvJLACuEW8Vw7f0xYVWFguWgVJuvFoQ
10:30:37.063 [http-nio-9587-exec-7] INFO  c.r.f.w.s.TokenService - [getToken,237] - user: madaosen, backend Token: Bearer eyJhbGciOiJIUzUxMiJ9.eyJsb2dpbl91c2VyX2tleSI6IjA4MzM3NjgyLTFhYjItNDRlZC05OWFjLTk1MGQ3YjdhMWIxOSJ9.-HQwl7xa3Ky82jj7wI2p8EHSzJcqcZD2t3S0pe0jMKbFUif28a8VJUKcvJLACuEW8Vw7f0xYVWFguWgVJuvFoQ
10:30:37.078 [http-nio-9587-exec-3] INFO  c.r.f.w.s.TokenService - [getToken,237] - user: madaosen, backend Token: Bearer eyJhbGciOiJIUzUxMiJ9.eyJsb2dpbl91c2VyX2tleSI6IjA4MzM3NjgyLTFhYjItNDRlZC05OWFjLTk1MGQ3YjdhMWIxOSJ9.-HQwl7xa3Ky82jj7wI2p8EHSzJcqcZD2t3S0pe0jMKbFUif28a8VJUKcvJLACuEW8Vw7f0xYVWFguWgVJuvFoQ
10:30:37.142 [http-nio-9587-exec-2] INFO  c.r.f.w.s.TokenService - [getToken,237] - user: madaosen, backend Token: Bearer eyJhbGciOiJIUzUxMiJ9.eyJsb2dpbl91c2VyX2tleSI6IjA4MzM3NjgyLTFhYjItNDRlZC05OWFjLTk1MGQ3YjdhMWIxOSJ9.-HQwl7xa3Ky82jj7wI2p8EHSzJcqcZD2t3S0pe0jMKbFUif28a8VJUKcvJLACuEW8Vw7f0xYVWFguWgVJuvFoQ
10:30:39.039 [http-nio-9587-exec-5] INFO  c.r.f.w.s.TokenService - [getToken,237] - user: madaosen, backend Token: Bearer eyJhbGciOiJIUzUxMiJ9.eyJsb2dpbl91c2VyX2tleSI6IjA4MzM3NjgyLTFhYjItNDRlZC05OWFjLTk1MGQ3YjdhMWIxOSJ9.-HQwl7xa3Ky82jj7wI2p8EHSzJcqcZD2t3S0pe0jMKbFUif28a8VJUKcvJLACuEW8Vw7f0xYVWFguWgVJuvFoQ
10:30:39.057 [http-nio-9587-exec-5] INFO  c.r.w.l.TaskEventV2Listener - [onEvent,105] - EVENT :TASK_ASSIGNED
10:30:39.074 [http-nio-9587-exec-5] INFO  c.r.w.l.TaskEventV2Listener - [onEvent,105] - EVENT :TASK_COMPLETED
10:30:39.075 [http-nio-9587-exec-5] INFO  c.r.w.l.TaskEventV2Listener - [onEvent,121] - username :madaosen
10:30:39.162 [http-nio-9587-exec-5] INFO  c.r.w.l.TaskEventV2Listener - [onEvent,105] - EVENT :TASK_CREATED
10:30:39.164 [http-nio-9587-exec-5] INFO  c.r.f.w.s.TokenService - [getToken,237] - user: madaosen, backend Token: Bearer eyJhbGciOiJIUzUxMiJ9.eyJsb2dpbl91c2VyX2tleSI6IjA4MzM3NjgyLTFhYjItNDRlZC05OWFjLTk1MGQ3YjdhMWIxOSJ9.-HQwl7xa3Ky82jj7wI2p8EHSzJcqcZD2t3S0pe0jMKbFUif28a8VJUKcvJLACuEW8Vw7f0xYVWFguWgVJuvFoQ
10:30:39.169 [http-nio-9587-exec-5] INFO  c.r.w.s.i.AiAgentTaskExecutionServiceImpl - [createWorkflowNodeTasks,320] - 审批流程节点未绑定自动执行且已启用的Agent，projectId=2095053346414166016, nodeId=ProfessionalReviewMeetings
10:30:39.169 [http-nio-9587-exec-5] INFO  c.r.w.l.TaskEventV2Listener - [onEvent,127] - username :madaosen
10:30:39.232 [http-nio-9587-exec-5] INFO  c.r.w.l.TaskEventV2Listener - [createOaTask,240] - task0: Task{createDate='2026-09-07 10:30:39', createOrg='45', createUser='madaosen', createUserName='madaosen', expiryDate='null', kindName='null', moduleName='null', needInputPwd='null', oaIId='null', oaMkId='null', receiveUser='madaosen', receiveUserName='madaosen', synId='null', synType='1', taskId='1d613f97-aa64-11f1-885b-da3bbfe162e3', tasksType='1', title='全生命周期平台督办：专业预审会议结果--万号投诉处理智能体研发', type='0', url='http://www.sh.ctc.com/EFFPRO2/oa_verify?taskId=1d611886-aa64-11f1-885b-da3bbfe162e3&redirect=%2FEFFPRO2%2Fproject%2FagencyProject%2FdetailPage%3Fid%3D2095053346414166016'}
10:30:39.287 [http-nio-9587-exec-8] INFO  c.r.f.w.s.TokenService - [getToken,237] - user: madaosen, backend Token: Bearer eyJhbGciOiJIUzUxMiJ9.eyJsb2dpbl91c2VyX2tleSI6IjA4MzM3NjgyLTFhYjItNDRlZC05OWFjLTk1MGQ3YjdhMWIxOSJ9.-HQwl7xa3Ky82jj7wI2p8EHSzJcqcZD2t3S0pe0jMKbFUif28a8VJUKcvJLACuEW8Vw7f0xYVWFguWgVJuvFoQ
10:30:39.289 [http-nio-9587-exec-5] INFO  c.r.f.w.s.TokenService - [getToken,237] - user: madaosen, backend Token: Bearer eyJhbGciOiJIUzUxMiJ9.eyJsb2dpbl91c2VyX2tleSI6IjA4MzM3NjgyLTFhYjItNDRlZC05OWFjLTk1MGQ3YjdhMWIxOSJ9.-HQwl7xa3Ky82jj7wI2p8EHSzJcqcZD2t3S0pe0jMKbFUif28a8VJUKcvJLACuEW8Vw7f0xYVWFguWgVJuvFoQ
10:30:39.289 [http-nio-9587-exec-10] INFO  c.r.f.w.s.TokenService - [getToken,237] - user: madaosen, backend Token: Bearer eyJhbGciOiJIUzUxMiJ9.eyJsb2dpbl91c2VyX2tleSI6IjA4MzM3NjgyLTFhYjItNDRlZC05OWFjLTk1MGQ3YjdhMWIxOSJ9.-HQwl7xa3Ky82jj7wI2p8EHSzJcqcZD2t3S0pe0jMKbFUif28a8VJUKcvJLACuEW8Vw7f0xYVWFguWgVJuvFoQ
10:30:39.289 [http-nio-9587-exec-1] INFO  c.r.f.w.s.TokenService - [getToken,237] - user: madaosen, backend Token: Bearer eyJhbGciOiJIUzUxMiJ9.eyJsb2dpbl91c2VyX2tleSI6IjA4MzM3NjgyLTFhYjItNDRlZC05OWFjLTk1MGQ3YjdhMWIxOSJ9.-HQwl7xa3Ky82jj7wI2p8EHSzJcqcZD2t3S0pe0jMKbFUif28a8VJUKcvJLACuEW8Vw7f0xYVWFguWgVJuvFoQ
10:30:39.291 [http-nio-9587-exec-3] INFO  c.r.f.w.s.TokenService - [getToken,237] - user: madaosen, backend Token: Bearer eyJhbGciOiJIUzUxMiJ9.eyJsb2dpbl91c2VyX2tleSI6IjA4MzM3NjgyLTFhYjItNDRlZC05OWFjLTk1MGQ3YjdhMWIxOSJ9.-HQwl7xa3Ky82jj7wI2p8EHSzJcqcZD2t3S0pe0jMKbFUif28a8VJUKcvJLACuEW8Vw7f0xYVWFguWgVJuvFoQ
10:30:39.294 [http-nio-9587-exec-6] INFO  c.r.f.w.s.TokenService - [getToken,237] - user: madaosen, backend Token: Bearer eyJhbGciOiJIUzUxMiJ9.eyJsb2dpbl91c2VyX2tleSI6IjA4MzM3NjgyLTFhYjItNDRlZC05OWFjLTk1MGQ3YjdhMWIxOSJ9.-HQwl7xa3Ky82jj7wI2p8EHSzJcqcZD2t3S0pe0jMKbFUif28a8VJUKcvJLACuEW8Vw7f0xYVWFguWgVJuvFoQ
10:30:39.316 [http-nio-9587-exec-9] INFO  c.r.f.w.s.TokenService - [getToken,237] - user: madaosen, backend Token: Bearer eyJhbGciOiJIUzUxMiJ9.eyJsb2dpbl91c2VyX2tleSI6IjA4MzM3NjgyLTFhYjItNDRlZC05OWFjLTk1MGQ3YjdhMWIxOSJ9.-HQwl7xa3Ky82jj7wI2p8EHSzJcqcZD2t3S0pe0jMKbFUif28a8VJUKcvJLACuEW8Vw7f0xYVWFguWgVJuvFoQ
10:30:39.322 [http-nio-9587-exec-7] INFO  c.r.f.w.s.TokenService - [getToken,237] - user: madaosen, backend Token: Bearer eyJhbGciOiJIUzUxMiJ9.eyJsb2dpbl91c2VyX2tleSI6IjA4MzM3NjgyLTFhYjItNDRlZC05OWFjLTk1MGQ3YjdhMWIxOSJ9.-HQwl7xa3Ky82jj7wI2p8EHSzJcqcZD2t3S0pe0jMKbFUif28a8VJUKcvJLACuEW8Vw7f0xYVWFguWgVJuvFoQ
10:30:39.553 [http-nio-9587-exec-5] INFO  c.r.f.w.s.TokenService - [getToken,237] - user: madaosen, backend Token: Bearer eyJhbGciOiJIUzUxMiJ9.eyJsb2dpbl91c2VyX2tleSI6IjA4MzM3NjgyLTFhYjItNDRlZC05OWFjLTk1MGQ3YjdhMWIxOSJ9.-HQwl7xa3Ky82jj7wI2p8EHSzJcqcZD2t3S0pe0jMKbFUif28a8VJUKcvJLACuEW8Vw7f0xYVWFguWgVJuvFoQ
10:30:39.555 [http-nio-9587-exec-9] INFO  c.r.f.w.s.TokenService - [getToken,237] - user: madaosen, backend Token: Bearer eyJhbGciOiJIUzUxMiJ9.eyJsb2dpbl91c2VyX2tleSI6IjA4MzM3NjgyLTFhYjItNDRlZC05OWFjLTk1MGQ3YjdhMWIxOSJ9.-HQwl7xa3Ky82jj7wI2p8EHSzJcqcZD2t3S0pe0jMKbFUif28a8VJUKcvJLACuEW8Vw7f0xYVWFguWgVJuvFoQ
10:30:39.555 [http-nio-9587-exec-7] INFO  c.r.f.w.s.TokenService - [getToken,237] - user: madaosen, backend Token: Bearer eyJhbGciOiJIUzUxMiJ9.eyJsb2dpbl91c2VyX2tleSI6IjA4MzM3NjgyLTFhYjItNDRlZC05OWFjLTk1MGQ3YjdhMWIxOSJ9.-HQwl7xa3Ky82jj7wI2p8EHSzJcqcZD2t3S0pe0jMKbFUif28a8VJUKcvJLACuEW8Vw7f0xYVWFguWgVJuvFoQ
10:30:39.577 [http-nio-9587-exec-1] INFO  c.r.f.w.s.TokenService - [getToken,237] - user: madaosen, backend Token: Bearer eyJhbGciOiJIUzUxMiJ9.eyJsb2dpbl91c2VyX2tleSI6IjA4MzM3NjgyLTFhYjItNDRlZC05OWFjLTk1MGQ3YjdhMWIxOSJ9.-HQwl7xa3Ky82jj7wI2p8EHSzJcqcZD2t3S0pe0jMKbFUif28a8VJUKcvJLACuEW8Vw7f0xYVWFguWgVJuvFoQ
10:30:39.592 [http-nio-9587-exec-5] INFO  c.r.f.w.s.TokenService - [getToken,237] - user: madaosen, backend Token: Bearer eyJhbGciOiJIUzUxMiJ9.eyJsb2dpbl91c2VyX2tleSI6IjA4MzM3NjgyLTFhYjItNDRlZC05OWFjLTk1MGQ3YjdhMWIxOSJ9.-HQwl7xa3Ky82jj7wI2p8EHSzJcqcZD2t3S0pe0jMKbFUif28a8VJUKcvJLACuEW8Vw7f0xYVWFguWgVJuvFoQ
10:30:39.592 [http-nio-9587-exec-3] INFO  c.r.f.w.s.TokenService - [getToken,237] - user: madaosen, backend Token: Bearer eyJhbGciOiJIUzUxMiJ9.eyJsb2dpbl91c2VyX2tleSI6IjA4MzM3NjgyLTFhYjItNDRlZC05OWFjLTk1MGQ3YjdhMWIxOSJ9.-HQwl7xa3Ky82jj7wI2p8EHSzJcqcZD2t3S0pe0jMKbFUif28a8VJUKcvJLACuEW8Vw7f0xYVWFguWgVJuvFoQ
10:30:39.592 [http-nio-9587-exec-4] INFO  c.r.f.w.s.TokenService - [getToken,237] - user: madaosen, backend Token: Bearer eyJhbGciOiJIUzUxMiJ9.eyJsb2dpbl91c2VyX2tleSI6IjA4MzM3NjgyLTFhYjItNDRlZC05OWFjLTk1MGQ3YjdhMWIxOSJ9.-HQwl7xa3Ky82jj7wI2p8EHSzJcqcZD2t3S0pe0jMKbFUif28a8VJUKcvJLACuEW8Vw7f0xYVWFguWgVJuvFoQ
10:30:39.614 [http-nio-9587-exec-8] INFO  c.r.f.w.s.TokenService - [getToken,237] - user: madaosen, backend Token: Bearer eyJhbGciOiJIUzUxMiJ9.eyJsb2dpbl91c2VyX2tleSI6IjA4MzM3NjgyLTFhYjItNDRlZC05OWFjLTk1MGQ3YjdhMWIxOSJ9.-HQwl7xa3Ky82jj7wI2p8EHSzJcqcZD2t3S0pe0jMKbFUif28a8VJUKcvJLACuEW8Vw7f0xYVWFguWgVJuvFoQ
10:30:39.615 [http-nio-9587-exec-2] INFO  c.r.f.w.s.TokenService - [getToken,237] - user: madaosen, backend Token: Bearer eyJhbGciOiJIUzUxMiJ9.eyJsb2dpbl91c2VyX2tleSI6IjA4MzM3NjgyLTFhYjItNDRlZC05OWFjLTk1MGQ3YjdhMWIxOSJ9.-HQwl7xa3Ky82jj7wI2p8EHSzJcqcZD2t3S0pe0jMKbFUif28a8VJUKcvJLACuEW8Vw7f0xYVWFguWgVJuvFoQ
10:30:39.615 [http-nio-9587-exec-5] INFO  c.r.f.w.s.TokenService - [getToken,237] - user: madaosen, backend Token: Bearer eyJhbGciOiJIUzUxMiJ9.eyJsb2dpbl91c2VyX2tleSI6IjA4MzM3NjgyLTFhYjItNDRlZC05OWFjLTk1MGQ3YjdhMWIxOSJ9.-HQwl7xa3Ky82jj7wI2p8EHSzJcqcZD2t3S0pe0jMKbFUif28a8VJUKcvJLACuEW8Vw7f0xYVWFguWgVJuvFoQ
10:30:39.615 [http-nio-9587-exec-6] INFO  c.r.f.w.s.TokenService - [getToken,237] - user: madaosen, backend Token: Bearer eyJhbGciOiJIUzUxMiJ9.eyJsb2dpbl91c2VyX2tleSI6IjA4MzM3NjgyLTFhYjItNDRlZC05OWFjLTk1MGQ3YjdhMWIxOSJ9.-HQwl7xa3Ky82jj7wI2p8EHSzJcqcZD2t3S0pe0jMKbFUif28a8VJUKcvJLACuEW8Vw7f0xYVWFguWgVJuvFoQ
10:30:39.616 [http-nio-9587-exec-3] INFO  c.r.f.w.s.TokenService - [getToken,237] - user: madaosen, backend Token: Bearer eyJhbGciOiJIUzUxMiJ9.eyJsb2dpbl91c2VyX2tleSI6IjA4MzM3NjgyLTFhYjItNDRlZC05OWFjLTk1MGQ3YjdhMWIxOSJ9.-HQwl7xa3Ky82jj7wI2p8EHSzJcqcZD2t3S0pe0jMKbFUif28a8VJUKcvJLACuEW8Vw7f0xYVWFguWgVJuvFoQ
10:30:39.763 [http-nio-9587-exec-9] INFO  c.r.f.w.s.TokenService - [getToken,237] - user: madaosen, backend Token: Bearer eyJhbGciOiJIUzUxMiJ9.eyJsb2dpbl91c2VyX2tleSI6IjA4MzM3NjgyLTFhYjItNDRlZC05OWFjLTk1MGQ3YjdhMWIxOSJ9.-HQwl7xa3Ky82jj7wI2p8EHSzJcqcZD2t3S0pe0jMKbFUif28a8VJUKcvJLACuEW8Vw7f0xYVWFguWgVJuvFoQ
10:30:39.789 [http-nio-9587-exec-1] INFO  c.r.f.w.s.TokenService - [getToken,237] - user: madaosen, backend Token: Bearer eyJhbGciOiJIUzUxMiJ9.eyJsb2dpbl91c2VyX2tleSI6IjA4MzM3NjgyLTFhYjItNDRlZC05OWFjLTk1MGQ3YjdhMWIxOSJ9.-HQwl7xa3Ky82jj7wI2p8EHSzJcqcZD2t3S0pe0jMKbFUif28a8VJUKcvJLACuEW8Vw7f0xYVWFguWgVJuvFoQ
10:30:39.861 [http-nio-9587-exec-3] INFO  c.r.f.w.s.TokenService - [getToken,237] - user: madaosen, backend Token: Bearer eyJhbGciOiJIUzUxMiJ9.eyJsb2dpbl91c2VyX2tleSI6IjA4MzM3NjgyLTFhYjItNDRlZC05OWFjLTk1MGQ3YjdhMWIxOSJ9.-HQwl7xa3Ky82jj7wI2p8EHSzJcqcZD2t3S0pe0jMKbFUif28a8VJUKcvJLACuEW8Vw7f0xYVWFguWgVJuvFoQ
10:30:42.769 [http-nio-9587-exec-2] INFO  c.r.f.w.s.TokenService - [getToken,237] - user: madaosen, backend Token: Bearer eyJhbGciOiJIUzUxMiJ9.eyJsb2dpbl91c2VyX2tleSI6IjA4MzM3NjgyLTFhYjItNDRlZC05OWFjLTk1MGQ3YjdhMWIxOSJ9.-HQwl7xa3Ky82jj7wI2p8EHSzJcqcZD2t3S0pe0jMKbFUif28a8VJUKcvJLACuEW8Vw7f0xYVWFguWgVJuvFoQ
10:30:42.796 [http-nio-9587-exec-2] INFO  c.r.w.l.TaskEventV2Listener - [onEvent,105] - EVENT :TASK_ASSIGNED
10:30:42.819 [http-nio-9587-exec-2] INFO  c.r.w.l.TaskEventV2Listener - [onEvent,105] - EVENT :TASK_COMPLETED
10:30:42.821 [http-nio-9587-exec-2] INFO  c.r.w.l.TaskEventV2Listener - [onEvent,121] - username :madaosen
10:30:42.981 [http-nio-9587-exec-2] INFO  c.r.w.l.TaskEventV2Listener - [onEvent,105] - EVENT :TASK_CREATED
10:30:42.984 [http-nio-9587-exec-2] INFO  c.r.f.w.s.TokenService - [getToken,237] - user: madaosen, backend Token: Bearer eyJhbGciOiJIUzUxMiJ9.eyJsb2dpbl91c2VyX2tleSI6IjA4MzM3NjgyLTFhYjItNDRlZC05OWFjLTk1MGQ3YjdhMWIxOSJ9.-HQwl7xa3Ky82jj7wI2p8EHSzJcqcZD2t3S0pe0jMKbFUif28a8VJUKcvJLACuEW8Vw7f0xYVWFguWgVJuvFoQ
10:30:42.991 [http-nio-9587-exec-2] INFO  c.r.w.s.i.AiAgentTaskExecutionServiceImpl - [createWorkflowNodeTasks,320] - 审批流程节点未绑定自动执行且已启用的Agent，projectId=2095053346414166016, nodeId=FillUndertakeUnitMeetingPassTime
10:30:42.992 [http-nio-9587-exec-2] INFO  c.r.w.l.TaskEventV2Listener - [onEvent,127] - username :madaosen
10:30:43.097 [http-nio-9587-exec-2] INFO  c.r.w.l.TaskEventV2Listener - [createOaTask,240] - task0: Task{createDate='2026-09-07 10:30:42', createOrg='45', createUser='madaosen', createUserName='madaosen', expiryDate='null', kindName='null', moduleName='null', needInputPwd='null', oaIId='null', oaMkId='null', receiveUser='madaosen', receiveUserName='madaosen', synId='null', synType='1', taskId='1fa7ad37-aa64-11f1-885b-da3bbfe162e3', tasksType='1', title='全生命周期平台督办：填写承担单位办公会通过时间--万号投诉处理智能体研发', type='0', url='http://www.sh.ctc.com/EFFPRO2/oa_verify?taskId=1fa75f16-aa64-11f1-885b-da3bbfe162e3&redirect=%2FEFFPRO2%2Fproject%2FagencyProject%2FdetailPage%3Fid%3D2095053346414166016'}
10:30:43.186 [http-nio-9587-exec-8] INFO  c.r.f.w.s.TokenService - [getToken,237] - user: madaosen, backend Token: Bearer eyJhbGciOiJIUzUxMiJ9.eyJsb2dpbl91c2VyX2tleSI6IjA4MzM3NjgyLTFhYjItNDRlZC05OWFjLTk1MGQ3YjdhMWIxOSJ9.-HQwl7xa3Ky82jj7wI2p8EHSzJcqcZD2t3S0pe0jMKbFUif28a8VJUKcvJLACuEW8Vw7f0xYVWFguWgVJuvFoQ
10:30:43.186 [http-nio-9587-exec-2] INFO  c.r.f.w.s.TokenService - [getToken,237] - user: madaosen, backend Token: Bearer eyJhbGciOiJIUzUxMiJ9.eyJsb2dpbl91c2VyX2tleSI6IjA4MzM3NjgyLTFhYjItNDRlZC05OWFjLTk1MGQ3YjdhMWIxOSJ9.-HQwl7xa3Ky82jj7wI2p8EHSzJcqcZD2t3S0pe0jMKbFUif28a8VJUKcvJLACuEW8Vw7f0xYVWFguWgVJuvFoQ
10:30:43.187 [http-nio-9587-exec-6] INFO  c.r.f.w.s.TokenService - [getToken,237] - user: madaosen, backend Token: Bearer eyJhbGciOiJIUzUxMiJ9.eyJsb2dpbl91c2VyX2tleSI6IjA4MzM3NjgyLTFhYjItNDRlZC05OWFjLTk1MGQ3YjdhMWIxOSJ9.-HQwl7xa3Ky82jj7wI2p8EHSzJcqcZD2t3S0pe0jMKbFUif28a8VJUKcvJLACuEW8Vw7f0xYVWFguWgVJuvFoQ
10:30:43.192 [http-nio-9587-exec-9] INFO  c.r.f.w.s.TokenService - [getToken,237] - user: madaosen, backend Token: Bearer eyJhbGciOiJIUzUxMiJ9.eyJsb2dpbl91c2VyX2tleSI6IjA4MzM3NjgyLTFhYjItNDRlZC05OWFjLTk1MGQ3YjdhMWIxOSJ9.-HQwl7xa3Ky82jj7wI2p8EHSzJcqcZD2t3S0pe0jMKbFUif28a8VJUKcvJLACuEW8Vw7f0xYVWFguWgVJuvFoQ
10:30:43.194 [http-nio-9587-exec-5] INFO  c.r.f.w.s.TokenService - [getToken,237] - user: madaosen, backend Token: Bearer eyJhbGciOiJIUzUxMiJ9.eyJsb2dpbl91c2VyX2tleSI6IjA4MzM3NjgyLTFhYjItNDRlZC05OWFjLTk1MGQ3YjdhMWIxOSJ9.-HQwl7xa3Ky82jj7wI2p8EHSzJcqcZD2t3S0pe0jMKbFUif28a8VJUKcvJLACuEW8Vw7f0xYVWFguWgVJuvFoQ
10:30:43.201 [http-nio-9587-exec-7] INFO  c.r.f.w.s.TokenService - [getToken,237] - user: madaosen, backend Token: Bearer eyJhbGciOiJIUzUxMiJ9.eyJsb2dpbl91c2VyX2tleSI6IjA4MzM3NjgyLTFhYjItNDRlZC05OWFjLTk1MGQ3YjdhMWIxOSJ9.-HQwl7xa3Ky82jj7wI2p8EHSzJcqcZD2t3S0pe0jMKbFUif28a8VJUKcvJLACuEW8Vw7f0xYVWFguWgVJuvFoQ
10:30:43.222 [http-nio-9587-exec-4] INFO  c.r.f.w.s.TokenService - [getToken,237] - user: madaosen, backend Token: Bearer eyJhbGciOiJIUzUxMiJ9.eyJsb2dpbl91c2VyX2tleSI6IjA4MzM3NjgyLTFhYjItNDRlZC05OWFjLTk1MGQ3YjdhMWIxOSJ9.-HQwl7xa3Ky82jj7wI2p8EHSzJcqcZD2t3S0pe0jMKbFUif28a8VJUKcvJLACuEW8Vw7f0xYVWFguWgVJuvFoQ
10:30:43.227 [http-nio-9587-exec-10] INFO  c.r.f.w.s.TokenService - [getToken,237] - user: madaosen, backend Token: Bearer eyJhbGciOiJIUzUxMiJ9.eyJsb2dpbl91c2VyX2tleSI6IjA4MzM3NjgyLTFhYjItNDRlZC05OWFjLTk1MGQ3YjdhMWIxOSJ9.-HQwl7xa3Ky82jj7wI2p8EHSzJcqcZD2t3S0pe0jMKbFUif28a8VJUKcvJLACuEW8Vw7f0xYVWFguWgVJuvFoQ
10:30:43.525 [http-nio-9587-exec-4] INFO  c.r.f.w.s.TokenService - [getToken,237] - user: madaosen, backend Token: Bearer eyJhbGciOiJIUzUxMiJ9.eyJsb2dpbl91c2VyX2tleSI6IjA4MzM3NjgyLTFhYjItNDRlZC05OWFjLTk1MGQ3YjdhMWIxOSJ9.-HQwl7xa3Ky82jj7wI2p8EHSzJcqcZD2t3S0pe0jMKbFUif28a8VJUKcvJLACuEW8Vw7f0xYVWFguWgVJuvFoQ
10:30:43.525 [http-nio-9587-exec-5] INFO  c.r.f.w.s.TokenService - [getToken,237] - user: madaosen, backend Token: Bearer eyJhbGciOiJIUzUxMiJ9.eyJsb2dpbl91c2VyX2tleSI6IjA4MzM3NjgyLTFhYjItNDRlZC05OWFjLTk1MGQ3YjdhMWIxOSJ9.-HQwl7xa3Ky82jj7wI2p8EHSzJcqcZD2t3S0pe0jMKbFUif28a8VJUKcvJLACuEW8Vw7f0xYVWFguWgVJuvFoQ
10:30:43.525 [http-nio-9587-exec-10] INFO  c.r.f.w.s.TokenService - [getToken,237] - user: madaosen, backend Token: Bearer eyJhbGciOiJIUzUxMiJ9.eyJsb2dpbl91c2VyX2tleSI6IjA4MzM3NjgyLTFhYjItNDRlZC05OWFjLTk1MGQ3YjdhMWIxOSJ9.-HQwl7xa3Ky82jj7wI2p8EHSzJcqcZD2t3S0pe0jMKbFUif28a8VJUKcvJLACuEW8Vw7f0xYVWFguWgVJuvFoQ
10:30:43.543 [http-nio-9587-exec-8] INFO  c.r.f.w.s.TokenService - [getToken,237] - user: madaosen, backend Token: Bearer eyJhbGciOiJIUzUxMiJ9.eyJsb2dpbl91c2VyX2tleSI6IjA4MzM3NjgyLTFhYjItNDRlZC05OWFjLTk1MGQ3YjdhMWIxOSJ9.-HQwl7xa3Ky82jj7wI2p8EHSzJcqcZD2t3S0pe0jMKbFUif28a8VJUKcvJLACuEW8Vw7f0xYVWFguWgVJuvFoQ
10:30:43.562 [http-nio-9587-exec-5] INFO  c.r.f.w.s.TokenService - [getToken,237] - user: madaosen, backend Token: Bearer eyJhbGciOiJIUzUxMiJ9.eyJsb2dpbl91c2VyX2tleSI6IjA4MzM3NjgyLTFhYjItNDRlZC05OWFjLTk1MGQ3YjdhMWIxOSJ9.-HQwl7xa3Ky82jj7wI2p8EHSzJcqcZD2t3S0pe0jMKbFUif28a8VJUKcvJLACuEW8Vw7f0xYVWFguWgVJuvFoQ
10:30:43.563 [http-nio-9587-exec-9] INFO  c.r.f.w.s.TokenService - [getToken,237] - user: madaosen, backend Token: Bearer eyJhbGciOiJIUzUxMiJ9.eyJsb2dpbl91c2VyX2tleSI6IjA4MzM3NjgyLTFhYjItNDRlZC05OWFjLTk1MGQ3YjdhMWIxOSJ9.-HQwl7xa3Ky82jj7wI2p8EHSzJcqcZD2t3S0pe0jMKbFUif28a8VJUKcvJLACuEW8Vw7f0xYVWFguWgVJuvFoQ
10:30:43.563 [http-nio-9587-exec-3] INFO  c.r.f.w.s.TokenService - [getToken,237] - user: madaosen, backend Token: Bearer eyJhbGciOiJIUzUxMiJ9.eyJsb2dpbl91c2VyX2tleSI6IjA4MzM3NjgyLTFhYjItNDRlZC05OWFjLTk1MGQ3YjdhMWIxOSJ9.-HQwl7xa3Ky82jj7wI2p8EHSzJcqcZD2t3S0pe0jMKbFUif28a8VJUKcvJLACuEW8Vw7f0xYVWFguWgVJuvFoQ
10:30:43.590 [http-nio-9587-exec-8] INFO  c.r.f.w.s.TokenService - [getToken,237] - user: madaosen, backend Token: Bearer eyJhbGciOiJIUzUxMiJ9.eyJsb2dpbl91c2VyX2tleSI6IjA4MzM3NjgyLTFhYjItNDRlZC05OWFjLTk1MGQ3YjdhMWIxOSJ9.-HQwl7xa3Ky82jj7wI2p8EHSzJcqcZD2t3S0pe0jMKbFUif28a8VJUKcvJLACuEW8Vw7f0xYVWFguWgVJuvFoQ
10:30:43.592 [http-nio-9587-exec-1] INFO  c.r.f.w.s.TokenService - [getToken,237] - user: madaosen, backend Token: Bearer eyJhbGciOiJIUzUxMiJ9.eyJsb2dpbl91c2VyX2tleSI6IjA4MzM3NjgyLTFhYjItNDRlZC05OWFjLTk1MGQ3YjdhMWIxOSJ9.-HQwl7xa3Ky82jj7wI2p8EHSzJcqcZD2t3S0pe0jMKbFUif28a8VJUKcvJLACuEW8Vw7f0xYVWFguWgVJuvFoQ
10:30:43.592 [http-nio-9587-exec-2] INFO  c.r.f.w.s.TokenService - [getToken,237] - user: madaosen, backend Token: Bearer eyJhbGciOiJIUzUxMiJ9.eyJsb2dpbl91c2VyX2tleSI6IjA4MzM3NjgyLTFhYjItNDRlZC05OWFjLTk1MGQ3YjdhMWIxOSJ9.-HQwl7xa3Ky82jj7wI2p8EHSzJcqcZD2t3S0pe0jMKbFUif28a8VJUKcvJLACuEW8Vw7f0xYVWFguWgVJuvFoQ
10:30:43.595 [http-nio-9587-exec-3] INFO  c.r.f.w.s.TokenService - [getToken,237] - user: madaosen, backend Token: Bearer eyJhbGciOiJIUzUxMiJ9.eyJsb2dpbl91c2VyX2tleSI6IjA4MzM3NjgyLTFhYjItNDRlZC05OWFjLTk1MGQ3YjdhMWIxOSJ9.-HQwl7xa3Ky82jj7wI2p8EHSzJcqcZD2t3S0pe0jMKbFUif28a8VJUKcvJLACuEW8Vw7f0xYVWFguWgVJuvFoQ
10:30:43.596 [http-nio-9587-exec-9] INFO  c.r.f.w.s.TokenService - [getToken,237] - user: madaosen, backend Token: Bearer eyJhbGciOiJIUzUxMiJ9.eyJsb2dpbl91c2VyX2tleSI6IjA4MzM3NjgyLTFhYjItNDRlZC05OWFjLTk1MGQ3YjdhMWIxOSJ9.-HQwl7xa3Ky82jj7wI2p8EHSzJcqcZD2t3S0pe0jMKbFUif28a8VJUKcvJLACuEW8Vw7f0xYVWFguWgVJuvFoQ
10:30:43.722 [http-nio-9587-exec-10] INFO  c.r.f.w.s.TokenService - [getToken,237] - user: madaosen, backend Token: Bearer eyJhbGciOiJIUzUxMiJ9.eyJsb2dpbl91c2VyX2tleSI6IjA4MzM3NjgyLTFhYjItNDRlZC05OWFjLTk1MGQ3YjdhMWIxOSJ9.-HQwl7xa3Ky82jj7wI2p8EHSzJcqcZD2t3S0pe0jMKbFUif28a8VJUKcvJLACuEW8Vw7f0xYVWFguWgVJuvFoQ
10:30:43.745 [http-nio-9587-exec-5] INFO  c.r.f.w.s.TokenService - [getToken,237] - user: madaosen, backend Token: Bearer eyJhbGciOiJIUzUxMiJ9.eyJsb2dpbl91c2VyX2tleSI6IjA4MzM3NjgyLTFhYjItNDRlZC05OWFjLTk1MGQ3YjdhMWIxOSJ9.-HQwl7xa3Ky82jj7wI2p8EHSzJcqcZD2t3S0pe0jMKbFUif28a8VJUKcvJLACuEW8Vw7f0xYVWFguWgVJuvFoQ
10:30:43.841 [http-nio-9587-exec-9] INFO  c.r.f.w.s.TokenService - [getToken,237] - user: madaosen, backend Token: Bearer eyJhbGciOiJIUzUxMiJ9.eyJsb2dpbl91c2VyX2tleSI6IjA4MzM3NjgyLTFhYjItNDRlZC05OWFjLTk1MGQ3YjdhMWIxOSJ9.-HQwl7xa3Ky82jj7wI2p8EHSzJcqcZD2t3S0pe0jMKbFUif28a8VJUKcvJLACuEW8Vw7f0xYVWFguWgVJuvFoQ
10:30:51.309 [http-nio-9587-exec-1] INFO  c.r.f.w.s.TokenService - [getToken,237] - user: madaosen, backend Token: Bearer eyJhbGciOiJIUzUxMiJ9.eyJsb2dpbl91c2VyX2tleSI6IjA4MzM3NjgyLTFhYjItNDRlZC05OWFjLTk1MGQ3YjdhMWIxOSJ9.-HQwl7xa3Ky82jj7wI2p8EHSzJcqcZD2t3S0pe0jMKbFUif28a8VJUKcvJLACuEW8Vw7f0xYVWFguWgVJuvFoQ
10:30:51.324 [http-nio-9587-exec-1] INFO  c.r.c.u.f.FileTypeDetector - [detectMimeType,32] - 文件名: 承担单位办公会议纪要.docx, 声明的ContentType: application/vnd.openxmlformats-officedocument.wordprocessingml.document, Tika检测到的真实类型: application/vnd.openxmlformats-officedocument.wordprocessingml.document
10:30:51.325 [http-nio-9587-exec-1] INFO  c.r.w.c.s.SysFileController - [upload,299] - 上传文件: 承担单位办公会议纪要.docx, 声明的ContentType: application/vnd.openxmlformats-officedocument.wordprocessingml.document, Tika检测到的真实类型: application/vnd.openxmlformats-officedocument.wordprocessingml.document
10:30:51.325 [http-nio-9587-exec-1] INFO  c.r.w.c.s.SysFileController - [upload,309] - 文件类型直接匹配白名单: 承担单位办公会议纪要.docx -> application/vnd.openxmlformats-officedocument.wordprocessingml.document
10:30:51.325 [http-nio-9587-exec-1] INFO  c.r.w.c.s.SysFileController - [upload,331] - 文件类型校验通过: 承担单位办公会议纪要.docx, 真实类型: application/vnd.openxmlformats-officedocument.wordprocessingml.document
10:30:51.338 [http-nio-9587-exec-1] INFO  c.r.s.s.i.SysFileServiceImpl - [upload,233] - oss文件上传成功=====>prod/upload/2026/09/07/5720f04a-10f2-40d9-ac6a-a8777e64212f.docx
10:30:52.338 [http-nio-9587-exec-3] INFO  c.r.f.w.s.TokenService - [getToken,237] - user: madaosen, backend Token: Bearer eyJhbGciOiJIUzUxMiJ9.eyJsb2dpbl91c2VyX2tleSI6IjA4MzM3NjgyLTFhYjItNDRlZC05OWFjLTk1MGQ3YjdhMWIxOSJ9.-HQwl7xa3Ky82jj7wI2p8EHSzJcqcZD2t3S0pe0jMKbFUif28a8VJUKcvJLACuEW8Vw7f0xYVWFguWgVJuvFoQ
10:30:52.356 [http-nio-9587-exec-3] INFO  c.r.w.l.TaskEventV2Listener - [onEvent,105] - EVENT :TASK_ASSIGNED
10:30:52.372 [http-nio-9587-exec-3] INFO  c.r.w.l.TaskEventV2Listener - [onEvent,105] - EVENT :TASK_COMPLETED
10:30:52.373 [http-nio-9587-exec-3] INFO  c.r.w.l.TaskEventV2Listener - [onEvent,121] - username :madaosen
10:30:52.457 [http-nio-9587-exec-3] INFO  c.r.w.l.TaskEventV2Listener - [onEvent,105] - EVENT :TASK_CREATED
10:30:52.460 [http-nio-9587-exec-3] INFO  c.r.f.w.s.TokenService - [getToken,237] - user: madaosen, backend Token: Bearer eyJhbGciOiJIUzUxMiJ9.eyJsb2dpbl91c2VyX2tleSI6IjA4MzM3NjgyLTFhYjItNDRlZC05OWFjLTk1MGQ3YjdhMWIxOSJ9.-HQwl7xa3Ky82jj7wI2p8EHSzJcqcZD2t3S0pe0jMKbFUif28a8VJUKcvJLACuEW8Vw7f0xYVWFguWgVJuvFoQ
10:30:52.463 [http-nio-9587-exec-3] INFO  c.r.w.s.i.AiAgentTaskExecutionServiceImpl - [createWorkflowNodeTasks,320] - 审批流程节点未绑定自动执行且已启用的Agent，projectId=2095053346414166016, nodeId=SubmitChiefEngineerOfficeMeetingMaterials
10:30:52.463 [http-nio-9587-exec-3] INFO  c.r.w.l.TaskEventV2Listener - [onEvent,127] - username :madaosen
10:30:52.521 [http-nio-9587-exec-3] INFO  c.r.w.l.TaskEventV2Listener - [createOaTask,240] - task0: Task{createDate='2026-09-07 10:30:52', createOrg='45', createUser='madaosen', createUserName='madaosen', expiryDate='null', kindName='null', moduleName='null', needInputPwd='null', oaIId='null', oaMkId='null', receiveUser='madaosen', receiveUserName='madaosen', synId='null', synType='1', taskId='254e35c0-aa64-11f1-885b-da3bbfe162e3', tasksType='1', title='全生命周期平台督办：提交总师室办公会前材料--万号投诉处理智能体研发', type='0', url='http://www.sh.ctc.com/EFFPRO2/oa_verify?taskId=254e0eaf-aa64-11f1-885b-da3bbfe162e3&redirect=%2FEFFPRO2%2Fproject%2FagencyProject%2FdetailPage%3Fid%3D2095053346414166016'}
10:30:52.557 [http-nio-9587-exec-9] INFO  c.r.f.w.s.TokenService - [getToken,237] - user: madaosen, backend Token: Bearer eyJhbGciOiJIUzUxMiJ9.eyJsb2dpbl91c2VyX2tleSI6IjA4MzM3NjgyLTFhYjItNDRlZC05OWFjLTk1MGQ3YjdhMWIxOSJ9.-HQwl7xa3Ky82jj7wI2p8EHSzJcqcZD2t3S0pe0jMKbFUif28a8VJUKcvJLACuEW8Vw7f0xYVWFguWgVJuvFoQ
10:30:52.557 [http-nio-9587-exec-2] INFO  c.r.f.w.s.TokenService - [getToken,237] - user: madaosen, backend Token: Bearer eyJhbGciOiJIUzUxMiJ9.eyJsb2dpbl91c2VyX2tleSI6IjA4MzM3NjgyLTFhYjItNDRlZC05OWFjLTk1MGQ3YjdhMWIxOSJ9.-HQwl7xa3Ky82jj7wI2p8EHSzJcqcZD2t3S0pe0jMKbFUif28a8VJUKcvJLACuEW8Vw7f0xYVWFguWgVJuvFoQ
10:30:52.559 [http-nio-9587-exec-4] INFO  c.r.f.w.s.TokenService - [getToken,237] - user: madaosen, backend Token: Bearer eyJhbGciOiJIUzUxMiJ9.eyJsb2dpbl91c2VyX2tleSI6IjA4MzM3NjgyLTFhYjItNDRlZC05OWFjLTk1MGQ3YjdhMWIxOSJ9.-HQwl7xa3Ky82jj7wI2p8EHSzJcqcZD2t3S0pe0jMKbFUif28a8VJUKcvJLACuEW8Vw7f0xYVWFguWgVJuvFoQ
10:30:52.560 [http-nio-9587-exec-7] INFO  c.r.f.w.s.TokenService - [getToken,237] - user: madaosen, backend Token: Bearer eyJhbGciOiJIUzUxMiJ9.eyJsb2dpbl91c2VyX2tleSI6IjA4MzM3NjgyLTFhYjItNDRlZC05OWFjLTk1MGQ3YjdhMWIxOSJ9.-HQwl7xa3Ky82jj7wI2p8EHSzJcqcZD2t3S0pe0jMKbFUif28a8VJUKcvJLACuEW8Vw7f0xYVWFguWgVJuvFoQ
10:30:52.560 [http-nio-9587-exec-8] INFO  c.r.f.w.s.TokenService - [getToken,237] - user: madaosen, backend Token: Bearer eyJhbGciOiJIUzUxMiJ9.eyJsb2dpbl91c2VyX2tleSI6IjA4MzM3NjgyLTFhYjItNDRlZC05OWFjLTk1MGQ3YjdhMWIxOSJ9.-HQwl7xa3Ky82jj7wI2p8EHSzJcqcZD2t3S0pe0jMKbFUif28a8VJUKcvJLACuEW8Vw7f0xYVWFguWgVJuvFoQ
10:30:52.563 [http-nio-9587-exec-5] INFO  c.r.f.w.s.TokenService - [getToken,237] - user: madaosen, backend Token: Bearer eyJhbGciOiJIUzUxMiJ9.eyJsb2dpbl91c2VyX2tleSI6IjA4MzM3NjgyLTFhYjItNDRlZC05OWFjLTk1MGQ3YjdhMWIxOSJ9.-HQwl7xa3Ky82jj7wI2p8EHSzJcqcZD2t3S0pe0jMKbFUif28a8VJUKcvJLACuEW8Vw7f0xYVWFguWgVJuvFoQ
10:30:52.578 [http-nio-9587-exec-10] INFO  c.r.f.w.s.TokenService - [getToken,237] - user: madaosen, backend Token: Bearer eyJhbGciOiJIUzUxMiJ9.eyJsb2dpbl91c2VyX2tleSI6IjA4MzM3NjgyLTFhYjItNDRlZC05OWFjLTk1MGQ3YjdhMWIxOSJ9.-HQwl7xa3Ky82jj7wI2p8EHSzJcqcZD2t3S0pe0jMKbFUif28a8VJUKcvJLACuEW8Vw7f0xYVWFguWgVJuvFoQ
10:30:52.580 [http-nio-9587-exec-6] INFO  c.r.f.w.s.TokenService - [getToken,237] - user: madaosen, backend Token: Bearer eyJhbGciOiJIUzUxMiJ9.eyJsb2dpbl91c2VyX2tleSI6IjA4MzM3NjgyLTFhYjItNDRlZC05OWFjLTk1MGQ3YjdhMWIxOSJ9.-HQwl7xa3Ky82jj7wI2p8EHSzJcqcZD2t3S0pe0jMKbFUif28a8VJUKcvJLACuEW8Vw7f0xYVWFguWgVJuvFoQ
10:30:52.807 [http-nio-9587-exec-10] INFO  c.r.f.w.s.TokenService - [getToken,237] - user: madaosen, backend Token: Bearer eyJhbGciOiJIUzUxMiJ9.eyJsb2dpbl91c2VyX2tleSI6IjA4MzM3NjgyLTFhYjItNDRlZC05OWFjLTk1MGQ3YjdhMWIxOSJ9.-HQwl7xa3Ky82jj7wI2p8EHSzJcqcZD2t3S0pe0jMKbFUif28a8VJUKcvJLACuEW8Vw7f0xYVWFguWgVJuvFoQ
10:30:52.807 [http-nio-9587-exec-2] INFO  c.r.f.w.s.TokenService - [getToken,237] - user: madaosen, backend Token: Bearer eyJhbGciOiJIUzUxMiJ9.eyJsb2dpbl91c2VyX2tleSI6IjA4MzM3NjgyLTFhYjItNDRlZC05OWFjLTk1MGQ3YjdhMWIxOSJ9.-HQwl7xa3Ky82jj7wI2p8EHSzJcqcZD2t3S0pe0jMKbFUif28a8VJUKcvJLACuEW8Vw7f0xYVWFguWgVJuvFoQ
10:30:52.807 [http-nio-9587-exec-6] INFO  c.r.f.w.s.TokenService - [getToken,237] - user: madaosen, backend Token: Bearer eyJhbGciOiJIUzUxMiJ9.eyJsb2dpbl91c2VyX2tleSI6IjA4MzM3NjgyLTFhYjItNDRlZC05OWFjLTk1MGQ3YjdhMWIxOSJ9.-HQwl7xa3Ky82jj7wI2p8EHSzJcqcZD2t3S0pe0jMKbFUif28a8VJUKcvJLACuEW8Vw7f0xYVWFguWgVJuvFoQ
10:30:52.807 [http-nio-9587-exec-4] INFO  c.r.f.w.s.TokenService - [getToken,237] - user: madaosen, backend Token: Bearer eyJhbGciOiJIUzUxMiJ9.eyJsb2dpbl91c2VyX2tleSI6IjA4MzM3NjgyLTFhYjItNDRlZC05OWFjLTk1MGQ3YjdhMWIxOSJ9.-HQwl7xa3Ky82jj7wI2p8EHSzJcqcZD2t3S0pe0jMKbFUif28a8VJUKcvJLACuEW8Vw7f0xYVWFguWgVJuvFoQ
10:30:52.830 [http-nio-9587-exec-8] INFO  c.r.f.w.s.TokenService - [getToken,237] - user: madaosen, backend Token: Bearer eyJhbGciOiJIUzUxMiJ9.eyJsb2dpbl91c2VyX2tleSI6IjA4MzM3NjgyLTFhYjItNDRlZC05OWFjLTk1MGQ3YjdhMWIxOSJ9.-HQwl7xa3Ky82jj7wI2p8EHSzJcqcZD2t3S0pe0jMKbFUif28a8VJUKcvJLACuEW8Vw7f0xYVWFguWgVJuvFoQ
10:30:52.845 [http-nio-9587-exec-10] INFO  c.r.f.w.s.TokenService - [getToken,237] - user: madaosen, backend Token: Bearer eyJhbGciOiJIUzUxMiJ9.eyJsb2dpbl91c2VyX2tleSI6IjA4MzM3NjgyLTFhYjItNDRlZC05OWFjLTk1MGQ3YjdhMWIxOSJ9.-HQwl7xa3Ky82jj7wI2p8EHSzJcqcZD2t3S0pe0jMKbFUif28a8VJUKcvJLACuEW8Vw7f0xYVWFguWgVJuvFoQ
10:30:52.845 [http-nio-9587-exec-6] INFO  c.r.f.w.s.TokenService - [getToken,237] - user: madaosen, backend Token: Bearer eyJhbGciOiJIUzUxMiJ9.eyJsb2dpbl91c2VyX2tleSI6IjA4MzM3NjgyLTFhYjItNDRlZC05OWFjLTk1MGQ3YjdhMWIxOSJ9.-HQwl7xa3Ky82jj7wI2p8EHSzJcqcZD2t3S0pe0jMKbFUif28a8VJUKcvJLACuEW8Vw7f0xYVWFguWgVJuvFoQ
10:30:52.845 [http-nio-9587-exec-7] INFO  c.r.f.w.s.TokenService - [getToken,237] - user: madaosen, backend Token: Bearer eyJhbGciOiJIUzUxMiJ9.eyJsb2dpbl91c2VyX2tleSI6IjA4MzM3NjgyLTFhYjItNDRlZC05OWFjLTk1MGQ3YjdhMWIxOSJ9.-HQwl7xa3Ky82jj7wI2p8EHSzJcqcZD2t3S0pe0jMKbFUif28a8VJUKcvJLACuEW8Vw7f0xYVWFguWgVJuvFoQ
10:30:52.870 [http-nio-9587-exec-5] INFO  c.r.f.w.s.TokenService - [getToken,237] - user: madaosen, backend Token: Bearer eyJhbGciOiJIUzUxMiJ9.eyJsb2dpbl91c2VyX2tleSI6IjA4MzM3NjgyLTFhYjItNDRlZC05OWFjLTk1MGQ3YjdhMWIxOSJ9.-HQwl7xa3Ky82jj7wI2p8EHSzJcqcZD2t3S0pe0jMKbFUif28a8VJUKcvJLACuEW8Vw7f0xYVWFguWgVJuvFoQ
10:30:52.870 [http-nio-9587-exec-3] INFO  c.r.f.w.s.TokenService - [getToken,237] - user: madaosen, backend Token: Bearer eyJhbGciOiJIUzUxMiJ9.eyJsb2dpbl91c2VyX2tleSI6IjA4MzM3NjgyLTFhYjItNDRlZC05OWFjLTk1MGQ3YjdhMWIxOSJ9.-HQwl7xa3Ky82jj7wI2p8EHSzJcqcZD2t3S0pe0jMKbFUif28a8VJUKcvJLACuEW8Vw7f0xYVWFguWgVJuvFoQ
10:30:52.870 [http-nio-9587-exec-1] INFO  c.r.f.w.s.TokenService - [getToken,237] - user: madaosen, backend Token: Bearer eyJhbGciOiJIUzUxMiJ9.eyJsb2dpbl91c2VyX2tleSI6IjA4MzM3NjgyLTFhYjItNDRlZC05OWFjLTk1MGQ3YjdhMWIxOSJ9.-HQwl7xa3Ky82jj7wI2p8EHSzJcqcZD2t3S0pe0jMKbFUif28a8VJUKcvJLACuEW8Vw7f0xYVWFguWgVJuvFoQ
10:30:52.870 [http-nio-9587-exec-6] INFO  c.r.f.w.s.TokenService - [getToken,237] - user: madaosen, backend Token: Bearer eyJhbGciOiJIUzUxMiJ9.eyJsb2dpbl91c2VyX2tleSI6IjA4MzM3NjgyLTFhYjItNDRlZC05OWFjLTk1MGQ3YjdhMWIxOSJ9.-HQwl7xa3Ky82jj7wI2p8EHSzJcqcZD2t3S0pe0jMKbFUif28a8VJUKcvJLACuEW8Vw7f0xYVWFguWgVJuvFoQ
10:30:52.872 [http-nio-9587-exec-7] INFO  c.r.f.w.s.TokenService - [getToken,237] - user: madaosen, backend Token: Bearer eyJhbGciOiJIUzUxMiJ9.eyJsb2dpbl91c2VyX2tleSI6IjA4MzM3NjgyLTFhYjItNDRlZC05OWFjLTk1MGQ3YjdhMWIxOSJ9.-HQwl7xa3Ky82jj7wI2p8EHSzJcqcZD2t3S0pe0jMKbFUif28a8VJUKcvJLACuEW8Vw7f0xYVWFguWgVJuvFoQ
10:30:53.030 [http-nio-9587-exec-9] INFO  c.r.f.w.s.TokenService - [getToken,237] - user: madaosen, backend Token: Bearer eyJhbGciOiJIUzUxMiJ9.eyJsb2dpbl91c2VyX2tleSI6IjA4MzM3NjgyLTFhYjItNDRlZC05OWFjLTk1MGQ3YjdhMWIxOSJ9.-HQwl7xa3Ky82jj7wI2p8EHSzJcqcZD2t3S0pe0jMKbFUif28a8VJUKcvJLACuEW8Vw7f0xYVWFguWgVJuvFoQ
10:30:53.064 [http-nio-9587-exec-8] INFO  c.r.f.w.s.TokenService - [getToken,237] - user: madaosen, backend Token: Bearer eyJhbGciOiJIUzUxMiJ9.eyJsb2dpbl91c2VyX2tleSI6IjA4MzM3NjgyLTFhYjItNDRlZC05OWFjLTk1MGQ3YjdhMWIxOSJ9.-HQwl7xa3Ky82jj7wI2p8EHSzJcqcZD2t3S0pe0jMKbFUif28a8VJUKcvJLACuEW8Vw7f0xYVWFguWgVJuvFoQ
10:30:53.173 [http-nio-9587-exec-1] INFO  c.r.f.w.s.TokenService - [getToken,237] - user: madaosen, backend Token: Bearer eyJhbGciOiJIUzUxMiJ9.eyJsb2dpbl91c2VyX2tleSI6IjA4MzM3NjgyLTFhYjItNDRlZC05OWFjLTk1MGQ3YjdhMWIxOSJ9.-HQwl7xa3Ky82jj7wI2p8EHSzJcqcZD2t3S0pe0jMKbFUif28a8VJUKcvJLACuEW8Vw7f0xYVWFguWgVJuvFoQ
10:31:02.814 [http-nio-9587-exec-7] INFO  c.r.f.w.s.TokenService - [getToken,237] - user: madaosen, backend Token: Bearer eyJhbGciOiJIUzUxMiJ9.eyJsb2dpbl91c2VyX2tleSI6IjA4MzM3NjgyLTFhYjItNDRlZC05OWFjLTk1MGQ3YjdhMWIxOSJ9.-HQwl7xa3Ky82jj7wI2p8EHSzJcqcZD2t3S0pe0jMKbFUif28a8VJUKcvJLACuEW8Vw7f0xYVWFguWgVJuvFoQ
10:31:02.852 [http-nio-9587-exec-7] INFO  c.r.c.u.f.FileTypeDetector - [detectMimeType,32] - 文件名: 规划项目申报设计草图.pptx, 声明的ContentType: application/vnd.openxmlformats-officedocument.presentationml.presentation, Tika检测到的真实类型: application/vnd.openxmlformats-officedocument.presentationml.presentation
10:31:02.852 [http-nio-9587-exec-7] INFO  c.r.w.c.s.SysFileController - [upload,299] - 上传文件: 规划项目申报设计草图.pptx, 声明的ContentType: application/vnd.openxmlformats-officedocument.presentationml.presentation, Tika检测到的真实类型: application/vnd.openxmlformats-officedocument.presentationml.presentation
10:31:02.852 [http-nio-9587-exec-7] INFO  c.r.w.c.s.SysFileController - [upload,309] - 文件类型直接匹配白名单: 规划项目申报设计草图.pptx -> application/vnd.openxmlformats-officedocument.presentationml.presentation
10:31:02.852 [http-nio-9587-exec-7] INFO  c.r.w.c.s.SysFileController - [upload,331] - 文件类型校验通过: 规划项目申报设计草图.pptx, 真实类型: application/vnd.openxmlformats-officedocument.presentationml.presentation
10:31:02.916 [http-nio-9587-exec-7] INFO  c.r.s.s.i.SysFileServiceImpl - [upload,233] - oss文件上传成功=====>prod/upload/2026/09/07/798c229b-a1d3-419b-9227-74bc8475df78.pptx
10:31:04.098 [http-nio-9587-exec-6] INFO  c.r.f.w.s.TokenService - [getToken,237] - user: madaosen, backend Token: Bearer eyJhbGciOiJIUzUxMiJ9.eyJsb2dpbl91c2VyX2tleSI6IjA4MzM3NjgyLTFhYjItNDRlZC05OWFjLTk1MGQ3YjdhMWIxOSJ9.-HQwl7xa3Ky82jj7wI2p8EHSzJcqcZD2t3S0pe0jMKbFUif28a8VJUKcvJLACuEW8Vw7f0xYVWFguWgVJuvFoQ
10:31:04.116 [http-nio-9587-exec-6] INFO  c.r.w.l.TaskEventV2Listener - [onEvent,105] - EVENT :TASK_ASSIGNED
10:31:04.144 [http-nio-9587-exec-6] INFO  c.r.w.l.TaskEventV2Listener - [onEvent,105] - EVENT :TASK_COMPLETED
10:31:04.146 [http-nio-9587-exec-6] INFO  c.r.w.l.TaskEventV2Listener - [onEvent,121] - username :madaosen
10:31:04.240 [http-nio-9587-exec-6] INFO  c.r.w.l.TaskEventV2Listener - [onEvent,105] - EVENT :TASK_CREATED
10:31:04.241 [http-nio-9587-exec-6] INFO  c.r.f.w.s.TokenService - [getToken,237] - user: madaosen, backend Token: Bearer eyJhbGciOiJIUzUxMiJ9.eyJsb2dpbl91c2VyX2tleSI6IjA4MzM3NjgyLTFhYjItNDRlZC05OWFjLTk1MGQ3YjdhMWIxOSJ9.-HQwl7xa3Ky82jj7wI2p8EHSzJcqcZD2t3S0pe0jMKbFUif28a8VJUKcvJLACuEW8Vw7f0xYVWFguWgVJuvFoQ
10:31:04.245 [http-nio-9587-exec-6] INFO  c.r.w.s.i.AiAgentTaskExecutionServiceImpl - [createWorkflowNodeTasks,320] - 审批流程节点未绑定自动执行且已启用的Agent，projectId=2095053346414166016, nodeId=VerifyChiefEngineerOfficeMeetingMaterials
10:31:04.245 [http-nio-9587-exec-6] INFO  c.r.w.l.TaskEventV2Listener - [onEvent,127] - username :madaosen
10:31:04.315 [http-nio-9587-exec-6] INFO  c.r.w.l.TaskEventV2Listener - [createOaTask,240] - task0: Task{createDate='2026-09-07 10:31:04', createOrg='45', createUser='madaosen', createUserName='madaosen', expiryDate='null', kindName='null', moduleName='null', needInputPwd='null', oaIId='null', oaMkId='null', receiveUser='madaosen', receiveUserName='madaosen', synId='null', synType='1', taskId='2c540029-aa64-11f1-885b-da3bbfe162e3', tasksType='1', title='全生命周期平台督办：审核总师室办公会前材料--万号投诉处理智能体研发', type='0', url='http://www.sh.ctc.com/EFFPRO2/oa_verify?taskId=2c53d918-aa64-11f1-885b-da3bbfe162e3&redirect=%2FEFFPRO2%2Fproject%2FagencyProject%2FdetailPage%3Fid%3D2095053346414166016'}
10:31:04.363 [http-nio-9587-exec-2] INFO  c.r.f.w.s.TokenService - [getToken,237] - user: madaosen, backend Token: Bearer eyJhbGciOiJIUzUxMiJ9.eyJsb2dpbl91c2VyX2tleSI6IjA4MzM3NjgyLTFhYjItNDRlZC05OWFjLTk1MGQ3YjdhMWIxOSJ9.-HQwl7xa3Ky82jj7wI2p8EHSzJcqcZD2t3S0pe0jMKbFUif28a8VJUKcvJLACuEW8Vw7f0xYVWFguWgVJuvFoQ
10:31:04.363 [http-nio-9587-exec-3] INFO  c.r.f.w.s.TokenService - [getToken,237] - user: madaosen, backend Token: Bearer eyJhbGciOiJIUzUxMiJ9.eyJsb2dpbl91c2VyX2tleSI6IjA4MzM3NjgyLTFhYjItNDRlZC05OWFjLTk1MGQ3YjdhMWIxOSJ9.-HQwl7xa3Ky82jj7wI2p8EHSzJcqcZD2t3S0pe0jMKbFUif28a8VJUKcvJLACuEW8Vw7f0xYVWFguWgVJuvFoQ
10:31:04.363 [http-nio-9587-exec-6] INFO  c.r.f.w.s.TokenService - [getToken,237] - user: madaosen, backend Token: Bearer eyJhbGciOiJIUzUxMiJ9.eyJsb2dpbl91c2VyX2tleSI6IjA4MzM3NjgyLTFhYjItNDRlZC05OWFjLTk1MGQ3YjdhMWIxOSJ9.-HQwl7xa3Ky82jj7wI2p8EHSzJcqcZD2t3S0pe0jMKbFUif28a8VJUKcvJLACuEW8Vw7f0xYVWFguWgVJuvFoQ
10:31:04.364 [http-nio-9587-exec-5] INFO  c.r.f.w.s.TokenService - [getToken,237] - user: madaosen, backend Token: Bearer eyJhbGciOiJIUzUxMiJ9.eyJsb2dpbl91c2VyX2tleSI6IjA4MzM3NjgyLTFhYjItNDRlZC05OWFjLTk1MGQ3YjdhMWIxOSJ9.-HQwl7xa3Ky82jj7wI2p8EHSzJcqcZD2t3S0pe0jMKbFUif28a8VJUKcvJLACuEW8Vw7f0xYVWFguWgVJuvFoQ
10:31:04.364 [http-nio-9587-exec-4] INFO  c.r.f.w.s.TokenService - [getToken,237] - user: madaosen, backend Token: Bearer eyJhbGciOiJIUzUxMiJ9.eyJsb2dpbl91c2VyX2tleSI6IjA4MzM3NjgyLTFhYjItNDRlZC05OWFjLTk1MGQ3YjdhMWIxOSJ9.-HQwl7xa3Ky82jj7wI2p8EHSzJcqcZD2t3S0pe0jMKbFUif28a8VJUKcvJLACuEW8Vw7f0xYVWFguWgVJuvFoQ
10:31:04.366 [http-nio-9587-exec-9] INFO  c.r.f.w.s.TokenService - [getToken,237] - user: madaosen, backend Token: Bearer eyJhbGciOiJIUzUxMiJ9.eyJsb2dpbl91c2VyX2tleSI6IjA4MzM3NjgyLTFhYjItNDRlZC05OWFjLTk1MGQ3YjdhMWIxOSJ9.-HQwl7xa3Ky82jj7wI2p8EHSzJcqcZD2t3S0pe0jMKbFUif28a8VJUKcvJLACuEW8Vw7f0xYVWFguWgVJuvFoQ
10:31:04.382 [http-nio-9587-exec-8] INFO  c.r.f.w.s.TokenService - [getToken,237] - user: madaosen, backend Token: Bearer eyJhbGciOiJIUzUxMiJ9.eyJsb2dpbl91c2VyX2tleSI6IjA4MzM3NjgyLTFhYjItNDRlZC05OWFjLTk1MGQ3YjdhMWIxOSJ9.-HQwl7xa3Ky82jj7wI2p8EHSzJcqcZD2t3S0pe0jMKbFUif28a8VJUKcvJLACuEW8Vw7f0xYVWFguWgVJuvFoQ
10:31:04.385 [http-nio-9587-exec-10] INFO  c.r.f.w.s.TokenService - [getToken,237] - user: madaosen, backend Token: Bearer eyJhbGciOiJIUzUxMiJ9.eyJsb2dpbl91c2VyX2tleSI6IjA4MzM3NjgyLTFhYjItNDRlZC05OWFjLTk1MGQ3YjdhMWIxOSJ9.-HQwl7xa3Ky82jj7wI2p8EHSzJcqcZD2t3S0pe0jMKbFUif28a8VJUKcvJLACuEW8Vw7f0xYVWFguWgVJuvFoQ
10:31:04.600 [http-nio-9587-exec-6] INFO  c.r.f.w.s.TokenService - [getToken,237] - user: madaosen, backend Token: Bearer eyJhbGciOiJIUzUxMiJ9.eyJsb2dpbl91c2VyX2tleSI6IjA4MzM3NjgyLTFhYjItNDRlZC05OWFjLTk1MGQ3YjdhMWIxOSJ9.-HQwl7xa3Ky82jj7wI2p8EHSzJcqcZD2t3S0pe0jMKbFUif28a8VJUKcvJLACuEW8Vw7f0xYVWFguWgVJuvFoQ
10:31:04.600 [http-nio-9587-exec-10] INFO  c.r.f.w.s.TokenService - [getToken,237] - user: madaosen, backend Token: Bearer eyJhbGciOiJIUzUxMiJ9.eyJsb2dpbl91c2VyX2tleSI6IjA4MzM3NjgyLTFhYjItNDRlZC05OWFjLTk1MGQ3YjdhMWIxOSJ9.-HQwl7xa3Ky82jj7wI2p8EHSzJcqcZD2t3S0pe0jMKbFUif28a8VJUKcvJLACuEW8Vw7f0xYVWFguWgVJuvFoQ
10:31:04.601 [http-nio-9587-exec-2] INFO  c.r.f.w.s.TokenService - [getToken,237] - user: madaosen, backend Token: Bearer eyJhbGciOiJIUzUxMiJ9.eyJsb2dpbl91c2VyX2tleSI6IjA4MzM3NjgyLTFhYjItNDRlZC05OWFjLTk1MGQ3YjdhMWIxOSJ9.-HQwl7xa3Ky82jj7wI2p8EHSzJcqcZD2t3S0pe0jMKbFUif28a8VJUKcvJLACuEW8Vw7f0xYVWFguWgVJuvFoQ
10:31:04.601 [http-nio-9587-exec-3] INFO  c.r.f.w.s.TokenService - [getToken,237] - user: madaosen, backend Token: Bearer eyJhbGciOiJIUzUxMiJ9.eyJsb2dpbl91c2VyX2tleSI6IjA4MzM3NjgyLTFhYjItNDRlZC05OWFjLTk1MGQ3YjdhMWIxOSJ9.-HQwl7xa3Ky82jj7wI2p8EHSzJcqcZD2t3S0pe0jMKbFUif28a8VJUKcvJLACuEW8Vw7f0xYVWFguWgVJuvFoQ
10:31:04.601 [http-nio-9587-exec-4] INFO  c.r.f.w.s.TokenService - [getToken,237] - user: madaosen, backend Token: Bearer eyJhbGciOiJIUzUxMiJ9.eyJsb2dpbl91c2VyX2tleSI6IjA4MzM3NjgyLTFhYjItNDRlZC05OWFjLTk1MGQ3YjdhMWIxOSJ9.-HQwl7xa3Ky82jj7wI2p8EHSzJcqcZD2t3S0pe0jMKbFUif28a8VJUKcvJLACuEW8Vw7f0xYVWFguWgVJuvFoQ
10:31:04.621 [http-nio-9587-exec-9] INFO  c.r.f.w.s.TokenService - [getToken,237] - user: madaosen, backend Token: Bearer eyJhbGciOiJIUzUxMiJ9.eyJsb2dpbl91c2VyX2tleSI6IjA4MzM3NjgyLTFhYjItNDRlZC05OWFjLTk1MGQ3YjdhMWIxOSJ9.-HQwl7xa3Ky82jj7wI2p8EHSzJcqcZD2t3S0pe0jMKbFUif28a8VJUKcvJLACuEW8Vw7f0xYVWFguWgVJuvFoQ
10:31:04.636 [http-nio-9587-exec-4] INFO  c.r.f.w.s.TokenService - [getToken,237] - user: madaosen, backend Token: Bearer eyJhbGciOiJIUzUxMiJ9.eyJsb2dpbl91c2VyX2tleSI6IjA4MzM3NjgyLTFhYjItNDRlZC05OWFjLTk1MGQ3YjdhMWIxOSJ9.-HQwl7xa3Ky82jj7wI2p8EHSzJcqcZD2t3S0pe0jMKbFUif28a8VJUKcvJLACuEW8Vw7f0xYVWFguWgVJuvFoQ
10:31:04.636 [http-nio-9587-exec-3] INFO  c.r.f.w.s.TokenService - [getToken,237] - user: madaosen, backend Token: Bearer eyJhbGciOiJIUzUxMiJ9.eyJsb2dpbl91c2VyX2tleSI6IjA4MzM3NjgyLTFhYjItNDRlZC05OWFjLTk1MGQ3YjdhMWIxOSJ9.-HQwl7xa3Ky82jj7wI2p8EHSzJcqcZD2t3S0pe0jMKbFUif28a8VJUKcvJLACuEW8Vw7f0xYVWFguWgVJuvFoQ
10:31:04.636 [http-nio-9587-exec-6] INFO  c.r.f.w.s.TokenService - [getToken,237] - user: madaosen, backend Token: Bearer eyJhbGciOiJIUzUxMiJ9.eyJsb2dpbl91c2VyX2tleSI6IjA4MzM3NjgyLTFhYjItNDRlZC05OWFjLTk1MGQ3YjdhMWIxOSJ9.-HQwl7xa3Ky82jj7wI2p8EHSzJcqcZD2t3S0pe0jMKbFUif28a8VJUKcvJLACuEW8Vw7f0xYVWFguWgVJuvFoQ
10:31:04.654 [http-nio-9587-exec-9] INFO  c.r.f.w.s.TokenService - [getToken,237] - user: madaosen, backend Token: Bearer eyJhbGciOiJIUzUxMiJ9.eyJsb2dpbl91c2VyX2tleSI6IjA4MzM3NjgyLTFhYjItNDRlZC05OWFjLTk1MGQ3YjdhMWIxOSJ9.-HQwl7xa3Ky82jj7wI2p8EHSzJcqcZD2t3S0pe0jMKbFUif28a8VJUKcvJLACuEW8Vw7f0xYVWFguWgVJuvFoQ
10:31:04.655 [http-nio-9587-exec-5] INFO  c.r.f.w.s.TokenService - [getToken,237] - user: madaosen, backend Token: Bearer eyJhbGciOiJIUzUxMiJ9.eyJsb2dpbl91c2VyX2tleSI6IjA4MzM3NjgyLTFhYjItNDRlZC05OWFjLTk1MGQ3YjdhMWIxOSJ9.-HQwl7xa3Ky82jj7wI2p8EHSzJcqcZD2t3S0pe0jMKbFUif28a8VJUKcvJLACuEW8Vw7f0xYVWFguWgVJuvFoQ
10:31:04.656 [http-nio-9587-exec-1] INFO  c.r.f.w.s.TokenService - [getToken,237] - user: madaosen, backend Token: Bearer eyJhbGciOiJIUzUxMiJ9.eyJsb2dpbl91c2VyX2tleSI6IjA4MzM3NjgyLTFhYjItNDRlZC05OWFjLTk1MGQ3YjdhMWIxOSJ9.-HQwl7xa3Ky82jj7wI2p8EHSzJcqcZD2t3S0pe0jMKbFUif28a8VJUKcvJLACuEW8Vw7f0xYVWFguWgVJuvFoQ
10:31:04.658 [http-nio-9587-exec-6] INFO  c.r.f.w.s.TokenService - [getToken,237] - user: madaosen, backend Token: Bearer eyJhbGciOiJIUzUxMiJ9.eyJsb2dpbl91c2VyX2tleSI6IjA4MzM3NjgyLTFhYjItNDRlZC05OWFjLTk1MGQ3YjdhMWIxOSJ9.-HQwl7xa3Ky82jj7wI2p8EHSzJcqcZD2t3S0pe0jMKbFUif28a8VJUKcvJLACuEW8Vw7f0xYVWFguWgVJuvFoQ
10:31:04.658 [http-nio-9587-exec-4] INFO  c.r.f.w.s.TokenService - [getToken,237] - user: madaosen, backend Token: Bearer eyJhbGciOiJIUzUxMiJ9.eyJsb2dpbl91c2VyX2tleSI6IjA4MzM3NjgyLTFhYjItNDRlZC05OWFjLTk1MGQ3YjdhMWIxOSJ9.-HQwl7xa3Ky82jj7wI2p8EHSzJcqcZD2t3S0pe0jMKbFUif28a8VJUKcvJLACuEW8Vw7f0xYVWFguWgVJuvFoQ
10:31:04.800 [http-nio-9587-exec-10] INFO  c.r.f.w.s.TokenService - [getToken,237] - user: madaosen, backend Token: Bearer eyJhbGciOiJIUzUxMiJ9.eyJsb2dpbl91c2VyX2tleSI6IjA4MzM3NjgyLTFhYjItNDRlZC05OWFjLTk1MGQ3YjdhMWIxOSJ9.-HQwl7xa3Ky82jj7wI2p8EHSzJcqcZD2t3S0pe0jMKbFUif28a8VJUKcvJLACuEW8Vw7f0xYVWFguWgVJuvFoQ
10:31:04.806 [http-nio-9587-exec-3] INFO  c.r.f.w.s.TokenService - [getToken,237] - user: madaosen, backend Token: Bearer eyJhbGciOiJIUzUxMiJ9.eyJsb2dpbl91c2VyX2tleSI6IjA4MzM3NjgyLTFhYjItNDRlZC05OWFjLTk1MGQ3YjdhMWIxOSJ9.-HQwl7xa3Ky82jj7wI2p8EHSzJcqcZD2t3S0pe0jMKbFUif28a8VJUKcvJLACuEW8Vw7f0xYVWFguWgVJuvFoQ
10:31:04.866 [http-nio-9587-exec-5] INFO  c.r.f.w.s.TokenService - [getToken,237] - user: madaosen, backend Token: Bearer eyJhbGciOiJIUzUxMiJ9.eyJsb2dpbl91c2VyX2tleSI6IjA4MzM3NjgyLTFhYjItNDRlZC05OWFjLTk1MGQ3YjdhMWIxOSJ9.-HQwl7xa3Ky82jj7wI2p8EHSzJcqcZD2t3S0pe0jMKbFUif28a8VJUKcvJLACuEW8Vw7f0xYVWFguWgVJuvFoQ
10:31:07.349 [http-nio-9587-exec-1] INFO  c.r.f.w.s.TokenService - [getToken,237] - user: madaosen, backend Token: Bearer eyJhbGciOiJIUzUxMiJ9.eyJsb2dpbl91c2VyX2tleSI6IjA4MzM3NjgyLTFhYjItNDRlZC05OWFjLTk1MGQ3YjdhMWIxOSJ9.-HQwl7xa3Ky82jj7wI2p8EHSzJcqcZD2t3S0pe0jMKbFUif28a8VJUKcvJLACuEW8Vw7f0xYVWFguWgVJuvFoQ
10:31:07.363 [http-nio-9587-exec-1] INFO  c.r.w.l.TaskEventV2Listener - [onEvent,105] - EVENT :TASK_ASSIGNED
10:31:07.377 [http-nio-9587-exec-1] INFO  c.r.w.l.TaskEventV2Listener - [onEvent,105] - EVENT :TASK_COMPLETED
10:31:07.378 [http-nio-9587-exec-1] INFO  c.r.w.l.TaskEventV2Listener - [onEvent,121] - username :madaosen
10:31:07.469 [http-nio-9587-exec-1] INFO  c.r.w.l.TaskEventV2Listener - [onEvent,105] - EVENT :TASK_CREATED
10:31:07.470 [http-nio-9587-exec-1] INFO  c.r.f.w.s.TokenService - [getToken,237] - user: madaosen, backend Token: Bearer eyJhbGciOiJIUzUxMiJ9.eyJsb2dpbl91c2VyX2tleSI6IjA4MzM3NjgyLTFhYjItNDRlZC05OWFjLTk1MGQ3YjdhMWIxOSJ9.-HQwl7xa3Ky82jj7wI2p8EHSzJcqcZD2t3S0pe0jMKbFUif28a8VJUKcvJLACuEW8Vw7f0xYVWFguWgVJuvFoQ
10:31:07.474 [http-nio-9587-exec-1] INFO  c.r.w.s.i.AiAgentTaskExecutionServiceImpl - [createWorkflowNodeTasks,320] - 审批流程节点未绑定自动执行且已启用的Agent，projectId=2095053346414166016, nodeId=ChiefEngineerOfficeMeeting
10:31:07.475 [http-nio-9587-exec-1] INFO  c.r.w.l.TaskEventV2Listener - [onEvent,127] - username :madaosen
10:31:07.536 [http-nio-9587-exec-1] INFO  c.r.w.l.TaskEventV2Listener - [createOaTask,240] - task0: Task{createDate='2026-09-07 10:31:07', createOrg='45', createUser='madaosen', createUserName='madaosen', expiryDate='null', kindName='null', moduleName='null', needInputPwd='null', oaIId='null', oaMkId='null', receiveUser='madaosen', receiveUserName='madaosen', synId='null', synType='1', taskId='2e40b505-aa64-11f1-885b-da3bbfe162e3', tasksType='1', title='全生命周期平台督办：总师室办公会议结果--万号投诉处理智能体研发', type='0', url='http://www.sh.ctc.com/EFFPRO2/oa_verify?taskId=2e40b504-aa64-11f1-885b-da3bbfe162e3&redirect=%2FEFFPRO2%2Fproject%2FagencyProject%2FdetailPage%3Fid%3D2095053346414166016'}
10:31:07.576 [http-nio-9587-exec-6] INFO  c.r.f.w.s.TokenService - [getToken,237] - user: madaosen, backend Token: Bearer eyJhbGciOiJIUzUxMiJ9.eyJsb2dpbl91c2VyX2tleSI6IjA4MzM3NjgyLTFhYjItNDRlZC05OWFjLTk1MGQ3YjdhMWIxOSJ9.-HQwl7xa3Ky82jj7wI2p8EHSzJcqcZD2t3S0pe0jMKbFUif28a8VJUKcvJLACuEW8Vw7f0xYVWFguWgVJuvFoQ
10:31:07.576 [http-nio-9587-exec-4] INFO  c.r.f.w.s.TokenService - [getToken,237] - user: madaosen, backend Token: Bearer eyJhbGciOiJIUzUxMiJ9.eyJsb2dpbl91c2VyX2tleSI6IjA4MzM3NjgyLTFhYjItNDRlZC05OWFjLTk1MGQ3YjdhMWIxOSJ9.-HQwl7xa3Ky82jj7wI2p8EHSzJcqcZD2t3S0pe0jMKbFUif28a8VJUKcvJLACuEW8Vw7f0xYVWFguWgVJuvFoQ
10:31:07.576 [http-nio-9587-exec-8] INFO  c.r.f.w.s.TokenService - [getToken,237] - user: madaosen, backend Token: Bearer eyJhbGciOiJIUzUxMiJ9.eyJsb2dpbl91c2VyX2tleSI6IjA4MzM3NjgyLTFhYjItNDRlZC05OWFjLTk1MGQ3YjdhMWIxOSJ9.-HQwl7xa3Ky82jj7wI2p8EHSzJcqcZD2t3S0pe0jMKbFUif28a8VJUKcvJLACuEW8Vw7f0xYVWFguWgVJuvFoQ
10:31:07.577 [http-nio-9587-exec-9] INFO  c.r.f.w.s.TokenService - [getToken,237] - user: madaosen, backend Token: Bearer eyJhbGciOiJIUzUxMiJ9.eyJsb2dpbl91c2VyX2tleSI6IjA4MzM3NjgyLTFhYjItNDRlZC05OWFjLTk1MGQ3YjdhMWIxOSJ9.-HQwl7xa3Ky82jj7wI2p8EHSzJcqcZD2t3S0pe0jMKbFUif28a8VJUKcvJLACuEW8Vw7f0xYVWFguWgVJuvFoQ
10:31:07.580 [http-nio-9587-exec-2] INFO  c.r.f.w.s.TokenService - [getToken,237] - user: madaosen, backend Token: Bearer eyJhbGciOiJIUzUxMiJ9.eyJsb2dpbl91c2VyX2tleSI6IjA4MzM3NjgyLTFhYjItNDRlZC05OWFjLTk1MGQ3YjdhMWIxOSJ9.-HQwl7xa3Ky82jj7wI2p8EHSzJcqcZD2t3S0pe0jMKbFUif28a8VJUKcvJLACuEW8Vw7f0xYVWFguWgVJuvFoQ
10:31:07.582 [http-nio-9587-exec-7] INFO  c.r.f.w.s.TokenService - [getToken,237] - user: madaosen, backend Token: Bearer eyJhbGciOiJIUzUxMiJ9.eyJsb2dpbl91c2VyX2tleSI6IjA4MzM3NjgyLTFhYjItNDRlZC05OWFjLTk1MGQ3YjdhMWIxOSJ9.-HQwl7xa3Ky82jj7wI2p8EHSzJcqcZD2t3S0pe0jMKbFUif28a8VJUKcvJLACuEW8Vw7f0xYVWFguWgVJuvFoQ
10:31:07.594 [http-nio-9587-exec-3] INFO  c.r.f.w.s.TokenService - [getToken,237] - user: madaosen, backend Token: Bearer eyJhbGciOiJIUzUxMiJ9.eyJsb2dpbl91c2VyX2tleSI6IjA4MzM3NjgyLTFhYjItNDRlZC05OWFjLTk1MGQ3YjdhMWIxOSJ9.-HQwl7xa3Ky82jj7wI2p8EHSzJcqcZD2t3S0pe0jMKbFUif28a8VJUKcvJLACuEW8Vw7f0xYVWFguWgVJuvFoQ
10:31:07.597 [http-nio-9587-exec-10] INFO  c.r.f.w.s.TokenService - [getToken,237] - user: madaosen, backend Token: Bearer eyJhbGciOiJIUzUxMiJ9.eyJsb2dpbl91c2VyX2tleSI6IjA4MzM3NjgyLTFhYjItNDRlZC05OWFjLTk1MGQ3YjdhMWIxOSJ9.-HQwl7xa3Ky82jj7wI2p8EHSzJcqcZD2t3S0pe0jMKbFUif28a8VJUKcvJLACuEW8Vw7f0xYVWFguWgVJuvFoQ
10:31:07.805 [http-nio-9587-exec-10] INFO  c.r.f.w.s.TokenService - [getToken,237] - user: madaosen, backend Token: Bearer eyJhbGciOiJIUzUxMiJ9.eyJsb2dpbl91c2VyX2tleSI6IjA4MzM3NjgyLTFhYjItNDRlZC05OWFjLTk1MGQ3YjdhMWIxOSJ9.-HQwl7xa3Ky82jj7wI2p8EHSzJcqcZD2t3S0pe0jMKbFUif28a8VJUKcvJLACuEW8Vw7f0xYVWFguWgVJuvFoQ
10:31:07.807 [http-nio-9587-exec-6] INFO  c.r.f.w.s.TokenService - [getToken,237] - user: madaosen, backend Token: Bearer eyJhbGciOiJIUzUxMiJ9.eyJsb2dpbl91c2VyX2tleSI6IjA4MzM3NjgyLTFhYjItNDRlZC05OWFjLTk1MGQ3YjdhMWIxOSJ9.-HQwl7xa3Ky82jj7wI2p8EHSzJcqcZD2t3S0pe0jMKbFUif28a8VJUKcvJLACuEW8Vw7f0xYVWFguWgVJuvFoQ
10:31:07.807 [http-nio-9587-exec-8] INFO  c.r.f.w.s.TokenService - [getToken,237] - user: madaosen, backend Token: Bearer eyJhbGciOiJIUzUxMiJ9.eyJsb2dpbl91c2VyX2tleSI6IjA4MzM3NjgyLTFhYjItNDRlZC05OWFjLTk1MGQ3YjdhMWIxOSJ9.-HQwl7xa3Ky82jj7wI2p8EHSzJcqcZD2t3S0pe0jMKbFUif28a8VJUKcvJLACuEW8Vw7f0xYVWFguWgVJuvFoQ
10:31:07.807 [http-nio-9587-exec-4] INFO  c.r.f.w.s.TokenService - [getToken,237] - user: madaosen, backend Token: Bearer eyJhbGciOiJIUzUxMiJ9.eyJsb2dpbl91c2VyX2tleSI6IjA4MzM3NjgyLTFhYjItNDRlZC05OWFjLTk1MGQ3YjdhMWIxOSJ9.-HQwl7xa3Ky82jj7wI2p8EHSzJcqcZD2t3S0pe0jMKbFUif28a8VJUKcvJLACuEW8Vw7f0xYVWFguWgVJuvFoQ
10:31:07.807 [http-nio-9587-exec-2] INFO  c.r.f.w.s.TokenService - [getToken,237] - user: madaosen, backend Token: Bearer eyJhbGciOiJIUzUxMiJ9.eyJsb2dpbl91c2VyX2tleSI6IjA4MzM3NjgyLTFhYjItNDRlZC05OWFjLTk1MGQ3YjdhMWIxOSJ9.-HQwl7xa3Ky82jj7wI2p8EHSzJcqcZD2t3S0pe0jMKbFUif28a8VJUKcvJLACuEW8Vw7f0xYVWFguWgVJuvFoQ
10:31:07.828 [http-nio-9587-exec-1] INFO  c.r.f.w.s.TokenService - [getToken,237] - user: madaosen, backend Token: Bearer eyJhbGciOiJIUzUxMiJ9.eyJsb2dpbl91c2VyX2tleSI6IjA4MzM3NjgyLTFhYjItNDRlZC05OWFjLTk1MGQ3YjdhMWIxOSJ9.-HQwl7xa3Ky82jj7wI2p8EHSzJcqcZD2t3S0pe0jMKbFUif28a8VJUKcvJLACuEW8Vw7f0xYVWFguWgVJuvFoQ
10:31:07.844 [http-nio-9587-exec-6] INFO  c.r.f.w.s.TokenService - [getToken,237] - user: madaosen, backend Token: Bearer eyJhbGciOiJIUzUxMiJ9.eyJsb2dpbl91c2VyX2tleSI6IjA4MzM3NjgyLTFhYjItNDRlZC05OWFjLTk1MGQ3YjdhMWIxOSJ9.-HQwl7xa3Ky82jj7wI2p8EHSzJcqcZD2t3S0pe0jMKbFUif28a8VJUKcvJLACuEW8Vw7f0xYVWFguWgVJuvFoQ
10:31:07.844 [http-nio-9587-exec-8] INFO  c.r.f.w.s.TokenService - [getToken,237] - user: madaosen, backend Token: Bearer eyJhbGciOiJIUzUxMiJ9.eyJsb2dpbl91c2VyX2tleSI6IjA4MzM3NjgyLTFhYjItNDRlZC05OWFjLTk1MGQ3YjdhMWIxOSJ9.-HQwl7xa3Ky82jj7wI2p8EHSzJcqcZD2t3S0pe0jMKbFUif28a8VJUKcvJLACuEW8Vw7f0xYVWFguWgVJuvFoQ
10:31:07.844 [http-nio-9587-exec-10] INFO  c.r.f.w.s.TokenService - [getToken,237] - user: madaosen, backend Token: Bearer eyJhbGciOiJIUzUxMiJ9.eyJsb2dpbl91c2VyX2tleSI6IjA4MzM3NjgyLTFhYjItNDRlZC05OWFjLTk1MGQ3YjdhMWIxOSJ9.-HQwl7xa3Ky82jj7wI2p8EHSzJcqcZD2t3S0pe0jMKbFUif28a8VJUKcvJLACuEW8Vw7f0xYVWFguWgVJuvFoQ
10:31:07.863 [http-nio-9587-exec-9] INFO  c.r.f.w.s.TokenService - [getToken,237] - user: madaosen, backend Token: Bearer eyJhbGciOiJIUzUxMiJ9.eyJsb2dpbl91c2VyX2tleSI6IjA4MzM3NjgyLTFhYjItNDRlZC05OWFjLTk1MGQ3YjdhMWIxOSJ9.-HQwl7xa3Ky82jj7wI2p8EHSzJcqcZD2t3S0pe0jMKbFUif28a8VJUKcvJLACuEW8Vw7f0xYVWFguWgVJuvFoQ
10:31:07.863 [http-nio-9587-exec-7] INFO  c.r.f.w.s.TokenService - [getToken,237] - user: madaosen, backend Token: Bearer eyJhbGciOiJIUzUxMiJ9.eyJsb2dpbl91c2VyX2tleSI6IjA4MzM3NjgyLTFhYjItNDRlZC05OWFjLTk1MGQ3YjdhMWIxOSJ9.-HQwl7xa3Ky82jj7wI2p8EHSzJcqcZD2t3S0pe0jMKbFUif28a8VJUKcvJLACuEW8Vw7f0xYVWFguWgVJuvFoQ
10:31:07.863 [http-nio-9587-exec-3] INFO  c.r.f.w.s.TokenService - [getToken,237] - user: madaosen, backend Token: Bearer eyJhbGciOiJIUzUxMiJ9.eyJsb2dpbl91c2VyX2tleSI6IjA4MzM3NjgyLTFhYjItNDRlZC05OWFjLTk1MGQ3YjdhMWIxOSJ9.-HQwl7xa3Ky82jj7wI2p8EHSzJcqcZD2t3S0pe0jMKbFUif28a8VJUKcvJLACuEW8Vw7f0xYVWFguWgVJuvFoQ
10:31:07.863 [http-nio-9587-exec-6] INFO  c.r.f.w.s.TokenService - [getToken,237] - user: madaosen, backend Token: Bearer eyJhbGciOiJIUzUxMiJ9.eyJsb2dpbl91c2VyX2tleSI6IjA4MzM3NjgyLTFhYjItNDRlZC05OWFjLTk1MGQ3YjdhMWIxOSJ9.-HQwl7xa3Ky82jj7wI2p8EHSzJcqcZD2t3S0pe0jMKbFUif28a8VJUKcvJLACuEW8Vw7f0xYVWFguWgVJuvFoQ
10:31:07.865 [http-nio-9587-exec-8] INFO  c.r.f.w.s.TokenService - [getToken,237] - user: madaosen, backend Token: Bearer eyJhbGciOiJIUzUxMiJ9.eyJsb2dpbl91c2VyX2tleSI6IjA4MzM3NjgyLTFhYjItNDRlZC05OWFjLTk1MGQ3YjdhMWIxOSJ9.-HQwl7xa3Ky82jj7wI2p8EHSzJcqcZD2t3S0pe0jMKbFUif28a8VJUKcvJLACuEW8Vw7f0xYVWFguWgVJuvFoQ
10:31:07.981 [http-nio-9587-exec-4] INFO  c.r.f.w.s.TokenService - [getToken,237] - user: madaosen, backend Token: Bearer eyJhbGciOiJIUzUxMiJ9.eyJsb2dpbl91c2VyX2tleSI6IjA4MzM3NjgyLTFhYjItNDRlZC05OWFjLTk1MGQ3YjdhMWIxOSJ9.-HQwl7xa3Ky82jj7wI2p8EHSzJcqcZD2t3S0pe0jMKbFUif28a8VJUKcvJLACuEW8Vw7f0xYVWFguWgVJuvFoQ
10:31:08.016 [http-nio-9587-exec-1] INFO  c.r.f.w.s.TokenService - [getToken,237] - user: madaosen, backend Token: Bearer eyJhbGciOiJIUzUxMiJ9.eyJsb2dpbl91c2VyX2tleSI6IjA4MzM3NjgyLTFhYjItNDRlZC05OWFjLTk1MGQ3YjdhMWIxOSJ9.-HQwl7xa3Ky82jj7wI2p8EHSzJcqcZD2t3S0pe0jMKbFUif28a8VJUKcvJLACuEW8Vw7f0xYVWFguWgVJuvFoQ
10:31:08.122 [http-nio-9587-exec-8] INFO  c.r.f.w.s.TokenService - [getToken,237] - user: madaosen, backend Token: Bearer eyJhbGciOiJIUzUxMiJ9.eyJsb2dpbl91c2VyX2tleSI6IjA4MzM3NjgyLTFhYjItNDRlZC05OWFjLTk1MGQ3YjdhMWIxOSJ9.-HQwl7xa3Ky82jj7wI2p8EHSzJcqcZD2t3S0pe0jMKbFUif28a8VJUKcvJLACuEW8Vw7f0xYVWFguWgVJuvFoQ
10:31:21.975 [http-nio-9587-exec-9] INFO  c.r.f.w.s.TokenService - [getToken,237] - user: madaosen, backend Token: Bearer eyJhbGciOiJIUzUxMiJ9.eyJsb2dpbl91c2VyX2tleSI6IjA4MzM3NjgyLTFhYjItNDRlZC05OWFjLTk1MGQ3YjdhMWIxOSJ9.-HQwl7xa3Ky82jj7wI2p8EHSzJcqcZD2t3S0pe0jMKbFUif28a8VJUKcvJLACuEW8Vw7f0xYVWFguWgVJuvFoQ
10:31:21.991 [http-nio-9587-exec-9] INFO  c.r.c.u.f.FileTypeDetector - [detectMimeType,32] - 文件名: 总师室办公会议纪要.docx, 声明的ContentType: application/vnd.openxmlformats-officedocument.wordprocessingml.document, Tika检测到的真实类型: application/vnd.openxmlformats-officedocument.wordprocessingml.document
10:31:21.991 [http-nio-9587-exec-9] INFO  c.r.w.c.s.SysFileController - [upload,299] - 上传文件: 总师室办公会议纪要.docx, 声明的ContentType: application/vnd.openxmlformats-officedocument.wordprocessingml.document, Tika检测到的真实类型: application/vnd.openxmlformats-officedocument.wordprocessingml.document
10:31:21.991 [http-nio-9587-exec-9] INFO  c.r.w.c.s.SysFileController - [upload,309] - 文件类型直接匹配白名单: 总师室办公会议纪要.docx -> application/vnd.openxmlformats-officedocument.wordprocessingml.document
10:31:21.991 [http-nio-9587-exec-9] INFO  c.r.w.c.s.SysFileController - [upload,331] - 文件类型校验通过: 总师室办公会议纪要.docx, 真实类型: application/vnd.openxmlformats-officedocument.wordprocessingml.document
10:31:22.004 [http-nio-9587-exec-9] INFO  c.r.s.s.i.SysFileServiceImpl - [upload,233] - oss文件上传成功=====>prod/upload/2026/09/07/7df58235-a03f-462e-bd31-dc380950f9ef.docx
10:31:23.764 [http-nio-9587-exec-6] INFO  c.r.f.w.s.TokenService - [getToken,237] - user: madaosen, backend Token: Bearer eyJhbGciOiJIUzUxMiJ9.eyJsb2dpbl91c2VyX2tleSI6IjA4MzM3NjgyLTFhYjItNDRlZC05OWFjLTk1MGQ3YjdhMWIxOSJ9.-HQwl7xa3Ky82jj7wI2p8EHSzJcqcZD2t3S0pe0jMKbFUif28a8VJUKcvJLACuEW8Vw7f0xYVWFguWgVJuvFoQ
10:31:23.783 [http-nio-9587-exec-6] INFO  c.r.w.l.TaskEventV2Listener - [onEvent,105] - EVENT :TASK_ASSIGNED
10:31:23.803 [http-nio-9587-exec-6] INFO  c.r.w.l.TaskEventV2Listener - [onEvent,105] - EVENT :TASK_COMPLETED
10:31:23.804 [http-nio-9587-exec-6] INFO  c.r.w.l.TaskEventV2Listener - [onEvent,121] - username :madaosen
10:31:23.911 [http-nio-9587-exec-6] INFO  c.r.w.l.TaskEventV2Listener - [onEvent,105] - EVENT :TASK_CREATED
10:31:23.914 [http-nio-9587-exec-6] INFO  c.r.f.w.s.TokenService - [getToken,237] - user: madaosen, backend Token: Bearer eyJhbGciOiJIUzUxMiJ9.eyJsb2dpbl91c2VyX2tleSI6IjA4MzM3NjgyLTFhYjItNDRlZC05OWFjLTk1MGQ3YjdhMWIxOSJ9.-HQwl7xa3Ky82jj7wI2p8EHSzJcqcZD2t3S0pe0jMKbFUif28a8VJUKcvJLACuEW8Vw7f0xYVWFguWgVJuvFoQ
10:31:23.920 [http-nio-9587-exec-6] INFO  c.r.w.s.i.AiAgentTaskExecutionServiceImpl - [createWorkflowNodeTasks,320] - 审批流程节点未绑定自动执行且已启用的Agent，projectId=2095053346414166016, nodeId=IsRequireUpdateImplementationReport
10:31:23.920 [http-nio-9587-exec-6] INFO  c.r.w.l.TaskEventV2Listener - [onEvent,127] - username :madaosen
10:31:24.012 [http-nio-9587-exec-6] INFO  c.r.w.l.TaskEventV2Listener - [createOaTask,240] - task0: Task{createDate='2026-09-07 10:31:23', createOrg='45', createUser='madaosen', createUserName='madaosen', expiryDate='null', kindName='null', moduleName='null', needInputPwd='null', oaIId='null', oaMkId='null', receiveUser='madaosen', receiveUserName='madaosen', synId='null', synType='1', taskId='380d1981-aa64-11f1-885b-da3bbfe162e3', tasksType='1', title='全生命周期平台督办：是否需要调整实施报告--万号投诉处理智能体研发', type='0', url='http://www.sh.ctc.com/EFFPRO2/oa_verify?taskId=380cf270-aa64-11f1-885b-da3bbfe162e3&redirect=%2FEFFPRO2%2Fproject%2FagencyProject%2FdetailPage%3Fid%3D2095053346414166016'}
10:31:24.112 [http-nio-9587-exec-3] INFO  c.r.f.w.s.TokenService - [getToken,237] - user: madaosen, backend Token: Bearer eyJhbGciOiJIUzUxMiJ9.eyJsb2dpbl91c2VyX2tleSI6IjA4MzM3NjgyLTFhYjItNDRlZC05OWFjLTk1MGQ3YjdhMWIxOSJ9.-HQwl7xa3Ky82jj7wI2p8EHSzJcqcZD2t3S0pe0jMKbFUif28a8VJUKcvJLACuEW8Vw7f0xYVWFguWgVJuvFoQ
10:31:24.112 [http-nio-9587-exec-6] INFO  c.r.f.w.s.TokenService - [getToken,237] - user: madaosen, backend Token: Bearer eyJhbGciOiJIUzUxMiJ9.eyJsb2dpbl91c2VyX2tleSI6IjA4MzM3NjgyLTFhYjItNDRlZC05OWFjLTk1MGQ3YjdhMWIxOSJ9.-HQwl7xa3Ky82jj7wI2p8EHSzJcqcZD2t3S0pe0jMKbFUif28a8VJUKcvJLACuEW8Vw7f0xYVWFguWgVJuvFoQ
10:31:24.116 [http-nio-9587-exec-2] INFO  c.r.f.w.s.TokenService - [getToken,237] - user: madaosen, backend Token: Bearer eyJhbGciOiJIUzUxMiJ9.eyJsb2dpbl91c2VyX2tleSI6IjA4MzM3NjgyLTFhYjItNDRlZC05OWFjLTk1MGQ3YjdhMWIxOSJ9.-HQwl7xa3Ky82jj7wI2p8EHSzJcqcZD2t3S0pe0jMKbFUif28a8VJUKcvJLACuEW8Vw7f0xYVWFguWgVJuvFoQ
10:31:24.117 [http-nio-9587-exec-8] INFO  c.r.f.w.s.TokenService - [getToken,237] - user: madaosen, backend Token: Bearer eyJhbGciOiJIUzUxMiJ9.eyJsb2dpbl91c2VyX2tleSI6IjA4MzM3NjgyLTFhYjItNDRlZC05OWFjLTk1MGQ3YjdhMWIxOSJ9.-HQwl7xa3Ky82jj7wI2p8EHSzJcqcZD2t3S0pe0jMKbFUif28a8VJUKcvJLACuEW8Vw7f0xYVWFguWgVJuvFoQ
10:31:24.117 [http-nio-9587-exec-5] INFO  c.r.f.w.s.TokenService - [getToken,237] - user: madaosen, backend Token: Bearer eyJhbGciOiJIUzUxMiJ9.eyJsb2dpbl91c2VyX2tleSI6IjA4MzM3NjgyLTFhYjItNDRlZC05OWFjLTk1MGQ3YjdhMWIxOSJ9.-HQwl7xa3Ky82jj7wI2p8EHSzJcqcZD2t3S0pe0jMKbFUif28a8VJUKcvJLACuEW8Vw7f0xYVWFguWgVJuvFoQ
10:31:24.120 [http-nio-9587-exec-1] INFO  c.r.f.w.s.TokenService - [getToken,237] - user: madaosen, backend Token: Bearer eyJhbGciOiJIUzUxMiJ9.eyJsb2dpbl91c2VyX2tleSI6IjA4MzM3NjgyLTFhYjItNDRlZC05OWFjLTk1MGQ3YjdhMWIxOSJ9.-HQwl7xa3Ky82jj7wI2p8EHSzJcqcZD2t3S0pe0jMKbFUif28a8VJUKcvJLACuEW8Vw7f0xYVWFguWgVJuvFoQ
10:31:24.144 [http-nio-9587-exec-10] INFO  c.r.f.w.s.TokenService - [getToken,237] - user: madaosen, backend Token: Bearer eyJhbGciOiJIUzUxMiJ9.eyJsb2dpbl91c2VyX2tleSI6IjA4MzM3NjgyLTFhYjItNDRlZC05OWFjLTk1MGQ3YjdhMWIxOSJ9.-HQwl7xa3Ky82jj7wI2p8EHSzJcqcZD2t3S0pe0jMKbFUif28a8VJUKcvJLACuEW8Vw7f0xYVWFguWgVJuvFoQ
10:31:24.149 [http-nio-9587-exec-4] INFO  c.r.f.w.s.TokenService - [getToken,237] - user: madaosen, backend Token: Bearer eyJhbGciOiJIUzUxMiJ9.eyJsb2dpbl91c2VyX2tleSI6IjA4MzM3NjgyLTFhYjItNDRlZC05OWFjLTk1MGQ3YjdhMWIxOSJ9.-HQwl7xa3Ky82jj7wI2p8EHSzJcqcZD2t3S0pe0jMKbFUif28a8VJUKcvJLACuEW8Vw7f0xYVWFguWgVJuvFoQ
10:31:24.548 [http-nio-9587-exec-6] INFO  c.r.f.w.s.TokenService - [getToken,237] - user: madaosen, backend Token: Bearer eyJhbGciOiJIUzUxMiJ9.eyJsb2dpbl91c2VyX2tleSI6IjA4MzM3NjgyLTFhYjItNDRlZC05OWFjLTk1MGQ3YjdhMWIxOSJ9.-HQwl7xa3Ky82jj7wI2p8EHSzJcqcZD2t3S0pe0jMKbFUif28a8VJUKcvJLACuEW8Vw7f0xYVWFguWgVJuvFoQ
10:31:24.550 [http-nio-9587-exec-3] INFO  c.r.f.w.s.TokenService - [getToken,237] - user: madaosen, backend Token: Bearer eyJhbGciOiJIUzUxMiJ9.eyJsb2dpbl91c2VyX2tleSI6IjA4MzM3NjgyLTFhYjItNDRlZC05OWFjLTk1MGQ3YjdhMWIxOSJ9.-HQwl7xa3Ky82jj7wI2p8EHSzJcqcZD2t3S0pe0jMKbFUif28a8VJUKcvJLACuEW8Vw7f0xYVWFguWgVJuvFoQ
10:31:24.550 [http-nio-9587-exec-7] INFO  c.r.f.w.s.TokenService - [getToken,237] - user: madaosen, backend Token: Bearer eyJhbGciOiJIUzUxMiJ9.eyJsb2dpbl91c2VyX2tleSI6IjA4MzM3NjgyLTFhYjItNDRlZC05OWFjLTk1MGQ3YjdhMWIxOSJ9.-HQwl7xa3Ky82jj7wI2p8EHSzJcqcZD2t3S0pe0jMKbFUif28a8VJUKcvJLACuEW8Vw7f0xYVWFguWgVJuvFoQ
10:31:24.550 [http-nio-9587-exec-2] INFO  c.r.f.w.s.TokenService - [getToken,237] - user: madaosen, backend Token: Bearer eyJhbGciOiJIUzUxMiJ9.eyJsb2dpbl91c2VyX2tleSI6IjA4MzM3NjgyLTFhYjItNDRlZC05OWFjLTk1MGQ3YjdhMWIxOSJ9.-HQwl7xa3Ky82jj7wI2p8EHSzJcqcZD2t3S0pe0jMKbFUif28a8VJUKcvJLACuEW8Vw7f0xYVWFguWgVJuvFoQ
10:31:24.550 [http-nio-9587-exec-8] INFO  c.r.f.w.s.TokenService - [getToken,237] - user: madaosen, backend Token: Bearer eyJhbGciOiJIUzUxMiJ9.eyJsb2dpbl91c2VyX2tleSI6IjA4MzM3NjgyLTFhYjItNDRlZC05OWFjLTk1MGQ3YjdhMWIxOSJ9.-HQwl7xa3Ky82jj7wI2p8EHSzJcqcZD2t3S0pe0jMKbFUif28a8VJUKcvJLACuEW8Vw7f0xYVWFguWgVJuvFoQ
10:31:24.552 [http-nio-9587-exec-10] INFO  c.r.f.w.s.TokenService - [getToken,237] - user: madaosen, backend Token: Bearer eyJhbGciOiJIUzUxMiJ9.eyJsb2dpbl91c2VyX2tleSI6IjA4MzM3NjgyLTFhYjItNDRlZC05OWFjLTk1MGQ3YjdhMWIxOSJ9.-HQwl7xa3Ky82jj7wI2p8EHSzJcqcZD2t3S0pe0jMKbFUif28a8VJUKcvJLACuEW8Vw7f0xYVWFguWgVJuvFoQ
10:31:24.573 [http-nio-9587-exec-5] INFO  c.r.f.w.s.TokenService - [getToken,237] - user: madaosen, backend Token: Bearer eyJhbGciOiJIUzUxMiJ9.eyJsb2dpbl91c2VyX2tleSI6IjA4MzM3NjgyLTFhYjItNDRlZC05OWFjLTk1MGQ3YjdhMWIxOSJ9.-HQwl7xa3Ky82jj7wI2p8EHSzJcqcZD2t3S0pe0jMKbFUif28a8VJUKcvJLACuEW8Vw7f0xYVWFguWgVJuvFoQ
10:31:24.587 [http-nio-9587-exec-6] INFO  c.r.f.w.s.TokenService - [getToken,237] - user: madaosen, backend Token: Bearer eyJhbGciOiJIUzUxMiJ9.eyJsb2dpbl91c2VyX2tleSI6IjA4MzM3NjgyLTFhYjItNDRlZC05OWFjLTk1MGQ3YjdhMWIxOSJ9.-HQwl7xa3Ky82jj7wI2p8EHSzJcqcZD2t3S0pe0jMKbFUif28a8VJUKcvJLACuEW8Vw7f0xYVWFguWgVJuvFoQ
10:31:24.587 [http-nio-9587-exec-8] INFO  c.r.f.w.s.TokenService - [getToken,237] - user: madaosen, backend Token: Bearer eyJhbGciOiJIUzUxMiJ9.eyJsb2dpbl91c2VyX2tleSI6IjA4MzM3NjgyLTFhYjItNDRlZC05OWFjLTk1MGQ3YjdhMWIxOSJ9.-HQwl7xa3Ky82jj7wI2p8EHSzJcqcZD2t3S0pe0jMKbFUif28a8VJUKcvJLACuEW8Vw7f0xYVWFguWgVJuvFoQ
10:31:24.587 [http-nio-9587-exec-7] INFO  c.r.f.w.s.TokenService - [getToken,237] - user: madaosen, backend Token: Bearer eyJhbGciOiJIUzUxMiJ9.eyJsb2dpbl91c2VyX2tleSI6IjA4MzM3NjgyLTFhYjItNDRlZC05OWFjLTk1MGQ3YjdhMWIxOSJ9.-HQwl7xa3Ky82jj7wI2p8EHSzJcqcZD2t3S0pe0jMKbFUif28a8VJUKcvJLACuEW8Vw7f0xYVWFguWgVJuvFoQ
10:31:24.609 [http-nio-9587-exec-5] INFO  c.r.f.w.s.TokenService - [getToken,237] - user: madaosen, backend Token: Bearer eyJhbGciOiJIUzUxMiJ9.eyJsb2dpbl91c2VyX2tleSI6IjA4MzM3NjgyLTFhYjItNDRlZC05OWFjLTk1MGQ3YjdhMWIxOSJ9.-HQwl7xa3Ky82jj7wI2p8EHSzJcqcZD2t3S0pe0jMKbFUif28a8VJUKcvJLACuEW8Vw7f0xYVWFguWgVJuvFoQ
10:31:24.609 [http-nio-9587-exec-4] INFO  c.r.f.w.s.TokenService - [getToken,237] - user: madaosen, backend Token: Bearer eyJhbGciOiJIUzUxMiJ9.eyJsb2dpbl91c2VyX2tleSI6IjA4MzM3NjgyLTFhYjItNDRlZC05OWFjLTk1MGQ3YjdhMWIxOSJ9.-HQwl7xa3Ky82jj7wI2p8EHSzJcqcZD2t3S0pe0jMKbFUif28a8VJUKcvJLACuEW8Vw7f0xYVWFguWgVJuvFoQ
10:31:24.609 [http-nio-9587-exec-1] INFO  c.r.f.w.s.TokenService - [getToken,237] - user: madaosen, backend Token: Bearer eyJhbGciOiJIUzUxMiJ9.eyJsb2dpbl91c2VyX2tleSI6IjA4MzM3NjgyLTFhYjItNDRlZC05OWFjLTk1MGQ3YjdhMWIxOSJ9.-HQwl7xa3Ky82jj7wI2p8EHSzJcqcZD2t3S0pe0jMKbFUif28a8VJUKcvJLACuEW8Vw7f0xYVWFguWgVJuvFoQ
10:31:24.612 [http-nio-9587-exec-7] INFO  c.r.f.w.s.TokenService - [getToken,237] - user: madaosen, backend Token: Bearer eyJhbGciOiJIUzUxMiJ9.eyJsb2dpbl91c2VyX2tleSI6IjA4MzM3NjgyLTFhYjItNDRlZC05OWFjLTk1MGQ3YjdhMWIxOSJ9.-HQwl7xa3Ky82jj7wI2p8EHSzJcqcZD2t3S0pe0jMKbFUif28a8VJUKcvJLACuEW8Vw7f0xYVWFguWgVJuvFoQ
10:31:24.612 [http-nio-9587-exec-6] INFO  c.r.f.w.s.TokenService - [getToken,237] - user: madaosen, backend Token: Bearer eyJhbGciOiJIUzUxMiJ9.eyJsb2dpbl91c2VyX2tleSI6IjA4MzM3NjgyLTFhYjItNDRlZC05OWFjLTk1MGQ3YjdhMWIxOSJ9.-HQwl7xa3Ky82jj7wI2p8EHSzJcqcZD2t3S0pe0jMKbFUif28a8VJUKcvJLACuEW8Vw7f0xYVWFguWgVJuvFoQ
10:31:24.740 [http-nio-9587-exec-10] INFO  c.r.f.w.s.TokenService - [getToken,237] - user: madaosen, backend Token: Bearer eyJhbGciOiJIUzUxMiJ9.eyJsb2dpbl91c2VyX2tleSI6IjA4MzM3NjgyLTFhYjItNDRlZC05OWFjLTk1MGQ3YjdhMWIxOSJ9.-HQwl7xa3Ky82jj7wI2p8EHSzJcqcZD2t3S0pe0jMKbFUif28a8VJUKcvJLACuEW8Vw7f0xYVWFguWgVJuvFoQ
10:31:24.765 [http-nio-9587-exec-2] INFO  c.r.f.w.s.TokenService - [getToken,237] - user: madaosen, backend Token: Bearer eyJhbGciOiJIUzUxMiJ9.eyJsb2dpbl91c2VyX2tleSI6IjA4MzM3NjgyLTFhYjItNDRlZC05OWFjLTk1MGQ3YjdhMWIxOSJ9.-HQwl7xa3Ky82jj7wI2p8EHSzJcqcZD2t3S0pe0jMKbFUif28a8VJUKcvJLACuEW8Vw7f0xYVWFguWgVJuvFoQ
10:31:24.876 [http-nio-9587-exec-7] INFO  c.r.f.w.s.TokenService - [getToken,237] - user: madaosen, backend Token: Bearer eyJhbGciOiJIUzUxMiJ9.eyJsb2dpbl91c2VyX2tleSI6IjA4MzM3NjgyLTFhYjItNDRlZC05OWFjLTk1MGQ3YjdhMWIxOSJ9.-HQwl7xa3Ky82jj7wI2p8EHSzJcqcZD2t3S0pe0jMKbFUif28a8VJUKcvJLACuEW8Vw7f0xYVWFguWgVJuvFoQ
10:31:29.600 [http-nio-9587-exec-1] INFO  c.r.f.w.s.TokenService - [getToken,237] - user: madaosen, backend Token: Bearer eyJhbGciOiJIUzUxMiJ9.eyJsb2dpbl91c2VyX2tleSI6IjA4MzM3NjgyLTFhYjItNDRlZC05OWFjLTk1MGQ3YjdhMWIxOSJ9.-HQwl7xa3Ky82jj7wI2p8EHSzJcqcZD2t3S0pe0jMKbFUif28a8VJUKcvJLACuEW8Vw7f0xYVWFguWgVJuvFoQ
10:31:29.629 [http-nio-9587-exec-1] INFO  c.r.w.l.TaskEventV2Listener - [onEvent,105] - EVENT :TASK_ASSIGNED
10:31:29.650 [http-nio-9587-exec-1] INFO  c.r.w.l.TaskEventV2Listener - [onEvent,105] - EVENT :TASK_COMPLETED
10:31:29.650 [http-nio-9587-exec-1] INFO  c.r.w.l.TaskEventV2Listener - [onEvent,121] - username :madaosen
10:31:29.733 [http-nio-9587-exec-1] INFO  c.r.w.l.TaskEventV2Listener - [onEvent,105] - EVENT :TASK_CREATED
10:31:29.735 [http-nio-9587-exec-1] INFO  c.r.f.w.s.TokenService - [getToken,237] - user: madaosen, backend Token: Bearer eyJhbGciOiJIUzUxMiJ9.eyJsb2dpbl91c2VyX2tleSI6IjA4MzM3NjgyLTFhYjItNDRlZC05OWFjLTk1MGQ3YjdhMWIxOSJ9.-HQwl7xa3Ky82jj7wI2p8EHSzJcqcZD2t3S0pe0jMKbFUif28a8VJUKcvJLACuEW8Vw7f0xYVWFguWgVJuvFoQ
10:31:29.748 [http-nio-9587-exec-1] INFO  c.r.w.l.TaskEventV2Listener - [onEvent,127] - username :71074767
10:31:29.817 [http-nio-9587-exec-1] INFO  c.r.w.l.TaskEventV2Listener - [createOaTask,240] - task0: Task{createDate='2026-09-07 10:31:29', createOrg='45', createUser='madaosen', createUserName='madaosen', expiryDate='null', kindName='null', moduleName='null', needInputPwd='null', oaIId='null', oaMkId='null', receiveUser='71074767', receiveUserName='石奇', synId='null', synType='1', taskId='3b85c58f-aa64-11f1-885b-da3bbfe162e3', tasksType='1', title='全生命周期平台督办：确认并填写造价--万号投诉处理智能体研发', type='0', url='http://www.sh.ctc.com/EFFPRO2/oa_verify?taskId=3b85c58e-aa64-11f1-885b-da3bbfe162e3&redirect=%2FEFFPRO2%2Fproject%2FagencyProject%2FdetailPage%3Fid%3D2095053346414166016'}
10:31:29.819 [http-nio-9587-exec-1] INFO  c.r.w.l.TaskEventV2Listener - [onEvent,127] - username :31027380
10:31:29.894 [http-nio-9587-exec-1] INFO  c.r.w.l.TaskEventV2Listener - [createOaTask,240] - task0: Task{createDate='2026-09-07 10:31:29', createOrg='45', createUser='madaosen', createUserName='madaosen', expiryDate='null', kindName='null', moduleName='null', needInputPwd='null', oaIId='null', oaMkId='null', receiveUser='31027380', receiveUserName='林赟炜', synId='null', synType='1', taskId='3b85eca0-aa64-11f1-885b-da3bbfe162e3', tasksType='1', title='全生命周期平台督办：确认并填写造价--万号投诉处理智能体研发', type='0', url='http://www.sh.ctc.com/EFFPRO2/oa_verify?taskId=3b85c58e-aa64-11f1-885b-da3bbfe162e3&redirect=%2FEFFPRO2%2Fproject%2FagencyProject%2FdetailPage%3Fid%3D2095053346414166016'}
10:31:29.896 [http-nio-9587-exec-1] INFO  c.r.w.l.TaskEventV2Listener - [onEvent,127] - username :madaosen
10:31:29.968 [http-nio-9587-exec-1] INFO  c.r.w.l.TaskEventV2Listener - [createOaTask,240] - task0: Task{createDate='2026-09-07 10:31:29', createOrg='45', createUser='madaosen', createUserName='madaosen', expiryDate='null', kindName='null', moduleName='null', needInputPwd='null', oaIId='null', oaMkId='null', receiveUser='madaosen', receiveUserName='madaosen', synId='null', synType='1', taskId='3b85eca1-aa64-11f1-885b-da3bbfe162e3', tasksType='1', title='全生命周期平台督办：确认并填写造价--万号投诉处理智能体研发', type='0', url='http://www.sh.ctc.com/EFFPRO2/oa_verify?taskId=3b85c58e-aa64-11f1-885b-da3bbfe162e3&redirect=%2FEFFPRO2%2Fproject%2FagencyProject%2FdetailPage%3Fid%3D2095053346414166016'}
10:31:29.970 [http-nio-9587-exec-1] INFO  c.r.w.l.TaskEventV2Listener - [onEvent,127] - username :shiqi
10:31:30.047 [http-nio-9587-exec-1] INFO  c.r.w.l.TaskEventV2Listener - [createOaTask,240] - task0: Task{createDate='2026-09-07 10:31:29', createOrg='45', createUser='madaosen', createUserName='madaosen', expiryDate='null', kindName='null', moduleName='null', needInputPwd='null', oaIId='null', oaMkId='null', receiveUser='shiqi', receiveUserName='石奇', synId='null', synType='1', taskId='3b85eca2-aa64-11f1-885b-da3bbfe162e3', tasksType='1', title='全生命周期平台督办：确认并填写造价--万号投诉处理智能体研发', type='0', url='http://www.sh.ctc.com/EFFPRO2/oa_verify?taskId=3b85c58e-aa64-11f1-885b-da3bbfe162e3&redirect=%2FEFFPRO2%2Fproject%2FagencyProject%2FdetailPage%3Fid%3D2095053346414166016'}
10:31:30.051 [http-nio-9587-exec-1] INFO  c.r.w.l.TaskEventV2Listener - [onEvent,127] - username :xiaoneng
10:31:30.121 [http-nio-9587-exec-1] INFO  c.r.w.l.TaskEventV2Listener - [createOaTask,240] - task0: Task{createDate='2026-09-07 10:31:30', createOrg='45', createUser='madaosen', createUserName='madaosen', expiryDate='null', kindName='null', moduleName='null', needInputPwd='null', oaIId='null', oaMkId='null', receiveUser='xiaoneng', receiveUserName='小能', synId='null', synType='1', taskId='3b85eca4-aa64-11f1-885b-da3bbfe162e3', tasksType='1', title='全生命周期平台督办：确认并填写造价--万号投诉处理智能体研发', type='0', url='http://www.sh.ctc.com/EFFPRO2/oa_verify?taskId=3b85c58e-aa64-11f1-885b-da3bbfe162e3&redirect=%2FEFFPRO2%2Fproject%2FagencyProject%2FdetailPage%3Fid%3D2095053346414166016'}
10:31:30.122 [http-nio-9587-exec-1] INFO  c.r.w.l.TaskEventV2Listener - [onEvent,127] - username :enci
10:31:30.192 [http-nio-9587-exec-1] INFO  c.r.w.l.TaskEventV2Listener - [createOaTask,240] - task0: Task{createDate='2026-09-07 10:31:30', createOrg='45', createUser='madaosen', createUserName='madaosen', expiryDate='null', kindName='null', moduleName='null', needInputPwd='null', oaIId='null', oaMkId='null', receiveUser='enci', receiveUserName='enci', synId='null', synType='1', taskId='3b85eca5-aa64-11f1-885b-da3bbfe162e3', tasksType='1', title='全生命周期平台督办：确认并填写造价--万号投诉处理智能体研发', type='0', url='http://www.sh.ctc.com/EFFPRO2/oa_verify?taskId=3b85c58e-aa64-11f1-885b-da3bbfe162e3&redirect=%2FEFFPRO2%2Fproject%2FagencyProject%2FdetailPage%3Fid%3D2095053346414166016'}
10:31:30.244 [http-nio-9587-exec-4] INFO  c.r.f.w.s.TokenService - [getToken,237] - user: madaosen, backend Token: Bearer eyJhbGciOiJIUzUxMiJ9.eyJsb2dpbl91c2VyX2tleSI6IjA4MzM3NjgyLTFhYjItNDRlZC05OWFjLTk1MGQ3YjdhMWIxOSJ9.-HQwl7xa3Ky82jj7wI2p8EHSzJcqcZD2t3S0pe0jMKbFUif28a8VJUKcvJLACuEW8Vw7f0xYVWFguWgVJuvFoQ
10:31:30.245 [http-nio-9587-exec-1] INFO  c.r.f.w.s.TokenService - [getToken,237] - user: madaosen, backend Token: Bearer eyJhbGciOiJIUzUxMiJ9.eyJsb2dpbl91c2VyX2tleSI6IjA4MzM3NjgyLTFhYjItNDRlZC05OWFjLTk1MGQ3YjdhMWIxOSJ9.-HQwl7xa3Ky82jj7wI2p8EHSzJcqcZD2t3S0pe0jMKbFUif28a8VJUKcvJLACuEW8Vw7f0xYVWFguWgVJuvFoQ
10:31:30.246 [http-nio-9587-exec-5] INFO  c.r.f.w.s.TokenService - [getToken,237] - user: madaosen, backend Token: Bearer eyJhbGciOiJIUzUxMiJ9.eyJsb2dpbl91c2VyX2tleSI6IjA4MzM3NjgyLTFhYjItNDRlZC05OWFjLTk1MGQ3YjdhMWIxOSJ9.-HQwl7xa3Ky82jj7wI2p8EHSzJcqcZD2t3S0pe0jMKbFUif28a8VJUKcvJLACuEW8Vw7f0xYVWFguWgVJuvFoQ
10:31:30.246 [http-nio-9587-exec-6] INFO  c.r.f.w.s.TokenService - [getToken,237] - user: madaosen, backend Token: Bearer eyJhbGciOiJIUzUxMiJ9.eyJsb2dpbl91c2VyX2tleSI6IjA4MzM3NjgyLTFhYjItNDRlZC05OWFjLTk1MGQ3YjdhMWIxOSJ9.-HQwl7xa3Ky82jj7wI2p8EHSzJcqcZD2t3S0pe0jMKbFUif28a8VJUKcvJLACuEW8Vw7f0xYVWFguWgVJuvFoQ
10:31:30.246 [http-nio-9587-exec-3] INFO  c.r.f.w.s.TokenService - [getToken,237] - user: madaosen, backend Token: Bearer eyJhbGciOiJIUzUxMiJ9.eyJsb2dpbl91c2VyX2tleSI6IjA4MzM3NjgyLTFhYjItNDRlZC05OWFjLTk1MGQ3YjdhMWIxOSJ9.-HQwl7xa3Ky82jj7wI2p8EHSzJcqcZD2t3S0pe0jMKbFUif28a8VJUKcvJLACuEW8Vw7f0xYVWFguWgVJuvFoQ
10:31:30.248 [http-nio-9587-exec-9] INFO  c.r.f.w.s.TokenService - [getToken,237] - user: madaosen, backend Token: Bearer eyJhbGciOiJIUzUxMiJ9.eyJsb2dpbl91c2VyX2tleSI6IjA4MzM3NjgyLTFhYjItNDRlZC05OWFjLTk1MGQ3YjdhMWIxOSJ9.-HQwl7xa3Ky82jj7wI2p8EHSzJcqcZD2t3S0pe0jMKbFUif28a8VJUKcvJLACuEW8Vw7f0xYVWFguWgVJuvFoQ
10:31:30.264 [http-nio-9587-exec-2] INFO  c.r.f.w.s.TokenService - [getToken,237] - user: madaosen, backend Token: Bearer eyJhbGciOiJIUzUxMiJ9.eyJsb2dpbl91c2VyX2tleSI6IjA4MzM3NjgyLTFhYjItNDRlZC05OWFjLTk1MGQ3YjdhMWIxOSJ9.-HQwl7xa3Ky82jj7wI2p8EHSzJcqcZD2t3S0pe0jMKbFUif28a8VJUKcvJLACuEW8Vw7f0xYVWFguWgVJuvFoQ
10:31:30.264 [http-nio-9587-exec-10] INFO  c.r.f.w.s.TokenService - [getToken,237] - user: madaosen, backend Token: Bearer eyJhbGciOiJIUzUxMiJ9.eyJsb2dpbl91c2VyX2tleSI6IjA4MzM3NjgyLTFhYjItNDRlZC05OWFjLTk1MGQ3YjdhMWIxOSJ9.-HQwl7xa3Ky82jj7wI2p8EHSzJcqcZD2t3S0pe0jMKbFUif28a8VJUKcvJLACuEW8Vw7f0xYVWFguWgVJuvFoQ
10:31:30.574 [http-nio-9587-exec-6] INFO  c.r.f.w.s.TokenService - [getToken,237] - user: madaosen, backend Token: Bearer eyJhbGciOiJIUzUxMiJ9.eyJsb2dpbl91c2VyX2tleSI6IjA4MzM3NjgyLTFhYjItNDRlZC05OWFjLTk1MGQ3YjdhMWIxOSJ9.-HQwl7xa3Ky82jj7wI2p8EHSzJcqcZD2t3S0pe0jMKbFUif28a8VJUKcvJLACuEW8Vw7f0xYVWFguWgVJuvFoQ
10:31:30.575 [http-nio-9587-exec-8] INFO  c.r.f.w.s.TokenService - [getToken,237] - user: madaosen, backend Token: Bearer eyJhbGciOiJIUzUxMiJ9.eyJsb2dpbl91c2VyX2tleSI6IjA4MzM3NjgyLTFhYjItNDRlZC05OWFjLTk1MGQ3YjdhMWIxOSJ9.-HQwl7xa3Ky82jj7wI2p8EHSzJcqcZD2t3S0pe0jMKbFUif28a8VJUKcvJLACuEW8Vw7f0xYVWFguWgVJuvFoQ
10:31:30.575 [http-nio-9587-exec-5] INFO  c.r.f.w.s.TokenService - [getToken,237] - user: madaosen, backend Token: Bearer eyJhbGciOiJIUzUxMiJ9.eyJsb2dpbl91c2VyX2tleSI6IjA4MzM3NjgyLTFhYjItNDRlZC05OWFjLTk1MGQ3YjdhMWIxOSJ9.-HQwl7xa3Ky82jj7wI2p8EHSzJcqcZD2t3S0pe0jMKbFUif28a8VJUKcvJLACuEW8Vw7f0xYVWFguWgVJuvFoQ
10:31:30.575 [http-nio-9587-exec-7] INFO  c.r.f.w.s.TokenService - [getToken,237] - user: madaosen, backend Token: Bearer eyJhbGciOiJIUzUxMiJ9.eyJsb2dpbl91c2VyX2tleSI6IjA4MzM3NjgyLTFhYjItNDRlZC05OWFjLTk1MGQ3YjdhMWIxOSJ9.-HQwl7xa3Ky82jj7wI2p8EHSzJcqcZD2t3S0pe0jMKbFUif28a8VJUKcvJLACuEW8Vw7f0xYVWFguWgVJuvFoQ
10:31:30.578 [http-nio-9587-exec-9] INFO  c.r.f.w.s.TokenService - [getToken,237] - user: madaosen, backend Token: Bearer eyJhbGciOiJIUzUxMiJ9.eyJsb2dpbl91c2VyX2tleSI6IjA4MzM3NjgyLTFhYjItNDRlZC05OWFjLTk1MGQ3YjdhMWIxOSJ9.-HQwl7xa3Ky82jj7wI2p8EHSzJcqcZD2t3S0pe0jMKbFUif28a8VJUKcvJLACuEW8Vw7f0xYVWFguWgVJuvFoQ
10:31:30.582 [http-nio-9587-exec-3] INFO  c.r.f.w.s.TokenService - [getToken,237] - user: madaosen, backend Token: Bearer eyJhbGciOiJIUzUxMiJ9.eyJsb2dpbl91c2VyX2tleSI6IjA4MzM3NjgyLTFhYjItNDRlZC05OWFjLTk1MGQ3YjdhMWIxOSJ9.-HQwl7xa3Ky82jj7wI2p8EHSzJcqcZD2t3S0pe0jMKbFUif28a8VJUKcvJLACuEW8Vw7f0xYVWFguWgVJuvFoQ
10:31:30.598 [http-nio-9587-exec-2] INFO  c.r.f.w.s.TokenService - [getToken,237] - user: madaosen, backend Token: Bearer eyJhbGciOiJIUzUxMiJ9.eyJsb2dpbl91c2VyX2tleSI6IjA4MzM3NjgyLTFhYjItNDRlZC05OWFjLTk1MGQ3YjdhMWIxOSJ9.-HQwl7xa3Ky82jj7wI2p8EHSzJcqcZD2t3S0pe0jMKbFUif28a8VJUKcvJLACuEW8Vw7f0xYVWFguWgVJuvFoQ
10:31:30.598 [http-nio-9587-exec-10] INFO  c.r.f.w.s.TokenService - [getToken,237] - user: madaosen, backend Token: Bearer eyJhbGciOiJIUzUxMiJ9.eyJsb2dpbl91c2VyX2tleSI6IjA4MzM3NjgyLTFhYjItNDRlZC05OWFjLTk1MGQ3YjdhMWIxOSJ9.-HQwl7xa3Ky82jj7wI2p8EHSzJcqcZD2t3S0pe0jMKbFUif28a8VJUKcvJLACuEW8Vw7f0xYVWFguWgVJuvFoQ
10:31:30.622 [http-nio-9587-exec-4] INFO  c.r.f.w.s.TokenService - [getToken,237] - user: madaosen, backend Token: Bearer eyJhbGciOiJIUzUxMiJ9.eyJsb2dpbl91c2VyX2tleSI6IjA4MzM3NjgyLTFhYjItNDRlZC05OWFjLTk1MGQ3YjdhMWIxOSJ9.-HQwl7xa3Ky82jj7wI2p8EHSzJcqcZD2t3S0pe0jMKbFUif28a8VJUKcvJLACuEW8Vw7f0xYVWFguWgVJuvFoQ
10:31:30.637 [http-nio-9587-exec-5] INFO  c.r.f.w.s.TokenService - [getToken,237] - user: madaosen, backend Token: Bearer eyJhbGciOiJIUzUxMiJ9.eyJsb2dpbl91c2VyX2tleSI6IjA4MzM3NjgyLTFhYjItNDRlZC05OWFjLTk1MGQ3YjdhMWIxOSJ9.-HQwl7xa3Ky82jj7wI2p8EHSzJcqcZD2t3S0pe0jMKbFUif28a8VJUKcvJLACuEW8Vw7f0xYVWFguWgVJuvFoQ
10:31:30.637 [http-nio-9587-exec-3] INFO  c.r.f.w.s.TokenService - [getToken,237] - user: madaosen, backend Token: Bearer eyJhbGciOiJIUzUxMiJ9.eyJsb2dpbl91c2VyX2tleSI6IjA4MzM3NjgyLTFhYjItNDRlZC05OWFjLTk1MGQ3YjdhMWIxOSJ9.-HQwl7xa3Ky82jj7wI2p8EHSzJcqcZD2t3S0pe0jMKbFUif28a8VJUKcvJLACuEW8Vw7f0xYVWFguWgVJuvFoQ
10:31:30.637 [http-nio-9587-exec-9] INFO  c.r.f.w.s.TokenService - [getToken,237] - user: madaosen, backend Token: Bearer eyJhbGciOiJIUzUxMiJ9.eyJsb2dpbl91c2VyX2tleSI6IjA4MzM3NjgyLTFhYjItNDRlZC05OWFjLTk1MGQ3YjdhMWIxOSJ9.-HQwl7xa3Ky82jj7wI2p8EHSzJcqcZD2t3S0pe0jMKbFUif28a8VJUKcvJLACuEW8Vw7f0xYVWFguWgVJuvFoQ
10:31:30.662 [http-nio-9587-exec-6] INFO  c.r.f.w.s.TokenService - [getToken,237] - user: madaosen, backend Token: Bearer eyJhbGciOiJIUzUxMiJ9.eyJsb2dpbl91c2VyX2tleSI6IjA4MzM3NjgyLTFhYjItNDRlZC05OWFjLTk1MGQ3YjdhMWIxOSJ9.-HQwl7xa3Ky82jj7wI2p8EHSzJcqcZD2t3S0pe0jMKbFUif28a8VJUKcvJLACuEW8Vw7f0xYVWFguWgVJuvFoQ
10:31:30.663 [http-nio-9587-exec-9] INFO  c.r.f.w.s.TokenService - [getToken,237] - user: madaosen, backend Token: Bearer eyJhbGciOiJIUzUxMiJ9.eyJsb2dpbl91c2VyX2tleSI6IjA4MzM3NjgyLTFhYjItNDRlZC05OWFjLTk1MGQ3YjdhMWIxOSJ9.-HQwl7xa3Ky82jj7wI2p8EHSzJcqcZD2t3S0pe0jMKbFUif28a8VJUKcvJLACuEW8Vw7f0xYVWFguWgVJuvFoQ
10:31:30.662 [http-nio-9587-exec-8] INFO  c.r.f.w.s.TokenService - [getToken,237] - user: madaosen, backend Token: Bearer eyJhbGciOiJIUzUxMiJ9.eyJsb2dpbl91c2VyX2tleSI6IjA4MzM3NjgyLTFhYjItNDRlZC05OWFjLTk1MGQ3YjdhMWIxOSJ9.-HQwl7xa3Ky82jj7wI2p8EHSzJcqcZD2t3S0pe0jMKbFUif28a8VJUKcvJLACuEW8Vw7f0xYVWFguWgVJuvFoQ
10:31:30.663 [http-nio-9587-exec-7] INFO  c.r.f.w.s.TokenService - [getToken,237] - user: madaosen, backend Token: Bearer eyJhbGciOiJIUzUxMiJ9.eyJsb2dpbl91c2VyX2tleSI6IjA4MzM3NjgyLTFhYjItNDRlZC05OWFjLTk1MGQ3YjdhMWIxOSJ9.-HQwl7xa3Ky82jj7wI2p8EHSzJcqcZD2t3S0pe0jMKbFUif28a8VJUKcvJLACuEW8Vw7f0xYVWFguWgVJuvFoQ
10:31:30.665 [http-nio-9587-exec-3] INFO  c.r.f.w.s.TokenService - [getToken,237] - user: madaosen, backend Token: Bearer eyJhbGciOiJIUzUxMiJ9.eyJsb2dpbl91c2VyX2tleSI6IjA4MzM3NjgyLTFhYjItNDRlZC05OWFjLTk1MGQ3YjdhMWIxOSJ9.-HQwl7xa3Ky82jj7wI2p8EHSzJcqcZD2t3S0pe0jMKbFUif28a8VJUKcvJLACuEW8Vw7f0xYVWFguWgVJuvFoQ
10:31:30.808 [http-nio-9587-exec-2] INFO  c.r.f.w.s.TokenService - [getToken,237] - user: madaosen, backend Token: Bearer eyJhbGciOiJIUzUxMiJ9.eyJsb2dpbl91c2VyX2tleSI6IjA4MzM3NjgyLTFhYjItNDRlZC05OWFjLTk1MGQ3YjdhMWIxOSJ9.-HQwl7xa3Ky82jj7wI2p8EHSzJcqcZD2t3S0pe0jMKbFUif28a8VJUKcvJLACuEW8Vw7f0xYVWFguWgVJuvFoQ
10:31:30.834 [http-nio-9587-exec-4] INFO  c.r.f.w.s.TokenService - [getToken,237] - user: madaosen, backend Token: Bearer eyJhbGciOiJIUzUxMiJ9.eyJsb2dpbl91c2VyX2tleSI6IjA4MzM3NjgyLTFhYjItNDRlZC05OWFjLTk1MGQ3YjdhMWIxOSJ9.-HQwl7xa3Ky82jj7wI2p8EHSzJcqcZD2t3S0pe0jMKbFUif28a8VJUKcvJLACuEW8Vw7f0xYVWFguWgVJuvFoQ
10:31:30.892 [http-nio-9587-exec-3] INFO  c.r.f.w.s.TokenService - [getToken,237] - user: madaosen, backend Token: Bearer eyJhbGciOiJIUzUxMiJ9.eyJsb2dpbl91c2VyX2tleSI6IjA4MzM3NjgyLTFhYjItNDRlZC05OWFjLTk1MGQ3YjdhMWIxOSJ9.-HQwl7xa3Ky82jj7wI2p8EHSzJcqcZD2t3S0pe0jMKbFUif28a8VJUKcvJLACuEW8Vw7f0xYVWFguWgVJuvFoQ
10:31:35.958 [http-nio-9587-exec-8] INFO  c.r.f.w.s.TokenService - [getToken,237] - user: madaosen, backend Token: Bearer eyJhbGciOiJIUzUxMiJ9.eyJsb2dpbl91c2VyX2tleSI6IjA4MzM3NjgyLTFhYjItNDRlZC05OWFjLTk1MGQ3YjdhMWIxOSJ9.-HQwl7xa3Ky82jj7wI2p8EHSzJcqcZD2t3S0pe0jMKbFUif28a8VJUKcvJLACuEW8Vw7f0xYVWFguWgVJuvFoQ
10:31:35.974 [http-nio-9587-exec-8] INFO  c.r.w.l.TaskEventV2Listener - [onEvent,105] - EVENT :TASK_ASSIGNED
10:31:35.994 [http-nio-9587-exec-8] INFO  c.r.w.l.TaskEventV2Listener - [onEvent,105] - EVENT :TASK_COMPLETED
10:31:35.995 [http-nio-9587-exec-8] INFO  c.r.w.l.TaskEventV2Listener - [onEvent,121] - username :71074767
10:31:36.086 [http-nio-9587-exec-8] INFO  c.r.w.l.TaskEventV2Listener - [onEvent,121] - username :31027380
10:31:36.167 [http-nio-9587-exec-8] INFO  c.r.w.l.TaskEventV2Listener - [onEvent,121] - username :madaosen
10:31:36.243 [http-nio-9587-exec-8] INFO  c.r.w.l.TaskEventV2Listener - [onEvent,121] - username :shiqi
10:31:36.324 [http-nio-9587-exec-8] INFO  c.r.w.l.TaskEventV2Listener - [onEvent,121] - username :xiaoneng
10:31:36.408 [http-nio-9587-exec-8] INFO  c.r.w.l.TaskEventV2Listener - [onEvent,121] - username :enci
10:31:36.487 [http-nio-9587-exec-8] INFO  c.r.w.l.TaskEventV2Listener - [onEvent,105] - EVENT :TASK_CREATED
10:31:36.489 [http-nio-9587-exec-8] INFO  c.r.f.w.s.TokenService - [getToken,237] - user: madaosen, backend Token: Bearer eyJhbGciOiJIUzUxMiJ9.eyJsb2dpbl91c2VyX2tleSI6IjA4MzM3NjgyLTFhYjItNDRlZC05OWFjLTk1MGQ3YjdhMWIxOSJ9.-HQwl7xa3Ky82jj7wI2p8EHSzJcqcZD2t3S0pe0jMKbFUif28a8VJUKcvJLACuEW8Vw7f0xYVWFguWgVJuvFoQ
10:31:36.491 [http-nio-9587-exec-8] INFO  c.r.w.s.i.AiAgentTaskExecutionServiceImpl - [createWorkflowNodeTasks,320] - 审批流程节点未绑定自动执行且已启用的Agent，projectId=2095053346414166016, nodeId=FillInitiationProjectInfo
10:31:36.492 [http-nio-9587-exec-8] INFO  c.r.w.l.TaskEventV2Listener - [onEvent,127] - username :madaosen
10:31:36.565 [http-nio-9587-exec-8] INFO  c.r.w.l.TaskEventV2Listener - [createOaTask,240] - task0: Task{createDate='2026-09-07 10:31:36', createOrg='45', createUser='madaosen', createUserName='madaosen', expiryDate='null', kindName='null', moduleName='null', needInputPwd='null', oaIId='null', oaMkId='null', receiveUser='madaosen', receiveUserName='madaosen', synId='null', synType='1', taskId='3f8c80ce-aa64-11f1-885b-da3bbfe162e3', tasksType='1', title='全生命周期平台督办：补充项目信息--万号投诉处理智能体研发', type='0', url='http://www.sh.ctc.com/EFFPRO2/oa_verify?taskId=3f8c80cd-aa64-11f1-885b-da3bbfe162e3&redirect=%2FEFFPRO2%2Fproject%2FagencyProject%2FdetailPage%3Fid%3D2095053346414166016'}
10:31:36.606 [http-nio-9587-exec-5] INFO  c.r.f.w.s.TokenService - [getToken,237] - user: madaosen, backend Token: Bearer eyJhbGciOiJIUzUxMiJ9.eyJsb2dpbl91c2VyX2tleSI6IjA4MzM3NjgyLTFhYjItNDRlZC05OWFjLTk1MGQ3YjdhMWIxOSJ9.-HQwl7xa3Ky82jj7wI2p8EHSzJcqcZD2t3S0pe0jMKbFUif28a8VJUKcvJLACuEW8Vw7f0xYVWFguWgVJuvFoQ
10:31:36.608 [http-nio-9587-exec-8] INFO  c.r.f.w.s.TokenService - [getToken,237] - user: madaosen, backend Token: Bearer eyJhbGciOiJIUzUxMiJ9.eyJsb2dpbl91c2VyX2tleSI6IjA4MzM3NjgyLTFhYjItNDRlZC05OWFjLTk1MGQ3YjdhMWIxOSJ9.-HQwl7xa3Ky82jj7wI2p8EHSzJcqcZD2t3S0pe0jMKbFUif28a8VJUKcvJLACuEW8Vw7f0xYVWFguWgVJuvFoQ
10:31:36.608 [http-nio-9587-exec-7] INFO  c.r.f.w.s.TokenService - [getToken,237] - user: madaosen, backend Token: Bearer eyJhbGciOiJIUzUxMiJ9.eyJsb2dpbl91c2VyX2tleSI6IjA4MzM3NjgyLTFhYjItNDRlZC05OWFjLTk1MGQ3YjdhMWIxOSJ9.-HQwl7xa3Ky82jj7wI2p8EHSzJcqcZD2t3S0pe0jMKbFUif28a8VJUKcvJLACuEW8Vw7f0xYVWFguWgVJuvFoQ
10:31:36.608 [http-nio-9587-exec-9] INFO  c.r.f.w.s.TokenService - [getToken,237] - user: madaosen, backend Token: Bearer eyJhbGciOiJIUzUxMiJ9.eyJsb2dpbl91c2VyX2tleSI6IjA4MzM3NjgyLTFhYjItNDRlZC05OWFjLTk1MGQ3YjdhMWIxOSJ9.-HQwl7xa3Ky82jj7wI2p8EHSzJcqcZD2t3S0pe0jMKbFUif28a8VJUKcvJLACuEW8Vw7f0xYVWFguWgVJuvFoQ
10:31:36.608 [http-nio-9587-exec-10] INFO  c.r.f.w.s.TokenService - [getToken,237] - user: madaosen, backend Token: Bearer eyJhbGciOiJIUzUxMiJ9.eyJsb2dpbl91c2VyX2tleSI6IjA4MzM3NjgyLTFhYjItNDRlZC05OWFjLTk1MGQ3YjdhMWIxOSJ9.-HQwl7xa3Ky82jj7wI2p8EHSzJcqcZD2t3S0pe0jMKbFUif28a8VJUKcvJLACuEW8Vw7f0xYVWFguWgVJuvFoQ
10:31:36.609 [http-nio-9587-exec-6] INFO  c.r.f.w.s.TokenService - [getToken,237] - user: madaosen, backend Token: Bearer eyJhbGciOiJIUzUxMiJ9.eyJsb2dpbl91c2VyX2tleSI6IjA4MzM3NjgyLTFhYjItNDRlZC05OWFjLTk1MGQ3YjdhMWIxOSJ9.-HQwl7xa3Ky82jj7wI2p8EHSzJcqcZD2t3S0pe0jMKbFUif28a8VJUKcvJLACuEW8Vw7f0xYVWFguWgVJuvFoQ
10:31:36.616 [http-nio-9587-exec-1] INFO  c.r.f.w.s.TokenService - [getToken,237] - user: madaosen, backend Token: Bearer eyJhbGciOiJIUzUxMiJ9.eyJsb2dpbl91c2VyX2tleSI6IjA4MzM3NjgyLTFhYjItNDRlZC05OWFjLTk1MGQ3YjdhMWIxOSJ9.-HQwl7xa3Ky82jj7wI2p8EHSzJcqcZD2t3S0pe0jMKbFUif28a8VJUKcvJLACuEW8Vw7f0xYVWFguWgVJuvFoQ
10:31:36.624 [http-nio-9587-exec-2] INFO  c.r.f.w.s.TokenService - [getToken,237] - user: madaosen, backend Token: Bearer eyJhbGciOiJIUzUxMiJ9.eyJsb2dpbl91c2VyX2tleSI6IjA4MzM3NjgyLTFhYjItNDRlZC05OWFjLTk1MGQ3YjdhMWIxOSJ9.-HQwl7xa3Ky82jj7wI2p8EHSzJcqcZD2t3S0pe0jMKbFUif28a8VJUKcvJLACuEW8Vw7f0xYVWFguWgVJuvFoQ
10:31:36.849 [http-nio-9587-exec-3] INFO  c.r.f.w.s.TokenService - [getToken,237] - user: madaosen, backend Token: Bearer eyJhbGciOiJIUzUxMiJ9.eyJsb2dpbl91c2VyX2tleSI6IjA4MzM3NjgyLTFhYjItNDRlZC05OWFjLTk1MGQ3YjdhMWIxOSJ9.-HQwl7xa3Ky82jj7wI2p8EHSzJcqcZD2t3S0pe0jMKbFUif28a8VJUKcvJLACuEW8Vw7f0xYVWFguWgVJuvFoQ
10:31:36.849 [http-nio-9587-exec-1] INFO  c.r.f.w.s.TokenService - [getToken,237] - user: madaosen, backend Token: Bearer eyJhbGciOiJIUzUxMiJ9.eyJsb2dpbl91c2VyX2tleSI6IjA4MzM3NjgyLTFhYjItNDRlZC05OWFjLTk1MGQ3YjdhMWIxOSJ9.-HQwl7xa3Ky82jj7wI2p8EHSzJcqcZD2t3S0pe0jMKbFUif28a8VJUKcvJLACuEW8Vw7f0xYVWFguWgVJuvFoQ
10:31:36.849 [http-nio-9587-exec-4] INFO  c.r.f.w.s.TokenService - [getToken,237] - user: madaosen, backend Token: Bearer eyJhbGciOiJIUzUxMiJ9.eyJsb2dpbl91c2VyX2tleSI6IjA4MzM3NjgyLTFhYjItNDRlZC05OWFjLTk1MGQ3YjdhMWIxOSJ9.-HQwl7xa3Ky82jj7wI2p8EHSzJcqcZD2t3S0pe0jMKbFUif28a8VJUKcvJLACuEW8Vw7f0xYVWFguWgVJuvFoQ
10:31:36.849 [http-nio-9587-exec-5] INFO  c.r.f.w.s.TokenService - [getToken,237] - user: madaosen, backend Token: Bearer eyJhbGciOiJIUzUxMiJ9.eyJsb2dpbl91c2VyX2tleSI6IjA4MzM3NjgyLTFhYjItNDRlZC05OWFjLTk1MGQ3YjdhMWIxOSJ9.-HQwl7xa3Ky82jj7wI2p8EHSzJcqcZD2t3S0pe0jMKbFUif28a8VJUKcvJLACuEW8Vw7f0xYVWFguWgVJuvFoQ
10:31:36.850 [http-nio-9587-exec-10] INFO  c.r.f.w.s.TokenService - [getToken,237] - user: madaosen, backend Token: Bearer eyJhbGciOiJIUzUxMiJ9.eyJsb2dpbl91c2VyX2tleSI6IjA4MzM3NjgyLTFhYjItNDRlZC05OWFjLTk1MGQ3YjdhMWIxOSJ9.-HQwl7xa3Ky82jj7wI2p8EHSzJcqcZD2t3S0pe0jMKbFUif28a8VJUKcvJLACuEW8Vw7f0xYVWFguWgVJuvFoQ
10:31:36.852 [http-nio-9587-exec-6] INFO  c.r.f.w.s.TokenService - [getToken,237] - user: madaosen, backend Token: Bearer eyJhbGciOiJIUzUxMiJ9.eyJsb2dpbl91c2VyX2tleSI6IjA4MzM3NjgyLTFhYjItNDRlZC05OWFjLTk1MGQ3YjdhMWIxOSJ9.-HQwl7xa3Ky82jj7wI2p8EHSzJcqcZD2t3S0pe0jMKbFUif28a8VJUKcvJLACuEW8Vw7f0xYVWFguWgVJuvFoQ
10:31:36.867 [http-nio-9587-exec-9] INFO  c.r.f.w.s.TokenService - [getToken,237] - user: madaosen, backend Token: Bearer eyJhbGciOiJIUzUxMiJ9.eyJsb2dpbl91c2VyX2tleSI6IjA4MzM3NjgyLTFhYjItNDRlZC05OWFjLTk1MGQ3YjdhMWIxOSJ9.-HQwl7xa3Ky82jj7wI2p8EHSzJcqcZD2t3S0pe0jMKbFUif28a8VJUKcvJLACuEW8Vw7f0xYVWFguWgVJuvFoQ
10:31:36.867 [http-nio-9587-exec-2] INFO  c.r.f.w.s.TokenService - [getToken,237] - user: madaosen, backend Token: Bearer eyJhbGciOiJIUzUxMiJ9.eyJsb2dpbl91c2VyX2tleSI6IjA4MzM3NjgyLTFhYjItNDRlZC05OWFjLTk1MGQ3YjdhMWIxOSJ9.-HQwl7xa3Ky82jj7wI2p8EHSzJcqcZD2t3S0pe0jMKbFUif28a8VJUKcvJLACuEW8Vw7f0xYVWFguWgVJuvFoQ
10:31:36.885 [http-nio-9587-exec-7] INFO  c.r.f.w.s.TokenService - [getToken,237] - user: madaosen, backend Token: Bearer eyJhbGciOiJIUzUxMiJ9.eyJsb2dpbl91c2VyX2tleSI6IjA4MzM3NjgyLTFhYjItNDRlZC05OWFjLTk1MGQ3YjdhMWIxOSJ9.-HQwl7xa3Ky82jj7wI2p8EHSzJcqcZD2t3S0pe0jMKbFUif28a8VJUKcvJLACuEW8Vw7f0xYVWFguWgVJuvFoQ
10:31:36.898 [http-nio-9587-exec-5] INFO  c.r.f.w.s.TokenService - [getToken,237] - user: madaosen, backend Token: Bearer eyJhbGciOiJIUzUxMiJ9.eyJsb2dpbl91c2VyX2tleSI6IjA4MzM3NjgyLTFhYjItNDRlZC05OWFjLTk1MGQ3YjdhMWIxOSJ9.-HQwl7xa3Ky82jj7wI2p8EHSzJcqcZD2t3S0pe0jMKbFUif28a8VJUKcvJLACuEW8Vw7f0xYVWFguWgVJuvFoQ
10:31:36.898 [http-nio-9587-exec-10] INFO  c.r.f.w.s.TokenService - [getToken,237] - user: madaosen, backend Token: Bearer eyJhbGciOiJIUzUxMiJ9.eyJsb2dpbl91c2VyX2tleSI6IjA4MzM3NjgyLTFhYjItNDRlZC05OWFjLTk1MGQ3YjdhMWIxOSJ9.-HQwl7xa3Ky82jj7wI2p8EHSzJcqcZD2t3S0pe0jMKbFUif28a8VJUKcvJLACuEW8Vw7f0xYVWFguWgVJuvFoQ
10:31:36.898 [http-nio-9587-exec-6] INFO  c.r.f.w.s.TokenService - [getToken,237] - user: madaosen, backend Token: Bearer eyJhbGciOiJIUzUxMiJ9.eyJsb2dpbl91c2VyX2tleSI6IjA4MzM3NjgyLTFhYjItNDRlZC05OWFjLTk1MGQ3YjdhMWIxOSJ9.-HQwl7xa3Ky82jj7wI2p8EHSzJcqcZD2t3S0pe0jMKbFUif28a8VJUKcvJLACuEW8Vw7f0xYVWFguWgVJuvFoQ
10:31:36.915 [http-nio-9587-exec-3] INFO  c.r.f.w.s.TokenService - [getToken,237] - user: madaosen, backend Token: Bearer eyJhbGciOiJIUzUxMiJ9.eyJsb2dpbl91c2VyX2tleSI6IjA4MzM3NjgyLTFhYjItNDRlZC05OWFjLTk1MGQ3YjdhMWIxOSJ9.-HQwl7xa3Ky82jj7wI2p8EHSzJcqcZD2t3S0pe0jMKbFUif28a8VJUKcvJLACuEW8Vw7f0xYVWFguWgVJuvFoQ
10:31:36.916 [http-nio-9587-exec-4] INFO  c.r.f.w.s.TokenService - [getToken,237] - user: madaosen, backend Token: Bearer eyJhbGciOiJIUzUxMiJ9.eyJsb2dpbl91c2VyX2tleSI6IjA4MzM3NjgyLTFhYjItNDRlZC05OWFjLTk1MGQ3YjdhMWIxOSJ9.-HQwl7xa3Ky82jj7wI2p8EHSzJcqcZD2t3S0pe0jMKbFUif28a8VJUKcvJLACuEW8Vw7f0xYVWFguWgVJuvFoQ
10:31:36.916 [http-nio-9587-exec-1] INFO  c.r.f.w.s.TokenService - [getToken,237] - user: madaosen, backend Token: Bearer eyJhbGciOiJIUzUxMiJ9.eyJsb2dpbl91c2VyX2tleSI6IjA4MzM3NjgyLTFhYjItNDRlZC05OWFjLTk1MGQ3YjdhMWIxOSJ9.-HQwl7xa3Ky82jj7wI2p8EHSzJcqcZD2t3S0pe0jMKbFUif28a8VJUKcvJLACuEW8Vw7f0xYVWFguWgVJuvFoQ
10:31:36.916 [http-nio-9587-exec-10] INFO  c.r.f.w.s.TokenService - [getToken,237] - user: madaosen, backend Token: Bearer eyJhbGciOiJIUzUxMiJ9.eyJsb2dpbl91c2VyX2tleSI6IjA4MzM3NjgyLTFhYjItNDRlZC05OWFjLTk1MGQ3YjdhMWIxOSJ9.-HQwl7xa3Ky82jj7wI2p8EHSzJcqcZD2t3S0pe0jMKbFUif28a8VJUKcvJLACuEW8Vw7f0xYVWFguWgVJuvFoQ
10:31:36.918 [http-nio-9587-exec-5] INFO  c.r.f.w.s.TokenService - [getToken,237] - user: madaosen, backend Token: Bearer eyJhbGciOiJIUzUxMiJ9.eyJsb2dpbl91c2VyX2tleSI6IjA4MzM3NjgyLTFhYjItNDRlZC05OWFjLTk1MGQ3YjdhMWIxOSJ9.-HQwl7xa3Ky82jj7wI2p8EHSzJcqcZD2t3S0pe0jMKbFUif28a8VJUKcvJLACuEW8Vw7f0xYVWFguWgVJuvFoQ
10:31:37.052 [http-nio-9587-exec-2] INFO  c.r.f.w.s.TokenService - [getToken,237] - user: madaosen, backend Token: Bearer eyJhbGciOiJIUzUxMiJ9.eyJsb2dpbl91c2VyX2tleSI6IjA4MzM3NjgyLTFhYjItNDRlZC05OWFjLTk1MGQ3YjdhMWIxOSJ9.-HQwl7xa3Ky82jj7wI2p8EHSzJcqcZD2t3S0pe0jMKbFUif28a8VJUKcvJLACuEW8Vw7f0xYVWFguWgVJuvFoQ
10:31:37.087 [http-nio-9587-exec-7] INFO  c.r.f.w.s.TokenService - [getToken,237] - user: madaosen, backend Token: Bearer eyJhbGciOiJIUzUxMiJ9.eyJsb2dpbl91c2VyX2tleSI6IjA4MzM3NjgyLTFhYjItNDRlZC05OWFjLTk1MGQ3YjdhMWIxOSJ9.-HQwl7xa3Ky82jj7wI2p8EHSzJcqcZD2t3S0pe0jMKbFUif28a8VJUKcvJLACuEW8Vw7f0xYVWFguWgVJuvFoQ
10:31:37.255 [http-nio-9587-exec-5] INFO  c.r.f.w.s.TokenService - [getToken,237] - user: madaosen, backend Token: Bearer eyJhbGciOiJIUzUxMiJ9.eyJsb2dpbl91c2VyX2tleSI6IjA4MzM3NjgyLTFhYjItNDRlZC05OWFjLTk1MGQ3YjdhMWIxOSJ9.-HQwl7xa3Ky82jj7wI2p8EHSzJcqcZD2t3S0pe0jMKbFUif28a8VJUKcvJLACuEW8Vw7f0xYVWFguWgVJuvFoQ
10:33:37.712 [http-nio-9587-exec-2] INFO  c.r.f.w.s.TokenService - [getToken,237] - user: madaosen, backend Token: Bearer eyJhbGciOiJIUzUxMiJ9.eyJsb2dpbl91c2VyX2tleSI6IjA4MzM3NjgyLTFhYjItNDRlZC05OWFjLTk1MGQ3YjdhMWIxOSJ9.-HQwl7xa3Ky82jj7wI2p8EHSzJcqcZD2t3S0pe0jMKbFUif28a8VJUKcvJLACuEW8Vw7f0xYVWFguWgVJuvFoQ
10:33:37.746 [http-nio-9587-exec-2] INFO  c.r.w.l.TaskEventV2Listener - [onEvent,105] - EVENT :TASK_ASSIGNED
10:33:37.768 [http-nio-9587-exec-2] INFO  c.r.w.l.TaskEventV2Listener - [onEvent,105] - EVENT :TASK_COMPLETED
10:33:37.769 [http-nio-9587-exec-2] INFO  c.r.w.l.TaskEventV2Listener - [onEvent,121] - username :madaosen
10:33:37.881 [http-nio-9587-exec-2] INFO  c.r.w.l.TaskEventV2Listener - [onEvent,105] - EVENT :TASK_CREATED
10:33:37.885 [http-nio-9587-exec-2] INFO  c.r.f.w.s.TokenService - [getToken,237] - user: madaosen, backend Token: Bearer eyJhbGciOiJIUzUxMiJ9.eyJsb2dpbl91c2VyX2tleSI6IjA4MzM3NjgyLTFhYjItNDRlZC05OWFjLTk1MGQ3YjdhMWIxOSJ9.-HQwl7xa3Ky82jj7wI2p8EHSzJcqcZD2t3S0pe0jMKbFUif28a8VJUKcvJLACuEW8Vw7f0xYVWFguWgVJuvFoQ
10:33:37.890 [http-nio-9587-exec-2] INFO  c.r.w.s.i.AiAgentTaskExecutionServiceImpl - [createWorkflowNodeTasks,320] - 审批流程节点未绑定自动执行且已启用的Agent，projectId=2095053346414166016, nodeId=ConfirmInitiationProjectInfo
10:33:37.891 [http-nio-9587-exec-2] INFO  c.r.w.l.TaskEventV2Listener - [onEvent,127] - username :qzjhy
10:33:37.984 [http-nio-9587-exec-2] INFO  c.r.w.l.TaskEventV2Listener - [createOaTask,240] - task0: Task{createDate='2026-09-07 10:33:37', createOrg='45', createUser='madaosen', createUserName='madaosen', expiryDate='null', kindName='null', moduleName='null', needInputPwd='null', oaIId='null', oaMkId='null', receiveUser='qzjhy', receiveUserName='叶兰', synId='null', synType='1', taskId='87e773d7-aa64-11f1-885b-da3bbfe162e3', tasksType='1', title='全生命周期平台督办：确认项目信息--万号投诉处理智能体研发', type='0', url='http://www.sh.ctc.com/EFFPRO2/oa_verify?taskId=87e725b6-aa64-11f1-885b-da3bbfe162e3&redirect=%2FEFFPRO2%2Fproject%2FagencyProject%2FdetailPage%3Fid%3D2095053346414166016'}
10:33:37.986 [http-nio-9587-exec-2] INFO  c.r.w.l.TaskEventV2Listener - [onEvent,127] - username :71074767
10:33:38.064 [http-nio-9587-exec-2] INFO  c.r.w.l.TaskEventV2Listener - [createOaTask,240] - task0: Task{createDate='2026-09-07 10:33:37', createOrg='45', createUser='madaosen', createUserName='madaosen', expiryDate='null', kindName='null', moduleName='null', needInputPwd='null', oaIId='null', oaMkId='null', receiveUser='71074767', receiveUserName='石奇', synId='null', synType='1', taskId='87e773d8-aa64-11f1-885b-da3bbfe162e3', tasksType='1', title='全生命周期平台督办：确认项目信息--万号投诉处理智能体研发', type='0', url='http://www.sh.ctc.com/EFFPRO2/oa_verify?taskId=87e725b6-aa64-11f1-885b-da3bbfe162e3&redirect=%2FEFFPRO2%2Fproject%2FagencyProject%2FdetailPage%3Fid%3D2095053346414166016'}
10:33:38.066 [http-nio-9587-exec-2] INFO  c.r.w.l.TaskEventV2Listener - [onEvent,127] - username :31027380
10:33:38.137 [http-nio-9587-exec-2] INFO  c.r.w.l.TaskEventV2Listener - [createOaTask,240] - task0: Task{createDate='2026-09-07 10:33:38', createOrg='45', createUser='madaosen', createUserName='madaosen', expiryDate='null', kindName='null', moduleName='null', needInputPwd='null', oaIId='null', oaMkId='null', receiveUser='31027380', receiveUserName='林赟炜', synId='null', synType='1', taskId='87e773d9-aa64-11f1-885b-da3bbfe162e3', tasksType='1', title='全生命周期平台督办：确认项目信息--万号投诉处理智能体研发', type='0', url='http://www.sh.ctc.com/EFFPRO2/oa_verify?taskId=87e725b6-aa64-11f1-885b-da3bbfe162e3&redirect=%2FEFFPRO2%2Fproject%2FagencyProject%2FdetailPage%3Fid%3D2095053346414166016'}
10:33:38.139 [http-nio-9587-exec-2] INFO  c.r.w.l.TaskEventV2Listener - [onEvent,127] - username :31001583
10:33:38.141 [http-nio-9587-exec-2] INFO  c.r.w.l.TaskEventV2Listener - [onEvent,127] - username :31100594
10:33:38.212 [http-nio-9587-exec-2] INFO  c.r.w.l.TaskEventV2Listener - [createOaTask,240] - task0: Task{createDate='2026-09-07 10:33:38', createOrg='45', createUser='madaosen', createUserName='madaosen', expiryDate='null', kindName='null', moduleName='null', needInputPwd='null', oaIId='null', oaMkId='null', receiveUser='31100594', receiveUserName='张银佐', synId='null', synType='1', taskId='87e773db-aa64-11f1-885b-da3bbfe162e3', tasksType='1', title='全生命周期平台督办：确认项目信息--万号投诉处理智能体研发', type='0', url='http://www.sh.ctc.com/EFFPRO2/oa_verify?taskId=87e725b6-aa64-11f1-885b-da3bbfe162e3&redirect=%2FEFFPRO2%2Fproject%2FagencyProject%2FdetailPage%3Fid%3D2095053346414166016'}
10:33:38.214 [http-nio-9587-exec-2] INFO  c.r.w.l.TaskEventV2Listener - [onEvent,127] - username :madaosen
10:33:38.303 [http-nio-9587-exec-2] INFO  c.r.w.l.TaskEventV2Listener - [createOaTask,240] - task0: Task{createDate='2026-09-07 10:33:38', createOrg='45', createUser='madaosen', createUserName='madaosen', expiryDate='null', kindName='null', moduleName='null', needInputPwd='null', oaIId='null', oaMkId='null', receiveUser='madaosen', receiveUserName='madaosen', synId='null', synType='1', taskId='87e773dc-aa64-11f1-885b-da3bbfe162e3', tasksType='1', title='全生命周期平台督办：确认项目信息--万号投诉处理智能体研发', type='0', url='http://www.sh.ctc.com/EFFPRO2/oa_verify?taskId=87e725b6-aa64-11f1-885b-da3bbfe162e3&redirect=%2FEFFPRO2%2Fproject%2FagencyProject%2FdetailPage%3Fid%3D2095053346414166016'}
10:33:38.305 [http-nio-9587-exec-2] INFO  c.r.w.l.TaskEventV2Listener - [onEvent,127] - username :zhuweibao
10:33:38.386 [http-nio-9587-exec-2] INFO  c.r.w.l.TaskEventV2Listener - [createOaTask,240] - task0: Task{createDate='2026-09-07 10:33:38', createOrg='45', createUser='madaosen', createUserName='madaosen', expiryDate='null', kindName='null', moduleName='null', needInputPwd='null', oaIId='null', oaMkId='null', receiveUser='zhuweibao', receiveUserName='朱伟宝', synId='null', synType='1', taskId='87e773dd-aa64-11f1-885b-da3bbfe162e3', tasksType='1', title='全生命周期平台督办：确认项目信息--万号投诉处理智能体研发', type='0', url='http://www.sh.ctc.com/EFFPRO2/oa_verify?taskId=87e725b6-aa64-11f1-885b-da3bbfe162e3&redirect=%2FEFFPRO2%2Fproject%2FagencyProject%2FdetailPage%3Fid%3D2095053346414166016'}
10:33:38.389 [http-nio-9587-exec-2] INFO  c.r.w.l.TaskEventV2Listener - [onEvent,127] - username :daiqi
10:33:38.466 [http-nio-9587-exec-2] INFO  c.r.w.l.TaskEventV2Listener - [createOaTask,240] - task0: Task{createDate='2026-09-07 10:33:38', createOrg='45', createUser='madaosen', createUserName='madaosen', expiryDate='null', kindName='null', moduleName='null', needInputPwd='null', oaIId='null', oaMkId='null', receiveUser='daiqi', receiveUserName='daiqi', synId='null', synType='1', taskId='87e773de-aa64-11f1-885b-da3bbfe162e3', tasksType='1', title='全生命周期平台督办：确认项目信息--万号投诉处理智能体研发', type='0', url='http://www.sh.ctc.com/EFFPRO2/oa_verify?taskId=87e725b6-aa64-11f1-885b-da3bbfe162e3&redirect=%2FEFFPRO2%2Fproject%2FagencyProject%2FdetailPage%3Fid%3D2095053346414166016'}
10:33:38.468 [http-nio-9587-exec-2] INFO  c.r.w.l.TaskEventV2Listener - [onEvent,127] - username :xiaoneng
10:33:38.541 [http-nio-9587-exec-2] INFO  c.r.w.l.TaskEventV2Listener - [createOaTask,240] - task0: Task{createDate='2026-09-07 10:33:38', createOrg='45', createUser='madaosen', createUserName='madaosen', expiryDate='null', kindName='null', moduleName='null', needInputPwd='null', oaIId='null', oaMkId='null', receiveUser='xiaoneng', receiveUserName='小能', synId='null', synType='1', taskId='87e773df-aa64-11f1-885b-da3bbfe162e3', tasksType='1', title='全生命周期平台督办：确认项目信息--万号投诉处理智能体研发', type='0', url='http://www.sh.ctc.com/EFFPRO2/oa_verify?taskId=87e725b6-aa64-11f1-885b-da3bbfe162e3&redirect=%2FEFFPRO2%2Fproject%2FagencyProject%2FdetailPage%3Fid%3D2095053346414166016'}
10:33:38.542 [http-nio-9587-exec-2] INFO  c.r.w.l.TaskEventV2Listener - [onEvent,127] - username :enci
10:33:38.625 [http-nio-9587-exec-2] INFO  c.r.w.l.TaskEventV2Listener - [createOaTask,240] - task0: Task{createDate='2026-09-07 10:33:38', createOrg='45', createUser='madaosen', createUserName='madaosen', expiryDate='null', kindName='null', moduleName='null', needInputPwd='null', oaIId='null', oaMkId='null', receiveUser='enci', receiveUserName='enci', synId='null', synType='1', taskId='87e79af0-aa64-11f1-885b-da3bbfe162e3', tasksType='1', title='全生命周期平台督办：确认项目信息--万号投诉处理智能体研发', type='0', url='http://www.sh.ctc.com/EFFPRO2/oa_verify?taskId=87e725b6-aa64-11f1-885b-da3bbfe162e3&redirect=%2FEFFPRO2%2Fproject%2FagencyProject%2FdetailPage%3Fid%3D2095053346414166016'}
10:33:38.672 [http-nio-9587-exec-9] INFO  c.r.f.w.s.TokenService - [getToken,237] - user: madaosen, backend Token: Bearer eyJhbGciOiJIUzUxMiJ9.eyJsb2dpbl91c2VyX2tleSI6IjA4MzM3NjgyLTFhYjItNDRlZC05OWFjLTk1MGQ3YjdhMWIxOSJ9.-HQwl7xa3Ky82jj7wI2p8EHSzJcqcZD2t3S0pe0jMKbFUif28a8VJUKcvJLACuEW8Vw7f0xYVWFguWgVJuvFoQ
10:33:38.676 [http-nio-9587-exec-2] INFO  c.r.f.w.s.TokenService - [getToken,237] - user: madaosen, backend Token: Bearer eyJhbGciOiJIUzUxMiJ9.eyJsb2dpbl91c2VyX2tleSI6IjA4MzM3NjgyLTFhYjItNDRlZC05OWFjLTk1MGQ3YjdhMWIxOSJ9.-HQwl7xa3Ky82jj7wI2p8EHSzJcqcZD2t3S0pe0jMKbFUif28a8VJUKcvJLACuEW8Vw7f0xYVWFguWgVJuvFoQ
10:33:38.680 [http-nio-9587-exec-7] INFO  c.r.f.w.s.TokenService - [getToken,237] - user: madaosen, backend Token: Bearer eyJhbGciOiJIUzUxMiJ9.eyJsb2dpbl91c2VyX2tleSI6IjA4MzM3NjgyLTFhYjItNDRlZC05OWFjLTk1MGQ3YjdhMWIxOSJ9.-HQwl7xa3Ky82jj7wI2p8EHSzJcqcZD2t3S0pe0jMKbFUif28a8VJUKcvJLACuEW8Vw7f0xYVWFguWgVJuvFoQ
10:33:38.680 [http-nio-9587-exec-6] INFO  c.r.f.w.s.TokenService - [getToken,237] - user: madaosen, backend Token: Bearer eyJhbGciOiJIUzUxMiJ9.eyJsb2dpbl91c2VyX2tleSI6IjA4MzM3NjgyLTFhYjItNDRlZC05OWFjLTk1MGQ3YjdhMWIxOSJ9.-HQwl7xa3Ky82jj7wI2p8EHSzJcqcZD2t3S0pe0jMKbFUif28a8VJUKcvJLACuEW8Vw7f0xYVWFguWgVJuvFoQ
10:33:38.685 [http-nio-9587-exec-1] INFO  c.r.f.w.s.TokenService - [getToken,237] - user: madaosen, backend Token: Bearer eyJhbGciOiJIUzUxMiJ9.eyJsb2dpbl91c2VyX2tleSI6IjA4MzM3NjgyLTFhYjItNDRlZC05OWFjLTk1MGQ3YjdhMWIxOSJ9.-HQwl7xa3Ky82jj7wI2p8EHSzJcqcZD2t3S0pe0jMKbFUif28a8VJUKcvJLACuEW8Vw7f0xYVWFguWgVJuvFoQ
10:33:38.685 [http-nio-9587-exec-10] INFO  c.r.f.w.s.TokenService - [getToken,237] - user: madaosen, backend Token: Bearer eyJhbGciOiJIUzUxMiJ9.eyJsb2dpbl91c2VyX2tleSI6IjA4MzM3NjgyLTFhYjItNDRlZC05OWFjLTk1MGQ3YjdhMWIxOSJ9.-HQwl7xa3Ky82jj7wI2p8EHSzJcqcZD2t3S0pe0jMKbFUif28a8VJUKcvJLACuEW8Vw7f0xYVWFguWgVJuvFoQ
10:33:38.711 [http-nio-9587-exec-4] INFO  c.r.f.w.s.TokenService - [getToken,237] - user: madaosen, backend Token: Bearer eyJhbGciOiJIUzUxMiJ9.eyJsb2dpbl91c2VyX2tleSI6IjA4MzM3NjgyLTFhYjItNDRlZC05OWFjLTk1MGQ3YjdhMWIxOSJ9.-HQwl7xa3Ky82jj7wI2p8EHSzJcqcZD2t3S0pe0jMKbFUif28a8VJUKcvJLACuEW8Vw7f0xYVWFguWgVJuvFoQ
10:33:38.712 [http-nio-9587-exec-8] INFO  c.r.f.w.s.TokenService - [getToken,237] - user: madaosen, backend Token: Bearer eyJhbGciOiJIUzUxMiJ9.eyJsb2dpbl91c2VyX2tleSI6IjA4MzM3NjgyLTFhYjItNDRlZC05OWFjLTk1MGQ3YjdhMWIxOSJ9.-HQwl7xa3Ky82jj7wI2p8EHSzJcqcZD2t3S0pe0jMKbFUif28a8VJUKcvJLACuEW8Vw7f0xYVWFguWgVJuvFoQ
10:33:39.086 [http-nio-9587-exec-9] INFO  c.r.f.w.s.TokenService - [getToken,237] - user: madaosen, backend Token: Bearer eyJhbGciOiJIUzUxMiJ9.eyJsb2dpbl91c2VyX2tleSI6IjA4MzM3NjgyLTFhYjItNDRlZC05OWFjLTk1MGQ3YjdhMWIxOSJ9.-HQwl7xa3Ky82jj7wI2p8EHSzJcqcZD2t3S0pe0jMKbFUif28a8VJUKcvJLACuEW8Vw7f0xYVWFguWgVJuvFoQ
10:33:39.086 [http-nio-9587-exec-10] INFO  c.r.f.w.s.TokenService - [getToken,237] - user: madaosen, backend Token: Bearer eyJhbGciOiJIUzUxMiJ9.eyJsb2dpbl91c2VyX2tleSI6IjA4MzM3NjgyLTFhYjItNDRlZC05OWFjLTk1MGQ3YjdhMWIxOSJ9.-HQwl7xa3Ky82jj7wI2p8EHSzJcqcZD2t3S0pe0jMKbFUif28a8VJUKcvJLACuEW8Vw7f0xYVWFguWgVJuvFoQ
10:33:39.087 [http-nio-9587-exec-2] INFO  c.r.f.w.s.TokenService - [getToken,237] - user: madaosen, backend Token: Bearer eyJhbGciOiJIUzUxMiJ9.eyJsb2dpbl91c2VyX2tleSI6IjA4MzM3NjgyLTFhYjItNDRlZC05OWFjLTk1MGQ3YjdhMWIxOSJ9.-HQwl7xa3Ky82jj7wI2p8EHSzJcqcZD2t3S0pe0jMKbFUif28a8VJUKcvJLACuEW8Vw7f0xYVWFguWgVJuvFoQ
10:33:39.087 [http-nio-9587-exec-5] INFO  c.r.f.w.s.TokenService - [getToken,237] - user: madaosen, backend Token: Bearer eyJhbGciOiJIUzUxMiJ9.eyJsb2dpbl91c2VyX2tleSI6IjA4MzM3NjgyLTFhYjItNDRlZC05OWFjLTk1MGQ3YjdhMWIxOSJ9.-HQwl7xa3Ky82jj7wI2p8EHSzJcqcZD2t3S0pe0jMKbFUif28a8VJUKcvJLACuEW8Vw7f0xYVWFguWgVJuvFoQ
10:33:39.088 [http-nio-9587-exec-7] INFO  c.r.f.w.s.TokenService - [getToken,237] - user: madaosen, backend Token: Bearer eyJhbGciOiJIUzUxMiJ9.eyJsb2dpbl91c2VyX2tleSI6IjA4MzM3NjgyLTFhYjItNDRlZC05OWFjLTk1MGQ3YjdhMWIxOSJ9.-HQwl7xa3Ky82jj7wI2p8EHSzJcqcZD2t3S0pe0jMKbFUif28a8VJUKcvJLACuEW8Vw7f0xYVWFguWgVJuvFoQ
10:33:39.088 [http-nio-9587-exec-1] INFO  c.r.f.w.s.TokenService - [getToken,237] - user: madaosen, backend Token: Bearer eyJhbGciOiJIUzUxMiJ9.eyJsb2dpbl91c2VyX2tleSI6IjA4MzM3NjgyLTFhYjItNDRlZC05OWFjLTk1MGQ3YjdhMWIxOSJ9.-HQwl7xa3Ky82jj7wI2p8EHSzJcqcZD2t3S0pe0jMKbFUif28a8VJUKcvJLACuEW8Vw7f0xYVWFguWgVJuvFoQ
10:33:39.109 [http-nio-9587-exec-8] INFO  c.r.f.w.s.TokenService - [getToken,237] - user: madaosen, backend Token: Bearer eyJhbGciOiJIUzUxMiJ9.eyJsb2dpbl91c2VyX2tleSI6IjA4MzM3NjgyLTFhYjItNDRlZC05OWFjLTk1MGQ3YjdhMWIxOSJ9.-HQwl7xa3Ky82jj7wI2p8EHSzJcqcZD2t3S0pe0jMKbFUif28a8VJUKcvJLACuEW8Vw7f0xYVWFguWgVJuvFoQ
10:33:39.109 [http-nio-9587-exec-4] INFO  c.r.f.w.s.TokenService - [getToken,237] - user: madaosen, backend Token: Bearer eyJhbGciOiJIUzUxMiJ9.eyJsb2dpbl91c2VyX2tleSI6IjA4MzM3NjgyLTFhYjItNDRlZC05OWFjLTk1MGQ3YjdhMWIxOSJ9.-HQwl7xa3Ky82jj7wI2p8EHSzJcqcZD2t3S0pe0jMKbFUif28a8VJUKcvJLACuEW8Vw7f0xYVWFguWgVJuvFoQ
10:33:39.127 [http-nio-9587-exec-3] INFO  c.r.f.w.s.TokenService - [getToken,237] - user: madaosen, backend Token: Bearer eyJhbGciOiJIUzUxMiJ9.eyJsb2dpbl91c2VyX2tleSI6IjA4MzM3NjgyLTFhYjItNDRlZC05OWFjLTk1MGQ3YjdhMWIxOSJ9.-HQwl7xa3Ky82jj7wI2p8EHSzJcqcZD2t3S0pe0jMKbFUif28a8VJUKcvJLACuEW8Vw7f0xYVWFguWgVJuvFoQ
10:33:39.142 [http-nio-9587-exec-10] INFO  c.r.f.w.s.TokenService - [getToken,237] - user: madaosen, backend Token: Bearer eyJhbGciOiJIUzUxMiJ9.eyJsb2dpbl91c2VyX2tleSI6IjA4MzM3NjgyLTFhYjItNDRlZC05OWFjLTk1MGQ3YjdhMWIxOSJ9.-HQwl7xa3Ky82jj7wI2p8EHSzJcqcZD2t3S0pe0jMKbFUif28a8VJUKcvJLACuEW8Vw7f0xYVWFguWgVJuvFoQ
10:33:39.142 [http-nio-9587-exec-5] INFO  c.r.f.w.s.TokenService - [getToken,237] - user: madaosen, backend Token: Bearer eyJhbGciOiJIUzUxMiJ9.eyJsb2dpbl91c2VyX2tleSI6IjA4MzM3NjgyLTFhYjItNDRlZC05OWFjLTk1MGQ3YjdhMWIxOSJ9.-HQwl7xa3Ky82jj7wI2p8EHSzJcqcZD2t3S0pe0jMKbFUif28a8VJUKcvJLACuEW8Vw7f0xYVWFguWgVJuvFoQ
10:33:39.142 [http-nio-9587-exec-9] INFO  c.r.f.w.s.TokenService - [getToken,237] - user: madaosen, backend Token: Bearer eyJhbGciOiJIUzUxMiJ9.eyJsb2dpbl91c2VyX2tleSI6IjA4MzM3NjgyLTFhYjItNDRlZC05OWFjLTk1MGQ3YjdhMWIxOSJ9.-HQwl7xa3Ky82jj7wI2p8EHSzJcqcZD2t3S0pe0jMKbFUif28a8VJUKcvJLACuEW8Vw7f0xYVWFguWgVJuvFoQ
10:33:39.163 [http-nio-9587-exec-2] INFO  c.r.f.w.s.TokenService - [getToken,237] - user: madaosen, backend Token: Bearer eyJhbGciOiJIUzUxMiJ9.eyJsb2dpbl91c2VyX2tleSI6IjA4MzM3NjgyLTFhYjItNDRlZC05OWFjLTk1MGQ3YjdhMWIxOSJ9.-HQwl7xa3Ky82jj7wI2p8EHSzJcqcZD2t3S0pe0jMKbFUif28a8VJUKcvJLACuEW8Vw7f0xYVWFguWgVJuvFoQ
10:33:39.163 [http-nio-9587-exec-10] INFO  c.r.f.w.s.TokenService - [getToken,237] - user: madaosen, backend Token: Bearer eyJhbGciOiJIUzUxMiJ9.eyJsb2dpbl91c2VyX2tleSI6IjA4MzM3NjgyLTFhYjItNDRlZC05OWFjLTk1MGQ3YjdhMWIxOSJ9.-HQwl7xa3Ky82jj7wI2p8EHSzJcqcZD2t3S0pe0jMKbFUif28a8VJUKcvJLACuEW8Vw7f0xYVWFguWgVJuvFoQ
10:33:39.163 [http-nio-9587-exec-1] INFO  c.r.f.w.s.TokenService - [getToken,237] - user: madaosen, backend Token: Bearer eyJhbGciOiJIUzUxMiJ9.eyJsb2dpbl91c2VyX2tleSI6IjA4MzM3NjgyLTFhYjItNDRlZC05OWFjLTk1MGQ3YjdhMWIxOSJ9.-HQwl7xa3Ky82jj7wI2p8EHSzJcqcZD2t3S0pe0jMKbFUif28a8VJUKcvJLACuEW8Vw7f0xYVWFguWgVJuvFoQ
10:33:39.164 [http-nio-9587-exec-9] INFO  c.r.f.w.s.TokenService - [getToken,237] - user: madaosen, backend Token: Bearer eyJhbGciOiJIUzUxMiJ9.eyJsb2dpbl91c2VyX2tleSI6IjA4MzM3NjgyLTFhYjItNDRlZC05OWFjLTk1MGQ3YjdhMWIxOSJ9.-HQwl7xa3Ky82jj7wI2p8EHSzJcqcZD2t3S0pe0jMKbFUif28a8VJUKcvJLACuEW8Vw7f0xYVWFguWgVJuvFoQ
10:33:39.164 [http-nio-9587-exec-5] INFO  c.r.f.w.s.TokenService - [getToken,237] - user: madaosen, backend Token: Bearer eyJhbGciOiJIUzUxMiJ9.eyJsb2dpbl91c2VyX2tleSI6IjA4MzM3NjgyLTFhYjItNDRlZC05OWFjLTk1MGQ3YjdhMWIxOSJ9.-HQwl7xa3Ky82jj7wI2p8EHSzJcqcZD2t3S0pe0jMKbFUif28a8VJUKcvJLACuEW8Vw7f0xYVWFguWgVJuvFoQ
10:33:39.290 [http-nio-9587-exec-6] INFO  c.r.f.w.s.TokenService - [getToken,237] - user: madaosen, backend Token: Bearer eyJhbGciOiJIUzUxMiJ9.eyJsb2dpbl91c2VyX2tleSI6IjA4MzM3NjgyLTFhYjItNDRlZC05OWFjLTk1MGQ3YjdhMWIxOSJ9.-HQwl7xa3Ky82jj7wI2p8EHSzJcqcZD2t3S0pe0jMKbFUif28a8VJUKcvJLACuEW8Vw7f0xYVWFguWgVJuvFoQ
10:33:39.319 [http-nio-9587-exec-7] INFO  c.r.f.w.s.TokenService - [getToken,237] - user: madaosen, backend Token: Bearer eyJhbGciOiJIUzUxMiJ9.eyJsb2dpbl91c2VyX2tleSI6IjA4MzM3NjgyLTFhYjItNDRlZC05OWFjLTk1MGQ3YjdhMWIxOSJ9.-HQwl7xa3Ky82jj7wI2p8EHSzJcqcZD2t3S0pe0jMKbFUif28a8VJUKcvJLACuEW8Vw7f0xYVWFguWgVJuvFoQ
10:33:39.417 [http-nio-9587-exec-9] INFO  c.r.f.w.s.TokenService - [getToken,237] - user: madaosen, backend Token: Bearer eyJhbGciOiJIUzUxMiJ9.eyJsb2dpbl91c2VyX2tleSI6IjA4MzM3NjgyLTFhYjItNDRlZC05OWFjLTk1MGQ3YjdhMWIxOSJ9.-HQwl7xa3Ky82jj7wI2p8EHSzJcqcZD2t3S0pe0jMKbFUif28a8VJUKcvJLACuEW8Vw7f0xYVWFguWgVJuvFoQ
10:33:46.673 [http-nio-9587-exec-5] INFO  c.r.f.w.s.TokenService - [getToken,237] - user: madaosen, backend Token: Bearer eyJhbGciOiJIUzUxMiJ9.eyJsb2dpbl91c2VyX2tleSI6IjA4MzM3NjgyLTFhYjItNDRlZC05OWFjLTk1MGQ3YjdhMWIxOSJ9.-HQwl7xa3Ky82jj7wI2p8EHSzJcqcZD2t3S0pe0jMKbFUif28a8VJUKcvJLACuEW8Vw7f0xYVWFguWgVJuvFoQ
10:33:46.760 [http-nio-9587-exec-5] INFO  c.r.w.l.TaskEventV2Listener - [onEvent,105] - EVENT :TASK_ASSIGNED
10:33:46.781 [http-nio-9587-exec-5] INFO  c.r.w.l.TaskEventV2Listener - [onEvent,105] - EVENT :TASK_COMPLETED
10:33:46.782 [http-nio-9587-exec-5] INFO  c.r.w.l.TaskEventV2Listener - [onEvent,121] - username :qzjhy
10:33:46.894 [http-nio-9587-exec-5] INFO  c.r.w.l.TaskEventV2Listener - [onEvent,121] - username :71074767
10:33:46.997 [http-nio-9587-exec-5] INFO  c.r.w.l.TaskEventV2Listener - [onEvent,121] - username :31027380
10:33:47.115 [http-nio-9587-exec-5] INFO  c.r.w.l.TaskEventV2Listener - [onEvent,121] - username :31001583
10:33:47.117 [http-nio-9587-exec-5] INFO  c.r.w.l.TaskEventV2Listener - [onEvent,121] - username :31100594
10:33:47.235 [http-nio-9587-exec-5] INFO  c.r.w.l.TaskEventV2Listener - [onEvent,121] - username :madaosen
10:33:47.332 [http-nio-9587-exec-5] INFO  c.r.w.l.TaskEventV2Listener - [onEvent,121] - username :zhuweibao
10:33:47.431 [http-nio-9587-exec-5] INFO  c.r.w.l.TaskEventV2Listener - [onEvent,121] - username :daiqi
10:33:47.517 [http-nio-9587-exec-5] INFO  c.r.w.l.TaskEventV2Listener - [onEvent,121] - username :xiaoneng
10:33:47.613 [http-nio-9587-exec-5] INFO  c.r.w.l.TaskEventV2Listener - [onEvent,121] - username :enci
10:33:47.713 [http-nio-9587-exec-5] INFO  c.r.w.l.TaskEventV2Listener - [onEvent,105] - EVENT :TASK_CREATED
10:33:47.714 [http-nio-9587-exec-5] INFO  c.r.f.w.s.TokenService - [getToken,237] - user: madaosen, backend Token: Bearer eyJhbGciOiJIUzUxMiJ9.eyJsb2dpbl91c2VyX2tleSI6IjA4MzM3NjgyLTFhYjItNDRlZC05OWFjLTk1MGQ3YjdhMWIxOSJ9.-HQwl7xa3Ky82jj7wI2p8EHSzJcqcZD2t3S0pe0jMKbFUif28a8VJUKcvJLACuEW8Vw7f0xYVWFguWgVJuvFoQ
10:33:47.719 [http-nio-9587-exec-5] INFO  c.r.w.s.i.AiAgentTaskExecutionServiceImpl - [createWorkflowNodeTasks,320] - 审批流程节点未绑定自动执行且已启用的Agent，projectId=2095053346414166016, nodeId=PmFillProjectInfo
10:33:47.719 [http-nio-9587-exec-5] INFO  c.r.w.l.TaskEventV2Listener - [onEvent,127] - username :zy01
10:33:47.811 [http-nio-9587-exec-5] INFO  c.r.w.l.TaskEventV2Listener - [createOaTask,240] - task0: Task{createDate='2026-09-07 10:33:47', createOrg='45', createUser='madaosen', createUserName='madaosen', expiryDate='null', kindName='null', moduleName='null', needInputPwd='null', oaIId='null', oaMkId='null', receiveUser='zy01', receiveUserName='戴美', synId='null', synType='1', taskId='8dc3d97e-aa64-11f1-885b-da3bbfe162e3', tasksType='1', title='全生命周期平台督办：项目管理员输入项目信息--万号投诉处理智能体研发', type='0', url='http://www.sh.ctc.com/EFFPRO2/oa_verify?taskId=8dc3d97d-aa64-11f1-885b-da3bbfe162e3&redirect=%2FEFFPRO2%2Fproject%2FagencyProject%2FdetailPage%3Fid%3D2095053346414166016'}
10:33:47.813 [http-nio-9587-exec-5] INFO  c.r.w.l.TaskEventV2Listener - [onEvent,127] - username :pfpm01
10:33:47.902 [http-nio-9587-exec-5] INFO  c.r.w.l.TaskEventV2Listener - [createOaTask,240] - task0: Task{createDate='2026-09-07 10:33:47', createOrg='45', createUser='madaosen', createUserName='madaosen', expiryDate='null', kindName='null', moduleName='null', needInputPwd='null', oaIId='null', oaMkId='null', receiveUser='pfpm01', receiveUserName='葛云萍', synId='null', synType='1', taskId='8dc40090-aa64-11f1-885b-da3bbfe162e3', tasksType='1', title='全生命周期平台督办：项目管理员输入项目信息--万号投诉处理智能体研发', type='0', url='http://www.sh.ctc.com/EFFPRO2/oa_verify?taskId=8dc3d97d-aa64-11f1-885b-da3bbfe162e3&redirect=%2FEFFPRO2%2Fproject%2FagencyProject%2FdetailPage%3Fid%3D2095053346414166016'}
10:33:47.904 [http-nio-9587-exec-5] INFO  c.r.w.l.TaskEventV2Listener - [onEvent,127] - username :31027380
10:33:48.005 [http-nio-9587-exec-5] INFO  c.r.w.l.TaskEventV2Listener - [createOaTask,240] - task0: Task{createDate='2026-09-07 10:33:47', createOrg='45', createUser='madaosen', createUserName='madaosen', expiryDate='null', kindName='null', moduleName='null', needInputPwd='null', oaIId='null', oaMkId='null', receiveUser='31027380', receiveUserName='林赟炜', synId='null', synType='1', taskId='8dc40092-aa64-11f1-885b-da3bbfe162e3', tasksType='1', title='全生命周期平台督办：项目管理员输入项目信息--万号投诉处理智能体研发', type='0', url='http://www.sh.ctc.com/EFFPRO2/oa_verify?taskId=8dc3d97d-aa64-11f1-885b-da3bbfe162e3&redirect=%2FEFFPRO2%2Fproject%2FagencyProject%2FdetailPage%3Fid%3D2095053346414166016'}
10:33:48.006 [http-nio-9587-exec-5] INFO  c.r.w.l.TaskEventV2Listener - [onEvent,127] - username :31001583
10:33:48.009 [http-nio-9587-exec-5] INFO  c.r.w.l.TaskEventV2Listener - [onEvent,127] - username :31071988
10:33:48.103 [http-nio-9587-exec-5] INFO  c.r.w.l.TaskEventV2Listener - [createOaTask,240] - task0: Task{createDate='2026-09-07 10:33:48', createOrg='45', createUser='madaosen', createUserName='madaosen', expiryDate='null', kindName='null', moduleName='null', needInputPwd='null', oaIId='null', oaMkId='null', receiveUser='31071988', receiveUserName='戴美2', synId='null', synType='1', taskId='8dc40094-aa64-11f1-885b-da3bbfe162e3', tasksType='1', title='全生命周期平台督办：项目管理员输入项目信息--万号投诉处理智能体研发', type='0', url='http://www.sh.ctc.com/EFFPRO2/oa_verify?taskId=8dc3d97d-aa64-11f1-885b-da3bbfe162e3&redirect=%2FEFFPRO2%2Fproject%2FagencyProject%2FdetailPage%3Fid%3D2095053346414166016'}
10:33:48.107 [http-nio-9587-exec-5] INFO  c.r.w.l.TaskEventV2Listener - [onEvent,127] - username :madaosen
10:33:48.201 [http-nio-9587-exec-5] INFO  c.r.w.l.TaskEventV2Listener - [createOaTask,240] - task0: Task{createDate='2026-09-07 10:33:48', createOrg='45', createUser='madaosen', createUserName='madaosen', expiryDate='null', kindName='null', moduleName='null', needInputPwd='null', oaIId='null', oaMkId='null', receiveUser='madaosen', receiveUserName='madaosen', synId='null', synType='1', taskId='8dc40096-aa64-11f1-885b-da3bbfe162e3', tasksType='1', title='全生命周期平台督办：项目管理员输入项目信息--万号投诉处理智能体研发', type='0', url='http://www.sh.ctc.com/EFFPRO2/oa_verify?taskId=8dc3d97d-aa64-11f1-885b-da3bbfe162e3&redirect=%2FEFFPRO2%2Fproject%2FagencyProject%2FdetailPage%3Fid%3D2095053346414166016'}
10:33:48.204 [http-nio-9587-exec-5] INFO  c.r.w.l.TaskEventV2Listener - [onEvent,127] - username :mds01
10:33:48.306 [http-nio-9587-exec-5] INFO  c.r.w.l.TaskEventV2Listener - [createOaTask,240] - task0: Task{createDate='2026-09-07 10:33:48', createOrg='45', createUser='madaosen', createUserName='madaosen', expiryDate='null', kindName='null', moduleName='null', needInputPwd='null', oaIId='null', oaMkId='null', receiveUser='mds01', receiveUserName='mds01', synId='null', synType='1', taskId='8dc40097-aa64-11f1-885b-da3bbfe162e3', tasksType='1', title='全生命周期平台督办：项目管理员输入项目信息--万号投诉处理智能体研发', type='0', url='http://www.sh.ctc.com/EFFPRO2/oa_verify?taskId=8dc3d97d-aa64-11f1-885b-da3bbfe162e3&redirect=%2FEFFPRO2%2Fproject%2FagencyProject%2FdetailPage%3Fid%3D2095053346414166016'}
10:33:48.309 [http-nio-9587-exec-5] INFO  c.r.w.l.TaskEventV2Listener - [onEvent,127] - username :daiqi
10:33:48.428 [http-nio-9587-exec-5] INFO  c.r.w.l.TaskEventV2Listener - [createOaTask,240] - task0: Task{createDate='2026-09-07 10:33:48', createOrg='45', createUser='madaosen', createUserName='madaosen', expiryDate='null', kindName='null', moduleName='null', needInputPwd='null', oaIId='null', oaMkId='null', receiveUser='daiqi', receiveUserName='daiqi', synId='null', synType='1', taskId='8dc40099-aa64-11f1-885b-da3bbfe162e3', tasksType='1', title='全生命周期平台督办：项目管理员输入项目信息--万号投诉处理智能体研发', type='0', url='http://www.sh.ctc.com/EFFPRO2/oa_verify?taskId=8dc3d97d-aa64-11f1-885b-da3bbfe162e3&redirect=%2FEFFPRO2%2Fproject%2FagencyProject%2FdetailPage%3Fid%3D2095053346414166016'}
10:33:48.431 [http-nio-9587-exec-5] INFO  c.r.w.l.TaskEventV2Listener - [onEvent,127] - username :ceshi_shenhe
10:33:48.532 [http-nio-9587-exec-5] INFO  c.r.w.l.TaskEventV2Listener - [createOaTask,240] - task0: Task{createDate='2026-09-07 10:33:48', createOrg='45', createUser='madaosen', createUserName='madaosen', expiryDate='null', kindName='null', moduleName='null', needInputPwd='null', oaIId='null', oaMkId='null', receiveUser='ceshi_shenhe', receiveUserName='融创单位审核员', synId='null', synType='1', taskId='8dc4009a-aa64-11f1-885b-da3bbfe162e3', tasksType='1', title='全生命周期平台督办：项目管理员输入项目信息--万号投诉处理智能体研发', type='0', url='http://www.sh.ctc.com/EFFPRO2/oa_verify?taskId=8dc3d97d-aa64-11f1-885b-da3bbfe162e3&redirect=%2FEFFPRO2%2Fproject%2FagencyProject%2FdetailPage%3Fid%3D2095053346414166016'}
10:33:48.534 [http-nio-9587-exec-5] INFO  c.r.w.l.TaskEventV2Listener - [onEvent,127] - username :xiaoneng
10:33:48.629 [http-nio-9587-exec-5] INFO  c.r.w.l.TaskEventV2Listener - [createOaTask,240] - task0: Task{createDate='2026-09-07 10:33:48', createOrg='45', createUser='madaosen', createUserName='madaosen', expiryDate='null', kindName='null', moduleName='null', needInputPwd='null', oaIId='null', oaMkId='null', receiveUser='xiaoneng', receiveUserName='小能', synId='null', synType='1', taskId='8dc4009c-aa64-11f1-885b-da3bbfe162e3', tasksType='1', title='全生命周期平台督办：项目管理员输入项目信息--万号投诉处理智能体研发', type='0', url='http://www.sh.ctc.com/EFFPRO2/oa_verify?taskId=8dc3d97d-aa64-11f1-885b-da3bbfe162e3&redirect=%2FEFFPRO2%2Fproject%2FagencyProject%2FdetailPage%3Fid%3D2095053346414166016'}
10:33:48.631 [http-nio-9587-exec-5] INFO  c.r.w.l.TaskEventV2Listener - [onEvent,127] - username :enci
10:33:48.714 [http-nio-9587-exec-5] INFO  c.r.w.l.TaskEventV2Listener - [createOaTask,240] - task0: Task{createDate='2026-09-07 10:33:48', createOrg='45', createUser='madaosen', createUserName='madaosen', expiryDate='null', kindName='null', moduleName='null', needInputPwd='null', oaIId='null', oaMkId='null', receiveUser='enci', receiveUserName='enci', synId='null', synType='1', taskId='8dc4009d-aa64-11f1-885b-da3bbfe162e3', tasksType='1', title='全生命周期平台督办：项目管理员输入项目信息--万号投诉处理智能体研发', type='0', url='http://www.sh.ctc.com/EFFPRO2/oa_verify?taskId=8dc3d97d-aa64-11f1-885b-da3bbfe162e3&redirect=%2FEFFPRO2%2Fproject%2FagencyProject%2FdetailPage%3Fid%3D2095053346414166016'}
10:33:48.770 [http-nio-9587-exec-9] INFO  c.r.f.w.s.TokenService - [getToken,237] - user: madaosen, backend Token: Bearer eyJhbGciOiJIUzUxMiJ9.eyJsb2dpbl91c2VyX2tleSI6IjA4MzM3NjgyLTFhYjItNDRlZC05OWFjLTk1MGQ3YjdhMWIxOSJ9.-HQwl7xa3Ky82jj7wI2p8EHSzJcqcZD2t3S0pe0jMKbFUif28a8VJUKcvJLACuEW8Vw7f0xYVWFguWgVJuvFoQ
10:33:48.770 [http-nio-9587-exec-5] INFO  c.r.f.w.s.TokenService - [getToken,237] - user: madaosen, backend Token: Bearer eyJhbGciOiJIUzUxMiJ9.eyJsb2dpbl91c2VyX2tleSI6IjA4MzM3NjgyLTFhYjItNDRlZC05OWFjLTk1MGQ3YjdhMWIxOSJ9.-HQwl7xa3Ky82jj7wI2p8EHSzJcqcZD2t3S0pe0jMKbFUif28a8VJUKcvJLACuEW8Vw7f0xYVWFguWgVJuvFoQ
10:33:48.771 [http-nio-9587-exec-8] INFO  c.r.f.w.s.TokenService - [getToken,237] - user: madaosen, backend Token: Bearer eyJhbGciOiJIUzUxMiJ9.eyJsb2dpbl91c2VyX2tleSI6IjA4MzM3NjgyLTFhYjItNDRlZC05OWFjLTk1MGQ3YjdhMWIxOSJ9.-HQwl7xa3Ky82jj7wI2p8EHSzJcqcZD2t3S0pe0jMKbFUif28a8VJUKcvJLACuEW8Vw7f0xYVWFguWgVJuvFoQ
10:33:48.771 [http-nio-9587-exec-10] INFO  c.r.f.w.s.TokenService - [getToken,237] - user: madaosen, backend Token: Bearer eyJhbGciOiJIUzUxMiJ9.eyJsb2dpbl91c2VyX2tleSI6IjA4MzM3NjgyLTFhYjItNDRlZC05OWFjLTk1MGQ3YjdhMWIxOSJ9.-HQwl7xa3Ky82jj7wI2p8EHSzJcqcZD2t3S0pe0jMKbFUif28a8VJUKcvJLACuEW8Vw7f0xYVWFguWgVJuvFoQ
10:33:48.772 [http-nio-9587-exec-2] INFO  c.r.f.w.s.TokenService - [getToken,237] - user: madaosen, backend Token: Bearer eyJhbGciOiJIUzUxMiJ9.eyJsb2dpbl91c2VyX2tleSI6IjA4MzM3NjgyLTFhYjItNDRlZC05OWFjLTk1MGQ3YjdhMWIxOSJ9.-HQwl7xa3Ky82jj7wI2p8EHSzJcqcZD2t3S0pe0jMKbFUif28a8VJUKcvJLACuEW8Vw7f0xYVWFguWgVJuvFoQ
10:33:48.774 [http-nio-9587-exec-4] INFO  c.r.f.w.s.TokenService - [getToken,237] - user: madaosen, backend Token: Bearer eyJhbGciOiJIUzUxMiJ9.eyJsb2dpbl91c2VyX2tleSI6IjA4MzM3NjgyLTFhYjItNDRlZC05OWFjLTk1MGQ3YjdhMWIxOSJ9.-HQwl7xa3Ky82jj7wI2p8EHSzJcqcZD2t3S0pe0jMKbFUif28a8VJUKcvJLACuEW8Vw7f0xYVWFguWgVJuvFoQ
10:33:48.784 [http-nio-9587-exec-7] INFO  c.r.f.w.s.TokenService - [getToken,237] - user: madaosen, backend Token: Bearer eyJhbGciOiJIUzUxMiJ9.eyJsb2dpbl91c2VyX2tleSI6IjA4MzM3NjgyLTFhYjItNDRlZC05OWFjLTk1MGQ3YjdhMWIxOSJ9.-HQwl7xa3Ky82jj7wI2p8EHSzJcqcZD2t3S0pe0jMKbFUif28a8VJUKcvJLACuEW8Vw7f0xYVWFguWgVJuvFoQ
10:33:48.789 [http-nio-9587-exec-6] INFO  c.r.f.w.s.TokenService - [getToken,237] - user: madaosen, backend Token: Bearer eyJhbGciOiJIUzUxMiJ9.eyJsb2dpbl91c2VyX2tleSI6IjA4MzM3NjgyLTFhYjItNDRlZC05OWFjLTk1MGQ3YjdhMWIxOSJ9.-HQwl7xa3Ky82jj7wI2p8EHSzJcqcZD2t3S0pe0jMKbFUif28a8VJUKcvJLACuEW8Vw7f0xYVWFguWgVJuvFoQ
10:33:49.112 [http-nio-9587-exec-3] INFO  c.r.f.w.s.TokenService - [getToken,237] - user: madaosen, backend Token: Bearer eyJhbGciOiJIUzUxMiJ9.eyJsb2dpbl91c2VyX2tleSI6IjA4MzM3NjgyLTFhYjItNDRlZC05OWFjLTk1MGQ3YjdhMWIxOSJ9.-HQwl7xa3Ky82jj7wI2p8EHSzJcqcZD2t3S0pe0jMKbFUif28a8VJUKcvJLACuEW8Vw7f0xYVWFguWgVJuvFoQ
10:33:49.130 [http-nio-9587-exec-1] INFO  c.r.f.w.s.TokenService - [getToken,237] - user: madaosen, backend Token: Bearer eyJhbGciOiJIUzUxMiJ9.eyJsb2dpbl91c2VyX2tleSI6IjA4MzM3NjgyLTFhYjItNDRlZC05OWFjLTk1MGQ3YjdhMWIxOSJ9.-HQwl7xa3Ky82jj7wI2p8EHSzJcqcZD2t3S0pe0jMKbFUif28a8VJUKcvJLACuEW8Vw7f0xYVWFguWgVJuvFoQ
10:33:49.131 [http-nio-9587-exec-4] INFO  c.r.f.w.s.TokenService - [getToken,237] - user: madaosen, backend Token: Bearer eyJhbGciOiJIUzUxMiJ9.eyJsb2dpbl91c2VyX2tleSI6IjA4MzM3NjgyLTFhYjItNDRlZC05OWFjLTk1MGQ3YjdhMWIxOSJ9.-HQwl7xa3Ky82jj7wI2p8EHSzJcqcZD2t3S0pe0jMKbFUif28a8VJUKcvJLACuEW8Vw7f0xYVWFguWgVJuvFoQ
10:33:49.131 [http-nio-9587-exec-3] INFO  c.r.f.w.s.TokenService - [getToken,237] - user: madaosen, backend Token: Bearer eyJhbGciOiJIUzUxMiJ9.eyJsb2dpbl91c2VyX2tleSI6IjA4MzM3NjgyLTFhYjItNDRlZC05OWFjLTk1MGQ3YjdhMWIxOSJ9.-HQwl7xa3Ky82jj7wI2p8EHSzJcqcZD2t3S0pe0jMKbFUif28a8VJUKcvJLACuEW8Vw7f0xYVWFguWgVJuvFoQ
10:33:49.131 [http-nio-9587-exec-10] INFO  c.r.f.w.s.TokenService - [getToken,237] - user: madaosen, backend Token: Bearer eyJhbGciOiJIUzUxMiJ9.eyJsb2dpbl91c2VyX2tleSI6IjA4MzM3NjgyLTFhYjItNDRlZC05OWFjLTk1MGQ3YjdhMWIxOSJ9.-HQwl7xa3Ky82jj7wI2p8EHSzJcqcZD2t3S0pe0jMKbFUif28a8VJUKcvJLACuEW8Vw7f0xYVWFguWgVJuvFoQ
10:33:49.132 [http-nio-9587-exec-6] INFO  c.r.f.w.s.TokenService - [getToken,237] - user: madaosen, backend Token: Bearer eyJhbGciOiJIUzUxMiJ9.eyJsb2dpbl91c2VyX2tleSI6IjA4MzM3NjgyLTFhYjItNDRlZC05OWFjLTk1MGQ3YjdhMWIxOSJ9.-HQwl7xa3Ky82jj7wI2p8EHSzJcqcZD2t3S0pe0jMKbFUif28a8VJUKcvJLACuEW8Vw7f0xYVWFguWgVJuvFoQ
10:33:49.134 [http-nio-9587-exec-7] INFO  c.r.f.w.s.TokenService - [getToken,237] - user: madaosen, backend Token: Bearer eyJhbGciOiJIUzUxMiJ9.eyJsb2dpbl91c2VyX2tleSI6IjA4MzM3NjgyLTFhYjItNDRlZC05OWFjLTk1MGQ3YjdhMWIxOSJ9.-HQwl7xa3Ky82jj7wI2p8EHSzJcqcZD2t3S0pe0jMKbFUif28a8VJUKcvJLACuEW8Vw7f0xYVWFguWgVJuvFoQ
10:33:49.153 [http-nio-9587-exec-8] INFO  c.r.f.w.s.TokenService - [getToken,237] - user: madaosen, backend Token: Bearer eyJhbGciOiJIUzUxMiJ9.eyJsb2dpbl91c2VyX2tleSI6IjA4MzM3NjgyLTFhYjItNDRlZC05OWFjLTk1MGQ3YjdhMWIxOSJ9.-HQwl7xa3Ky82jj7wI2p8EHSzJcqcZD2t3S0pe0jMKbFUif28a8VJUKcvJLACuEW8Vw7f0xYVWFguWgVJuvFoQ
10:33:49.153 [http-nio-9587-exec-5] INFO  c.r.f.w.s.TokenService - [getToken,237] - user: madaosen, backend Token: Bearer eyJhbGciOiJIUzUxMiJ9.eyJsb2dpbl91c2VyX2tleSI6IjA4MzM3NjgyLTFhYjItNDRlZC05OWFjLTk1MGQ3YjdhMWIxOSJ9.-HQwl7xa3Ky82jj7wI2p8EHSzJcqcZD2t3S0pe0jMKbFUif28a8VJUKcvJLACuEW8Vw7f0xYVWFguWgVJuvFoQ
10:33:49.175 [http-nio-9587-exec-2] INFO  c.r.f.w.s.TokenService - [getToken,237] - user: madaosen, backend Token: Bearer eyJhbGciOiJIUzUxMiJ9.eyJsb2dpbl91c2VyX2tleSI6IjA4MzM3NjgyLTFhYjItNDRlZC05OWFjLTk1MGQ3YjdhMWIxOSJ9.-HQwl7xa3Ky82jj7wI2p8EHSzJcqcZD2t3S0pe0jMKbFUif28a8VJUKcvJLACuEW8Vw7f0xYVWFguWgVJuvFoQ
10:33:49.186 [http-nio-9587-exec-4] INFO  c.r.f.w.s.TokenService - [getToken,237] - user: madaosen, backend Token: Bearer eyJhbGciOiJIUzUxMiJ9.eyJsb2dpbl91c2VyX2tleSI6IjA4MzM3NjgyLTFhYjItNDRlZC05OWFjLTk1MGQ3YjdhMWIxOSJ9.-HQwl7xa3Ky82jj7wI2p8EHSzJcqcZD2t3S0pe0jMKbFUif28a8VJUKcvJLACuEW8Vw7f0xYVWFguWgVJuvFoQ
10:33:49.188 [http-nio-9587-exec-7] INFO  c.r.f.w.s.TokenService - [getToken,237] - user: madaosen, backend Token: Bearer eyJhbGciOiJIUzUxMiJ9.eyJsb2dpbl91c2VyX2tleSI6IjA4MzM3NjgyLTFhYjItNDRlZC05OWFjLTk1MGQ3YjdhMWIxOSJ9.-HQwl7xa3Ky82jj7wI2p8EHSzJcqcZD2t3S0pe0jMKbFUif28a8VJUKcvJLACuEW8Vw7f0xYVWFguWgVJuvFoQ
10:33:49.188 [http-nio-9587-exec-1] INFO  c.r.f.w.s.TokenService - [getToken,237] - user: madaosen, backend Token: Bearer eyJhbGciOiJIUzUxMiJ9.eyJsb2dpbl91c2VyX2tleSI6IjA4MzM3NjgyLTFhYjItNDRlZC05OWFjLTk1MGQ3YjdhMWIxOSJ9.-HQwl7xa3Ky82jj7wI2p8EHSzJcqcZD2t3S0pe0jMKbFUif28a8VJUKcvJLACuEW8Vw7f0xYVWFguWgVJuvFoQ
10:33:49.210 [http-nio-9587-exec-6] INFO  c.r.f.w.s.TokenService - [getToken,237] - user: madaosen, backend Token: Bearer eyJhbGciOiJIUzUxMiJ9.eyJsb2dpbl91c2VyX2tleSI6IjA4MzM3NjgyLTFhYjItNDRlZC05OWFjLTk1MGQ3YjdhMWIxOSJ9.-HQwl7xa3Ky82jj7wI2p8EHSzJcqcZD2t3S0pe0jMKbFUif28a8VJUKcvJLACuEW8Vw7f0xYVWFguWgVJuvFoQ
10:33:49.211 [http-nio-9587-exec-4] INFO  c.r.f.w.s.TokenService - [getToken,237] - user: madaosen, backend Token: Bearer eyJhbGciOiJIUzUxMiJ9.eyJsb2dpbl91c2VyX2tleSI6IjA4MzM3NjgyLTFhYjItNDRlZC05OWFjLTk1MGQ3YjdhMWIxOSJ9.-HQwl7xa3Ky82jj7wI2p8EHSzJcqcZD2t3S0pe0jMKbFUif28a8VJUKcvJLACuEW8Vw7f0xYVWFguWgVJuvFoQ
10:33:49.211 [http-nio-9587-exec-3] INFO  c.r.f.w.s.TokenService - [getToken,237] - user: madaosen, backend Token: Bearer eyJhbGciOiJIUzUxMiJ9.eyJsb2dpbl91c2VyX2tleSI6IjA4MzM3NjgyLTFhYjItNDRlZC05OWFjLTk1MGQ3YjdhMWIxOSJ9.-HQwl7xa3Ky82jj7wI2p8EHSzJcqcZD2t3S0pe0jMKbFUif28a8VJUKcvJLACuEW8Vw7f0xYVWFguWgVJuvFoQ
10:33:49.211 [http-nio-9587-exec-10] INFO  c.r.f.w.s.TokenService - [getToken,237] - user: madaosen, backend Token: Bearer eyJhbGciOiJIUzUxMiJ9.eyJsb2dpbl91c2VyX2tleSI6IjA4MzM3NjgyLTFhYjItNDRlZC05OWFjLTk1MGQ3YjdhMWIxOSJ9.-HQwl7xa3Ky82jj7wI2p8EHSzJcqcZD2t3S0pe0jMKbFUif28a8VJUKcvJLACuEW8Vw7f0xYVWFguWgVJuvFoQ
10:33:49.212 [http-nio-9587-exec-7] INFO  c.r.f.w.s.TokenService - [getToken,237] - user: madaosen, backend Token: Bearer eyJhbGciOiJIUzUxMiJ9.eyJsb2dpbl91c2VyX2tleSI6IjA4MzM3NjgyLTFhYjItNDRlZC05OWFjLTk1MGQ3YjdhMWIxOSJ9.-HQwl7xa3Ky82jj7wI2p8EHSzJcqcZD2t3S0pe0jMKbFUif28a8VJUKcvJLACuEW8Vw7f0xYVWFguWgVJuvFoQ
10:33:49.362 [http-nio-9587-exec-5] INFO  c.r.f.w.s.TokenService - [getToken,237] - user: madaosen, backend Token: Bearer eyJhbGciOiJIUzUxMiJ9.eyJsb2dpbl91c2VyX2tleSI6IjA4MzM3NjgyLTFhYjItNDRlZC05OWFjLTk1MGQ3YjdhMWIxOSJ9.-HQwl7xa3Ky82jj7wI2p8EHSzJcqcZD2t3S0pe0jMKbFUif28a8VJUKcvJLACuEW8Vw7f0xYVWFguWgVJuvFoQ
10:33:49.388 [http-nio-9587-exec-2] INFO  c.r.f.w.s.TokenService - [getToken,237] - user: madaosen, backend Token: Bearer eyJhbGciOiJIUzUxMiJ9.eyJsb2dpbl91c2VyX2tleSI6IjA4MzM3NjgyLTFhYjItNDRlZC05OWFjLTk1MGQ3YjdhMWIxOSJ9.-HQwl7xa3Ky82jj7wI2p8EHSzJcqcZD2t3S0pe0jMKbFUif28a8VJUKcvJLACuEW8Vw7f0xYVWFguWgVJuvFoQ
10:33:49.471 [http-nio-9587-exec-7] INFO  c.r.f.w.s.TokenService - [getToken,237] - user: madaosen, backend Token: Bearer eyJhbGciOiJIUzUxMiJ9.eyJsb2dpbl91c2VyX2tleSI6IjA4MzM3NjgyLTFhYjItNDRlZC05OWFjLTk1MGQ3YjdhMWIxOSJ9.-HQwl7xa3Ky82jj7wI2p8EHSzJcqcZD2t3S0pe0jMKbFUif28a8VJUKcvJLACuEW8Vw7f0xYVWFguWgVJuvFoQ
10:34:07.350 [http-nio-9587-exec-3] INFO  c.r.f.w.s.TokenService - [getToken,237] - user: madaosen, backend Token: Bearer eyJhbGciOiJIUzUxMiJ9.eyJsb2dpbl91c2VyX2tleSI6IjA4MzM3NjgyLTFhYjItNDRlZC05OWFjLTk1MGQ3YjdhMWIxOSJ9.-HQwl7xa3Ky82jj7wI2p8EHSzJcqcZD2t3S0pe0jMKbFUif28a8VJUKcvJLACuEW8Vw7f0xYVWFguWgVJuvFoQ
10:34:07.725 [http-nio-9587-exec-9] INFO  c.r.f.w.s.TokenService - [getToken,237] - user: madaosen, backend Token: Bearer eyJhbGciOiJIUzUxMiJ9.eyJsb2dpbl91c2VyX2tleSI6IjA4MzM3NjgyLTFhYjItNDRlZC05OWFjLTk1MGQ3YjdhMWIxOSJ9.-HQwl7xa3Ky82jj7wI2p8EHSzJcqcZD2t3S0pe0jMKbFUif28a8VJUKcvJLACuEW8Vw7f0xYVWFguWgVJuvFoQ
10:34:07.727 [http-nio-9587-exec-2] INFO  c.r.f.w.s.TokenService - [getToken,237] - user: madaosen, backend Token: Bearer eyJhbGciOiJIUzUxMiJ9.eyJsb2dpbl91c2VyX2tleSI6IjA4MzM3NjgyLTFhYjItNDRlZC05OWFjLTk1MGQ3YjdhMWIxOSJ9.-HQwl7xa3Ky82jj7wI2p8EHSzJcqcZD2t3S0pe0jMKbFUif28a8VJUKcvJLACuEW8Vw7f0xYVWFguWgVJuvFoQ
10:34:07.728 [http-nio-9587-exec-5] INFO  c.r.f.w.s.TokenService - [getToken,237] - user: madaosen, backend Token: Bearer eyJhbGciOiJIUzUxMiJ9.eyJsb2dpbl91c2VyX2tleSI6IjA4MzM3NjgyLTFhYjItNDRlZC05OWFjLTk1MGQ3YjdhMWIxOSJ9.-HQwl7xa3Ky82jj7wI2p8EHSzJcqcZD2t3S0pe0jMKbFUif28a8VJUKcvJLACuEW8Vw7f0xYVWFguWgVJuvFoQ
10:34:07.758 [http-nio-9587-exec-7] INFO  c.r.f.w.s.TokenService - [getToken,237] - user: madaosen, backend Token: Bearer eyJhbGciOiJIUzUxMiJ9.eyJsb2dpbl91c2VyX2tleSI6IjA4MzM3NjgyLTFhYjItNDRlZC05OWFjLTk1MGQ3YjdhMWIxOSJ9.-HQwl7xa3Ky82jj7wI2p8EHSzJcqcZD2t3S0pe0jMKbFUif28a8VJUKcvJLACuEW8Vw7f0xYVWFguWgVJuvFoQ
10:34:08.099 [http-nio-9587-exec-7] INFO  c.r.w.s.i.DigitalEmployeeAgentServiceImpl - [prepareChat,566] - [DEBUG] 数字员工实际发送prompt employeeCode=kcts-todo-employee conversationId=kcts-demo-1788747911311-2c5168bf prompt=@待办数字员工

以下 JSON 中 currentUser 由科创智方服务端生成；clientReferences 仅是界面引用线索，涉及读取或写入业务数据时必须再次调用科创智方受控接口校验。附件 fileId 也必须按当前用户和 conversationId 校验后才能读取。
{"conversationId":"kcts-demo-1788747911311-2c5168bf","attachments":[],"currentUser":{"roleId":"fill_role","roleIds":["operational_improvement_planner_role","pf_unit_dept_leader_role","annual_project_approval_fill_role","fill_role","rd_unit_director_role","unit_verify_role","chief_engineer_leader_role","ai_audit_rule","product_innovation_accept_role","chief_engineer_director_role","workflow_user_update_role","email","rd_unit_leader_role","professional_leader_role","pf_project_manager_role","verify_role","software_cost_manager_role","allocation_role","prospective_study_planner_role","project_read_all_role","science_technology_fill_role","pf_director_role","self_develop_planner_role","hgbz","science_technology_read_role","chief_engineer_manager_role","product_innovation_planner_role","other_accept_role"],"userName":"madaosen","userId":"460","displayName":"madaosen"},"clientReferences":{"businessReferences":[{"id":"task:2095053346414166016:PmFillProjectInfo:1","kind":"todo","name":"当前任务 · 项目管理员输入项目信息","projectId":"2095053346414166016","projectName":"万号投诉处理智能体研发","status":"项目管理员输入项目信息","taskId":"8dc3d97d-aa64-11f1-885b-da3bbfe162e3","taskKey":"PmFillProjectInfo"}]},"todoContext":{"schemaVersion":"1.0","status":"ready","task":{"taskId":"8dc3d97d-aa64-11f1-885b-da3bbfe162e3","taskKey":"PmFillProjectInfo","taskName":"项目管理员输入项目信息","projectId":"2095053346414166016","projectName":"万号投诉处理智能体研发","roleLabel":"当前办理人","actionType":"submit","canReject":false},"confirmation":{"required":true,"submitBy":"browser_session","submitToolAllowed":false,"label":"确认提交"},"project":{"id":"2095053346414166016","name":"万号投诉处理智能体研发","projectCategory":"prospective_study","projectCategoryName":"前瞻研究","projectProfessionalField":"1","projectProfessionalFieldName":"前瞻研究","isPlanProject":"2031553275975671808","isSelfDeveloped":0,"isBaseCutting":0,"requirementUnit":"zqj","requirementUnitName":"中区局","undertakeUnit":"SHGSRHCXYFJD","undertakeUnitName":"上海公司融合创新研发基地","operationUnit":"shgsrhcxyfjd","planStartDate":"2026-09-01","planEndDate":"2026-11-14","rdIntelligentComputeResource":"144444"},"formSchema":[{"controlId":"project_name","controlType":"string","label":"项目名称","value":"","displayValue":"","required":true,"modelMaySuggest":true,"humanConfirmationRequired":true,"options":[]},{"controlId":"cost_budget","controlType":"double","label":"成本预算","value":"","displayValue":"","required":true,"modelMaySuggest":true,"humanConfirmationRequired":true,"options":[]},{"controlId":"cost_budget_current_year","controlType":"double","label":"本年下达成本预算","value":"","displayValue":"","required":true,"modelMaySuggest":true,"humanConfirmationRequired":true,"options":[]},{"controlId":"capital_budget","controlType":"double","label":"资本预算","value":"","displayValue":"","required":true,"modelMaySuggest":true,"humanConfirmationRequired":true,"options":[]},{"controlId":"is_additional_deduction","controlType":"radio","label":"是否加计扣除","value":"","displayValue":"","required":true,"modelMaySuggest":true,"humanConfirmationRequired":true,"options":[{"value":"0","label":"是"},{"value":"1","label":"否"}]},{"controlId":"project_intro","controlType":"textarea","label":"项目简要说明","value":"","displayValue":"","required":false,"modelMaySuggest":true,"humanConfirmationRequired":true,"options":[]},{"controlId":"project_complete_date","controlType":"datetime","label":"项目完成时间","value":"","displayValue":"","required":true,"modelMaySuggest":true,"humanConfirmationRequired":true,"options":[]},{"controlId":"rd_intelligent_compute_resource","controlType":"double","label":"研发用智算资源(单位:元)","value":"","displayValue":"","required":false,"modelMaySuggest":true,"humanConfirmationRequired":true,"options":[]}],"pmFillSignals":{"sourceFound":true,"source":"field_level_sources","prefillValues":{"project_name":{"value":"测试00002","displayValue":"测试00002","source":"act_workflow_formdata.lx_project_name"},"cost_budget":{"value":"2222222","displayValue":"2222222","source":"project_info_second.lx_full_cost_minus_foreign_cost"},"project_complete_date":{"value":"2026-11-14 00:00:00","displayValue":"2026-11-14 00:00:00","source":"project_info.plan_end_date"},"rd_intelligent_compute_resource":{"value":"144444","displayValue":"144444","source":"project_info.rd_intelligent_compute_resource"}},"requiredControlIds":["project_name","cost_budget","cost_budget_current_year","capital_budget","is_additional_deduction","project_complete_date"],"missingRequiredFields":["cost_budget_current_year","capital_budget","is_additional_deduction"]},"responseContract":{"type":"kcts.todo_form_patch","patchKey":"formPatch","knownControlIds":["project_name","cost_budget","cost_budget_current_year","capital_budget","is_additional_deduction","project_intro","project_complete_date","rd_intelligent_compute_resource"],"rules":["只能建议 formSchema 中存在的 controlId","select 和 radio 只能使用 options 中的 value","没有充分依据的字段必须留空并加入 missingFields","不得调用工具或接口提交审批，最终提交必须由浏览器当前登录用户确认"]}}}

本轮是科创智方待办辅助，todoContext 是服务端权威上下文。仅使用其中 project、formSchema 和节点 signals；不调用工具，不伪造控件或人员，不替用户提交。审批意见 radio 只用 decisionSuggestion 表达，不列入 formPatch 或 missingFields。处理意见限60个汉字；其他当前结论下的必填项无法确定时才列入 missingFields，此时 status=needs_input 且不建议 approve。只返回符合 responseContract 的一个 kcts.todo_form_patch JSON 对象，不要 Markdown 或额外说明。
10:34:08.963 [http-nio-9587-exec-3] INFO  c.r.f.w.s.TokenService - [getToken,237] - user: madaosen, backend Token: Bearer eyJhbGciOiJIUzUxMiJ9.eyJsb2dpbl91c2VyX2tleSI6IjA4MzM3NjgyLTFhYjItNDRlZC05OWFjLTk1MGQ3YjdhMWIxOSJ9.-HQwl7xa3Ky82jj7wI2p8EHSzJcqcZD2t3S0pe0jMKbFUif28a8VJUKcvJLACuEW8Vw7f0xYVWFguWgVJuvFoQ
10:34:10.160 [http-nio-9587-exec-6] INFO  c.r.f.w.s.TokenService - [getToken,237] - user: madaosen, backend Token: Bearer eyJhbGciOiJIUzUxMiJ9.eyJsb2dpbl91c2VyX2tleSI6IjA4MzM3NjgyLTFhYjItNDRlZC05OWFjLTk1MGQ3YjdhMWIxOSJ9.-HQwl7xa3Ky82jj7wI2p8EHSzJcqcZD2t3S0pe0jMKbFUif28a8VJUKcvJLACuEW8Vw7f0xYVWFguWgVJuvFoQ
10:34:11.365 [http-nio-9587-exec-9] INFO  c.r.f.w.s.TokenService - [getToken,237] - user: madaosen, backend Token: Bearer eyJhbGciOiJIUzUxMiJ9.eyJsb2dpbl91c2VyX2tleSI6IjA4MzM3NjgyLTFhYjItNDRlZC05OWFjLTk1MGQ3YjdhMWIxOSJ9.-HQwl7xa3Ky82jj7wI2p8EHSzJcqcZD2t3S0pe0jMKbFUif28a8VJUKcvJLACuEW8Vw7f0xYVWFguWgVJuvFoQ
10:34:12.572 [http-nio-9587-exec-5] INFO  c.r.f.w.s.TokenService - [getToken,237] - user: madaosen, backend Token: Bearer eyJhbGciOiJIUzUxMiJ9.eyJsb2dpbl91c2VyX2tleSI6IjA4MzM3NjgyLTFhYjItNDRlZC05OWFjLTk1MGQ3YjdhMWIxOSJ9.-HQwl7xa3Ky82jj7wI2p8EHSzJcqcZD2t3S0pe0jMKbFUif28a8VJUKcvJLACuEW8Vw7f0xYVWFguWgVJuvFoQ
10:34:13.761 [http-nio-9587-exec-7] INFO  c.r.f.w.s.TokenService - [getToken,237] - user: madaosen, backend Token: Bearer eyJhbGciOiJIUzUxMiJ9.eyJsb2dpbl91c2VyX2tleSI6IjA4MzM3NjgyLTFhYjItNDRlZC05OWFjLTk1MGQ3YjdhMWIxOSJ9.-HQwl7xa3Ky82jj7wI2p8EHSzJcqcZD2t3S0pe0jMKbFUif28a8VJUKcvJLACuEW8Vw7f0xYVWFguWgVJuvFoQ
10:34:14.973 [http-nio-9587-exec-3] INFO  c.r.f.w.s.TokenService - [getToken,237] - user: madaosen, backend Token: Bearer eyJhbGciOiJIUzUxMiJ9.eyJsb2dpbl91c2VyX2tleSI6IjA4MzM3NjgyLTFhYjItNDRlZC05OWFjLTk1MGQ3YjdhMWIxOSJ9.-HQwl7xa3Ky82jj7wI2p8EHSzJcqcZD2t3S0pe0jMKbFUif28a8VJUKcvJLACuEW8Vw7f0xYVWFguWgVJuvFoQ
10:34:16.165 [http-nio-9587-exec-6] INFO  c.r.f.w.s.TokenService - [getToken,237] - user: madaosen, backend Token: Bearer eyJhbGciOiJIUzUxMiJ9.eyJsb2dpbl91c2VyX2tleSI6IjA4MzM3NjgyLTFhYjItNDRlZC05OWFjLTk1MGQ3YjdhMWIxOSJ9.-HQwl7xa3Ky82jj7wI2p8EHSzJcqcZD2t3S0pe0jMKbFUif28a8VJUKcvJLACuEW8Vw7f0xYVWFguWgVJuvFoQ
10:34:17.360 [http-nio-9587-exec-9] INFO  c.r.f.w.s.TokenService - [getToken,237] - user: madaosen, backend Token: Bearer eyJhbGciOiJIUzUxMiJ9.eyJsb2dpbl91c2VyX2tleSI6IjA4MzM3NjgyLTFhYjItNDRlZC05OWFjLTk1MGQ3YjdhMWIxOSJ9.-HQwl7xa3Ky82jj7wI2p8EHSzJcqcZD2t3S0pe0jMKbFUif28a8VJUKcvJLACuEW8Vw7f0xYVWFguWgVJuvFoQ
10:34:18.562 [http-nio-9587-exec-5] INFO  c.r.f.w.s.TokenService - [getToken,237] - user: madaosen, backend Token: Bearer eyJhbGciOiJIUzUxMiJ9.eyJsb2dpbl91c2VyX2tleSI6IjA4MzM3NjgyLTFhYjItNDRlZC05OWFjLTk1MGQ3YjdhMWIxOSJ9.-HQwl7xa3Ky82jj7wI2p8EHSzJcqcZD2t3S0pe0jMKbFUif28a8VJUKcvJLACuEW8Vw7f0xYVWFguWgVJuvFoQ
10:34:19.762 [http-nio-9587-exec-7] INFO  c.r.f.w.s.TokenService - [getToken,237] - user: madaosen, backend Token: Bearer eyJhbGciOiJIUzUxMiJ9.eyJsb2dpbl91c2VyX2tleSI6IjA4MzM3NjgyLTFhYjItNDRlZC05OWFjLTk1MGQ3YjdhMWIxOSJ9.-HQwl7xa3Ky82jj7wI2p8EHSzJcqcZD2t3S0pe0jMKbFUif28a8VJUKcvJLACuEW8Vw7f0xYVWFguWgVJuvFoQ
10:34:20.963 [http-nio-9587-exec-3] INFO  c.r.f.w.s.TokenService - [getToken,237] - user: madaosen, backend Token: Bearer eyJhbGciOiJIUzUxMiJ9.eyJsb2dpbl91c2VyX2tleSI6IjA4MzM3NjgyLTFhYjItNDRlZC05OWFjLTk1MGQ3YjdhMWIxOSJ9.-HQwl7xa3Ky82jj7wI2p8EHSzJcqcZD2t3S0pe0jMKbFUif28a8VJUKcvJLACuEW8Vw7f0xYVWFguWgVJuvFoQ
10:34:22.164 [http-nio-9587-exec-6] INFO  c.r.f.w.s.TokenService - [getToken,237] - user: madaosen, backend Token: Bearer eyJhbGciOiJIUzUxMiJ9.eyJsb2dpbl91c2VyX2tleSI6IjA4MzM3NjgyLTFhYjItNDRlZC05OWFjLTk1MGQ3YjdhMWIxOSJ9.-HQwl7xa3Ky82jj7wI2p8EHSzJcqcZD2t3S0pe0jMKbFUif28a8VJUKcvJLACuEW8Vw7f0xYVWFguWgVJuvFoQ
10:34:23.362 [http-nio-9587-exec-9] INFO  c.r.f.w.s.TokenService - [getToken,237] - user: madaosen, backend Token: Bearer eyJhbGciOiJIUzUxMiJ9.eyJsb2dpbl91c2VyX2tleSI6IjA4MzM3NjgyLTFhYjItNDRlZC05OWFjLTk1MGQ3YjdhMWIxOSJ9.-HQwl7xa3Ky82jj7wI2p8EHSzJcqcZD2t3S0pe0jMKbFUif28a8VJUKcvJLACuEW8Vw7f0xYVWFguWgVJuvFoQ
10:34:24.057 [http-nio-9587-exec-1] INFO  c.r.f.w.s.TokenService - [getToken,237] - user: madaosen, backend Token: Bearer eyJhbGciOiJIUzUxMiJ9.eyJsb2dpbl91c2VyX2tleSI6IjA4MzM3NjgyLTFhYjItNDRlZC05OWFjLTk1MGQ3YjdhMWIxOSJ9.-HQwl7xa3Ky82jj7wI2p8EHSzJcqcZD2t3S0pe0jMKbFUif28a8VJUKcvJLACuEW8Vw7f0xYVWFguWgVJuvFoQ
10:34:24.095 [http-nio-9587-exec-10] INFO  c.r.f.w.s.TokenService - [getToken,237] - user: madaosen, backend Token: Bearer eyJhbGciOiJIUzUxMiJ9.eyJsb2dpbl91c2VyX2tleSI6IjA4MzM3NjgyLTFhYjItNDRlZC05OWFjLTk1MGQ3YjdhMWIxOSJ9.-HQwl7xa3Ky82jj7wI2p8EHSzJcqcZD2t3S0pe0jMKbFUif28a8VJUKcvJLACuEW8Vw7f0xYVWFguWgVJuvFoQ
10:34:24.440 [http-nio-9587-exec-8] INFO  c.r.f.w.s.TokenService - [getToken,237] - user: madaosen, backend Token: Bearer eyJhbGciOiJIUzUxMiJ9.eyJsb2dpbl91c2VyX2tleSI6IjA4MzM3NjgyLTFhYjItNDRlZC05OWFjLTk1MGQ3YjdhMWIxOSJ9.-HQwl7xa3Ky82jj7wI2p8EHSzJcqcZD2t3S0pe0jMKbFUif28a8VJUKcvJLACuEW8Vw7f0xYVWFguWgVJuvFoQ
10:34:24.566 [http-nio-9587-exec-4] INFO  c.r.f.w.s.TokenService - [getToken,237] - user: madaosen, backend Token: Bearer eyJhbGciOiJIUzUxMiJ9.eyJsb2dpbl91c2VyX2tleSI6IjA4MzM3NjgyLTFhYjItNDRlZC05OWFjLTk1MGQ3YjdhMWIxOSJ9.-HQwl7xa3Ky82jj7wI2p8EHSzJcqcZD2t3S0pe0jMKbFUif28a8VJUKcvJLACuEW8Vw7f0xYVWFguWgVJuvFoQ
10:34:25.268 [http-nio-9587-exec-2] INFO  c.r.f.w.s.TokenService - [getToken,237] - user: madaosen, backend Token: Bearer eyJhbGciOiJIUzUxMiJ9.eyJsb2dpbl91c2VyX2tleSI6IjA4MzM3NjgyLTFhYjItNDRlZC05OWFjLTk1MGQ3YjdhMWIxOSJ9.-HQwl7xa3Ky82jj7wI2p8EHSzJcqcZD2t3S0pe0jMKbFUif28a8VJUKcvJLACuEW8Vw7f0xYVWFguWgVJuvFoQ
10:34:25.289 [http-nio-9587-exec-1] INFO  c.r.f.w.s.TokenService - [getToken,237] - user: madaosen, backend Token: Bearer eyJhbGciOiJIUzUxMiJ9.eyJsb2dpbl91c2VyX2tleSI6IjA4MzM3NjgyLTFhYjItNDRlZC05OWFjLTk1MGQ3YjdhMWIxOSJ9.-HQwl7xa3Ky82jj7wI2p8EHSzJcqcZD2t3S0pe0jMKbFUif28a8VJUKcvJLACuEW8Vw7f0xYVWFguWgVJuvFoQ
10:35:07.804 [http-nio-9587-exec-6] INFO  c.r.f.w.s.TokenService - [getToken,237] - user: madaosen, backend Token: Bearer eyJhbGciOiJIUzUxMiJ9.eyJsb2dpbl91c2VyX2tleSI6IjA4MzM3NjgyLTFhYjItNDRlZC05OWFjLTk1MGQ3YjdhMWIxOSJ9.-HQwl7xa3Ky82jj7wI2p8EHSzJcqcZD2t3S0pe0jMKbFUif28a8VJUKcvJLACuEW8Vw7f0xYVWFguWgVJuvFoQ
10:36:47.488 [http-nio-9587-exec-10] INFO  c.r.f.w.s.TokenService - [getToken,237] - user: madaosen, backend Token: Bearer eyJhbGciOiJIUzUxMiJ9.eyJsb2dpbl91c2VyX2tleSI6IjA4MzM3NjgyLTFhYjItNDRlZC05OWFjLTk1MGQ3YjdhMWIxOSJ9.-HQwl7xa3Ky82jj7wI2p8EHSzJcqcZD2t3S0pe0jMKbFUif28a8VJUKcvJLACuEW8Vw7f0xYVWFguWgVJuvFoQ
10:36:47.488 [http-nio-9587-exec-2] INFO  c.r.f.w.s.TokenService - [getToken,237] - user: madaosen, backend Token: Bearer eyJhbGciOiJIUzUxMiJ9.eyJsb2dpbl91c2VyX2tleSI6IjA4MzM3NjgyLTFhYjItNDRlZC05OWFjLTk1MGQ3YjdhMWIxOSJ9.-HQwl7xa3Ky82jj7wI2p8EHSzJcqcZD2t3S0pe0jMKbFUif28a8VJUKcvJLACuEW8Vw7f0xYVWFguWgVJuvFoQ
10:36:47.488 [http-nio-9587-exec-4] INFO  c.r.f.w.s.TokenService - [getToken,237] - user: madaosen, backend Token: Bearer eyJhbGciOiJIUzUxMiJ9.eyJsb2dpbl91c2VyX2tleSI6IjA4MzM3NjgyLTFhYjItNDRlZC05OWFjLTk1MGQ3YjdhMWIxOSJ9.-HQwl7xa3Ky82jj7wI2p8EHSzJcqcZD2t3S0pe0jMKbFUif28a8VJUKcvJLACuEW8Vw7f0xYVWFguWgVJuvFoQ
10:36:47.489 [http-nio-9587-exec-5] INFO  c.r.f.w.s.TokenService - [getToken,237] - user: madaosen, backend Token: Bearer eyJhbGciOiJIUzUxMiJ9.eyJsb2dpbl91c2VyX2tleSI6IjA4MzM3NjgyLTFhYjItNDRlZC05OWFjLTk1MGQ3YjdhMWIxOSJ9.-HQwl7xa3Ky82jj7wI2p8EHSzJcqcZD2t3S0pe0jMKbFUif28a8VJUKcvJLACuEW8Vw7f0xYVWFguWgVJuvFoQ
10:36:47.489 [http-nio-9587-exec-3] INFO  c.r.f.w.s.TokenService - [getToken,237] - user: madaosen, backend Token: Bearer eyJhbGciOiJIUzUxMiJ9.eyJsb2dpbl91c2VyX2tleSI6IjA4MzM3NjgyLTFhYjItNDRlZC05OWFjLTk1MGQ3YjdhMWIxOSJ9.-HQwl7xa3Ky82jj7wI2p8EHSzJcqcZD2t3S0pe0jMKbFUif28a8VJUKcvJLACuEW8Vw7f0xYVWFguWgVJuvFoQ
10:36:47.507 [http-nio-9587-exec-7] INFO  c.r.f.w.s.TokenService - [getToken,237] - user: madaosen, backend Token: Bearer eyJhbGciOiJIUzUxMiJ9.eyJsb2dpbl91c2VyX2tleSI6IjA4MzM3NjgyLTFhYjItNDRlZC05OWFjLTk1MGQ3YjdhMWIxOSJ9.-HQwl7xa3Ky82jj7wI2p8EHSzJcqcZD2t3S0pe0jMKbFUif28a8VJUKcvJLACuEW8Vw7f0xYVWFguWgVJuvFoQ
10:36:47.527 [http-nio-9587-exec-1] INFO  c.r.f.w.s.TokenService - [getToken,237] - user: madaosen, backend Token: Bearer eyJhbGciOiJIUzUxMiJ9.eyJsb2dpbl91c2VyX2tleSI6IjA4MzM3NjgyLTFhYjItNDRlZC05OWFjLTk1MGQ3YjdhMWIxOSJ9.-HQwl7xa3Ky82jj7wI2p8EHSzJcqcZD2t3S0pe0jMKbFUif28a8VJUKcvJLACuEW8Vw7f0xYVWFguWgVJuvFoQ
10:36:47.543 [http-nio-9587-exec-2] INFO  c.r.f.w.s.TokenService - [getToken,237] - user: madaosen, backend Token: Bearer eyJhbGciOiJIUzUxMiJ9.eyJsb2dpbl91c2VyX2tleSI6IjA4MzM3NjgyLTFhYjItNDRlZC05OWFjLTk1MGQ3YjdhMWIxOSJ9.-HQwl7xa3Ky82jj7wI2p8EHSzJcqcZD2t3S0pe0jMKbFUif28a8VJUKcvJLACuEW8Vw7f0xYVWFguWgVJuvFoQ
10:36:47.559 [http-nio-9587-exec-6] INFO  c.r.f.w.s.TokenService - [getToken,237] - user: madaosen, backend Token: Bearer eyJhbGciOiJIUzUxMiJ9.eyJsb2dpbl91c2VyX2tleSI6IjA4MzM3NjgyLTFhYjItNDRlZC05OWFjLTk1MGQ3YjdhMWIxOSJ9.-HQwl7xa3Ky82jj7wI2p8EHSzJcqcZD2t3S0pe0jMKbFUif28a8VJUKcvJLACuEW8Vw7f0xYVWFguWgVJuvFoQ
10:36:47.562 [http-nio-9587-exec-2] INFO  c.r.f.w.s.TokenService - [getToken,237] - user: madaosen, backend Token: Bearer eyJhbGciOiJIUzUxMiJ9.eyJsb2dpbl91c2VyX2tleSI6IjA4MzM3NjgyLTFhYjItNDRlZC05OWFjLTk1MGQ3YjdhMWIxOSJ9.-HQwl7xa3Ky82jj7wI2p8EHSzJcqcZD2t3S0pe0jMKbFUif28a8VJUKcvJLACuEW8Vw7f0xYVWFguWgVJuvFoQ
10:36:47.576 [http-nio-9587-exec-7] INFO  c.r.f.w.s.TokenService - [getToken,237] - user: madaosen, backend Token: Bearer eyJhbGciOiJIUzUxMiJ9.eyJsb2dpbl91c2VyX2tleSI6IjA4MzM3NjgyLTFhYjItNDRlZC05OWFjLTk1MGQ3YjdhMWIxOSJ9.-HQwl7xa3Ky82jj7wI2p8EHSzJcqcZD2t3S0pe0jMKbFUif28a8VJUKcvJLACuEW8Vw7f0xYVWFguWgVJuvFoQ
10:36:47.577 [http-nio-9587-exec-8] INFO  c.r.f.w.s.TokenService - [getToken,237] - user: madaosen, backend Token: Bearer eyJhbGciOiJIUzUxMiJ9.eyJsb2dpbl91c2VyX2tleSI6IjA4MzM3NjgyLTFhYjItNDRlZC05OWFjLTk1MGQ3YjdhMWIxOSJ9.-HQwl7xa3Ky82jj7wI2p8EHSzJcqcZD2t3S0pe0jMKbFUif28a8VJUKcvJLACuEW8Vw7f0xYVWFguWgVJuvFoQ
10:36:47.629 [http-nio-9587-exec-9] INFO  c.r.f.w.s.TokenService - [getToken,237] - user: madaosen, backend Token: Bearer eyJhbGciOiJIUzUxMiJ9.eyJsb2dpbl91c2VyX2tleSI6IjA4MzM3NjgyLTFhYjItNDRlZC05OWFjLTk1MGQ3YjdhMWIxOSJ9.-HQwl7xa3Ky82jj7wI2p8EHSzJcqcZD2t3S0pe0jMKbFUif28a8VJUKcvJLACuEW8Vw7f0xYVWFguWgVJuvFoQ
10:36:47.630 [http-nio-9587-exec-1] INFO  c.r.f.w.s.TokenService - [getToken,237] - user: madaosen, backend Token: Bearer eyJhbGciOiJIUzUxMiJ9.eyJsb2dpbl91c2VyX2tleSI6IjA4MzM3NjgyLTFhYjItNDRlZC05OWFjLTk1MGQ3YjdhMWIxOSJ9.-HQwl7xa3Ky82jj7wI2p8EHSzJcqcZD2t3S0pe0jMKbFUif28a8VJUKcvJLACuEW8Vw7f0xYVWFguWgVJuvFoQ
10:36:47.648 [http-nio-9587-exec-5] INFO  c.r.f.w.s.TokenService - [getToken,237] - user: madaosen, backend Token: Bearer eyJhbGciOiJIUzUxMiJ9.eyJsb2dpbl91c2VyX2tleSI6IjA4MzM3NjgyLTFhYjItNDRlZC05OWFjLTk1MGQ3YjdhMWIxOSJ9.-HQwl7xa3Ky82jj7wI2p8EHSzJcqcZD2t3S0pe0jMKbFUif28a8VJUKcvJLACuEW8Vw7f0xYVWFguWgVJuvFoQ
10:36:47.688 [http-nio-9587-exec-6] INFO  c.r.f.w.s.TokenService - [getToken,237] - user: madaosen, backend Token: Bearer eyJhbGciOiJIUzUxMiJ9.eyJsb2dpbl91c2VyX2tleSI6IjA4MzM3NjgyLTFhYjItNDRlZC05OWFjLTk1MGQ3YjdhMWIxOSJ9.-HQwl7xa3Ky82jj7wI2p8EHSzJcqcZD2t3S0pe0jMKbFUif28a8VJUKcvJLACuEW8Vw7f0xYVWFguWgVJuvFoQ
10:36:47.691 [http-nio-9587-exec-10] INFO  c.r.f.w.s.TokenService - [getToken,237] - user: madaosen, backend Token: Bearer eyJhbGciOiJIUzUxMiJ9.eyJsb2dpbl91c2VyX2tleSI6IjA4MzM3NjgyLTFhYjItNDRlZC05OWFjLTk1MGQ3YjdhMWIxOSJ9.-HQwl7xa3Ky82jj7wI2p8EHSzJcqcZD2t3S0pe0jMKbFUif28a8VJUKcvJLACuEW8Vw7f0xYVWFguWgVJuvFoQ
10:36:47.698 [http-nio-9587-exec-2] INFO  c.r.f.w.s.TokenService - [getToken,237] - user: madaosen, backend Token: Bearer eyJhbGciOiJIUzUxMiJ9.eyJsb2dpbl91c2VyX2tleSI6IjA4MzM3NjgyLTFhYjItNDRlZC05OWFjLTk1MGQ3YjdhMWIxOSJ9.-HQwl7xa3Ky82jj7wI2p8EHSzJcqcZD2t3S0pe0jMKbFUif28a8VJUKcvJLACuEW8Vw7f0xYVWFguWgVJuvFoQ
10:36:47.699 [http-nio-9587-exec-1] INFO  c.r.f.w.s.TokenService - [getToken,237] - user: madaosen, backend Token: Bearer eyJhbGciOiJIUzUxMiJ9.eyJsb2dpbl91c2VyX2tleSI6IjA4MzM3NjgyLTFhYjItNDRlZC05OWFjLTk1MGQ3YjdhMWIxOSJ9.-HQwl7xa3Ky82jj7wI2p8EHSzJcqcZD2t3S0pe0jMKbFUif28a8VJUKcvJLACuEW8Vw7f0xYVWFguWgVJuvFoQ
10:36:47.921 [http-nio-9587-exec-8] INFO  c.r.f.w.s.TokenService - [getToken,237] - user: madaosen, backend Token: Bearer eyJhbGciOiJIUzUxMiJ9.eyJsb2dpbl91c2VyX2tleSI6IjA4MzM3NjgyLTFhYjItNDRlZC05OWFjLTk1MGQ3YjdhMWIxOSJ9.-HQwl7xa3Ky82jj7wI2p8EHSzJcqcZD2t3S0pe0jMKbFUif28a8VJUKcvJLACuEW8Vw7f0xYVWFguWgVJuvFoQ
10:36:47.922 [http-nio-9587-exec-7] INFO  c.r.f.w.s.TokenService - [getToken,237] - user: madaosen, backend Token: Bearer eyJhbGciOiJIUzUxMiJ9.eyJsb2dpbl91c2VyX2tleSI6IjA4MzM3NjgyLTFhYjItNDRlZC05OWFjLTk1MGQ3YjdhMWIxOSJ9.-HQwl7xa3Ky82jj7wI2p8EHSzJcqcZD2t3S0pe0jMKbFUif28a8VJUKcvJLACuEW8Vw7f0xYVWFguWgVJuvFoQ
10:36:47.923 [http-nio-9587-exec-9] INFO  c.r.f.w.s.TokenService - [getToken,237] - user: madaosen, backend Token: Bearer eyJhbGciOiJIUzUxMiJ9.eyJsb2dpbl91c2VyX2tleSI6IjA4MzM3NjgyLTFhYjItNDRlZC05OWFjLTk1MGQ3YjdhMWIxOSJ9.-HQwl7xa3Ky82jj7wI2p8EHSzJcqcZD2t3S0pe0jMKbFUif28a8VJUKcvJLACuEW8Vw7f0xYVWFguWgVJuvFoQ
10:36:47.926 [http-nio-9587-exec-10] INFO  c.r.f.w.s.TokenService - [getToken,237] - user: madaosen, backend Token: Bearer eyJhbGciOiJIUzUxMiJ9.eyJsb2dpbl91c2VyX2tleSI6IjA4MzM3NjgyLTFhYjItNDRlZC05OWFjLTk1MGQ3YjdhMWIxOSJ9.-HQwl7xa3Ky82jj7wI2p8EHSzJcqcZD2t3S0pe0jMKbFUif28a8VJUKcvJLACuEW8Vw7f0xYVWFguWgVJuvFoQ
10:36:47.926 [http-nio-9587-exec-3] INFO  c.r.f.w.s.TokenService - [getToken,237] - user: madaosen, backend Token: Bearer eyJhbGciOiJIUzUxMiJ9.eyJsb2dpbl91c2VyX2tleSI6IjA4MzM3NjgyLTFhYjItNDRlZC05OWFjLTk1MGQ3YjdhMWIxOSJ9.-HQwl7xa3Ky82jj7wI2p8EHSzJcqcZD2t3S0pe0jMKbFUif28a8VJUKcvJLACuEW8Vw7f0xYVWFguWgVJuvFoQ
10:36:47.940 [http-nio-9587-exec-6] INFO  c.r.f.w.s.TokenService - [getToken,237] - user: madaosen, backend Token: Bearer eyJhbGciOiJIUzUxMiJ9.eyJsb2dpbl91c2VyX2tleSI6IjA4MzM3NjgyLTFhYjItNDRlZC05OWFjLTk1MGQ3YjdhMWIxOSJ9.-HQwl7xa3Ky82jj7wI2p8EHSzJcqcZD2t3S0pe0jMKbFUif28a8VJUKcvJLACuEW8Vw7f0xYVWFguWgVJuvFoQ
10:36:47.940 [http-nio-9587-exec-5] INFO  c.r.f.w.s.TokenService - [getToken,237] - user: madaosen, backend Token: Bearer eyJhbGciOiJIUzUxMiJ9.eyJsb2dpbl91c2VyX2tleSI6IjA4MzM3NjgyLTFhYjItNDRlZC05OWFjLTk1MGQ3YjdhMWIxOSJ9.-HQwl7xa3Ky82jj7wI2p8EHSzJcqcZD2t3S0pe0jMKbFUif28a8VJUKcvJLACuEW8Vw7f0xYVWFguWgVJuvFoQ
10:36:47.940 [http-nio-9587-exec-2] INFO  c.r.f.w.s.TokenService - [getToken,237] - user: madaosen, backend Token: Bearer eyJhbGciOiJIUzUxMiJ9.eyJsb2dpbl91c2VyX2tleSI6IjA4MzM3NjgyLTFhYjItNDRlZC05OWFjLTk1MGQ3YjdhMWIxOSJ9.-HQwl7xa3Ky82jj7wI2p8EHSzJcqcZD2t3S0pe0jMKbFUif28a8VJUKcvJLACuEW8Vw7f0xYVWFguWgVJuvFoQ
10:36:47.960 [http-nio-9587-exec-8] INFO  c.r.f.w.s.TokenService - [getToken,237] - user: madaosen, backend Token: Bearer eyJhbGciOiJIUzUxMiJ9.eyJsb2dpbl91c2VyX2tleSI6IjA4MzM3NjgyLTFhYjItNDRlZC05OWFjLTk1MGQ3YjdhMWIxOSJ9.-HQwl7xa3Ky82jj7wI2p8EHSzJcqcZD2t3S0pe0jMKbFUif28a8VJUKcvJLACuEW8Vw7f0xYVWFguWgVJuvFoQ
10:36:47.971 [http-nio-9587-exec-3] INFO  c.r.f.w.s.TokenService - [getToken,237] - user: madaosen, backend Token: Bearer eyJhbGciOiJIUzUxMiJ9.eyJsb2dpbl91c2VyX2tleSI6IjA4MzM3NjgyLTFhYjItNDRlZC05OWFjLTk1MGQ3YjdhMWIxOSJ9.-HQwl7xa3Ky82jj7wI2p8EHSzJcqcZD2t3S0pe0jMKbFUif28a8VJUKcvJLACuEW8Vw7f0xYVWFguWgVJuvFoQ
10:36:47.972 [http-nio-9587-exec-2] INFO  c.r.f.w.s.TokenService - [getToken,237] - user: madaosen, backend Token: Bearer eyJhbGciOiJIUzUxMiJ9.eyJsb2dpbl91c2VyX2tleSI6IjA4MzM3NjgyLTFhYjItNDRlZC05OWFjLTk1MGQ3YjdhMWIxOSJ9.-HQwl7xa3Ky82jj7wI2p8EHSzJcqcZD2t3S0pe0jMKbFUif28a8VJUKcvJLACuEW8Vw7f0xYVWFguWgVJuvFoQ
10:36:47.972 [http-nio-9587-exec-5] INFO  c.r.f.w.s.TokenService - [getToken,237] - user: madaosen, backend Token: Bearer eyJhbGciOiJIUzUxMiJ9.eyJsb2dpbl91c2VyX2tleSI6IjA4MzM3NjgyLTFhYjItNDRlZC05OWFjLTk1MGQ3YjdhMWIxOSJ9.-HQwl7xa3Ky82jj7wI2p8EHSzJcqcZD2t3S0pe0jMKbFUif28a8VJUKcvJLACuEW8Vw7f0xYVWFguWgVJuvFoQ
10:36:48.041 [http-nio-9587-exec-1] INFO  c.r.f.w.s.TokenService - [getToken,237] - user: madaosen, backend Token: Bearer eyJhbGciOiJIUzUxMiJ9.eyJsb2dpbl91c2VyX2tleSI6IjA4MzM3NjgyLTFhYjItNDRlZC05OWFjLTk1MGQ3YjdhMWIxOSJ9.-HQwl7xa3Ky82jj7wI2p8EHSzJcqcZD2t3S0pe0jMKbFUif28a8VJUKcvJLACuEW8Vw7f0xYVWFguWgVJuvFoQ
10:36:48.058 [http-nio-9587-exec-6] INFO  c.r.f.w.s.TokenService - [getToken,237] - user: madaosen, backend Token: Bearer eyJhbGciOiJIUzUxMiJ9.eyJsb2dpbl91c2VyX2tleSI6IjA4MzM3NjgyLTFhYjItNDRlZC05OWFjLTk1MGQ3YjdhMWIxOSJ9.-HQwl7xa3Ky82jj7wI2p8EHSzJcqcZD2t3S0pe0jMKbFUif28a8VJUKcvJLACuEW8Vw7f0xYVWFguWgVJuvFoQ
10:36:48.059 [http-nio-9587-exec-2] INFO  c.r.f.w.s.TokenService - [getToken,237] - user: madaosen, backend Token: Bearer eyJhbGciOiJIUzUxMiJ9.eyJsb2dpbl91c2VyX2tleSI6IjA4MzM3NjgyLTFhYjItNDRlZC05OWFjLTk1MGQ3YjdhMWIxOSJ9.-HQwl7xa3Ky82jj7wI2p8EHSzJcqcZD2t3S0pe0jMKbFUif28a8VJUKcvJLACuEW8Vw7f0xYVWFguWgVJuvFoQ
10:36:48.061 [http-nio-9587-exec-5] INFO  c.r.f.w.s.TokenService - [getToken,237] - user: madaosen, backend Token: Bearer eyJhbGciOiJIUzUxMiJ9.eyJsb2dpbl91c2VyX2tleSI6IjA4MzM3NjgyLTFhYjItNDRlZC05OWFjLTk1MGQ3YjdhMWIxOSJ9.-HQwl7xa3Ky82jj7wI2p8EHSzJcqcZD2t3S0pe0jMKbFUif28a8VJUKcvJLACuEW8Vw7f0xYVWFguWgVJuvFoQ
10:36:48.061 [http-nio-9587-exec-8] INFO  c.r.f.w.s.TokenService - [getToken,237] - user: madaosen, backend Token: Bearer eyJhbGciOiJIUzUxMiJ9.eyJsb2dpbl91c2VyX2tleSI6IjA4MzM3NjgyLTFhYjItNDRlZC05OWFjLTk1MGQ3YjdhMWIxOSJ9.-HQwl7xa3Ky82jj7wI2p8EHSzJcqcZD2t3S0pe0jMKbFUif28a8VJUKcvJLACuEW8Vw7f0xYVWFguWgVJuvFoQ
10:36:48.066 [http-nio-9587-exec-10] INFO  c.r.f.w.s.TokenService - [getToken,237] - user: madaosen, backend Token: Bearer eyJhbGciOiJIUzUxMiJ9.eyJsb2dpbl91c2VyX2tleSI6IjA4MzM3NjgyLTFhYjItNDRlZC05OWFjLTk1MGQ3YjdhMWIxOSJ9.-HQwl7xa3Ky82jj7wI2p8EHSzJcqcZD2t3S0pe0jMKbFUif28a8VJUKcvJLACuEW8Vw7f0xYVWFguWgVJuvFoQ
10:36:48.077 [http-nio-9587-exec-7] INFO  c.r.f.w.s.TokenService - [getToken,237] - user: madaosen, backend Token: Bearer eyJhbGciOiJIUzUxMiJ9.eyJsb2dpbl91c2VyX2tleSI6IjA4MzM3NjgyLTFhYjItNDRlZC05OWFjLTk1MGQ3YjdhMWIxOSJ9.-HQwl7xa3Ky82jj7wI2p8EHSzJcqcZD2t3S0pe0jMKbFUif28a8VJUKcvJLACuEW8Vw7f0xYVWFguWgVJuvFoQ
10:36:48.078 [http-nio-9587-exec-3] INFO  c.r.f.w.s.TokenService - [getToken,237] - user: madaosen, backend Token: Bearer eyJhbGciOiJIUzUxMiJ9.eyJsb2dpbl91c2VyX2tleSI6IjA4MzM3NjgyLTFhYjItNDRlZC05OWFjLTk1MGQ3YjdhMWIxOSJ9.-HQwl7xa3Ky82jj7wI2p8EHSzJcqcZD2t3S0pe0jMKbFUif28a8VJUKcvJLACuEW8Vw7f0xYVWFguWgVJuvFoQ
10:36:48.081 [http-nio-9587-exec-9] INFO  c.r.f.w.s.TokenService - [getToken,237] - user: madaosen, backend Token: Bearer eyJhbGciOiJIUzUxMiJ9.eyJsb2dpbl91c2VyX2tleSI6IjA4MzM3NjgyLTFhYjItNDRlZC05OWFjLTk1MGQ3YjdhMWIxOSJ9.-HQwl7xa3Ky82jj7wI2p8EHSzJcqcZD2t3S0pe0jMKbFUif28a8VJUKcvJLACuEW8Vw7f0xYVWFguWgVJuvFoQ
10:36:48.099 [http-nio-9587-exec-6] INFO  c.r.f.w.s.TokenService - [getToken,237] - user: madaosen, backend Token: Bearer eyJhbGciOiJIUzUxMiJ9.eyJsb2dpbl91c2VyX2tleSI6IjA4MzM3NjgyLTFhYjItNDRlZC05OWFjLTk1MGQ3YjdhMWIxOSJ9.-HQwl7xa3Ky82jj7wI2p8EHSzJcqcZD2t3S0pe0jMKbFUif28a8VJUKcvJLACuEW8Vw7f0xYVWFguWgVJuvFoQ
10:36:48.115 [http-nio-9587-exec-7] INFO  c.r.f.w.s.TokenService - [getToken,237] - user: madaosen, backend Token: Bearer eyJhbGciOiJIUzUxMiJ9.eyJsb2dpbl91c2VyX2tleSI6IjA4MzM3NjgyLTFhYjItNDRlZC05OWFjLTk1MGQ3YjdhMWIxOSJ9.-HQwl7xa3Ky82jj7wI2p8EHSzJcqcZD2t3S0pe0jMKbFUif28a8VJUKcvJLACuEW8Vw7f0xYVWFguWgVJuvFoQ
10:36:48.115 [http-nio-9587-exec-10] INFO  c.r.f.w.s.TokenService - [getToken,237] - user: madaosen, backend Token: Bearer eyJhbGciOiJIUzUxMiJ9.eyJsb2dpbl91c2VyX2tleSI6IjA4MzM3NjgyLTFhYjItNDRlZC05OWFjLTk1MGQ3YjdhMWIxOSJ9.-HQwl7xa3Ky82jj7wI2p8EHSzJcqcZD2t3S0pe0jMKbFUif28a8VJUKcvJLACuEW8Vw7f0xYVWFguWgVJuvFoQ
10:36:48.115 [http-nio-9587-exec-3] INFO  c.r.f.w.s.TokenService - [getToken,237] - user: madaosen, backend Token: Bearer eyJhbGciOiJIUzUxMiJ9.eyJsb2dpbl91c2VyX2tleSI6IjA4MzM3NjgyLTFhYjItNDRlZC05OWFjLTk1MGQ3YjdhMWIxOSJ9.-HQwl7xa3Ky82jj7wI2p8EHSzJcqcZD2t3S0pe0jMKbFUif28a8VJUKcvJLACuEW8Vw7f0xYVWFguWgVJuvFoQ
10:36:56.985 [http-nio-9587-exec-4] INFO  c.r.f.w.s.TokenService - [getToken,237] - user: madaosen, backend Token: Bearer eyJhbGciOiJIUzUxMiJ9.eyJsb2dpbl91c2VyX2tleSI6IjA4MzM3NjgyLTFhYjItNDRlZC05OWFjLTk1MGQ3YjdhMWIxOSJ9.-HQwl7xa3Ky82jj7wI2p8EHSzJcqcZD2t3S0pe0jMKbFUif28a8VJUKcvJLACuEW8Vw7f0xYVWFguWgVJuvFoQ
10:36:57.255 [http-nio-9587-exec-8] INFO  c.r.f.w.s.TokenService - [getToken,237] - user: madaosen, backend Token: Bearer eyJhbGciOiJIUzUxMiJ9.eyJsb2dpbl91c2VyX2tleSI6IjA4MzM3NjgyLTFhYjItNDRlZC05OWFjLTk1MGQ3YjdhMWIxOSJ9.-HQwl7xa3Ky82jj7wI2p8EHSzJcqcZD2t3S0pe0jMKbFUif28a8VJUKcvJLACuEW8Vw7f0xYVWFguWgVJuvFoQ
10:36:57.257 [http-nio-9587-exec-5] INFO  c.r.f.w.s.TokenService - [getToken,237] - user: madaosen, backend Token: Bearer eyJhbGciOiJIUzUxMiJ9.eyJsb2dpbl91c2VyX2tleSI6IjA4MzM3NjgyLTFhYjItNDRlZC05OWFjLTk1MGQ3YjdhMWIxOSJ9.-HQwl7xa3Ky82jj7wI2p8EHSzJcqcZD2t3S0pe0jMKbFUif28a8VJUKcvJLACuEW8Vw7f0xYVWFguWgVJuvFoQ
10:36:57.257 [http-nio-9587-exec-7] INFO  c.r.f.w.s.TokenService - [getToken,237] - user: madaosen, backend Token: Bearer eyJhbGciOiJIUzUxMiJ9.eyJsb2dpbl91c2VyX2tleSI6IjA4MzM3NjgyLTFhYjItNDRlZC05OWFjLTk1MGQ3YjdhMWIxOSJ9.-HQwl7xa3Ky82jj7wI2p8EHSzJcqcZD2t3S0pe0jMKbFUif28a8VJUKcvJLACuEW8Vw7f0xYVWFguWgVJuvFoQ
10:36:57.284 [http-nio-9587-exec-3] INFO  c.r.f.w.s.TokenService - [getToken,237] - user: madaosen, backend Token: Bearer eyJhbGciOiJIUzUxMiJ9.eyJsb2dpbl91c2VyX2tleSI6IjA4MzM3NjgyLTFhYjItNDRlZC05OWFjLTk1MGQ3YjdhMWIxOSJ9.-HQwl7xa3Ky82jj7wI2p8EHSzJcqcZD2t3S0pe0jMKbFUif28a8VJUKcvJLACuEW8Vw7f0xYVWFguWgVJuvFoQ
10:36:57.547 [http-nio-9587-exec-3] INFO  c.r.w.s.i.DigitalEmployeeAgentServiceImpl - [prepareChat,566] - [DEBUG] 数字员工实际发送prompt employeeCode=kcts-todo-employee conversationId=kcts-demo-1788747911311-2c5168bf prompt=@待办数字员工

以下 JSON 中 currentUser 由科创智方服务端生成；clientReferences 仅是界面引用线索，涉及读取或写入业务数据时必须再次调用科创智方受控接口校验。附件 fileId 也必须按当前用户和 conversationId 校验后才能读取。
{"conversationId":"kcts-demo-1788747911311-2c5168bf","attachments":[],"currentUser":{"roleId":"fill_role","roleIds":["operational_improvement_planner_role","pf_unit_dept_leader_role","annual_project_approval_fill_role","fill_role","rd_unit_director_role","unit_verify_role","chief_engineer_leader_role","ai_audit_rule","product_innovation_accept_role","chief_engineer_director_role","workflow_user_update_role","email","rd_unit_leader_role","professional_leader_role","pf_project_manager_role","verify_role","software_cost_manager_role","allocation_role","prospective_study_planner_role","project_read_all_role","science_technology_fill_role","pf_director_role","self_develop_planner_role","hgbz","science_technology_read_role","chief_engineer_manager_role","product_innovation_planner_role","other_accept_role"],"userName":"madaosen","userId":"460","displayName":"madaosen"},"clientReferences":{"businessReferences":[{"id":"task:2095324734505078784:FillInitiationProjectInfo:1","kind":"todo","name":"当前任务 · 补充项目信息","projectId":"2095324734505078784","projectName":"测试表单001","status":"补充项目信息","taskId":"f0cac201-aa63-11f1-885b-da3bbfe162e3","taskKey":"FillInitiationProjectInfo"}]},"todoContext":{"schemaVersion":"1.0","status":"ready","task":{"taskId":"f0cac201-aa63-11f1-885b-da3bbfe162e3","taskKey":"FillInitiationProjectInfo","taskName":"补充项目信息","projectId":"2095324734505078784","projectName":"测试表单001","roleLabel":"当前办理人","actionType":"submit","canReject":false},"confirmation":{"required":true,"submitBy":"browser_session","submitToolAllowed":false,"label":"确认提交"},"project":{"id":"2095324734505078784","name":"测试表单001","projectCategory":"operational_improvement","projectCategoryName":"运营提升","projectProfessionalField":"1","projectProfessionalFieldName":"前瞻研究","isPlanProject":"2031553275975671808","isSelfDeveloped":0,"isBaseCutting":0,"requirementUnit":"zqj","requirementUnitName":"中区局","undertakeUnit":"SHGSRHCXYFJD","undertakeUnitName":"上海公司融合创新研发基地","operationUnit":"shgsrhcxyfjd","planStartDate":"2024-11-01","planEndDate":"2025-11-30"},"formSchema":[{"controlId":"wbs_number","controlType":"string","label":"主项目wbs编号","value":"","displayValue":"","required":false,"modelMaySuggest":true,"humanConfirmationRequired":true,"options":[]},{"controlId":"lx_project_name","controlType":"select","label":"立项后主项目名称","value":"","displayValue":"","required":false,"modelMaySuggest":true,"humanConfirmationRequired":true,"options":[]},{"controlId":"milestone_date_content","controlType":"string","label":"里程碑时间及内容","value":"","displayValue":"","required":false,"modelMaySuggest":true,"humanConfirmationRequired":true,"options":[]},{"controlId":"initial_budget_application_time","controlType":"datetime","label":"初次申请预算时间","value":"","displayValue":"","required":false,"modelMaySuggest":true,"humanConfirmationRequired":true,"options":[]},{"controlId":"save_cost_zy_target_fill_proj","controlType":"double","label":"节约成本-终验目标","value":"","displayValue":"","required":false,"modelMaySuggest":true,"humanConfirmationRequired":true,"options":[]},{"controlId":"save_cost_hpg_target_fill_proj","controlType":"double","label":"节约成本-后评估目标","value":"","displayValue":"","required":false,"modelMaySuggest":true,"humanConfirmationRequired":true,"options":[]},{"controlId":"efficiency_improvement_zy_target_fill_proj","controlType":"textarea","label":"效益提升-终验目标","value":"","displayValue":"","required":false,"modelMaySuggest":true,"humanConfirmationRequired":true,"options":[]},{"controlId":"efficiency_improvement_hpg_target_fill_proj","controlType":"textarea","label":"效益提升-后评估目标","value":"","displayValue":"","required":false,"modelMaySuggest":true,"humanConfirmationRequired":true,"options":[]},{"controlId":"quality_improvement_zy_target_fill_proj","controlType":"textarea","label":"质量提升-终验目标","value":"","displayValue":"","required":false,"modelMaySuggest":true,"humanConfirmationRequired":true,"options":[]},{"controlId":"quality_improvement_hpg_target_fill_proj","controlType":"textarea","label":"质量提升-后评估目标","value":"","displayValue":"","required":false,"modelMaySuggest":true,"humanConfirmationRequired":true,"options":[]},{"controlId":"service_perception_improvement_zy_target_fill_proj","controlType":"textarea","label":"服务感知提升-终验目标","value":"","displayValue":"","required":false,"modelMaySuggest":true,"humanConfirmationRequired":true,"options":[]},{"controlId":"service_perception_improvement_hpg_target_fill_proj","controlType":"textarea","label":"服务感知提升-后评估目标","value":"","displayValue":"","required":false,"modelMaySuggest":true,"humanConfirmationRequired":true,"options":[]},{"controlId":"ability_output_zy_target_fill_proj","controlType":"textarea","label":"能力输出-终验目标","value":"","displayValue":"","required":false,"modelMaySuggest":true,"humanConfirmationRequired":true,"options":[]},{"controlId":"ability_output_hpg_target_fill_proj","controlType":"textarea","label":"能力输出-后评估目标","value":"","displayValue":"","required":false,"modelMaySuggest":true,"humanConfirmationRequired":true,"options":[]},{"controlId":"result_output_zy_target_fill_proj","controlType":"textarea","label":"成果输出-终验目标","value":"","displayValue":"","required":false,"modelMaySuggest":true,"humanConfirmationRequired":true,"options":[]},{"controlId":"result_output_hpg_target_fill_proj","controlType":"textarea","label":"成果输出-后评估目标","value":"","displayValue":"","required":false,"modelMaySuggest":true,"humanConfirmationRequired":true,"options":[]},{"controlId":"talent_train_zy_target_fill_proj","controlType":"textarea","label":"人才培养-终验目标","value":"","displayValue":"","required":false,"modelMaySuggest":true,"humanConfirmationRequired":true,"options":[]},{"controlId":"talent_train_hpg_target_fill_proj","controlType":"textarea","label":"人才培养-后评估目标","value":"","displayValue":"","required":false,"modelMaySuggest":true,"humanConfirmationRequired":true,"options":[]},{"controlId":"upload_benefit_commitment_certificate","controlType":"upload","label":"效益承诺证明","value":"","displayValue":"","required":false,"modelMaySuggest":false,"humanConfirmationRequired":true,"options":[]},{"controlId":"rd_intelligent_compute_resource","controlType":"double","label":"研发用智算资源(单位:元)","value":"","displayValue":"","required":false,"modelMaySuggest":true,"humanConfirmationRequired":true,"options":[]}],"responseContract":{"type":"kcts.todo_form_patch","patchKey":"formPatch","knownControlIds":["wbs_number","lx_project_name","milestone_date_content","initial_budget_application_time","save_cost_zy_target_fill_proj","save_cost_hpg_target_fill_proj","efficiency_improvement_zy_target_fill_proj","efficiency_improvement_hpg_target_fill_proj","quality_improvement_zy_target_fill_proj","quality_improvement_hpg_target_fill_proj","service_perception_improvement_zy_target_fill_proj","service_perception_improvement_hpg_target_fill_proj","ability_output_zy_target_fill_proj","ability_output_hpg_target_fill_proj","result_output_zy_target_fill_proj","result_output_hpg_target_fill_proj","talent_train_zy_target_fill_proj","talent_train_hpg_target_fill_proj","upload_benefit_commitment_certificate","rd_intelligent_compute_resource"],"rules":["只能建议 formSchema 中存在的 controlId","select 和 radio 只能使用 options 中的 value","没有充分依据的字段必须留空并加入 missingFields","不得调用工具或接口提交审批，最终提交必须由浏览器当前登录用户确认"]}}}

本轮是科创智方待办辅助，todoContext 是服务端权威上下文。仅使用其中 project、formSchema 和节点 signals；不调用工具，不伪造控件或人员，不替用户提交。审批意见 radio 只用 decisionSuggestion 表达，不列入 formPatch 或 missingFields。处理意见限60个汉字；其他当前结论下的必填项无法确定时才列入 missingFields，此时 status=needs_input 且不建议 approve。只返回符合 responseContract 的一个 kcts.todo_form_patch JSON 对象，不要 Markdown 或额外说明。
10:36:58.494 [http-nio-9587-exec-4] INFO  c.r.f.w.s.TokenService - [getToken,237] - user: madaosen, backend Token: Bearer eyJhbGciOiJIUzUxMiJ9.eyJsb2dpbl91c2VyX2tleSI6IjA4MzM3NjgyLTFhYjItNDRlZC05OWFjLTk1MGQ3YjdhMWIxOSJ9.-HQwl7xa3Ky82jj7wI2p8EHSzJcqcZD2t3S0pe0jMKbFUif28a8VJUKcvJLACuEW8Vw7f0xYVWFguWgVJuvFoQ
10:36:59.685 [http-nio-9587-exec-6] INFO  c.r.f.w.s.TokenService - [getToken,237] - user: madaosen, backend Token: Bearer eyJhbGciOiJIUzUxMiJ9.eyJsb2dpbl91c2VyX2tleSI6IjA4MzM3NjgyLTFhYjItNDRlZC05OWFjLTk1MGQ3YjdhMWIxOSJ9.-HQwl7xa3Ky82jj7wI2p8EHSzJcqcZD2t3S0pe0jMKbFUif28a8VJUKcvJLACuEW8Vw7f0xYVWFguWgVJuvFoQ
10:37:00.890 [http-nio-9587-exec-8] INFO  c.r.f.w.s.TokenService - [getToken,237] - user: madaosen, backend Token: Bearer eyJhbGciOiJIUzUxMiJ9.eyJsb2dpbl91c2VyX2tleSI6IjA4MzM3NjgyLTFhYjItNDRlZC05OWFjLTk1MGQ3YjdhMWIxOSJ9.-HQwl7xa3Ky82jj7wI2p8EHSzJcqcZD2t3S0pe0jMKbFUif28a8VJUKcvJLACuEW8Vw7f0xYVWFguWgVJuvFoQ
10:37:02.102 [http-nio-9587-exec-5] INFO  c.r.f.w.s.TokenService - [getToken,237] - user: madaosen, backend Token: Bearer eyJhbGciOiJIUzUxMiJ9.eyJsb2dpbl91c2VyX2tleSI6IjA4MzM3NjgyLTFhYjItNDRlZC05OWFjLTk1MGQ3YjdhMWIxOSJ9.-HQwl7xa3Ky82jj7wI2p8EHSzJcqcZD2t3S0pe0jMKbFUif28a8VJUKcvJLACuEW8Vw7f0xYVWFguWgVJuvFoQ
10:37:03.301 [http-nio-9587-exec-3] INFO  c.r.f.w.s.TokenService - [getToken,237] - user: madaosen, backend Token: Bearer eyJhbGciOiJIUzUxMiJ9.eyJsb2dpbl91c2VyX2tleSI6IjA4MzM3NjgyLTFhYjItNDRlZC05OWFjLTk1MGQ3YjdhMWIxOSJ9.-HQwl7xa3Ky82jj7wI2p8EHSzJcqcZD2t3S0pe0jMKbFUif28a8VJUKcvJLACuEW8Vw7f0xYVWFguWgVJuvFoQ
10:37:04.485 [http-nio-9587-exec-4] INFO  c.r.f.w.s.TokenService - [getToken,237] - user: madaosen, backend Token: Bearer eyJhbGciOiJIUzUxMiJ9.eyJsb2dpbl91c2VyX2tleSI6IjA4MzM3NjgyLTFhYjItNDRlZC05OWFjLTk1MGQ3YjdhMWIxOSJ9.-HQwl7xa3Ky82jj7wI2p8EHSzJcqcZD2t3S0pe0jMKbFUif28a8VJUKcvJLACuEW8Vw7f0xYVWFguWgVJuvFoQ
10:37:05.704 [http-nio-9587-exec-6] INFO  c.r.f.w.s.TokenService - [getToken,237] - user: madaosen, backend Token: Bearer eyJhbGciOiJIUzUxMiJ9.eyJsb2dpbl91c2VyX2tleSI6IjA4MzM3NjgyLTFhYjItNDRlZC05OWFjLTk1MGQ3YjdhMWIxOSJ9.-HQwl7xa3Ky82jj7wI2p8EHSzJcqcZD2t3S0pe0jMKbFUif28a8VJUKcvJLACuEW8Vw7f0xYVWFguWgVJuvFoQ
10:37:06.888 [http-nio-9587-exec-8] INFO  c.r.f.w.s.TokenService - [getToken,237] - user: madaosen, backend Token: Bearer eyJhbGciOiJIUzUxMiJ9.eyJsb2dpbl91c2VyX2tleSI6IjA4MzM3NjgyLTFhYjItNDRlZC05OWFjLTk1MGQ3YjdhMWIxOSJ9.-HQwl7xa3Ky82jj7wI2p8EHSzJcqcZD2t3S0pe0jMKbFUif28a8VJUKcvJLACuEW8Vw7f0xYVWFguWgVJuvFoQ
10:37:08.094 [http-nio-9587-exec-5] INFO  c.r.f.w.s.TokenService - [getToken,237] - user: madaosen, backend Token: Bearer eyJhbGciOiJIUzUxMiJ9.eyJsb2dpbl91c2VyX2tleSI6IjA4MzM3NjgyLTFhYjItNDRlZC05OWFjLTk1MGQ3YjdhMWIxOSJ9.-HQwl7xa3Ky82jj7wI2p8EHSzJcqcZD2t3S0pe0jMKbFUif28a8VJUKcvJLACuEW8Vw7f0xYVWFguWgVJuvFoQ
10:37:09.294 [http-nio-9587-exec-3] INFO  c.r.f.w.s.TokenService - [getToken,237] - user: madaosen, backend Token: Bearer eyJhbGciOiJIUzUxMiJ9.eyJsb2dpbl91c2VyX2tleSI6IjA4MzM3NjgyLTFhYjItNDRlZC05OWFjLTk1MGQ3YjdhMWIxOSJ9.-HQwl7xa3Ky82jj7wI2p8EHSzJcqcZD2t3S0pe0jMKbFUif28a8VJUKcvJLACuEW8Vw7f0xYVWFguWgVJuvFoQ
10:37:10.498 [http-nio-9587-exec-4] INFO  c.r.f.w.s.TokenService - [getToken,237] - user: madaosen, backend Token: Bearer eyJhbGciOiJIUzUxMiJ9.eyJsb2dpbl91c2VyX2tleSI6IjA4MzM3NjgyLTFhYjItNDRlZC05OWFjLTk1MGQ3YjdhMWIxOSJ9.-HQwl7xa3Ky82jj7wI2p8EHSzJcqcZD2t3S0pe0jMKbFUif28a8VJUKcvJLACuEW8Vw7f0xYVWFguWgVJuvFoQ
10:37:10.612 [http-nio-9587-exec-1] INFO  c.r.f.w.s.TokenService - [getToken,237] - user: madaosen, backend Token: Bearer eyJhbGciOiJIUzUxMiJ9.eyJsb2dpbl91c2VyX2tleSI6IjA4MzM3NjgyLTFhYjItNDRlZC05OWFjLTk1MGQ3YjdhMWIxOSJ9.-HQwl7xa3Ky82jj7wI2p8EHSzJcqcZD2t3S0pe0jMKbFUif28a8VJUKcvJLACuEW8Vw7f0xYVWFguWgVJuvFoQ
10:37:10.678 [http-nio-9587-exec-7] INFO  c.r.f.w.s.TokenService - [getToken,237] - user: madaosen, backend Token: Bearer eyJhbGciOiJIUzUxMiJ9.eyJsb2dpbl91c2VyX2tleSI6IjA4MzM3NjgyLTFhYjItNDRlZC05OWFjLTk1MGQ3YjdhMWIxOSJ9.-HQwl7xa3Ky82jj7wI2p8EHSzJcqcZD2t3S0pe0jMKbFUif28a8VJUKcvJLACuEW8Vw7f0xYVWFguWgVJuvFoQ
10:37:11.052 [http-nio-9587-exec-10] INFO  c.r.f.w.s.TokenService - [getToken,237] - user: madaosen, backend Token: Bearer eyJhbGciOiJIUzUxMiJ9.eyJsb2dpbl91c2VyX2tleSI6IjA4MzM3NjgyLTFhYjItNDRlZC05OWFjLTk1MGQ3YjdhMWIxOSJ9.-HQwl7xa3Ky82jj7wI2p8EHSzJcqcZD2t3S0pe0jMKbFUif28a8VJUKcvJLACuEW8Vw7f0xYVWFguWgVJuvFoQ
10:37:11.700 [http-nio-9587-exec-9] INFO  c.r.f.w.s.TokenService - [getToken,237] - user: madaosen, backend Token: Bearer eyJhbGciOiJIUzUxMiJ9.eyJsb2dpbl91c2VyX2tleSI6IjA4MzM3NjgyLTFhYjItNDRlZC05OWFjLTk1MGQ3YjdhMWIxOSJ9.-HQwl7xa3Ky82jj7wI2p8EHSzJcqcZD2t3S0pe0jMKbFUif28a8VJUKcvJLACuEW8Vw7f0xYVWFguWgVJuvFoQ
10:37:11.914 [http-nio-9587-exec-2] INFO  c.r.f.w.s.TokenService - [getToken,237] - user: madaosen, backend Token: Bearer eyJhbGciOiJIUzUxMiJ9.eyJsb2dpbl91c2VyX2tleSI6IjA4MzM3NjgyLTFhYjItNDRlZC05OWFjLTk1MGQ3YjdhMWIxOSJ9.-HQwl7xa3Ky82jj7wI2p8EHSzJcqcZD2t3S0pe0jMKbFUif28a8VJUKcvJLACuEW8Vw7f0xYVWFguWgVJuvFoQ
10:37:11.944 [http-nio-9587-exec-1] INFO  c.r.f.w.s.TokenService - [getToken,237] - user: madaosen, backend Token: Bearer eyJhbGciOiJIUzUxMiJ9.eyJsb2dpbl91c2VyX2tleSI6IjA4MzM3NjgyLTFhYjItNDRlZC05OWFjLTk1MGQ3YjdhMWIxOSJ9.-HQwl7xa3Ky82jj7wI2p8EHSzJcqcZD2t3S0pe0jMKbFUif28a8VJUKcvJLACuEW8Vw7f0xYVWFguWgVJuvFoQ
10:54:00.701 [http-nio-9587-exec-2] INFO  c.r.f.w.s.TokenService - [getToken,237] - user: madaosen, backend Token: Bearer eyJhbGciOiJIUzUxMiJ9.eyJsb2dpbl91c2VyX2tleSI6IjA4MzM3NjgyLTFhYjItNDRlZC05OWFjLTk1MGQ3YjdhMWIxOSJ9.-HQwl7xa3Ky82jj7wI2p8EHSzJcqcZD2t3S0pe0jMKbFUif28a8VJUKcvJLACuEW8Vw7f0xYVWFguWgVJuvFoQ
10:54:05.538 [http-nio-9587-exec-1] INFO  c.r.f.w.s.TokenService - [getToken,237] - user: madaosen, backend Token: Bearer eyJhbGciOiJIUzUxMiJ9.eyJsb2dpbl91c2VyX2tleSI6IjA4MzM3NjgyLTFhYjItNDRlZC05OWFjLTk1MGQ3YjdhMWIxOSJ9.-HQwl7xa3Ky82jj7wI2p8EHSzJcqcZD2t3S0pe0jMKbFUif28a8VJUKcvJLACuEW8Vw7f0xYVWFguWgVJuvFoQ
10:54:05.540 [http-nio-9587-exec-8] INFO  c.r.f.w.s.TokenService - [getToken,237] - user: madaosen, backend Token: Bearer eyJhbGciOiJIUzUxMiJ9.eyJsb2dpbl91c2VyX2tleSI6IjA4MzM3NjgyLTFhYjItNDRlZC05OWFjLTk1MGQ3YjdhMWIxOSJ9.-HQwl7xa3Ky82jj7wI2p8EHSzJcqcZD2t3S0pe0jMKbFUif28a8VJUKcvJLACuEW8Vw7f0xYVWFguWgVJuvFoQ
10:54:05.543 [http-nio-9587-exec-3] INFO  c.r.f.w.s.TokenService - [getToken,237] - user: madaosen, backend Token: Bearer eyJhbGciOiJIUzUxMiJ9.eyJsb2dpbl91c2VyX2tleSI6IjA4MzM3NjgyLTFhYjItNDRlZC05OWFjLTk1MGQ3YjdhMWIxOSJ9.-HQwl7xa3Ky82jj7wI2p8EHSzJcqcZD2t3S0pe0jMKbFUif28a8VJUKcvJLACuEW8Vw7f0xYVWFguWgVJuvFoQ
10:54:05.543 [http-nio-9587-exec-9] INFO  c.r.f.w.s.TokenService - [getToken,237] - user: madaosen, backend Token: Bearer eyJhbGciOiJIUzUxMiJ9.eyJsb2dpbl91c2VyX2tleSI6IjA4MzM3NjgyLTFhYjItNDRlZC05OWFjLTk1MGQ3YjdhMWIxOSJ9.-HQwl7xa3Ky82jj7wI2p8EHSzJcqcZD2t3S0pe0jMKbFUif28a8VJUKcvJLACuEW8Vw7f0xYVWFguWgVJuvFoQ
10:54:05.578 [http-nio-9587-exec-2] INFO  c.r.f.w.s.TokenService - [getToken,237] - user: madaosen, backend Token: Bearer eyJhbGciOiJIUzUxMiJ9.eyJsb2dpbl91c2VyX2tleSI6IjA4MzM3NjgyLTFhYjItNDRlZC05OWFjLTk1MGQ3YjdhMWIxOSJ9.-HQwl7xa3Ky82jj7wI2p8EHSzJcqcZD2t3S0pe0jMKbFUif28a8VJUKcvJLACuEW8Vw7f0xYVWFguWgVJuvFoQ
10:54:05.606 [http-nio-9587-exec-7] INFO  c.r.f.w.s.TokenService - [getToken,237] - user: madaosen, backend Token: Bearer eyJhbGciOiJIUzUxMiJ9.eyJsb2dpbl91c2VyX2tleSI6IjA4MzM3NjgyLTFhYjItNDRlZC05OWFjLTk1MGQ3YjdhMWIxOSJ9.-HQwl7xa3Ky82jj7wI2p8EHSzJcqcZD2t3S0pe0jMKbFUif28a8VJUKcvJLACuEW8Vw7f0xYVWFguWgVJuvFoQ
10:54:05.699 [http-nio-9587-exec-10] INFO  c.r.f.w.s.TokenService - [getToken,237] - user: madaosen, backend Token: Bearer eyJhbGciOiJIUzUxMiJ9.eyJsb2dpbl91c2VyX2tleSI6IjA4MzM3NjgyLTFhYjItNDRlZC05OWFjLTk1MGQ3YjdhMWIxOSJ9.-HQwl7xa3Ky82jj7wI2p8EHSzJcqcZD2t3S0pe0jMKbFUif28a8VJUKcvJLACuEW8Vw7f0xYVWFguWgVJuvFoQ
10:54:07.382 [http-nio-9587-exec-8] INFO  c.r.f.w.s.TokenService - [getToken,237] - user: madaosen, backend Token: Bearer eyJhbGciOiJIUzUxMiJ9.eyJsb2dpbl91c2VyX2tleSI6IjA4MzM3NjgyLTFhYjItNDRlZC05OWFjLTk1MGQ3YjdhMWIxOSJ9.-HQwl7xa3Ky82jj7wI2p8EHSzJcqcZD2t3S0pe0jMKbFUif28a8VJUKcvJLACuEW8Vw7f0xYVWFguWgVJuvFoQ
11:00:00.002 [schedule-pool-12] INFO  c.r.w.s.ProjectAlarmTask - [checkProjectHandleExpireSendMail,26] - ==========>projectAlarmTask.checkProjectHandleExpireSendMail  start ---------- 
11:00:00.002 [schedule-pool-11] INFO  c.r.w.s.ProjectAlarmTask - [checkProjectHandleExpire,18] - ==========>projectAlarmTask.checkProjectHandleExpire  start ---------- 
11:00:00.002 [schedule-pool-1] INFO  c.r.w.s.ScienceTechnologyReportTask - [syncScienceTechnologyReportRdInvestment,19] - ==========>ScienceTechnologyReportTask.syncScienceTechnologyReportRdInvestment  start ---------- 
11:00:00.002 [schedule-pool-14] INFO  c.r.w.s.ProjectStopTask - [checkProjectSubmitExpire,19] - ==========>ProjectStopTask.checkProjectSubmitExpire  start ---------- 
11:00:00.011 [schedule-pool-1] INFO  c.r.w.s.ScienceTechnologyReportTask - [syncScienceTechnologyReportRdInvestment,21] - ==========>ScienceTechnologyReportTask.syncScienceTechnologyReportRdInvestment  end ---------- 
11:00:00.019 [schedule-pool-11] INFO  c.r.w.s.i.ProjectAlarmServiceImpl - [checkProjectHandleExpire,268] - ==========>项目告警检查定时任务；项目告警成功
11:00:00.019 [schedule-pool-11] INFO  c.r.w.s.ProjectAlarmTask - [checkProjectHandleExpire,20] - ==========>checkProjectHandleExpire.checkProjectHandleExpire  end ---------- 
11:00:00.020 [schedule-pool-14] INFO  c.r.w.s.i.ProjectInfoServiceImpl - [checkProjectSubmitExpire,4976] - ==========>项目中止检查定时任务；项目中止成功
11:00:00.020 [schedule-pool-14] INFO  c.r.w.s.ProjectStopTask - [checkProjectSubmitExpire,21] - ==========>ProjectStopTask.checkProjectSubmitExpire  end ---------- 
11:00:00.023 [schedule-pool-12] INFO  c.r.w.s.i.ProjectAlarmServiceImpl - [checkProjectHandleExpireSendMail,134] - ==========>项目处理超时发送邮件定时任务；执行成功
11:00:00.023 [schedule-pool-12] INFO  c.r.w.s.ProjectAlarmTask - [checkProjectHandleExpireSendMail,28] - ==========>checkProjectHandleExpire.checkProjectHandleExpireSendMail  end ---------- 
11:03:58.823 [http-nio-9587-exec-7] INFO  c.r.f.w.s.TokenService - [getToken,237] - user: madaosen, backend Token: Bearer eyJhbGciOiJIUzUxMiJ9.eyJsb2dpbl91c2VyX2tleSI6IjA4MzM3NjgyLTFhYjItNDRlZC05OWFjLTk1MGQ3YjdhMWIxOSJ9.-HQwl7xa3Ky82jj7wI2p8EHSzJcqcZD2t3S0pe0jMKbFUif28a8VJUKcvJLACuEW8Vw7f0xYVWFguWgVJuvFoQ
11:03:58.949 [http-nio-9587-exec-10] INFO  c.r.f.w.s.TokenService - [getToken,237] - user: madaosen, backend Token: Bearer eyJhbGciOiJIUzUxMiJ9.eyJsb2dpbl91c2VyX2tleSI6IjA4MzM3NjgyLTFhYjItNDRlZC05OWFjLTk1MGQ3YjdhMWIxOSJ9.-HQwl7xa3Ky82jj7wI2p8EHSzJcqcZD2t3S0pe0jMKbFUif28a8VJUKcvJLACuEW8Vw7f0xYVWFguWgVJuvFoQ
11:03:58.953 [http-nio-9587-exec-8] INFO  c.r.f.w.s.TokenService - [getToken,237] - user: madaosen, backend Token: Bearer eyJhbGciOiJIUzUxMiJ9.eyJsb2dpbl91c2VyX2tleSI6IjA4MzM3NjgyLTFhYjItNDRlZC05OWFjLTk1MGQ3YjdhMWIxOSJ9.-HQwl7xa3Ky82jj7wI2p8EHSzJcqcZD2t3S0pe0jMKbFUif28a8VJUKcvJLACuEW8Vw7f0xYVWFguWgVJuvFoQ
11:03:58.957 [http-nio-9587-exec-4] INFO  c.r.f.w.s.TokenService - [getToken,237] - user: madaosen, backend Token: Bearer eyJhbGciOiJIUzUxMiJ9.eyJsb2dpbl91c2VyX2tleSI6IjA4MzM3NjgyLTFhYjItNDRlZC05OWFjLTk1MGQ3YjdhMWIxOSJ9.-HQwl7xa3Ky82jj7wI2p8EHSzJcqcZD2t3S0pe0jMKbFUif28a8VJUKcvJLACuEW8Vw7f0xYVWFguWgVJuvFoQ
11:03:58.965 [http-nio-9587-exec-6] INFO  c.r.f.w.s.TokenService - [getToken,237] - user: madaosen, backend Token: Bearer eyJhbGciOiJIUzUxMiJ9.eyJsb2dpbl91c2VyX2tleSI6IjA4MzM3NjgyLTFhYjItNDRlZC05OWFjLTk1MGQ3YjdhMWIxOSJ9.-HQwl7xa3Ky82jj7wI2p8EHSzJcqcZD2t3S0pe0jMKbFUif28a8VJUKcvJLACuEW8Vw7f0xYVWFguWgVJuvFoQ
11:03:58.967 [http-nio-9587-exec-1] INFO  c.r.f.w.s.TokenService - [getToken,237] - user: madaosen, backend Token: Bearer eyJhbGciOiJIUzUxMiJ9.eyJsb2dpbl91c2VyX2tleSI6IjA4MzM3NjgyLTFhYjItNDRlZC05OWFjLTk1MGQ3YjdhMWIxOSJ9.-HQwl7xa3Ky82jj7wI2p8EHSzJcqcZD2t3S0pe0jMKbFUif28a8VJUKcvJLACuEW8Vw7f0xYVWFguWgVJuvFoQ
11:03:58.976 [http-nio-9587-exec-3] INFO  c.r.f.w.s.TokenService - [getToken,237] - user: madaosen, backend Token: Bearer eyJhbGciOiJIUzUxMiJ9.eyJsb2dpbl91c2VyX2tleSI6IjA4MzM3NjgyLTFhYjItNDRlZC05OWFjLTk1MGQ3YjdhMWIxOSJ9.-HQwl7xa3Ky82jj7wI2p8EHSzJcqcZD2t3S0pe0jMKbFUif28a8VJUKcvJLACuEW8Vw7f0xYVWFguWgVJuvFoQ
11:03:58.979 [http-nio-9587-exec-2] INFO  c.r.f.w.s.TokenService - [getToken,237] - user: madaosen, backend Token: Bearer eyJhbGciOiJIUzUxMiJ9.eyJsb2dpbl91c2VyX2tleSI6IjA4MzM3NjgyLTFhYjItNDRlZC05OWFjLTk1MGQ3YjdhMWIxOSJ9.-HQwl7xa3Ky82jj7wI2p8EHSzJcqcZD2t3S0pe0jMKbFUif28a8VJUKcvJLACuEW8Vw7f0xYVWFguWgVJuvFoQ
11:03:58.988 [http-nio-9587-exec-7] INFO  c.r.f.w.s.TokenService - [getToken,237] - user: madaosen, backend Token: Bearer eyJhbGciOiJIUzUxMiJ9.eyJsb2dpbl91c2VyX2tleSI6IjA4MzM3NjgyLTFhYjItNDRlZC05OWFjLTk1MGQ3YjdhMWIxOSJ9.-HQwl7xa3Ky82jj7wI2p8EHSzJcqcZD2t3S0pe0jMKbFUif28a8VJUKcvJLACuEW8Vw7f0xYVWFguWgVJuvFoQ
11:03:59.004 [http-nio-9587-exec-8] INFO  c.r.f.w.s.TokenService - [getToken,237] - user: madaosen, backend Token: Bearer eyJhbGciOiJIUzUxMiJ9.eyJsb2dpbl91c2VyX2tleSI6IjA4MzM3NjgyLTFhYjItNDRlZC05OWFjLTk1MGQ3YjdhMWIxOSJ9.-HQwl7xa3Ky82jj7wI2p8EHSzJcqcZD2t3S0pe0jMKbFUif28a8VJUKcvJLACuEW8Vw7f0xYVWFguWgVJuvFoQ
11:03:59.022 [http-nio-9587-exec-9] INFO  c.r.f.w.s.TokenService - [getToken,237] - user: madaosen, backend Token: Bearer eyJhbGciOiJIUzUxMiJ9.eyJsb2dpbl91c2VyX2tleSI6IjA4MzM3NjgyLTFhYjItNDRlZC05OWFjLTk1MGQ3YjdhMWIxOSJ9.-HQwl7xa3Ky82jj7wI2p8EHSzJcqcZD2t3S0pe0jMKbFUif28a8VJUKcvJLACuEW8Vw7f0xYVWFguWgVJuvFoQ
11:03:59.045 [http-nio-9587-exec-10] INFO  c.r.f.w.s.TokenService - [getToken,237] - user: madaosen, backend Token: Bearer eyJhbGciOiJIUzUxMiJ9.eyJsb2dpbl91c2VyX2tleSI6IjA4MzM3NjgyLTFhYjItNDRlZC05OWFjLTk1MGQ3YjdhMWIxOSJ9.-HQwl7xa3Ky82jj7wI2p8EHSzJcqcZD2t3S0pe0jMKbFUif28a8VJUKcvJLACuEW8Vw7f0xYVWFguWgVJuvFoQ
11:03:59.048 [http-nio-9587-exec-5] INFO  c.r.f.w.s.TokenService - [getToken,237] - user: madaosen, backend Token: Bearer eyJhbGciOiJIUzUxMiJ9.eyJsb2dpbl91c2VyX2tleSI6IjA4MzM3NjgyLTFhYjItNDRlZC05OWFjLTk1MGQ3YjdhMWIxOSJ9.-HQwl7xa3Ky82jj7wI2p8EHSzJcqcZD2t3S0pe0jMKbFUif28a8VJUKcvJLACuEW8Vw7f0xYVWFguWgVJuvFoQ
11:03:59.059 [http-nio-9587-exec-7] INFO  c.r.f.w.s.TokenService - [getToken,237] - user: madaosen, backend Token: Bearer eyJhbGciOiJIUzUxMiJ9.eyJsb2dpbl91c2VyX2tleSI6IjA4MzM3NjgyLTFhYjItNDRlZC05OWFjLTk1MGQ3YjdhMWIxOSJ9.-HQwl7xa3Ky82jj7wI2p8EHSzJcqcZD2t3S0pe0jMKbFUif28a8VJUKcvJLACuEW8Vw7f0xYVWFguWgVJuvFoQ
11:03:59.071 [http-nio-9587-exec-8] INFO  c.r.f.w.s.TokenService - [getToken,237] - user: madaosen, backend Token: Bearer eyJhbGciOiJIUzUxMiJ9.eyJsb2dpbl91c2VyX2tleSI6IjA4MzM3NjgyLTFhYjItNDRlZC05OWFjLTk1MGQ3YjdhMWIxOSJ9.-HQwl7xa3Ky82jj7wI2p8EHSzJcqcZD2t3S0pe0jMKbFUif28a8VJUKcvJLACuEW8Vw7f0xYVWFguWgVJuvFoQ
11:03:59.091 [http-nio-9587-exec-2] INFO  c.r.f.w.s.TokenService - [getToken,237] - user: madaosen, backend Token: Bearer eyJhbGciOiJIUzUxMiJ9.eyJsb2dpbl91c2VyX2tleSI6IjA4MzM3NjgyLTFhYjItNDRlZC05OWFjLTk1MGQ3YjdhMWIxOSJ9.-HQwl7xa3Ky82jj7wI2p8EHSzJcqcZD2t3S0pe0jMKbFUif28a8VJUKcvJLACuEW8Vw7f0xYVWFguWgVJuvFoQ
11:03:59.094 [http-nio-9587-exec-3] INFO  c.r.f.w.s.TokenService - [getToken,237] - user: madaosen, backend Token: Bearer eyJhbGciOiJIUzUxMiJ9.eyJsb2dpbl91c2VyX2tleSI6IjA4MzM3NjgyLTFhYjItNDRlZC05OWFjLTk1MGQ3YjdhMWIxOSJ9.-HQwl7xa3Ky82jj7wI2p8EHSzJcqcZD2t3S0pe0jMKbFUif28a8VJUKcvJLACuEW8Vw7f0xYVWFguWgVJuvFoQ
11:03:59.201 [http-nio-9587-exec-1] INFO  c.r.f.w.s.TokenService - [getToken,237] - user: madaosen, backend Token: Bearer eyJhbGciOiJIUzUxMiJ9.eyJsb2dpbl91c2VyX2tleSI6IjA4MzM3NjgyLTFhYjItNDRlZC05OWFjLTk1MGQ3YjdhMWIxOSJ9.-HQwl7xa3Ky82jj7wI2p8EHSzJcqcZD2t3S0pe0jMKbFUif28a8VJUKcvJLACuEW8Vw7f0xYVWFguWgVJuvFoQ
11:03:59.246 [http-nio-9587-exec-10] INFO  c.r.f.w.s.TokenService - [getToken,237] - user: madaosen, backend Token: Bearer eyJhbGciOiJIUzUxMiJ9.eyJsb2dpbl91c2VyX2tleSI6IjA4MzM3NjgyLTFhYjItNDRlZC05OWFjLTk1MGQ3YjdhMWIxOSJ9.-HQwl7xa3Ky82jj7wI2p8EHSzJcqcZD2t3S0pe0jMKbFUif28a8VJUKcvJLACuEW8Vw7f0xYVWFguWgVJuvFoQ
11:03:59.246 [http-nio-9587-exec-3] INFO  c.r.f.w.s.TokenService - [getToken,237] - user: madaosen, backend Token: Bearer eyJhbGciOiJIUzUxMiJ9.eyJsb2dpbl91c2VyX2tleSI6IjA4MzM3NjgyLTFhYjItNDRlZC05OWFjLTk1MGQ3YjdhMWIxOSJ9.-HQwl7xa3Ky82jj7wI2p8EHSzJcqcZD2t3S0pe0jMKbFUif28a8VJUKcvJLACuEW8Vw7f0xYVWFguWgVJuvFoQ
11:03:59.288 [http-nio-9587-exec-5] INFO  c.r.f.w.s.TokenService - [getToken,237] - user: madaosen, backend Token: Bearer eyJhbGciOiJIUzUxMiJ9.eyJsb2dpbl91c2VyX2tleSI6IjA4MzM3NjgyLTFhYjItNDRlZC05OWFjLTk1MGQ3YjdhMWIxOSJ9.-HQwl7xa3Ky82jj7wI2p8EHSzJcqcZD2t3S0pe0jMKbFUif28a8VJUKcvJLACuEW8Vw7f0xYVWFguWgVJuvFoQ
11:03:59.350 [http-nio-9587-exec-1] INFO  c.r.f.w.s.TokenService - [getToken,237] - user: madaosen, backend Token: Bearer eyJhbGciOiJIUzUxMiJ9.eyJsb2dpbl91c2VyX2tleSI6IjA4MzM3NjgyLTFhYjItNDRlZC05OWFjLTk1MGQ3YjdhMWIxOSJ9.-HQwl7xa3Ky82jj7wI2p8EHSzJcqcZD2t3S0pe0jMKbFUif28a8VJUKcvJLACuEW8Vw7f0xYVWFguWgVJuvFoQ
11:04:20.887 [http-nio-9587-exec-6] INFO  c.r.f.w.s.TokenService - [getToken,237] - user: madaosen, backend Token: Bearer eyJhbGciOiJIUzUxMiJ9.eyJsb2dpbl91c2VyX2tleSI6IjA4MzM3NjgyLTFhYjItNDRlZC05OWFjLTk1MGQ3YjdhMWIxOSJ9.-HQwl7xa3Ky82jj7wI2p8EHSzJcqcZD2t3S0pe0jMKbFUif28a8VJUKcvJLACuEW8Vw7f0xYVWFguWgVJuvFoQ
11:04:26.858 [http-nio-9587-exec-3] INFO  c.r.f.w.s.TokenService - [getToken,237] - user: madaosen, backend Token: Bearer eyJhbGciOiJIUzUxMiJ9.eyJsb2dpbl91c2VyX2tleSI6IjA4MzM3NjgyLTFhYjItNDRlZC05OWFjLTk1MGQ3YjdhMWIxOSJ9.-HQwl7xa3Ky82jj7wI2p8EHSzJcqcZD2t3S0pe0jMKbFUif28a8VJUKcvJLACuEW8Vw7f0xYVWFguWgVJuvFoQ
11:04:26.860 [http-nio-9587-exec-2] INFO  c.r.f.w.s.TokenService - [getToken,237] - user: madaosen, backend Token: Bearer eyJhbGciOiJIUzUxMiJ9.eyJsb2dpbl91c2VyX2tleSI6IjA4MzM3NjgyLTFhYjItNDRlZC05OWFjLTk1MGQ3YjdhMWIxOSJ9.-HQwl7xa3Ky82jj7wI2p8EHSzJcqcZD2t3S0pe0jMKbFUif28a8VJUKcvJLACuEW8Vw7f0xYVWFguWgVJuvFoQ
11:04:27.186 [http-nio-9587-exec-5] INFO  c.r.f.w.s.TokenService - [getToken,237] - user: madaosen, backend Token: Bearer eyJhbGciOiJIUzUxMiJ9.eyJsb2dpbl91c2VyX2tleSI6IjA4MzM3NjgyLTFhYjItNDRlZC05OWFjLTk1MGQ3YjdhMWIxOSJ9.-HQwl7xa3Ky82jj7wI2p8EHSzJcqcZD2t3S0pe0jMKbFUif28a8VJUKcvJLACuEW8Vw7f0xYVWFguWgVJuvFoQ
11:04:28.010 [http-nio-9587-exec-1] INFO  c.r.f.w.s.TokenService - [getToken,237] - user: madaosen, backend Token: Bearer eyJhbGciOiJIUzUxMiJ9.eyJsb2dpbl91c2VyX2tleSI6IjA4MzM3NjgyLTFhYjItNDRlZC05OWFjLTk1MGQ3YjdhMWIxOSJ9.-HQwl7xa3Ky82jj7wI2p8EHSzJcqcZD2t3S0pe0jMKbFUif28a8VJUKcvJLACuEW8Vw7f0xYVWFguWgVJuvFoQ
11:04:28.030 [http-nio-9587-exec-6] INFO  c.r.f.w.s.TokenService - [getToken,237] - user: madaosen, backend Token: Bearer eyJhbGciOiJIUzUxMiJ9.eyJsb2dpbl91c2VyX2tleSI6IjA4MzM3NjgyLTFhYjItNDRlZC05OWFjLTk1MGQ3YjdhMWIxOSJ9.-HQwl7xa3Ky82jj7wI2p8EHSzJcqcZD2t3S0pe0jMKbFUif28a8VJUKcvJLACuEW8Vw7f0xYVWFguWgVJuvFoQ
11:30:04.283 [SpringApplicationShutdownHook] INFO  o.q.c.QuartzScheduler - [standby,585] - Scheduler RuoyiScheduler_$_DESKTOP-GL3RGKM1788747888859 paused.
11:30:04.288 [SpringApplicationShutdownHook] INFO  o.a.s.AbstractActivitiSmartLifeCycle - [stop,95] - Stopping...
11:30:04.288 [SpringApplicationShutdownHook] INFO  o.a.s.AbstractActivitiSmartLifeCycle - [stop,99] - Stopped.
11:30:04.289 [SpringApplicationShutdownHook] INFO  o.a.s.AbstractActivitiSmartLifeCycle - [stop,95] - Stopping...
11:30:04.289 [SpringApplicationShutdownHook] INFO  o.a.s.AbstractActivitiSmartLifeCycle - [stop,99] - Stopped.
11:30:04.289 [SpringApplicationShutdownHook] INFO  o.a.s.AbstractActivitiSmartLifeCycle - [stop,95] - Stopping...
11:30:04.290 [SpringApplicationShutdownHook] INFO  o.a.s.AbstractActivitiSmartLifeCycle - [stop,99] - Stopped.
11:30:04.290 [SpringApplicationShutdownHook] INFO  o.a.s.AbstractActivitiSmartLifeCycle - [stop,95] - Stopping...
11:30:04.290 [SpringApplicationShutdownHook] INFO  o.a.s.AbstractActivitiSmartLifeCycle - [stop,99] - Stopped.
11:30:06.309 [SpringApplicationShutdownHook] INFO  o.q.c.QuartzScheduler - [shutdown,666] - Scheduler RuoyiScheduler_$_DESKTOP-GL3RGKM1788747888859 shutting down.
11:30:06.309 [SpringApplicationShutdownHook] INFO  o.q.c.QuartzScheduler - [standby,585] - Scheduler RuoyiScheduler_$_DESKTOP-GL3RGKM1788747888859 paused.
11:30:06.310 [SpringApplicationShutdownHook] INFO  o.q.c.QuartzScheduler - [shutdown,740] - Scheduler RuoyiScheduler_$_DESKTOP-GL3RGKM1788747888859 shutdown complete.
11:30:06.311 [SpringApplicationShutdownHook] INFO  sys-user - [shutdownAsyncManager,31] - ====关闭后台任务任务线程池====
11:30:06.344 [SpringApplicationShutdownHook] INFO  o.a.e.i.a.DefaultAsyncJobExecutor - [shutdown,212] - Shutting down the default async job executor [org.activiti.spring.SpringAsyncExecutor].
11:30:06.345 [activiti-acquire-timer-jobs] INFO  o.a.e.i.a.AcquireTimerJobsRunnable - [run,119] - {} stopped async job due acquisition
11:30:06.345 [activiti-acquire-async-jobs] INFO  o.a.e.i.a.AcquireAsyncJobsDueRunnable - [run,119] - {} stopped async job due acquisition
11:30:06.395 [activiti-reset-expired-jobs] INFO  o.a.e.i.a.ResetExpiredJobsRunnable - [run,103] - {} stopped resetting expired jobs
11:30:06.425 [SpringApplicationShutdownHook] INFO  c.a.d.p.DruidDataSource - [close,2032] - {dataSource-1} closing ...
11:30:06.450 [SpringApplicationShutdownHook] INFO  c.a.d.p.DruidDataSource - [close,2104] - {dataSource-1} closed
13:55:18.322 [restartedMain] INFO  c.r.RuoYiApplication - [logStarting,53] - Starting RuoYiApplication using Java 17.0.10 with PID 18036 (C:\Users\Administrator\Desktop\kcts\kcts\ruoyi-admin\target\classes started by Administrator in C:\Users\Administrator\Desktop\kcts)
13:55:18.327 [restartedMain] INFO  c.r.RuoYiApplication - [logStartupProfileInfo,658] - The following 1 profile is active: "local"
13:55:24.668 [restartedMain] INFO  o.a.c.c.AprLifecycleListener - [log,173] - An older version [1.2.35] of the Apache Tomcat Native library is installed, while Tomcat recommends a minimum version of [2.0.5]
13:55:24.668 [restartedMain] INFO  o.a.c.c.AprLifecycleListener - [log,173] - Loaded Apache Tomcat Native library [1.2.35] using APR version [1.7.0].
13:55:24.671 [restartedMain] INFO  o.a.c.c.AprLifecycleListener - [log,173] - OpenSSL successfully initialized [OpenSSL 1.1.1q  5 Jul 2022]
13:55:24.695 [restartedMain] INFO  o.a.c.c.StandardService - [log,173] - Starting service [Tomcat]
13:55:24.695 [restartedMain] INFO  o.a.c.c.StandardEngine - [log,173] - Starting Servlet engine: [Apache Tomcat/10.1.33]
13:55:24.859 [restartedMain] INFO  o.a.c.c.C.[.[.[/] - [log,173] - Initializing Spring embedded WebApplicationContext
13:55:28.227 [restartedMain] INFO  c.a.d.p.DruidDataSource - [init,985] - {dataSource-1} inited
13:55:39.927 [restartedMain] INFO  o.a.s.r.ResourceFinder - [discoverResources,49] - No process definitions were found for auto-deployment in the location `classpath*:**/processes/`
13:55:42.235 [restartedMain] INFO  o.a.s.r.ResourceFinder - [discoverResources,49] - No process extensions were found for auto-deployment in the location 'classpath*:**/processes/'
13:55:42.558 [restartedMain] INFO  o.a.e.i.c.ProcessEngineConfigurationImpl - [initConfigurators,1570] - Found 1 Process Engine Configurators in total:
13:55:42.560 [restartedMain] INFO  o.a.e.i.c.ProcessEngineConfigurationImpl - [initConfigurators,1572] - class org.activiti.spring.process.conf.ProcessExtensionsConfiguratorAutoConfiguration (priority:10000)
13:55:42.561 [restartedMain] INFO  o.a.e.i.c.ProcessEngineConfigurationImpl - [configuratorsBeforeInit,1582] - Executing beforeInit() of class org.activiti.spring.process.conf.ProcessExtensionsConfiguratorAutoConfiguration (priority:10000)
13:55:43.491 [restartedMain] INFO  o.a.e.i.c.ProcessEngineConfigurationImpl - [configuratorsAfterInit,1589] - Executing configure() of class org.activiti.spring.process.conf.ProcessExtensionsConfiguratorAutoConfiguration (priority:10000)
13:55:43.554 [restartedMain] INFO  o.a.e.i.ProcessEngineImpl - [<init>,78] - ProcessEngine default created
13:55:43.556 [restartedMain] INFO  o.a.e.i.a.DefaultAsyncJobExecutor - [start,173] - Starting up the default async job executor [org.activiti.spring.SpringAsyncExecutor].
13:55:43.557 [Thread-4] INFO  o.a.e.i.a.AcquireAsyncJobsDueRunnable - [run,49] - {} starting to acquire async jobs due
13:55:43.557 [Thread-5] INFO  o.a.e.i.a.AcquireTimerJobsRunnable - [run,53] - {} starting to acquire async jobs due
13:55:43.557 [Thread-6] INFO  o.a.e.i.a.ResetExpiredJobsRunnable - [run,55] - {} starting to reset expired jobs
13:55:43.664 [restartedMain] INFO  o.a.e.i.c.DeployCmd - [executeDeploy,103] - Launching new deployment with version: 1
13:55:46.866 [restartedMain] INFO  o.q.i.StdSchedulerFactory - [instantiate,1220] - Using default implementation for ThreadExecutor
13:55:46.888 [restartedMain] INFO  o.q.c.SchedulerSignalerImpl - [<init>,61] - Initialized Scheduler Signaller of type: class org.quartz.core.SchedulerSignalerImpl
13:55:46.889 [restartedMain] INFO  o.q.c.QuartzScheduler - [<init>,229] - Quartz Scheduler v.2.3.2 created.
13:55:46.899 [restartedMain] INFO  o.q.c.QuartzScheduler - [initialize,294] - Scheduler meta-data: Quartz Scheduler (v2.3.2) 'RuoyiScheduler' with instanceId 'DESKTOP-GL3RGKM1788760546871'
  Scheduler class: 'org.quartz.core.QuartzScheduler' - running locally.
  NOT STARTED.
  Currently in standby mode.
  Number of jobs executed: 0
  Using thread pool 'org.quartz.simpl.SimpleThreadPool' - with 20 threads.
  Using job-store 'org.springframework.scheduling.quartz.LocalDataSourceJobStore' - which supports persistence. and is clustered.

13:55:46.899 [restartedMain] INFO  o.q.i.StdSchedulerFactory - [instantiate,1374] - Quartz scheduler 'RuoyiScheduler' initialized from an externally provided properties instance.
13:55:46.899 [restartedMain] INFO  o.q.i.StdSchedulerFactory - [instantiate,1378] - Quartz scheduler version: 2.3.2
13:55:46.902 [restartedMain] INFO  o.q.c.QuartzScheduler - [setJobFactory,2293] - JobFactory set to: org.springframework.scheduling.quartz.AdaptableJobFactory@764e42a
13:55:48.578 [restartedMain] INFO  o.a.c.w.s.f.ReflectionServiceFactoryBean - [buildServiceFromClass,436] - Creating Service {http://impl.webservice.system.ruoyi.com/}OADeptServiceImplService from class com.ruoyi.system.webservice.impl.OADeptServiceImpl
13:55:49.722 [restartedMain] INFO  o.a.c.e.ServerImpl - [initDestination,95] - Setting the server's publish address to be /syncdep
13:55:49.772 [restartedMain] INFO  o.a.c.w.s.f.ReflectionServiceFactoryBean - [buildServiceFromClass,436] - Creating Service {http://impl.webservice.system.ruoyi.com/}OAUserServiceImplService from class com.ruoyi.system.webservice.impl.OAUserServiceImpl
13:55:49.950 [restartedMain] INFO  o.a.c.e.ServerImpl - [initDestination,95] - Setting the server's publish address to be /syncuser
13:55:49.971 [restartedMain] INFO  o.a.c.w.s.f.ReflectionServiceFactoryBean - [buildServiceFromClass,436] - Creating Service {http://ideal.sh.cn.tc}ICreateInfoServiceService from class com.ruoyi.system.webservice.createinfo.ICreateInfoService
13:55:59.690 [restartedMain] INFO  o.a.s.AbstractActivitiSmartLifeCycle - [start,81] - Starting...
13:56:00.149 [restartedMain] INFO  o.a.s.AbstractActivitiSmartLifeCycle - [start,86] - Started.
13:56:00.149 [restartedMain] INFO  o.a.s.AbstractActivitiSmartLifeCycle - [start,81] - Starting...
13:56:00.211 [restartedMain] INFO  o.a.s.AbstractActivitiSmartLifeCycle - [start,86] - Started.
13:56:00.212 [restartedMain] INFO  o.a.s.AbstractActivitiSmartLifeCycle - [start,81] - Starting...
13:56:00.774 [Quartz Scheduler [RuoyiScheduler]] INFO  o.q.c.QuartzScheduler - [start,547] - Scheduler RuoyiScheduler_$_DESKTOP-GL3RGKM1788760546871 started.
13:56:02.197 [restartedMain] INFO  o.a.s.AbstractActivitiSmartLifeCycle - [start,86] - Started.
13:56:02.197 [restartedMain] INFO  o.a.s.AbstractActivitiSmartLifeCycle - [start,81] - Starting...
13:56:06.761 [restartedMain] INFO  o.a.s.AbstractActivitiSmartLifeCycle - [start,86] - Started.
13:56:06.787 [restartedMain] INFO  c.r.RuoYiApplication - [logStarted,59] - Started RuoYiApplication in 49.057 seconds (process running for 51.291)
13:56:07.086 [restartedMain] INFO  c.r.w.k.SaslClient - [consume,109] - login user: admin
13:56:07.144 [restartedMain] INFO  o.a.k.c.c.ConsumerConfig - [logAll,347] - ConsumerConfig values: 
	allow.auto.create.topics = true
	auto.commit.interval.ms = 5000
	auto.offset.reset = earliest
	bootstrap.servers = [10.145.219.3:8423, 10.145.219.4:8423, 10.145.219.5:8423]
	check.crcs = true
	client.dns.lookup = default
	client.id = 
	client.rack = 
	connections.max.idle.ms = 540000
	default.api.timeout.ms = 60000
	enable.auto.commit = false
	exclude.internal.topics = true
	fetch.max.bytes = 52428800
	fetch.max.wait.ms = 500
	fetch.min.bytes = 1
	group.id = DE_C_HRMS_STIEP
	group.instance.id = null
	heartbeat.interval.ms = 3000
	interceptor.classes = []
	internal.leave.group.on.close = true
	isolation.level = read_uncommitted
	key.deserializer = class org.apache.kafka.common.serialization.StringDeserializer
	max.partition.fetch.bytes = 1048576
	max.poll.interval.ms = 300000
	max.poll.records = 30
	metadata.max.age.ms = 300000
	metric.reporters = []
	metrics.num.samples = 2
	metrics.recording.level = INFO
	metrics.sample.window.ms = 30000
	partition.assignment.strategy = [class org.apache.kafka.clients.consumer.RangeAssignor]
	receive.buffer.bytes = 65536
	reconnect.backoff.max.ms = 1000
	reconnect.backoff.ms = 50
	request.timeout.ms = 30000
	retry.backoff.ms = 100
	sasl.client.callback.handler.class = null
	sasl.jaas.config = [hidden]
	sasl.kerberos.kinit.cmd = /usr/bin/kinit
	sasl.kerberos.min.time.before.relogin = 60000
	sasl.kerberos.service.name = null
	sasl.kerberos.ticket.renew.jitter = 0.05
	sasl.kerberos.ticket.renew.window.factor = 0.8
	sasl.login.callback.handler.class = null
	sasl.login.class = null
	sasl.login.refresh.buffer.seconds = 300
	sasl.login.refresh.min.period.seconds = 60
	sasl.login.refresh.window.factor = 0.8
	sasl.login.refresh.window.jitter = 0.05
	sasl.mechanism = SCRAM-SHA-512
	security.protocol = SASL_PLAINTEXT
	send.buffer.bytes = 131072
	session.timeout.ms = 10000
	ssl.cipher.suites = null
	ssl.enabled.protocols = [TLSv1.2, TLSv1.1, TLSv1]
	ssl.endpoint.identification.algorithm = https
	ssl.key.password = null
	ssl.keymanager.algorithm = SunX509
	ssl.keystore.location = null
	ssl.keystore.password = null
	ssl.keystore.type = JKS
	ssl.protocol = TLS
	ssl.provider = null
	ssl.secure.random.implementation = null
	ssl.trustmanager.algorithm = PKIX
	ssl.truststore.location = null
	ssl.truststore.password = null
	ssl.truststore.type = JKS
	value.deserializer = class org.apache.kafka.common.serialization.StringDeserializer

13:56:07.218 [restartedMain] INFO  o.a.k.c.s.a.AbstractLogin - [login,61] - Successfully logged in.
13:56:07.344 [restartedMain] INFO  o.a.k.c.u.AppInfoParser - [<init>,117] - Kafka version: 2.3.0
13:56:07.344 [restartedMain] INFO  o.a.k.c.u.AppInfoParser - [<init>,118] - Kafka commitId: fc1aaa116b661c8a
13:56:07.344 [restartedMain] INFO  o.a.k.c.u.AppInfoParser - [<init>,119] - Kafka startTimeMs: 1788760567340
13:56:07.347 [restartedMain] INFO  o.a.k.c.c.KafkaConsumer - [subscribe,964] - [Consumer clientId=consumer-1, groupId=DE_C_HRMS_STIEP] Subscribed to topic(s): DE_HRMS_STIEP
13:56:07.348 [restartedMain] INFO  c.r.w.k.SaslClient - [consume,127] - start consumer kafka
13:56:56.272 [http-nio-9587-exec-1] INFO  o.a.c.c.C.[.[.[/] - [log,173] - Initializing Spring DispatcherServlet 'dispatcherServlet'
13:56:56.378 [http-nio-9587-exec-1] INFO  c.r.f.w.s.TokenService - [getToken,237] - user: null, backend Token: null
13:57:08.137 [http-nio-9587-exec-3] INFO  c.r.f.w.s.TokenService - [getToken,237] - user: null, backend Token: null
13:57:08.337 [schedule-pool-2] INFO  sys-user - [run,58] - [127.0.0.1]内网IP[madaosen][Success][登录成功]
13:57:08.495 [http-nio-9587-exec-5] INFO  c.r.f.w.s.TokenService - [getToken,237] - user: madaosen, backend Token: Bearer eyJhbGciOiJIUzUxMiJ9.eyJsb2dpbl91c2VyX2tleSI6IjJlZmNjNzg0LTlhZmMtNDVkZS1hODhiLTE1MmYyNWEzZTVjNyJ9.dPLbTny8G9Bitw0rtBSLUe__BfIO6Mm35hhv3olOuqzCtLbJAKjY_buSfFxsNmAqCy1oGj3tz6Q5JG7WZWgysw
13:57:08.640 [http-nio-9587-exec-8] INFO  c.r.f.w.s.TokenService - [getToken,237] - user: madaosen, backend Token: Bearer eyJhbGciOiJIUzUxMiJ9.eyJsb2dpbl91c2VyX2tleSI6IjJlZmNjNzg0LTlhZmMtNDVkZS1hODhiLTE1MmYyNWEzZTVjNyJ9.dPLbTny8G9Bitw0rtBSLUe__BfIO6Mm35hhv3olOuqzCtLbJAKjY_buSfFxsNmAqCy1oGj3tz6Q5JG7WZWgysw
13:57:08.652 [http-nio-9587-exec-1] INFO  c.r.f.w.s.TokenService - [getToken,237] - user: madaosen, backend Token: Bearer eyJhbGciOiJIUzUxMiJ9.eyJsb2dpbl91c2VyX2tleSI6IjJlZmNjNzg0LTlhZmMtNDVkZS1hODhiLTE1MmYyNWEzZTVjNyJ9.dPLbTny8G9Bitw0rtBSLUe__BfIO6Mm35hhv3olOuqzCtLbJAKjY_buSfFxsNmAqCy1oGj3tz6Q5JG7WZWgysw
13:57:08.670 [http-nio-9587-exec-10] INFO  c.r.f.w.s.TokenService - [getToken,237] - user: madaosen, backend Token: Bearer eyJhbGciOiJIUzUxMiJ9.eyJsb2dpbl91c2VyX2tleSI6IjJlZmNjNzg0LTlhZmMtNDVkZS1hODhiLTE1MmYyNWEzZTVjNyJ9.dPLbTny8G9Bitw0rtBSLUe__BfIO6Mm35hhv3olOuqzCtLbJAKjY_buSfFxsNmAqCy1oGj3tz6Q5JG7WZWgysw
13:57:08.671 [http-nio-9587-exec-6] INFO  c.r.f.w.s.TokenService - [getToken,237] - user: madaosen, backend Token: Bearer eyJhbGciOiJIUzUxMiJ9.eyJsb2dpbl91c2VyX2tleSI6IjJlZmNjNzg0LTlhZmMtNDVkZS1hODhiLTE1MmYyNWEzZTVjNyJ9.dPLbTny8G9Bitw0rtBSLUe__BfIO6Mm35hhv3olOuqzCtLbJAKjY_buSfFxsNmAqCy1oGj3tz6Q5JG7WZWgysw
13:57:08.671 [http-nio-9587-exec-3] INFO  c.r.f.w.s.TokenService - [getToken,237] - user: madaosen, backend Token: Bearer eyJhbGciOiJIUzUxMiJ9.eyJsb2dpbl91c2VyX2tleSI6IjJlZmNjNzg0LTlhZmMtNDVkZS1hODhiLTE1MmYyNWEzZTVjNyJ9.dPLbTny8G9Bitw0rtBSLUe__BfIO6Mm35hhv3olOuqzCtLbJAKjY_buSfFxsNmAqCy1oGj3tz6Q5JG7WZWgysw
13:57:08.672 [http-nio-9587-exec-7] INFO  c.r.f.w.s.TokenService - [getToken,237] - user: madaosen, backend Token: Bearer eyJhbGciOiJIUzUxMiJ9.eyJsb2dpbl91c2VyX2tleSI6IjJlZmNjNzg0LTlhZmMtNDVkZS1hODhiLTE1MmYyNWEzZTVjNyJ9.dPLbTny8G9Bitw0rtBSLUe__BfIO6Mm35hhv3olOuqzCtLbJAKjY_buSfFxsNmAqCy1oGj3tz6Q5JG7WZWgysw
13:57:08.742 [http-nio-9587-exec-9] INFO  c.r.f.w.s.TokenService - [getToken,237] - user: madaosen, backend Token: Bearer eyJhbGciOiJIUzUxMiJ9.eyJsb2dpbl91c2VyX2tleSI6IjJlZmNjNzg0LTlhZmMtNDVkZS1hODhiLTE1MmYyNWEzZTVjNyJ9.dPLbTny8G9Bitw0rtBSLUe__BfIO6Mm35hhv3olOuqzCtLbJAKjY_buSfFxsNmAqCy1oGj3tz6Q5JG7WZWgysw
13:57:08.773 [http-nio-9587-exec-2] INFO  c.r.f.w.s.TokenService - [getToken,237] - user: madaosen, backend Token: Bearer eyJhbGciOiJIUzUxMiJ9.eyJsb2dpbl91c2VyX2tleSI6IjJlZmNjNzg0LTlhZmMtNDVkZS1hODhiLTE1MmYyNWEzZTVjNyJ9.dPLbTny8G9Bitw0rtBSLUe__BfIO6Mm35hhv3olOuqzCtLbJAKjY_buSfFxsNmAqCy1oGj3tz6Q5JG7WZWgysw
13:57:08.835 [http-nio-9587-exec-5] INFO  c.r.f.w.s.TokenService - [getToken,237] - user: madaosen, backend Token: Bearer eyJhbGciOiJIUzUxMiJ9.eyJsb2dpbl91c2VyX2tleSI6IjJlZmNjNzg0LTlhZmMtNDVkZS1hODhiLTE1MmYyNWEzZTVjNyJ9.dPLbTny8G9Bitw0rtBSLUe__BfIO6Mm35hhv3olOuqzCtLbJAKjY_buSfFxsNmAqCy1oGj3tz6Q5JG7WZWgysw
13:57:08.855 [http-nio-9587-exec-4] INFO  c.r.f.w.s.TokenService - [getToken,237] - user: madaosen, backend Token: Bearer eyJhbGciOiJIUzUxMiJ9.eyJsb2dpbl91c2VyX2tleSI6IjJlZmNjNzg0LTlhZmMtNDVkZS1hODhiLTE1MmYyNWEzZTVjNyJ9.dPLbTny8G9Bitw0rtBSLUe__BfIO6Mm35hhv3olOuqzCtLbJAKjY_buSfFxsNmAqCy1oGj3tz6Q5JG7WZWgysw
13:57:08.873 [http-nio-9587-exec-1] INFO  c.r.f.w.s.TokenService - [getToken,237] - user: madaosen, backend Token: Bearer eyJhbGciOiJIUzUxMiJ9.eyJsb2dpbl91c2VyX2tleSI6IjJlZmNjNzg0LTlhZmMtNDVkZS1hODhiLTE1MmYyNWEzZTVjNyJ9.dPLbTny8G9Bitw0rtBSLUe__BfIO6Mm35hhv3olOuqzCtLbJAKjY_buSfFxsNmAqCy1oGj3tz6Q5JG7WZWgysw
13:57:08.967 [http-nio-9587-exec-8] INFO  c.r.f.w.s.TokenService - [getToken,237] - user: madaosen, backend Token: Bearer eyJhbGciOiJIUzUxMiJ9.eyJsb2dpbl91c2VyX2tleSI6IjJlZmNjNzg0LTlhZmMtNDVkZS1hODhiLTE1MmYyNWEzZTVjNyJ9.dPLbTny8G9Bitw0rtBSLUe__BfIO6Mm35hhv3olOuqzCtLbJAKjY_buSfFxsNmAqCy1oGj3tz6Q5JG7WZWgysw
13:57:08.969 [http-nio-9587-exec-2] INFO  c.r.f.w.s.TokenService - [getToken,237] - user: madaosen, backend Token: Bearer eyJhbGciOiJIUzUxMiJ9.eyJsb2dpbl91c2VyX2tleSI6IjJlZmNjNzg0LTlhZmMtNDVkZS1hODhiLTE1MmYyNWEzZTVjNyJ9.dPLbTny8G9Bitw0rtBSLUe__BfIO6Mm35hhv3olOuqzCtLbJAKjY_buSfFxsNmAqCy1oGj3tz6Q5JG7WZWgysw
13:57:09.026 [http-nio-9587-exec-5] INFO  c.r.f.w.s.TokenService - [getToken,237] - user: madaosen, backend Token: Bearer eyJhbGciOiJIUzUxMiJ9.eyJsb2dpbl91c2VyX2tleSI6IjJlZmNjNzg0LTlhZmMtNDVkZS1hODhiLTE1MmYyNWEzZTVjNyJ9.dPLbTny8G9Bitw0rtBSLUe__BfIO6Mm35hhv3olOuqzCtLbJAKjY_buSfFxsNmAqCy1oGj3tz6Q5JG7WZWgysw
13:57:09.048 [http-nio-9587-exec-1] INFO  c.r.f.w.s.TokenService - [getToken,237] - user: madaosen, backend Token: Bearer eyJhbGciOiJIUzUxMiJ9.eyJsb2dpbl91c2VyX2tleSI6IjJlZmNjNzg0LTlhZmMtNDVkZS1hODhiLTE1MmYyNWEzZTVjNyJ9.dPLbTny8G9Bitw0rtBSLUe__BfIO6Mm35hhv3olOuqzCtLbJAKjY_buSfFxsNmAqCy1oGj3tz6Q5JG7WZWgysw
13:57:09.050 [http-nio-9587-exec-7] INFO  c.r.f.w.s.TokenService - [getToken,237] - user: madaosen, backend Token: Bearer eyJhbGciOiJIUzUxMiJ9.eyJsb2dpbl91c2VyX2tleSI6IjJlZmNjNzg0LTlhZmMtNDVkZS1hODhiLTE1MmYyNWEzZTVjNyJ9.dPLbTny8G9Bitw0rtBSLUe__BfIO6Mm35hhv3olOuqzCtLbJAKjY_buSfFxsNmAqCy1oGj3tz6Q5JG7WZWgysw
13:57:09.053 [http-nio-9587-exec-6] INFO  c.r.f.w.s.TokenService - [getToken,237] - user: madaosen, backend Token: Bearer eyJhbGciOiJIUzUxMiJ9.eyJsb2dpbl91c2VyX2tleSI6IjJlZmNjNzg0LTlhZmMtNDVkZS1hODhiLTE1MmYyNWEzZTVjNyJ9.dPLbTny8G9Bitw0rtBSLUe__BfIO6Mm35hhv3olOuqzCtLbJAKjY_buSfFxsNmAqCy1oGj3tz6Q5JG7WZWgysw
13:57:09.163 [http-nio-9587-exec-7] INFO  c.r.f.w.s.TokenService - [getToken,237] - user: madaosen, backend Token: Bearer eyJhbGciOiJIUzUxMiJ9.eyJsb2dpbl91c2VyX2tleSI6IjJlZmNjNzg0LTlhZmMtNDVkZS1hODhiLTE1MmYyNWEzZTVjNyJ9.dPLbTny8G9Bitw0rtBSLUe__BfIO6Mm35hhv3olOuqzCtLbJAKjY_buSfFxsNmAqCy1oGj3tz6Q5JG7WZWgysw
13:57:09.163 [http-nio-9587-exec-2] INFO  c.r.f.w.s.TokenService - [getToken,237] - user: madaosen, backend Token: Bearer eyJhbGciOiJIUzUxMiJ9.eyJsb2dpbl91c2VyX2tleSI6IjJlZmNjNzg0LTlhZmMtNDVkZS1hODhiLTE1MmYyNWEzZTVjNyJ9.dPLbTny8G9Bitw0rtBSLUe__BfIO6Mm35hhv3olOuqzCtLbJAKjY_buSfFxsNmAqCy1oGj3tz6Q5JG7WZWgysw
13:57:09.163 [http-nio-9587-exec-1] INFO  c.r.f.w.s.TokenService - [getToken,237] - user: madaosen, backend Token: Bearer eyJhbGciOiJIUzUxMiJ9.eyJsb2dpbl91c2VyX2tleSI6IjJlZmNjNzg0LTlhZmMtNDVkZS1hODhiLTE1MmYyNWEzZTVjNyJ9.dPLbTny8G9Bitw0rtBSLUe__BfIO6Mm35hhv3olOuqzCtLbJAKjY_buSfFxsNmAqCy1oGj3tz6Q5JG7WZWgysw
13:57:09.263 [http-nio-9587-exec-6] INFO  c.r.f.w.s.TokenService - [getToken,237] - user: madaosen, backend Token: Bearer eyJhbGciOiJIUzUxMiJ9.eyJsb2dpbl91c2VyX2tleSI6IjJlZmNjNzg0LTlhZmMtNDVkZS1hODhiLTE1MmYyNWEzZTVjNyJ9.dPLbTny8G9Bitw0rtBSLUe__BfIO6Mm35hhv3olOuqzCtLbJAKjY_buSfFxsNmAqCy1oGj3tz6Q5JG7WZWgysw
13:57:11.774 [http-nio-9587-exec-5] INFO  c.r.f.w.s.TokenService - [getToken,237] - user: madaosen, backend Token: Bearer eyJhbGciOiJIUzUxMiJ9.eyJsb2dpbl91c2VyX2tleSI6IjJlZmNjNzg0LTlhZmMtNDVkZS1hODhiLTE1MmYyNWEzZTVjNyJ9.dPLbTny8G9Bitw0rtBSLUe__BfIO6Mm35hhv3olOuqzCtLbJAKjY_buSfFxsNmAqCy1oGj3tz6Q5JG7WZWgysw
13:57:11.774 [http-nio-9587-exec-1] INFO  c.r.f.w.s.TokenService - [getToken,237] - user: madaosen, backend Token: Bearer eyJhbGciOiJIUzUxMiJ9.eyJsb2dpbl91c2VyX2tleSI6IjJlZmNjNzg0LTlhZmMtNDVkZS1hODhiLTE1MmYyNWEzZTVjNyJ9.dPLbTny8G9Bitw0rtBSLUe__BfIO6Mm35hhv3olOuqzCtLbJAKjY_buSfFxsNmAqCy1oGj3tz6Q5JG7WZWgysw
13:57:11.791 [http-nio-9587-exec-8] INFO  c.r.f.w.s.TokenService - [getToken,237] - user: madaosen, backend Token: Bearer eyJhbGciOiJIUzUxMiJ9.eyJsb2dpbl91c2VyX2tleSI6IjJlZmNjNzg0LTlhZmMtNDVkZS1hODhiLTE1MmYyNWEzZTVjNyJ9.dPLbTny8G9Bitw0rtBSLUe__BfIO6Mm35hhv3olOuqzCtLbJAKjY_buSfFxsNmAqCy1oGj3tz6Q5JG7WZWgysw
13:57:11.791 [http-nio-9587-exec-6] INFO  c.r.f.w.s.TokenService - [getToken,237] - user: madaosen, backend Token: Bearer eyJhbGciOiJIUzUxMiJ9.eyJsb2dpbl91c2VyX2tleSI6IjJlZmNjNzg0LTlhZmMtNDVkZS1hODhiLTE1MmYyNWEzZTVjNyJ9.dPLbTny8G9Bitw0rtBSLUe__BfIO6Mm35hhv3olOuqzCtLbJAKjY_buSfFxsNmAqCy1oGj3tz6Q5JG7WZWgysw
13:57:11.826 [http-nio-9587-exec-10] INFO  c.r.f.w.s.TokenService - [getToken,237] - user: madaosen, backend Token: Bearer eyJhbGciOiJIUzUxMiJ9.eyJsb2dpbl91c2VyX2tleSI6IjJlZmNjNzg0LTlhZmMtNDVkZS1hODhiLTE1MmYyNWEzZTVjNyJ9.dPLbTny8G9Bitw0rtBSLUe__BfIO6Mm35hhv3olOuqzCtLbJAKjY_buSfFxsNmAqCy1oGj3tz6Q5JG7WZWgysw
13:57:11.826 [http-nio-9587-exec-9] INFO  c.r.f.w.s.TokenService - [getToken,237] - user: madaosen, backend Token: Bearer eyJhbGciOiJIUzUxMiJ9.eyJsb2dpbl91c2VyX2tleSI6IjJlZmNjNzg0LTlhZmMtNDVkZS1hODhiLTE1MmYyNWEzZTVjNyJ9.dPLbTny8G9Bitw0rtBSLUe__BfIO6Mm35hhv3olOuqzCtLbJAKjY_buSfFxsNmAqCy1oGj3tz6Q5JG7WZWgysw
13:57:22.364 [http-nio-9587-exec-8] INFO  c.r.f.w.s.TokenService - [getToken,237] - user: madaosen, backend Token: Bearer eyJhbGciOiJIUzUxMiJ9.eyJsb2dpbl91c2VyX2tleSI6IjJlZmNjNzg0LTlhZmMtNDVkZS1hODhiLTE1MmYyNWEzZTVjNyJ9.dPLbTny8G9Bitw0rtBSLUe__BfIO6Mm35hhv3olOuqzCtLbJAKjY_buSfFxsNmAqCy1oGj3tz6Q5JG7WZWgysw
13:57:22.364 [http-nio-9587-exec-6] INFO  c.r.f.w.s.TokenService - [getToken,237] - user: madaosen, backend Token: Bearer eyJhbGciOiJIUzUxMiJ9.eyJsb2dpbl91c2VyX2tleSI6IjJlZmNjNzg0LTlhZmMtNDVkZS1hODhiLTE1MmYyNWEzZTVjNyJ9.dPLbTny8G9Bitw0rtBSLUe__BfIO6Mm35hhv3olOuqzCtLbJAKjY_buSfFxsNmAqCy1oGj3tz6Q5JG7WZWgysw
13:57:22.364 [http-nio-9587-exec-3] INFO  c.r.f.w.s.TokenService - [getToken,237] - user: madaosen, backend Token: Bearer eyJhbGciOiJIUzUxMiJ9.eyJsb2dpbl91c2VyX2tleSI6IjJlZmNjNzg0LTlhZmMtNDVkZS1hODhiLTE1MmYyNWEzZTVjNyJ9.dPLbTny8G9Bitw0rtBSLUe__BfIO6Mm35hhv3olOuqzCtLbJAKjY_buSfFxsNmAqCy1oGj3tz6Q5JG7WZWgysw
13:57:22.364 [http-nio-9587-exec-4] INFO  c.r.f.w.s.TokenService - [getToken,237] - user: madaosen, backend Token: Bearer eyJhbGciOiJIUzUxMiJ9.eyJsb2dpbl91c2VyX2tleSI6IjJlZmNjNzg0LTlhZmMtNDVkZS1hODhiLTE1MmYyNWEzZTVjNyJ9.dPLbTny8G9Bitw0rtBSLUe__BfIO6Mm35hhv3olOuqzCtLbJAKjY_buSfFxsNmAqCy1oGj3tz6Q5JG7WZWgysw
13:57:41.770 [http-nio-9587-exec-10] INFO  c.r.f.w.s.TokenService - [getToken,237] - user: madaosen, backend Token: Bearer eyJhbGciOiJIUzUxMiJ9.eyJsb2dpbl91c2VyX2tleSI6IjJlZmNjNzg0LTlhZmMtNDVkZS1hODhiLTE1MmYyNWEzZTVjNyJ9.dPLbTny8G9Bitw0rtBSLUe__BfIO6Mm35hhv3olOuqzCtLbJAKjY_buSfFxsNmAqCy1oGj3tz6Q5JG7WZWgysw
14:00:00.001 [schedule-pool-5] INFO  c.r.w.s.ScienceTechnologyReportTask - [syncScienceTechnologyReportRdInvestment,19] - ==========>ScienceTechnologyReportTask.syncScienceTechnologyReportRdInvestment  start ---------- 
14:00:00.001 [schedule-pool-4] INFO  c.r.w.s.ProjectAlarmTask - [checkProjectHandleExpire,18] - ==========>projectAlarmTask.checkProjectHandleExpire  start ---------- 
14:00:00.001 [schedule-pool-3] INFO  c.r.w.s.ProjectAlarmTask - [checkProjectHandleExpireSendMail,26] - ==========>projectAlarmTask.checkProjectHandleExpireSendMail  start ---------- 
14:00:00.001 [schedule-pool-1] INFO  c.r.w.s.ProjectStopTask - [checkProjectSubmitExpire,19] - ==========>ProjectStopTask.checkProjectSubmitExpire  start ---------- 
14:00:00.005 [schedule-pool-5] INFO  c.r.w.s.ScienceTechnologyReportTask - [syncScienceTechnologyReportRdInvestment,21] - ==========>ScienceTechnologyReportTask.syncScienceTechnologyReportRdInvestment  end ---------- 
14:00:00.022 [schedule-pool-1] INFO  c.r.w.s.i.ProjectInfoServiceImpl - [checkProjectSubmitExpire,4976] - ==========>项目中止检查定时任务；项目中止成功
14:00:00.023 [schedule-pool-1] INFO  c.r.w.s.ProjectStopTask - [checkProjectSubmitExpire,21] - ==========>ProjectStopTask.checkProjectSubmitExpire  end ---------- 
14:00:00.028 [schedule-pool-4] INFO  c.r.w.s.i.ProjectAlarmServiceImpl - [checkProjectHandleExpire,268] - ==========>项目告警检查定时任务；项目告警成功
14:00:00.029 [schedule-pool-4] INFO  c.r.w.s.ProjectAlarmTask - [checkProjectHandleExpire,20] - ==========>checkProjectHandleExpire.checkProjectHandleExpire  end ---------- 
14:00:00.032 [schedule-pool-3] INFO  c.r.w.s.i.ProjectAlarmServiceImpl - [checkProjectHandleExpireSendMail,134] - ==========>项目处理超时发送邮件定时任务；执行成功
14:00:00.033 [schedule-pool-3] INFO  c.r.w.s.ProjectAlarmTask - [checkProjectHandleExpireSendMail,28] - ==========>checkProjectHandleExpire.checkProjectHandleExpireSendMail  end ---------- 
14:00:52.363 [http-nio-9587-exec-8] INFO  c.r.f.w.s.TokenService - [getToken,237] - user: madaosen, backend Token: Bearer eyJhbGciOiJIUzUxMiJ9.eyJsb2dpbl91c2VyX2tleSI6IjJlZmNjNzg0LTlhZmMtNDVkZS1hODhiLTE1MmYyNWEzZTVjNyJ9.dPLbTny8G9Bitw0rtBSLUe__BfIO6Mm35hhv3olOuqzCtLbJAKjY_buSfFxsNmAqCy1oGj3tz6Q5JG7WZWgysw
14:01:40.167 [http-nio-9587-exec-10] INFO  c.r.f.w.s.TokenService - [getToken,237] - user: madaosen, backend Token: Bearer eyJhbGciOiJIUzUxMiJ9.eyJsb2dpbl91c2VyX2tleSI6IjJlZmNjNzg0LTlhZmMtNDVkZS1hODhiLTE1MmYyNWEzZTVjNyJ9.dPLbTny8G9Bitw0rtBSLUe__BfIO6Mm35hhv3olOuqzCtLbJAKjY_buSfFxsNmAqCy1oGj3tz6Q5JG7WZWgysw
14:02:00.414 [http-nio-9587-exec-1] INFO  c.r.f.w.s.TokenService - [getToken,237] - user: madaosen, backend Token: Bearer eyJhbGciOiJIUzUxMiJ9.eyJsb2dpbl91c2VyX2tleSI6IjJlZmNjNzg0LTlhZmMtNDVkZS1hODhiLTE1MmYyNWEzZTVjNyJ9.dPLbTny8G9Bitw0rtBSLUe__BfIO6Mm35hhv3olOuqzCtLbJAKjY_buSfFxsNmAqCy1oGj3tz6Q5JG7WZWgysw
14:02:01.177 [http-nio-9587-exec-7] INFO  c.r.f.w.s.TokenService - [getToken,237] - user: madaosen, backend Token: Bearer eyJhbGciOiJIUzUxMiJ9.eyJsb2dpbl91c2VyX2tleSI6IjJlZmNjNzg0LTlhZmMtNDVkZS1hODhiLTE1MmYyNWEzZTVjNyJ9.dPLbTny8G9Bitw0rtBSLUe__BfIO6Mm35hhv3olOuqzCtLbJAKjY_buSfFxsNmAqCy1oGj3tz6Q5JG7WZWgysw
14:02:01.786 [http-nio-9587-exec-6] INFO  c.r.f.w.s.TokenService - [getToken,237] - user: madaosen, backend Token: Bearer eyJhbGciOiJIUzUxMiJ9.eyJsb2dpbl91c2VyX2tleSI6IjJlZmNjNzg0LTlhZmMtNDVkZS1hODhiLTE1MmYyNWEzZTVjNyJ9.dPLbTny8G9Bitw0rtBSLUe__BfIO6Mm35hhv3olOuqzCtLbJAKjY_buSfFxsNmAqCy1oGj3tz6Q5JG7WZWgysw
14:02:09.632 [http-nio-9587-exec-8] INFO  c.r.f.w.s.TokenService - [getToken,237] - user: madaosen, backend Token: Bearer eyJhbGciOiJIUzUxMiJ9.eyJsb2dpbl91c2VyX2tleSI6IjJlZmNjNzg0LTlhZmMtNDVkZS1hODhiLTE1MmYyNWEzZTVjNyJ9.dPLbTny8G9Bitw0rtBSLUe__BfIO6Mm35hhv3olOuqzCtLbJAKjY_buSfFxsNmAqCy1oGj3tz6Q5JG7WZWgysw
14:02:10.291 [http-nio-9587-exec-10] INFO  c.r.f.w.s.TokenService - [getToken,237] - user: madaosen, backend Token: Bearer eyJhbGciOiJIUzUxMiJ9.eyJsb2dpbl91c2VyX2tleSI6IjJlZmNjNzg0LTlhZmMtNDVkZS1hODhiLTE1MmYyNWEzZTVjNyJ9.dPLbTny8G9Bitw0rtBSLUe__BfIO6Mm35hhv3olOuqzCtLbJAKjY_buSfFxsNmAqCy1oGj3tz6Q5JG7WZWgysw
14:02:10.770 [http-nio-9587-exec-1] INFO  c.r.f.w.s.TokenService - [getToken,237] - user: madaosen, backend Token: Bearer eyJhbGciOiJIUzUxMiJ9.eyJsb2dpbl91c2VyX2tleSI6IjJlZmNjNzg0LTlhZmMtNDVkZS1hODhiLTE1MmYyNWEzZTVjNyJ9.dPLbTny8G9Bitw0rtBSLUe__BfIO6Mm35hhv3olOuqzCtLbJAKjY_buSfFxsNmAqCy1oGj3tz6Q5JG7WZWgysw
14:02:17.186 [http-nio-9587-exec-7] INFO  c.r.f.w.s.TokenService - [getToken,237] - user: madaosen, backend Token: Bearer eyJhbGciOiJIUzUxMiJ9.eyJsb2dpbl91c2VyX2tleSI6IjJlZmNjNzg0LTlhZmMtNDVkZS1hODhiLTE1MmYyNWEzZTVjNyJ9.dPLbTny8G9Bitw0rtBSLUe__BfIO6Mm35hhv3olOuqzCtLbJAKjY_buSfFxsNmAqCy1oGj3tz6Q5JG7WZWgysw
14:02:36.207 [http-nio-9587-exec-6] INFO  c.r.f.w.s.TokenService - [getToken,237] - user: madaosen, backend Token: Bearer eyJhbGciOiJIUzUxMiJ9.eyJsb2dpbl91c2VyX2tleSI6IjJlZmNjNzg0LTlhZmMtNDVkZS1hODhiLTE1MmYyNWEzZTVjNyJ9.dPLbTny8G9Bitw0rtBSLUe__BfIO6Mm35hhv3olOuqzCtLbJAKjY_buSfFxsNmAqCy1oGj3tz6Q5JG7WZWgysw
14:02:36.432 [http-nio-9587-exec-8] INFO  c.r.f.w.s.TokenService - [getToken,237] - user: madaosen, backend Token: Bearer eyJhbGciOiJIUzUxMiJ9.eyJsb2dpbl91c2VyX2tleSI6IjJlZmNjNzg0LTlhZmMtNDVkZS1hODhiLTE1MmYyNWEzZTVjNyJ9.dPLbTny8G9Bitw0rtBSLUe__BfIO6Mm35hhv3olOuqzCtLbJAKjY_buSfFxsNmAqCy1oGj3tz6Q5JG7WZWgysw
14:02:49.461 [http-nio-9587-exec-10] INFO  c.r.f.w.s.TokenService - [getToken,237] - user: madaosen, backend Token: Bearer eyJhbGciOiJIUzUxMiJ9.eyJsb2dpbl91c2VyX2tleSI6IjJlZmNjNzg0LTlhZmMtNDVkZS1hODhiLTE1MmYyNWEzZTVjNyJ9.dPLbTny8G9Bitw0rtBSLUe__BfIO6Mm35hhv3olOuqzCtLbJAKjY_buSfFxsNmAqCy1oGj3tz6Q5JG7WZWgysw
14:02:49.476 [http-nio-9587-exec-1] INFO  c.r.f.w.s.TokenService - [getToken,237] - user: madaosen, backend Token: Bearer eyJhbGciOiJIUzUxMiJ9.eyJsb2dpbl91c2VyX2tleSI6IjJlZmNjNzg0LTlhZmMtNDVkZS1hODhiLTE1MmYyNWEzZTVjNyJ9.dPLbTny8G9Bitw0rtBSLUe__BfIO6Mm35hhv3olOuqzCtLbJAKjY_buSfFxsNmAqCy1oGj3tz6Q5JG7WZWgysw
14:03:00.204 [http-nio-9587-exec-7] INFO  c.r.f.w.s.TokenService - [getToken,237] - user: madaosen, backend Token: Bearer eyJhbGciOiJIUzUxMiJ9.eyJsb2dpbl91c2VyX2tleSI6IjJlZmNjNzg0LTlhZmMtNDVkZS1hODhiLTE1MmYyNWEzZTVjNyJ9.dPLbTny8G9Bitw0rtBSLUe__BfIO6Mm35hhv3olOuqzCtLbJAKjY_buSfFxsNmAqCy1oGj3tz6Q5JG7WZWgysw
14:03:06.788 [http-nio-9587-exec-6] INFO  c.r.f.w.s.TokenService - [getToken,237] - user: madaosen, backend Token: Bearer eyJhbGciOiJIUzUxMiJ9.eyJsb2dpbl91c2VyX2tleSI6IjJlZmNjNzg0LTlhZmMtNDVkZS1hODhiLTE1MmYyNWEzZTVjNyJ9.dPLbTny8G9Bitw0rtBSLUe__BfIO6Mm35hhv3olOuqzCtLbJAKjY_buSfFxsNmAqCy1oGj3tz6Q5JG7WZWgysw
14:03:26.343 [http-nio-9587-exec-8] INFO  c.r.f.w.s.TokenService - [getToken,237] - user: madaosen, backend Token: Bearer eyJhbGciOiJIUzUxMiJ9.eyJsb2dpbl91c2VyX2tleSI6IjJlZmNjNzg0LTlhZmMtNDVkZS1hODhiLTE1MmYyNWEzZTVjNyJ9.dPLbTny8G9Bitw0rtBSLUe__BfIO6Mm35hhv3olOuqzCtLbJAKjY_buSfFxsNmAqCy1oGj3tz6Q5JG7WZWgysw
14:03:26.346 [http-nio-9587-exec-8] INFO  c.r.w.c.ScienceTechnologyReportController - [downloadTempCoreValue,207] - downloadTempCoreValuedownloadTempCoreValue2：file:/C:/Users/Administrator/Desktop/kcts/kcts/ruoyi-admin/target/classes/excel/scienceTechnologyReport/%e8%a7%84%e5%88%92%e5%ae%bd%e8%a1%a8%e5%af%bc%e5%85%a5%e6%a8%a1%e6%9d%bf.xlsx
14:04:18.622 [http-nio-9587-exec-5] INFO  c.r.f.w.s.TokenService - [getToken,237] - user: madaosen, backend Token: Bearer eyJhbGciOiJIUzUxMiJ9.eyJsb2dpbl91c2VyX2tleSI6IjJlZmNjNzg0LTlhZmMtNDVkZS1hODhiLTE1MmYyNWEzZTVjNyJ9.dPLbTny8G9Bitw0rtBSLUe__BfIO6Mm35hhv3olOuqzCtLbJAKjY_buSfFxsNmAqCy1oGj3tz6Q5JG7WZWgysw
14:04:18.626 [http-nio-9587-exec-1] INFO  c.r.f.w.s.TokenService - [getToken,237] - user: madaosen, backend Token: Bearer eyJhbGciOiJIUzUxMiJ9.eyJsb2dpbl91c2VyX2tleSI6IjJlZmNjNzg0LTlhZmMtNDVkZS1hODhiLTE1MmYyNWEzZTVjNyJ9.dPLbTny8G9Bitw0rtBSLUe__BfIO6Mm35hhv3olOuqzCtLbJAKjY_buSfFxsNmAqCy1oGj3tz6Q5JG7WZWgysw
14:04:18.627 [http-nio-9587-exec-2] INFO  c.r.f.w.s.TokenService - [getToken,237] - user: madaosen, backend Token: Bearer eyJhbGciOiJIUzUxMiJ9.eyJsb2dpbl91c2VyX2tleSI6IjJlZmNjNzg0LTlhZmMtNDVkZS1hODhiLTE1MmYyNWEzZTVjNyJ9.dPLbTny8G9Bitw0rtBSLUe__BfIO6Mm35hhv3olOuqzCtLbJAKjY_buSfFxsNmAqCy1oGj3tz6Q5JG7WZWgysw
14:04:18.629 [http-nio-9587-exec-6] INFO  c.r.f.w.s.TokenService - [getToken,237] - user: madaosen, backend Token: Bearer eyJhbGciOiJIUzUxMiJ9.eyJsb2dpbl91c2VyX2tleSI6IjJlZmNjNzg0LTlhZmMtNDVkZS1hODhiLTE1MmYyNWEzZTVjNyJ9.dPLbTny8G9Bitw0rtBSLUe__BfIO6Mm35hhv3olOuqzCtLbJAKjY_buSfFxsNmAqCy1oGj3tz6Q5JG7WZWgysw
14:04:18.663 [http-nio-9587-exec-8] INFO  c.r.f.w.s.TokenService - [getToken,237] - user: madaosen, backend Token: Bearer eyJhbGciOiJIUzUxMiJ9.eyJsb2dpbl91c2VyX2tleSI6IjJlZmNjNzg0LTlhZmMtNDVkZS1hODhiLTE1MmYyNWEzZTVjNyJ9.dPLbTny8G9Bitw0rtBSLUe__BfIO6Mm35hhv3olOuqzCtLbJAKjY_buSfFxsNmAqCy1oGj3tz6Q5JG7WZWgysw
14:04:18.708 [http-nio-9587-exec-10] INFO  c.r.f.w.s.TokenService - [getToken,237] - user: madaosen, backend Token: Bearer eyJhbGciOiJIUzUxMiJ9.eyJsb2dpbl91c2VyX2tleSI6IjJlZmNjNzg0LTlhZmMtNDVkZS1hODhiLTE1MmYyNWEzZTVjNyJ9.dPLbTny8G9Bitw0rtBSLUe__BfIO6Mm35hhv3olOuqzCtLbJAKjY_buSfFxsNmAqCy1oGj3tz6Q5JG7WZWgysw
14:04:18.770 [http-nio-9587-exec-3] INFO  c.r.f.w.s.TokenService - [getToken,237] - user: madaosen, backend Token: Bearer eyJhbGciOiJIUzUxMiJ9.eyJsb2dpbl91c2VyX2tleSI6IjJlZmNjNzg0LTlhZmMtNDVkZS1hODhiLTE1MmYyNWEzZTVjNyJ9.dPLbTny8G9Bitw0rtBSLUe__BfIO6Mm35hhv3olOuqzCtLbJAKjY_buSfFxsNmAqCy1oGj3tz6Q5JG7WZWgysw
14:04:36.391 [http-nio-9587-exec-1] INFO  c.r.f.w.s.TokenService - [getToken,237] - user: madaosen, backend Token: Bearer eyJhbGciOiJIUzUxMiJ9.eyJsb2dpbl91c2VyX2tleSI6IjJlZmNjNzg0LTlhZmMtNDVkZS1hODhiLTE1MmYyNWEzZTVjNyJ9.dPLbTny8G9Bitw0rtBSLUe__BfIO6Mm35hhv3olOuqzCtLbJAKjY_buSfFxsNmAqCy1oGj3tz6Q5JG7WZWgysw
14:04:52.354 [http-nio-9587-exec-9] INFO  c.r.f.w.s.TokenService - [getToken,237] - user: madaosen, backend Token: Bearer eyJhbGciOiJIUzUxMiJ9.eyJsb2dpbl91c2VyX2tleSI6IjJlZmNjNzg0LTlhZmMtNDVkZS1hODhiLTE1MmYyNWEzZTVjNyJ9.dPLbTny8G9Bitw0rtBSLUe__BfIO6Mm35hhv3olOuqzCtLbJAKjY_buSfFxsNmAqCy1oGj3tz6Q5JG7WZWgysw
14:04:52.354 [http-nio-9587-exec-6] INFO  c.r.f.w.s.TokenService - [getToken,237] - user: madaosen, backend Token: Bearer eyJhbGciOiJIUzUxMiJ9.eyJsb2dpbl91c2VyX2tleSI6IjJlZmNjNzg0LTlhZmMtNDVkZS1hODhiLTE1MmYyNWEzZTVjNyJ9.dPLbTny8G9Bitw0rtBSLUe__BfIO6Mm35hhv3olOuqzCtLbJAKjY_buSfFxsNmAqCy1oGj3tz6Q5JG7WZWgysw
14:17:40.063 [http-nio-9587-exec-9] INFO  c.r.f.w.s.TokenService - [getToken,237] - user: madaosen, backend Token: Bearer eyJhbGciOiJIUzUxMiJ9.eyJsb2dpbl91c2VyX2tleSI6IjJlZmNjNzg0LTlhZmMtNDVkZS1hODhiLTE1MmYyNWEzZTVjNyJ9.dPLbTny8G9Bitw0rtBSLUe__BfIO6Mm35hhv3olOuqzCtLbJAKjY_buSfFxsNmAqCy1oGj3tz6Q5JG7WZWgysw
14:17:40.064 [http-nio-9587-exec-6] INFO  c.r.f.w.s.TokenService - [getToken,237] - user: madaosen, backend Token: Bearer eyJhbGciOiJIUzUxMiJ9.eyJsb2dpbl91c2VyX2tleSI6IjJlZmNjNzg0LTlhZmMtNDVkZS1hODhiLTE1MmYyNWEzZTVjNyJ9.dPLbTny8G9Bitw0rtBSLUe__BfIO6Mm35hhv3olOuqzCtLbJAKjY_buSfFxsNmAqCy1oGj3tz6Q5JG7WZWgysw
14:17:40.064 [http-nio-9587-exec-8] INFO  c.r.f.w.s.TokenService - [getToken,237] - user: madaosen, backend Token: Bearer eyJhbGciOiJIUzUxMiJ9.eyJsb2dpbl91c2VyX2tleSI6IjJlZmNjNzg0LTlhZmMtNDVkZS1hODhiLTE1MmYyNWEzZTVjNyJ9.dPLbTny8G9Bitw0rtBSLUe__BfIO6Mm35hhv3olOuqzCtLbJAKjY_buSfFxsNmAqCy1oGj3tz6Q5JG7WZWgysw
14:17:40.064 [http-nio-9587-exec-10] INFO  c.r.f.w.s.TokenService - [getToken,237] - user: madaosen, backend Token: Bearer eyJhbGciOiJIUzUxMiJ9.eyJsb2dpbl91c2VyX2tleSI6IjJlZmNjNzg0LTlhZmMtNDVkZS1hODhiLTE1MmYyNWEzZTVjNyJ9.dPLbTny8G9Bitw0rtBSLUe__BfIO6Mm35hhv3olOuqzCtLbJAKjY_buSfFxsNmAqCy1oGj3tz6Q5JG7WZWgysw
14:17:40.125 [http-nio-9587-exec-3] INFO  c.r.f.w.s.TokenService - [getToken,237] - user: madaosen, backend Token: Bearer eyJhbGciOiJIUzUxMiJ9.eyJsb2dpbl91c2VyX2tleSI6IjJlZmNjNzg0LTlhZmMtNDVkZS1hODhiLTE1MmYyNWEzZTVjNyJ9.dPLbTny8G9Bitw0rtBSLUe__BfIO6Mm35hhv3olOuqzCtLbJAKjY_buSfFxsNmAqCy1oGj3tz6Q5JG7WZWgysw
14:17:40.161 [http-nio-9587-exec-1] INFO  c.r.f.w.s.TokenService - [getToken,237] - user: madaosen, backend Token: Bearer eyJhbGciOiJIUzUxMiJ9.eyJsb2dpbl91c2VyX2tleSI6IjJlZmNjNzg0LTlhZmMtNDVkZS1hODhiLTE1MmYyNWEzZTVjNyJ9.dPLbTny8G9Bitw0rtBSLUe__BfIO6Mm35hhv3olOuqzCtLbJAKjY_buSfFxsNmAqCy1oGj3tz6Q5JG7WZWgysw
14:17:40.218 [http-nio-9587-exec-5] INFO  c.r.f.w.s.TokenService - [getToken,237] - user: madaosen, backend Token: Bearer eyJhbGciOiJIUzUxMiJ9.eyJsb2dpbl91c2VyX2tleSI6IjJlZmNjNzg0LTlhZmMtNDVkZS1hODhiLTE1MmYyNWEzZTVjNyJ9.dPLbTny8G9Bitw0rtBSLUe__BfIO6Mm35hhv3olOuqzCtLbJAKjY_buSfFxsNmAqCy1oGj3tz6Q5JG7WZWgysw
14:17:59.202 [http-nio-9587-exec-8] INFO  c.r.f.w.s.TokenService - [getToken,237] - user: madaosen, backend Token: Bearer eyJhbGciOiJIUzUxMiJ9.eyJsb2dpbl91c2VyX2tleSI6IjJlZmNjNzg0LTlhZmMtNDVkZS1hODhiLTE1MmYyNWEzZTVjNyJ9.dPLbTny8G9Bitw0rtBSLUe__BfIO6Mm35hhv3olOuqzCtLbJAKjY_buSfFxsNmAqCy1oGj3tz6Q5JG7WZWgysw
